<?xml version="1.0" encoding="UTF-8"?>
<gpx creator="Garmin Connect" version="1.1"
  xsi:schemaLocation="http://www.topografix.com/GPX/1/1 http://www.topografix.com/GPX/11.xsd"
  xmlns:ns3="http://www.garmin.com/xmlschemas/TrackPointExtension/v1"
  xmlns="http://www.topografix.com/GPX/1/1"
  xmlns:xsi="http://www.w3.org/2001/XMLSchema-instance" xmlns:ns2="http://www.garmin.com/xmlschemas/GpxExtensions/v3">
  <metadata>
    <link href="connect.garmin.com">
      <text>Garmin Connect</text>
    </link>
    <time>2025-08-17T07:22:30.000Z</time>
  </metadata>
  <trk>
    <name>Piraquara Caminhada</name>
    <type>walking</type>
    <trkseg>
      <trkpt lat="-25.514233298599720001220703125" lon="-48.99033911526203155517578125">
        <ele>1018.20001220703125</ele>
        <time>2025-08-17T07:22:30.000Z</time>
        <extensions>
          <ns3:TrackPointExtension>
            <ns3:hr>107</ns3:hr>
          </ns3:TrackPointExtension>
        </extensions>
      </trkpt>
      <trkpt lat="-25.51423455588519573211669921875" lon="-48.99035411886870861053466796875">
        <ele>1017.5999755859375</ele>
        <time>2025-08-17T07:22:31.000Z</time>
        <extensions>
          <ns3:TrackPointExtension>
            <ns3:hr>107</ns3:hr>
          </ns3:TrackPointExtension>
        </extensions>
      </trkpt>
      <trkpt lat="-25.51424436271190643310546875" lon="-48.99040675722062587738037109375">
        <ele>1015.79998779296875</ele>
        <time>2025-08-17T07:22:35.000Z</time>
        <extensions>
          <ns3:TrackPointExtension>
            <ns3:hr>106</ns3:hr>
          </ns3:TrackPointExtension>
        </extensions>
      </trkpt>
      <trkpt lat="-25.5142378248274326324462890625" lon="-48.99041354656219482421875">
        <ele>1015.5999755859375</ele>
        <time>2025-08-17T07:22:38.000Z</time>
        <extensions>
          <ns3:TrackPointExtension>
            <ns3:hr>108</ns3:hr>
          </ns3:TrackPointExtension>
        </extensions>
      </trkpt>
      <trkpt lat="-25.51430664025247097015380859375" lon="-48.99049409665167331695556640625">
        <ele>1011.79998779296875</ele>
        <time>2025-08-17T07:22:39.000Z</time>
        <extensions>
          <ns3:TrackPointExtension>
            <ns3:hr>108</ns3:hr>
          </ns3:TrackPointExtension>
        </extensions>
      </trkpt>
      <trkpt lat="-25.51434217952191829681396484375" lon="-48.99055478163063526153564453125">
        <ele>1009.20001220703125</ele>
        <time>2025-08-17T07:22:43.000Z</time>
        <extensions>
          <ns3:TrackPointExtension>
            <ns3:hr>109</ns3:hr>
          </ns3:TrackPointExtension>
        </extensions>
      </trkpt>
      <trkpt lat="-25.5143508128821849822998046875" lon="-48.99057104252278804779052734375">
        <ele>1008.4000244140625</ele>
        <time>2025-08-17T07:22:44.000Z</time>
        <extensions>
          <ns3:TrackPointExtension>
            <ns3:hr>109</ns3:hr>
          </ns3:TrackPointExtension>
        </extensions>
      </trkpt>
      <trkpt lat="-25.51437310874462127685546875" lon="-48.990611024200916290283203125">
        <ele>1006.79998779296875</ele>
        <time>2025-08-17T07:22:47.000Z</time>
        <extensions>
          <ns3:TrackPointExtension>
            <ns3:hr>109</ns3:hr>
          </ns3:TrackPointExtension>
        </extensions>
      </trkpt>
      <trkpt lat="-25.514360368251800537109375" lon="-48.99059685878455638885498046875">
        <ele>1007.4000244140625</ele>
        <time>2025-08-17T07:22:48.000Z</time>
        <extensions>
          <ns3:TrackPointExtension>
            <ns3:hr>109</ns3:hr>
          </ns3:TrackPointExtension>
        </extensions>
      </trkpt>
      <trkpt lat="-25.514347963035106658935546875" lon="-48.9905880577862262725830078125">
        <ele>1007.79998779296875</ele>
        <time>2025-08-17T07:22:50.000Z</time>
        <extensions>
          <ns3:TrackPointExtension>
            <ns3:hr>109</ns3:hr>
          </ns3:TrackPointExtension>
        </extensions>
      </trkpt>
      <trkpt lat="-25.51436933688819408416748046875" lon="-48.99061881937086582183837890625">
        <ele>1006.4000244140625</ele>
        <time>2025-08-17T07:22:54.000Z</time>
        <extensions>
          <ns3:TrackPointExtension>
            <ns3:hr>107</ns3:hr>
          </ns3:TrackPointExtension>
        </extensions>
      </trkpt>
      <trkpt lat="-25.5143655650317668914794921875" lon="-48.99060465395450592041015625">
        <ele>1007</ele>
        <time>2025-08-17T07:22:55.000Z</time>
        <extensions>
          <ns3:TrackPointExtension>
            <ns3:hr>108</ns3:hr>
          </ns3:TrackPointExtension>
        </extensions>
      </trkpt>
      <trkpt lat="-25.51440655253827571868896484375" lon="-48.9906410314142704010009765625">
        <ele>1005.4000244140625</ele>
        <time>2025-08-17T07:22:58.000Z</time>
        <extensions>
          <ns3:TrackPointExtension>
            <ns3:hr>107</ns3:hr>
          </ns3:TrackPointExtension>
        </extensions>
      </trkpt>
      <trkpt lat="-25.5144332908093929290771484375" lon="-48.99064916186034679412841796875">
        <ele>1004.79998779296875</ele>
        <time>2025-08-17T07:23:03.000Z</time>
        <extensions>
          <ns3:TrackPointExtension>
            <ns3:hr>105</ns3:hr>
          </ns3:TrackPointExtension>
        </extensions>
      </trkpt>
      <trkpt lat="-25.5146272480487823486328125" lon="-48.9908695220947265625">
        <ele>1001</ele>
        <time>2025-08-17T07:23:07.000Z</time>
        <extensions>
          <ns3:TrackPointExtension>
            <ns3:hr>105</ns3:hr>
          </ns3:TrackPointExtension>
        </extensions>
      </trkpt>
      <trkpt lat="-25.51464862190186977386474609375" lon="-48.99087513796985149383544921875">
        <ele>1001</ele>
        <time>2025-08-17T07:23:10.000Z</time>
        <extensions>
          <ns3:TrackPointExtension>
            <ns3:hr>104</ns3:hr>
          </ns3:TrackPointExtension>
        </extensions>
      </trkpt>
      <trkpt lat="-25.5145808123052120208740234375" lon="-48.99077095091342926025390625">
        <ele>1002</ele>
        <time>2025-08-17T07:23:13.000Z</time>
        <extensions>
          <ns3:TrackPointExtension>
            <ns3:hr>103</ns3:hr>
          </ns3:TrackPointExtension>
        </extensions>
      </trkpt>
      <trkpt lat="-25.51452607847750186920166015625" lon="-48.9906750619411468505859375">
        <ele>1003.4000244140625</ele>
        <time>2025-08-17T07:23:17.000Z</time>
        <extensions>
          <ns3:TrackPointExtension>
            <ns3:hr>105</ns3:hr>
          </ns3:TrackPointExtension>
        </extensions>
      </trkpt>
      <trkpt lat="-25.51451216451823711395263671875" lon="-48.9906567893922328948974609375">
        <ele>1004.20001220703125</ele>
        <time>2025-08-17T07:23:18.000Z</time>
        <extensions>
          <ns3:TrackPointExtension>
            <ns3:hr>109</ns3:hr>
          </ns3:TrackPointExtension>
        </extensions>
      </trkpt>
      <trkpt lat="-25.5144440196454524993896484375" lon="-48.990569449961185455322265625">
        <ele>1007.79998779296875</ele>
        <time>2025-08-17T07:23:23.000Z</time>
        <extensions>
          <ns3:TrackPointExtension>
            <ns3:hr>113</ns3:hr>
          </ns3:TrackPointExtension>
        </extensions>
      </trkpt>
      <trkpt lat="-25.5143850110471248626708984375" lon="-48.99048118852078914642333984375">
        <ele>1011.79998779296875</ele>
        <time>2025-08-17T07:23:26.000Z</time>
        <extensions>
          <ns3:TrackPointExtension>
            <ns3:hr>111</ns3:hr>
          </ns3:TrackPointExtension>
        </extensions>
      </trkpt>
      <trkpt lat="-25.51435693167150020599365234375" lon="-48.99043341167271137237548828125">
        <ele>1013.79998779296875</ele>
        <time>2025-08-17T07:23:30.000Z</time>
        <extensions>
          <ns3:TrackPointExtension>
            <ns3:hr>110</ns3:hr>
          </ns3:TrackPointExtension>
        </extensions>
      </trkpt>
      <trkpt lat="-25.51435709930956363677978515625" lon="-48.99043475277721881866455078125">
        <ele>1013.79998779296875</ele>
        <time>2025-08-17T07:23:31.000Z</time>
        <extensions>
          <ns3:TrackPointExtension>
            <ns3:hr>109</ns3:hr>
          </ns3:TrackPointExtension>
        </extensions>
      </trkpt>
      <trkpt lat="-25.5143923871219158172607421875" lon="-48.99046006612479686737060546875">
        <ele>1012.5999755859375</ele>
        <time>2025-08-17T07:23:33.000Z</time>
        <extensions>
          <ns3:TrackPointExtension>
            <ns3:hr>106</ns3:hr>
          </ns3:TrackPointExtension>
        </extensions>
      </trkpt>
      <trkpt lat="-25.51440554670989513397216796875" lon="-48.99043190293014049530029296875">
        <ele>1013.5999755859375</ele>
        <time>2025-08-17T07:23:36.000Z</time>
        <extensions>
          <ns3:TrackPointExtension>
            <ns3:hr>104</ns3:hr>
          </ns3:TrackPointExtension>
        </extensions>
      </trkpt>
      <trkpt lat="-25.51440663635730743408203125" lon="-48.9904371835291385650634765625">
        <ele>1013.4000244140625</ele>
        <time>2025-08-17T07:23:42.000Z</time>
        <extensions>
          <ns3:TrackPointExtension>
            <ns3:hr>101</ns3:hr>
          </ns3:TrackPointExtension>
        </extensions>
      </trkpt>
      <trkpt lat="-25.5143729411065578460693359375" lon="-48.99038680829107761383056640625">
        <ele>1015.5999755859375</ele>
        <time>2025-08-17T07:23:47.000Z</time>
        <extensions>
          <ns3:TrackPointExtension>
            <ns3:hr>100</ns3:hr>
          </ns3:TrackPointExtension>
        </extensions>
      </trkpt>
      <trkpt lat="-25.51431820727884769439697265625" lon="-48.99029712192714214324951171875">
        <ele>1019.20001220703125</ele>
        <time>2025-08-17T07:23:50.000Z</time>
        <extensions>
          <ns3:TrackPointExtension>
            <ns3:hr>99</ns3:hr>
          </ns3:TrackPointExtension>
        </extensions>
      </trkpt>
      <trkpt lat="-25.51432105712592601776123046875" lon="-48.9903000555932521820068359375">
        <ele>1019</ele>
        <time>2025-08-17T07:23:53.000Z</time>
        <extensions>
          <ns3:TrackPointExtension>
            <ns3:hr>98</ns3:hr>
          </ns3:TrackPointExtension>
        </extensions>
      </trkpt>
      <trkpt lat="-25.5143290199339389801025390625" lon="-48.99030550383031368255615234375">
        <ele>1018.79998779296875</ele>
        <time>2025-08-17T07:23:54.000Z</time>
        <extensions>
          <ns3:TrackPointExtension>
            <ns3:hr>98</ns3:hr>
          </ns3:TrackPointExtension>
        </extensions>
      </trkpt>
      <trkpt lat="-25.514317117631435394287109375" lon="-48.99029083549976348876953125">
        <ele>1019.4000244140625</ele>
        <time>2025-08-17T07:23:55.000Z</time>
        <extensions>
          <ns3:TrackPointExtension>
            <ns3:hr>96</ns3:hr>
          </ns3:TrackPointExtension>
        </extensions>
      </trkpt>
      <trkpt lat="-25.5142757110297679901123046875" lon="-48.99023945443332195281982421875">
        <ele>1021.5999755859375</ele>
        <time>2025-08-17T07:23:56.000Z</time>
        <extensions>
          <ns3:TrackPointExtension>
            <ns3:hr>95</ns3:hr>
          </ns3:TrackPointExtension>
        </extensions>
      </trkpt>
      <trkpt lat="-25.51423765718936920166015625" lon="-48.99018757045269012451171875">
        <ele>1023.79998779296875</ele>
        <time>2025-08-17T07:23:59.000Z</time>
        <extensions>
          <ns3:TrackPointExtension>
            <ns3:hr>95</ns3:hr>
          </ns3:TrackPointExtension>
        </extensions>
      </trkpt>
      <trkpt lat="-25.51422919146716594696044921875" lon="-48.99017759598791599273681640625">
        <ele>1024.199951171875</ele>
        <time>2025-08-17T07:24:00.000Z</time>
        <extensions>
          <ns3:TrackPointExtension>
            <ns3:hr>96</ns3:hr>
          </ns3:TrackPointExtension>
        </extensions>
      </trkpt>
      <trkpt lat="-25.5142230726778507232666015625" lon="-48.99016686715185642242431640625">
        <ele>1024.800048828125</ele>
        <time>2025-08-17T07:24:02.000Z</time>
        <extensions>
          <ns3:TrackPointExtension>
            <ns3:hr>97</ns3:hr>
          </ns3:TrackPointExtension>
        </extensions>
      </trkpt>
      <trkpt lat="-25.51422692835330963134765625" lon="-48.9901682920753955841064453125">
        <ele>1024.5999755859375</ele>
        <time>2025-08-17T07:24:03.000Z</time>
        <extensions>
          <ns3:TrackPointExtension>
            <ns3:hr>97</ns3:hr>
          </ns3:TrackPointExtension>
        </extensions>
      </trkpt>
      <trkpt lat="-25.51423036493360996246337890625" lon="-48.990163765847682952880859375">
        <ele>1025</ele>
        <time>2025-08-17T07:24:05.000Z</time>
        <extensions>
          <ns3:TrackPointExtension>
            <ns3:hr>96</ns3:hr>
          </ns3:TrackPointExtension>
        </extensions>
      </trkpt>
      <trkpt lat="-25.514233298599720001220703125" lon="-48.99016200564801692962646484375">
        <ele>1025</ele>
        <time>2025-08-17T07:24:06.000Z</time>
        <extensions>
          <ns3:TrackPointExtension>
            <ns3:hr>94</ns3:hr>
          </ns3:TrackPointExtension>
        </extensions>
      </trkpt>
      <trkpt lat="-25.514249391853809356689453125" lon="-48.99017575196921825408935546875">
        <ele>1024.4000244140625</ele>
        <time>2025-08-17T07:24:07.000Z</time>
        <extensions>
          <ns3:TrackPointExtension>
            <ns3:hr>96</ns3:hr>
          </ns3:TrackPointExtension>
        </extensions>
      </trkpt>
      <trkpt lat="-25.514260120689868927001953125" lon="-48.9901914261281490325927734375">
        <ele>1023.79998779296875</ele>
        <time>2025-08-17T07:24:08.000Z</time>
        <extensions>
          <ns3:TrackPointExtension>
            <ns3:hr>95</ns3:hr>
          </ns3:TrackPointExtension>
        </extensions>
      </trkpt>
      <trkpt lat="-25.514285266399383544921875" lon="-48.99024389684200286865234375">
        <ele>1021.4000244140625</ele>
        <time>2025-08-17T07:24:11.000Z</time>
        <extensions>
          <ns3:TrackPointExtension>
            <ns3:hr>98</ns3:hr>
          </ns3:TrackPointExtension>
        </extensions>
      </trkpt>
      <trkpt lat="-25.51428887061774730682373046875" lon="-48.99023878388106822967529296875">
        <ele>1021.5999755859375</ele>
        <time>2025-08-17T07:24:12.000Z</time>
        <extensions>
          <ns3:TrackPointExtension>
            <ns3:hr>96</ns3:hr>
          </ns3:TrackPointExtension>
        </extensions>
      </trkpt>
      <trkpt lat="-25.51428451202809810638427734375" lon="-48.990224786102771759033203125">
        <ele>1022.20001220703125</ele>
        <time>2025-08-17T07:24:16.000Z</time>
        <extensions>
          <ns3:TrackPointExtension>
            <ns3:hr>98</ns3:hr>
          </ns3:TrackPointExtension>
        </extensions>
      </trkpt>
      <trkpt lat="-25.51428551785647869110107421875" lon="-48.9902175776660442352294921875">
        <ele>1022.5999755859375</ele>
        <time>2025-08-17T07:24:17.000Z</time>
        <extensions>
          <ns3:TrackPointExtension>
            <ns3:hr>98</ns3:hr>
          </ns3:TrackPointExtension>
        </extensions>
      </trkpt>
      <trkpt lat="-25.514289624989032745361328125" lon="-48.99019704200327396392822265625">
        <ele>1023.5999755859375</ele>
        <time>2025-08-17T07:24:20.000Z</time>
        <extensions>
          <ns3:TrackPointExtension>
            <ns3:hr>93</ns3:hr>
          </ns3:TrackPointExtension>
        </extensions>
      </trkpt>
      <trkpt lat="-25.5143038742244243621826171875" lon="-48.99019838310778141021728515625">
        <ele>1023.5999755859375</ele>
        <time>2025-08-17T07:24:22.000Z</time>
        <extensions>
          <ns3:TrackPointExtension>
            <ns3:hr>91</ns3:hr>
          </ns3:TrackPointExtension>
        </extensions>
      </trkpt>
      <trkpt lat="-25.51432440988719463348388671875" lon="-48.99019561707973480224609375">
        <ele>1023.79998779296875</ele>
        <time>2025-08-17T07:24:25.000Z</time>
        <extensions>
          <ns3:TrackPointExtension>
            <ns3:hr>91</ns3:hr>
          </ns3:TrackPointExtension>
        </extensions>
      </trkpt>
      <trkpt lat="-25.5142968334257602691650390625" lon="-48.99015270173549652099609375">
        <ele>1025.5999755859375</ele>
        <time>2025-08-17T07:24:28.000Z</time>
        <extensions>
          <ns3:TrackPointExtension>
            <ns3:hr>88</ns3:hr>
          </ns3:TrackPointExtension>
        </extensions>
      </trkpt>
      <trkpt lat="-25.51428996026515960693359375" lon="-48.9901439845561981201171875">
        <ele>1026</ele>
        <time>2025-08-17T07:24:29.000Z</time>
        <extensions>
          <ns3:TrackPointExtension>
            <ns3:hr>88</ns3:hr>
          </ns3:TrackPointExtension>
        </extensions>
      </trkpt>
      <trkpt lat="-25.51429205574095249176025390625" lon="-48.99014658294618129730224609375">
        <ele>1026</ele>
        <time>2025-08-17T07:24:30.000Z</time>
        <extensions>
          <ns3:TrackPointExtension>
            <ns3:hr>91</ns3:hr>
          </ns3:TrackPointExtension>
        </extensions>
      </trkpt>
      <trkpt lat="-25.5142696760594844818115234375" lon="-48.9901193417608737945556640625">
        <ele>1027.4000244140625</ele>
        <time>2025-08-17T07:24:31.000Z</time>
        <extensions>
          <ns3:TrackPointExtension>
            <ns3:hr>88</ns3:hr>
          </ns3:TrackPointExtension>
        </extensions>
      </trkpt>
      <trkpt lat="-25.514266155660152435302734375" lon="-48.9901119656860828399658203125">
        <ele>1027.800048828125</ele>
        <time>2025-08-17T07:24:32.000Z</time>
        <extensions>
          <ns3:TrackPointExtension>
            <ns3:hr>88</ns3:hr>
          </ns3:TrackPointExtension>
        </extensions>
      </trkpt>
      <trkpt lat="-25.51425785757601261138916015625" lon="-48.99010249413549900054931640625">
        <ele>1028.199951171875</ele>
        <time>2025-08-17T07:24:34.000Z</time>
        <extensions>
          <ns3:TrackPointExtension>
            <ns3:hr>89</ns3:hr>
          </ns3:TrackPointExtension>
        </extensions>
      </trkpt>
      <trkpt lat="-25.514331869781017303466796875" lon="-48.99016435258090496063232421875">
        <ele>1025.199951171875</ele>
        <time>2025-08-17T07:24:36.000Z</time>
        <extensions>
          <ns3:TrackPointExtension>
            <ns3:hr>87</ns3:hr>
          </ns3:TrackPointExtension>
        </extensions>
      </trkpt>
      <trkpt lat="-25.5143322050571441650390625" lon="-48.99015680886805057525634765625">
        <ele>1025.5999755859375</ele>
        <time>2025-08-17T07:24:39.000Z</time>
        <extensions>
          <ns3:TrackPointExtension>
            <ns3:hr>86</ns3:hr>
          </ns3:TrackPointExtension>
        </extensions>
      </trkpt>
      <trkpt lat="-25.51432239823043346405029296875" lon="-48.99014121852815151214599609375">
        <ele>1026.4000244140625</ele>
        <time>2025-08-17T07:24:43.000Z</time>
        <extensions>
          <ns3:TrackPointExtension>
            <ns3:hr>84</ns3:hr>
          </ns3:TrackPointExtension>
        </extensions>
      </trkpt>
      <trkpt lat="-25.514349304139614105224609375" lon="-48.9901840500533580780029296875">
        <ele>1024.4000244140625</ele>
        <time>2025-08-17T07:24:48.000Z</time>
        <extensions>
          <ns3:TrackPointExtension>
            <ns3:hr>86</ns3:hr>
          </ns3:TrackPointExtension>
        </extensions>
      </trkpt>
      <trkpt lat="-25.5143702588975429534912109375" lon="-48.99020542390644550323486328125">
        <ele>1023.4000244140625</ele>
        <time>2025-08-17T07:24:52.000Z</time>
        <extensions>
          <ns3:TrackPointExtension>
            <ns3:hr>84</ns3:hr>
          </ns3:TrackPointExtension>
        </extensions>
      </trkpt>
      <trkpt lat="-25.5143957398831844329833984375" lon="-48.9902487583458423614501953125">
        <ele>1021.5999755859375</ele>
        <time>2025-08-17T07:24:57.000Z</time>
        <extensions>
          <ns3:TrackPointExtension>
            <ns3:hr>83</ns3:hr>
          </ns3:TrackPointExtension>
        </extensions>
      </trkpt>
      <trkpt lat="-25.51440303213894367218017578125" lon="-48.9902083575725555419921875">
        <ele>1023.4000244140625</ele>
        <time>2025-08-17T07:25:03.000Z</time>
        <extensions>
          <ns3:TrackPointExtension>
            <ns3:hr>83</ns3:hr>
          </ns3:TrackPointExtension>
        </extensions>
      </trkpt>
      <trkpt lat="-25.51443639211356639862060546875" lon="-48.9902417175471782684326171875">
        <ele>1022</ele>
        <time>2025-08-17T07:25:07.000Z</time>
        <extensions>
          <ns3:TrackPointExtension>
            <ns3:hr>82</ns3:hr>
          </ns3:TrackPointExtension>
        </extensions>
      </trkpt>
      <trkpt lat="-25.51440219394862651824951171875" lon="-48.99020768702030181884765625">
        <ele>1023.4000244140625</ele>
        <time>2025-08-17T07:25:12.000Z</time>
        <extensions>
          <ns3:TrackPointExtension>
            <ns3:hr>79</ns3:hr>
          </ns3:TrackPointExtension>
        </extensions>
      </trkpt>
      <trkpt lat="-25.51436078734695911407470703125" lon="-48.99016837589442729949951171875">
        <ele>1025.199951171875</ele>
        <time>2025-08-17T07:25:17.000Z</time>
        <extensions>
          <ns3:TrackPointExtension>
            <ns3:hr>80</ns3:hr>
          </ns3:TrackPointExtension>
        </extensions>
      </trkpt>
      <trkpt lat="-25.5143434368073940277099609375" lon="-48.99015077389776706695556640625">
        <ele>1026</ele>
        <time>2025-08-17T07:25:21.000Z</time>
        <extensions>
          <ns3:TrackPointExtension>
            <ns3:hr>83</ns3:hr>
          </ns3:TrackPointExtension>
        </extensions>
      </trkpt>
      <trkpt lat="-25.5143407545983791351318359375" lon="-48.990170471370220184326171875">
        <ele>1025</ele>
        <time>2025-08-17T07:25:25.000Z</time>
        <extensions>
          <ns3:TrackPointExtension>
            <ns3:hr>83</ns3:hr>
          </ns3:TrackPointExtension>
        </extensions>
      </trkpt>
      <trkpt lat="-25.51428702659904956817626953125" lon="-48.990118503570556640625">
        <ele>1027.4000244140625</ele>
        <time>2025-08-17T07:25:27.000Z</time>
        <extensions>
          <ns3:TrackPointExtension>
            <ns3:hr>84</ns3:hr>
          </ns3:TrackPointExtension>
        </extensions>
      </trkpt>
      <trkpt lat="-25.51428602077066898345947265625" lon="-48.99011875502765178680419921875">
        <ele>1027.4000244140625</ele>
        <time>2025-08-17T07:25:29.000Z</time>
        <extensions>
          <ns3:TrackPointExtension>
            <ns3:hr>85</ns3:hr>
          </ns3:TrackPointExtension>
        </extensions>
      </trkpt>
      <trkpt lat="-25.5142758786678314208984375" lon="-48.99011808447539806365966796875">
        <ele>1027.4000244140625</ele>
        <time>2025-08-17T07:25:33.000Z</time>
        <extensions>
          <ns3:TrackPointExtension>
            <ns3:hr>87</ns3:hr>
          </ns3:TrackPointExtension>
        </extensions>
      </trkpt>
      <trkpt lat="-25.5142329633235931396484375" lon="-48.9900777675211429595947265625">
        <ele>1029.5999755859375</ele>
        <time>2025-08-17T07:25:41.000Z</time>
        <extensions>
          <ns3:TrackPointExtension>
            <ns3:hr>89</ns3:hr>
          </ns3:TrackPointExtension>
        </extensions>
      </trkpt>
      <trkpt lat="-25.5142079852521419525146484375" lon="-48.99006125517189502716064453125">
        <ele>1030.4000244140625</ele>
        <time>2025-08-17T07:25:44.000Z</time>
        <extensions>
          <ns3:TrackPointExtension>
            <ns3:hr>86</ns3:hr>
          </ns3:TrackPointExtension>
        </extensions>
      </trkpt>
      <trkpt lat="-25.51420320756733417510986328125" lon="-48.99005748331546783447265625">
        <ele>1030.5999755859375</ele>
        <time>2025-08-17T07:25:45.000Z</time>
        <extensions>
          <ns3:TrackPointExtension>
            <ns3:hr>86</ns3:hr>
          </ns3:TrackPointExtension>
        </extensions>
      </trkpt>
      <trkpt lat="-25.514188706874847412109375" lon="-48.99004331789910793304443359375">
        <ele>1031.4000244140625</ele>
        <time>2025-08-17T07:25:48.000Z</time>
        <extensions>
          <ns3:TrackPointExtension>
            <ns3:hr>86</ns3:hr>
          </ns3:TrackPointExtension>
        </extensions>
      </trkpt>
      <trkpt lat="-25.5141932331025600433349609375" lon="-48.99005656130611896514892578125">
        <ele>1030.5999755859375</ele>
        <time>2025-08-17T07:25:53.000Z</time>
        <extensions>
          <ns3:TrackPointExtension>
            <ns3:hr>85</ns3:hr>
          </ns3:TrackPointExtension>
        </extensions>
      </trkpt>
      <trkpt lat="-25.51421762444078922271728515625" lon="-48.99008925072848796844482421875">
        <ele>1028.800048828125</ele>
        <time>2025-08-17T07:25:59.000Z</time>
        <extensions>
          <ns3:TrackPointExtension>
            <ns3:hr>84</ns3:hr>
          </ns3:TrackPointExtension>
        </extensions>
      </trkpt>
      <trkpt lat="-25.514215193688869476318359375" lon="-48.99004918523132801055908203125">
        <ele>1031.199951171875</ele>
        <time>2025-08-17T07:26:04.000Z</time>
        <extensions>
          <ns3:TrackPointExtension>
            <ns3:hr>84</ns3:hr>
          </ns3:TrackPointExtension>
        </extensions>
      </trkpt>
      <trkpt lat="-25.51420505158603191375732421875" lon="-48.990017585456371307373046875">
        <ele>1033</ele>
        <time>2025-08-17T07:26:11.000Z</time>
        <extensions>
          <ns3:TrackPointExtension>
            <ns3:hr>87</ns3:hr>
          </ns3:TrackPointExtension>
        </extensions>
      </trkpt>
      <trkpt lat="-25.5142222344875335693359375" lon="-48.99002621881663799285888671875">
        <ele>1032.5999755859375</ele>
        <time>2025-08-17T07:26:14.000Z</time>
        <extensions>
          <ns3:TrackPointExtension>
            <ns3:hr>88</ns3:hr>
          </ns3:TrackPointExtension>
        </extensions>
      </trkpt>
      <trkpt lat="-25.5142341367900371551513671875" lon="-48.9900294877588748931884765625">
        <ele>1032.4000244140625</ele>
        <time>2025-08-17T07:26:18.000Z</time>
        <extensions>
          <ns3:TrackPointExtension>
            <ns3:hr>89</ns3:hr>
          </ns3:TrackPointExtension>
        </extensions>
      </trkpt>
      <trkpt lat="-25.51427897997200489044189453125" lon="-48.99006527848541736602783203125">
        <ele>1030.4000244140625</ele>
        <time>2025-08-17T07:26:22.000Z</time>
        <extensions>
          <ns3:TrackPointExtension>
            <ns3:hr>89</ns3:hr>
          </ns3:TrackPointExtension>
        </extensions>
      </trkpt>
      <trkpt lat="-25.51427328027784824371337890625" lon="-48.99006008170545101165771484375">
        <ele>1030.800048828125</ele>
        <time>2025-08-17T07:26:26.000Z</time>
        <extensions>
          <ns3:TrackPointExtension>
            <ns3:hr>89</ns3:hr>
          </ns3:TrackPointExtension>
        </extensions>
      </trkpt>
      <trkpt lat="-25.5142820812761783599853515625" lon="-48.99006913416087627410888671875">
        <ele>1030.199951171875</ele>
        <time>2025-08-17T07:26:27.000Z</time>
        <extensions>
          <ns3:TrackPointExtension>
            <ns3:hr>90</ns3:hr>
          </ns3:TrackPointExtension>
        </extensions>
      </trkpt>
      <trkpt lat="-25.51429658196866512298583984375" lon="-48.9900794439017772674560546875">
        <ele>1029.800048828125</ele>
        <time>2025-08-17T07:26:28.000Z</time>
        <extensions>
          <ns3:TrackPointExtension>
            <ns3:hr>87</ns3:hr>
          </ns3:TrackPointExtension>
        </extensions>
      </trkpt>
      <trkpt lat="-25.51430546678602695465087890625" lon="-48.9900983870029449462890625">
        <ele>1028.5999755859375</ele>
        <time>2025-08-17T07:26:30.000Z</time>
        <extensions>
          <ns3:TrackPointExtension>
            <ns3:hr>87</ns3:hr>
          </ns3:TrackPointExtension>
        </extensions>
      </trkpt>
      <trkpt lat="-25.51430295221507549285888671875" lon="-48.99008807726204395294189453125">
        <ele>1029.199951171875</ele>
        <time>2025-08-17T07:26:32.000Z</time>
        <extensions>
          <ns3:TrackPointExtension>
            <ns3:hr>86</ns3:hr>
          </ns3:TrackPointExtension>
        </extensions>
      </trkpt>
      <trkpt lat="-25.514301694929599761962890625" lon="-48.9900851435959339141845703125">
        <ele>1029.4000244140625</ele>
        <time>2025-08-17T07:26:33.000Z</time>
        <extensions>
          <ns3:TrackPointExtension>
            <ns3:hr>87</ns3:hr>
          </ns3:TrackPointExtension>
        </extensions>
      </trkpt>
      <trkpt lat="-25.5143182910978794097900390625" lon="-48.990099392831325531005859375">
        <ele>1028.5999755859375</ele>
        <time>2025-08-17T07:26:38.000Z</time>
        <extensions>
          <ns3:TrackPointExtension>
            <ns3:hr>87</ns3:hr>
          </ns3:TrackPointExtension>
        </extensions>
      </trkpt>
      <trkpt lat="-25.514331199228763580322265625" lon="-48.99011590518057346343994140625">
        <ele>1027.800048828125</ele>
        <time>2025-08-17T07:26:44.000Z</time>
        <extensions>
          <ns3:TrackPointExtension>
            <ns3:hr>86</ns3:hr>
          </ns3:TrackPointExtension>
        </extensions>
      </trkpt>
      <trkpt lat="-25.51433044485747814178466796875" lon="-48.99011389352381229400634765625">
        <ele>1027.800048828125</ele>
        <time>2025-08-17T07:26:46.000Z</time>
        <extensions>
          <ns3:TrackPointExtension>
            <ns3:hr>83</ns3:hr>
          </ns3:TrackPointExtension>
        </extensions>
      </trkpt>
      <trkpt lat="-25.5143306963145732879638671875" lon="-48.99009830318391323089599609375">
        <ele>1028.800048828125</ele>
        <time>2025-08-17T07:26:49.000Z</time>
        <extensions>
          <ns3:TrackPointExtension>
            <ns3:hr>87</ns3:hr>
          </ns3:TrackPointExtension>
        </extensions>
      </trkpt>
      <trkpt lat="-25.514339916408061981201171875" lon="-48.99009461514651775360107421875">
        <ele>1029</ele>
        <time>2025-08-17T07:26:50.000Z</time>
        <extensions>
          <ns3:TrackPointExtension>
            <ns3:hr>87</ns3:hr>
          </ns3:TrackPointExtension>
        </extensions>
      </trkpt>
      <trkpt lat="-25.5143429338932037353515625" lon="-48.99008162319660186767578125">
        <ele>1029.800048828125</ele>
        <time>2025-08-17T07:26:52.000Z</time>
        <extensions>
          <ns3:TrackPointExtension>
            <ns3:hr>84</ns3:hr>
          </ns3:TrackPointExtension>
        </extensions>
      </trkpt>
      <trkpt lat="-25.51435089670121669769287109375" lon="-48.99005304090678691864013671875">
        <ele>1031.4000244140625</ele>
        <time>2025-08-17T07:26:56.000Z</time>
        <extensions>
          <ns3:TrackPointExtension>
            <ns3:hr>85</ns3:hr>
          </ns3:TrackPointExtension>
        </extensions>
      </trkpt>
      <trkpt lat="-25.5143591947853565216064453125" lon="-48.99003191851079463958740234375">
        <ele>1032.5999755859375</ele>
        <time>2025-08-17T07:27:01.000Z</time>
        <extensions>
          <ns3:TrackPointExtension>
            <ns3:hr>85</ns3:hr>
          </ns3:TrackPointExtension>
        </extensions>
      </trkpt>
      <trkpt lat="-25.51435659639537334442138671875" lon="-48.9899815432727336883544921875">
        <ele>1034.800048828125</ele>
        <time>2025-08-17T07:27:08.000Z</time>
        <extensions>
          <ns3:TrackPointExtension>
            <ns3:hr>84</ns3:hr>
          </ns3:TrackPointExtension>
        </extensions>
      </trkpt>
      <trkpt lat="-25.51435969769954681396484375" lon="-48.98995748721063137054443359375">
        <ele>1036</ele>
        <time>2025-08-17T07:27:12.000Z</time>
        <extensions>
          <ns3:TrackPointExtension>
            <ns3:hr>85</ns3:hr>
          </ns3:TrackPointExtension>
        </extensions>
      </trkpt>
      <trkpt lat="-25.51434502936899662017822265625" lon="-48.9899382926523685455322265625">
        <ele>1037</ele>
        <time>2025-08-17T07:27:13.000Z</time>
        <extensions>
          <ns3:TrackPointExtension>
            <ns3:hr>86</ns3:hr>
          </ns3:TrackPointExtension>
        </extensions>
      </trkpt>
      <trkpt lat="-25.5143375694751739501953125" lon="-48.98990551941096782684326171875">
        <ele>1038.5999755859375</ele>
        <time>2025-08-17T07:27:17.000Z</time>
        <extensions>
          <ns3:TrackPointExtension>
            <ns3:hr>88</ns3:hr>
          </ns3:TrackPointExtension>
        </extensions>
      </trkpt>
      <trkpt lat="-25.5143196322023868560791015625" lon="-48.98985304869711399078369140625">
        <ele>1041</ele>
        <time>2025-08-17T07:27:21.000Z</time>
        <extensions>
          <ns3:TrackPointExtension>
            <ns3:hr>87</ns3:hr>
          </ns3:TrackPointExtension>
        </extensions>
      </trkpt>
      <trkpt lat="-25.51435827277600765228271484375" lon="-48.98988154716789722442626953125">
        <ele>1039.5999755859375</ele>
        <time>2025-08-17T07:27:25.000Z</time>
        <extensions>
          <ns3:TrackPointExtension>
            <ns3:hr>89</ns3:hr>
          </ns3:TrackPointExtension>
        </extensions>
      </trkpt>
      <trkpt lat="-25.51436196081340312957763671875" lon="-48.98985422216355800628662109375">
        <ele>1040.800048828125</ele>
        <time>2025-08-17T07:27:30.000Z</time>
        <extensions>
          <ns3:TrackPointExtension>
            <ns3:hr>91</ns3:hr>
          </ns3:TrackPointExtension>
        </extensions>
      </trkpt>
      <trkpt lat="-25.5143602006137371063232421875" lon="-48.98984064348042011260986328125">
        <ele>1041.199951171875</ele>
        <time>2025-08-17T07:27:32.000Z</time>
        <extensions>
          <ns3:TrackPointExtension>
            <ns3:hr>92</ns3:hr>
          </ns3:TrackPointExtension>
        </extensions>
      </trkpt>
      <trkpt lat="-25.51432692445814609527587890625" lon="-48.9897974766790866851806640625">
        <ele>1042.800048828125</ele>
        <time>2025-08-17T07:27:34.000Z</time>
        <extensions>
          <ns3:TrackPointExtension>
            <ns3:hr>93</ns3:hr>
          </ns3:TrackPointExtension>
        </extensions>
      </trkpt>
      <trkpt lat="-25.51428996026515960693359375" lon="-48.98976805619895458221435546875">
        <ele>1044</ele>
        <time>2025-08-17T07:27:36.000Z</time>
        <extensions>
          <ns3:TrackPointExtension>
            <ns3:hr>96</ns3:hr>
          </ns3:TrackPointExtension>
        </extensions>
      </trkpt>
      <trkpt lat="-25.5142750404775142669677734375" lon="-48.98973939009010791778564453125">
        <ele>1045</ele>
        <time>2025-08-17T07:27:38.000Z</time>
        <extensions>
          <ns3:TrackPointExtension>
            <ns3:hr>93</ns3:hr>
          </ns3:TrackPointExtension>
        </extensions>
      </trkpt>
      <trkpt lat="-25.51427244208753108978271484375" lon="-48.98973050527274608612060546875">
        <ele>1045.4000244140625</ele>
        <time>2025-08-17T07:27:39.000Z</time>
        <extensions>
          <ns3:TrackPointExtension>
            <ns3:hr>93</ns3:hr>
          </ns3:TrackPointExtension>
        </extensions>
      </trkpt>
      <trkpt lat="-25.51427428610622882843017578125" lon="-48.9897240512073040008544921875">
        <ele>1045.5999755859375</ele>
        <time>2025-08-17T07:27:43.000Z</time>
        <extensions>
          <ns3:TrackPointExtension>
            <ns3:hr>92</ns3:hr>
          </ns3:TrackPointExtension>
        </extensions>
      </trkpt>
      <trkpt lat="-25.5142465420067310333251953125" lon="-48.98971424438059329986572265625">
        <ele>1046.199951171875</ele>
        <time>2025-08-17T07:27:48.000Z</time>
        <extensions>
          <ns3:TrackPointExtension>
            <ns3:hr>91</ns3:hr>
          </ns3:TrackPointExtension>
        </extensions>
      </trkpt>
      <trkpt lat="-25.51426221616566181182861328125" lon="-48.98973871953785419464111328125">
        <ele>1045.199951171875</ele>
        <time>2025-08-17T07:27:51.000Z</time>
        <extensions>
          <ns3:TrackPointExtension>
            <ns3:hr>90</ns3:hr>
          </ns3:TrackPointExtension>
        </extensions>
      </trkpt>
      <trkpt lat="-25.5142354778945446014404296875" lon="-48.98971139453351497650146484375">
        <ele>1046.199951171875</ele>
        <time>2025-08-17T07:27:53.000Z</time>
        <extensions>
          <ns3:TrackPointExtension>
            <ns3:hr>93</ns3:hr>
          </ns3:TrackPointExtension>
        </extensions>
      </trkpt>
      <trkpt lat="-25.51424008794128894805908203125" lon="-48.98971407674252986907958984375">
        <ele>1046.199951171875</ele>
        <time>2025-08-17T07:27:54.000Z</time>
        <extensions>
          <ns3:TrackPointExtension>
            <ns3:hr>90</ns3:hr>
          </ns3:TrackPointExtension>
        </extensions>
      </trkpt>
      <trkpt lat="-25.514258109033107757568359375" lon="-48.98972312919795513153076171875">
        <ele>1045.800048828125</ele>
        <time>2025-08-17T07:27:57.000Z</time>
        <extensions>
          <ns3:TrackPointExtension>
            <ns3:hr>90</ns3:hr>
          </ns3:TrackPointExtension>
        </extensions>
      </trkpt>
      <trkpt lat="-25.51427411846816539764404296875" lon="-48.98973695933818817138671875">
        <ele>1045.199951171875</ele>
        <time>2025-08-17T07:28:02.000Z</time>
        <extensions>
          <ns3:TrackPointExtension>
            <ns3:hr>93</ns3:hr>
          </ns3:TrackPointExtension>
        </extensions>
      </trkpt>
      <trkpt lat="-25.5142924748361110687255859375" lon="-48.989748023450374603271484375">
        <ele>1044.5999755859375</ele>
        <time>2025-08-17T07:28:04.000Z</time>
        <extensions>
          <ns3:TrackPointExtension>
            <ns3:hr>90</ns3:hr>
          </ns3:TrackPointExtension>
        </extensions>
      </trkpt>
      <trkpt lat="-25.51432055421173572540283203125" lon="-48.98976671509444713592529296875">
        <ele>1043.800048828125</ele>
        <time>2025-08-17T07:28:06.000Z</time>
        <extensions>
          <ns3:TrackPointExtension>
            <ns3:hr>90</ns3:hr>
          </ns3:TrackPointExtension>
        </extensions>
      </trkpt>
      <trkpt lat="-25.5143474601209163665771484375" lon="-48.98977040313184261322021484375">
        <ele>1043.5999755859375</ele>
        <time>2025-08-17T07:28:10.000Z</time>
        <extensions>
          <ns3:TrackPointExtension>
            <ns3:hr>89</ns3:hr>
          </ns3:TrackPointExtension>
        </extensions>
      </trkpt>
      <trkpt lat="-25.51432440988719463348388671875" lon="-48.98973016999661922454833984375">
        <ele>1045</ele>
        <time>2025-08-17T07:28:12.000Z</time>
        <extensions>
          <ns3:TrackPointExtension>
            <ns3:hr>90</ns3:hr>
          </ns3:TrackPointExtension>
        </extensions>
      </trkpt>
      <trkpt lat="-25.51435005851089954376220703125" lon="-48.98974173702299594879150390625">
        <ele>1044.5999755859375</ele>
        <time>2025-08-17T07:28:15.000Z</time>
        <extensions>
          <ns3:TrackPointExtension>
            <ns3:hr>91</ns3:hr>
          </ns3:TrackPointExtension>
        </extensions>
      </trkpt>
      <trkpt lat="-25.514401607215404510498046875" lon="-48.98978632874786853790283203125">
        <ele>1042.800048828125</ele>
        <time>2025-08-17T07:28:20.000Z</time>
        <extensions>
          <ns3:TrackPointExtension>
            <ns3:hr>89</ns3:hr>
          </ns3:TrackPointExtension>
        </extensions>
      </trkpt>
      <trkpt lat="-25.5144872702658176422119140625" lon="-48.98985086940228939056396484375">
        <ele>1040</ele>
        <time>2025-08-17T07:28:27.000Z</time>
        <extensions>
          <ns3:TrackPointExtension>
            <ns3:hr>88</ns3:hr>
          </ns3:TrackPointExtension>
        </extensions>
      </trkpt>
      <trkpt lat="-25.51447235047817230224609375" lon="-48.98982681334018707275390625">
        <ele>1041</ele>
        <time>2025-08-17T07:28:30.000Z</time>
        <extensions>
          <ns3:TrackPointExtension>
            <ns3:hr>86</ns3:hr>
          </ns3:TrackPointExtension>
        </extensions>
      </trkpt>
      <trkpt lat="-25.514479391276836395263671875" lon="-48.98985019885003566741943359375">
        <ele>1040</ele>
        <time>2025-08-17T07:28:34.000Z</time>
        <extensions>
          <ns3:TrackPointExtension>
            <ns3:hr>87</ns3:hr>
          </ns3:TrackPointExtension>
        </extensions>
      </trkpt>
      <trkpt lat="-25.514503531157970428466796875" lon="-48.98991440422832965850830078125">
        <ele>1036.800048828125</ele>
        <time>2025-08-17T07:28:39.000Z</time>
        <extensions>
          <ns3:TrackPointExtension>
            <ns3:hr>86</ns3:hr>
          </ns3:TrackPointExtension>
        </extensions>
      </trkpt>
      <trkpt lat="-25.51454334519803524017333984375" lon="-48.989945836365222930908203125">
        <ele>1035</ele>
        <time>2025-08-17T07:28:45.000Z</time>
        <extensions>
          <ns3:TrackPointExtension>
            <ns3:hr>88</ns3:hr>
          </ns3:TrackPointExtension>
        </extensions>
      </trkpt>
      <trkpt lat="-25.51458097994327545166015625" lon="-48.9899057708680629730224609375">
        <ele>1036.5999755859375</ele>
        <time>2025-08-17T07:28:50.000Z</time>
        <extensions>
          <ns3:TrackPointExtension>
            <ns3:hr>85</ns3:hr>
          </ns3:TrackPointExtension>
        </extensions>
      </trkpt>
      <trkpt lat="-25.51459296606481075286865234375" lon="-48.98989713750779628753662109375">
        <ele>1037</ele>
        <time>2025-08-17T07:28:51.000Z</time>
        <extensions>
          <ns3:TrackPointExtension>
            <ns3:hr>86</ns3:hr>
          </ns3:TrackPointExtension>
        </extensions>
      </trkpt>
      <trkpt lat="-25.51460637710988521575927734375" lon="-48.9899161644279956817626953125">
        <ele>1036</ele>
        <time>2025-08-17T07:28:54.000Z</time>
        <extensions>
          <ns3:TrackPointExtension>
            <ns3:hr>86</ns3:hr>
          </ns3:TrackPointExtension>
        </extensions>
      </trkpt>
      <trkpt lat="-25.514587350189685821533203125" lon="-48.9899071119725704193115234375">
        <ele>1036.5999755859375</ele>
        <time>2025-08-17T07:28:57.000Z</time>
        <extensions>
          <ns3:TrackPointExtension>
            <ns3:hr>86</ns3:hr>
          </ns3:TrackPointExtension>
        </extensions>
      </trkpt>
      <trkpt lat="-25.51459196023643016815185546875" lon="-48.98992245085537433624267578125">
        <ele>1035.800048828125</ele>
        <time>2025-08-17T07:29:00.000Z</time>
        <extensions>
          <ns3:TrackPointExtension>
            <ns3:hr>88</ns3:hr>
          </ns3:TrackPointExtension>
        </extensions>
      </trkpt>
      <trkpt lat="-25.51458307541906833648681640625" lon="-48.9899245463311672210693359375">
        <ele>1035.5999755859375</ele>
        <time>2025-08-17T07:29:04.000Z</time>
        <extensions>
          <ns3:TrackPointExtension>
            <ns3:hr>93</ns3:hr>
          </ns3:TrackPointExtension>
        </extensions>
      </trkpt>
      <trkpt lat="-25.51458156667649745941162109375" lon="-48.98992110975086688995361328125">
        <ele>1035.800048828125</ele>
        <time>2025-08-17T07:29:05.000Z</time>
        <extensions>
          <ns3:TrackPointExtension>
            <ns3:hr>90</ns3:hr>
          </ns3:TrackPointExtension>
        </extensions>
      </trkpt>
      <trkpt lat="-25.51460805349051952362060546875" lon="-48.98995329625904560089111328125">
        <ele>1034</ele>
        <time>2025-08-17T07:29:07.000Z</time>
        <extensions>
          <ns3:TrackPointExtension>
            <ns3:hr>94</ns3:hr>
          </ns3:TrackPointExtension>
        </extensions>
      </trkpt>
      <trkpt lat="-25.514609478414058685302734375" lon="-48.98995329625904560089111328125">
        <ele>1034</ele>
        <time>2025-08-17T07:29:11.000Z</time>
        <extensions>
          <ns3:TrackPointExtension>
            <ns3:hr>95</ns3:hr>
          </ns3:TrackPointExtension>
        </extensions>
      </trkpt>
      <trkpt lat="-25.514628253877162933349609375" lon="-48.9899723231792449951171875">
        <ele>1033</ele>
        <time>2025-08-17T07:29:15.000Z</time>
        <extensions>
          <ns3:TrackPointExtension>
            <ns3:hr>96</ns3:hr>
          </ns3:TrackPointExtension>
        </extensions>
      </trkpt>
      <trkpt lat="-25.51462532021105289459228515625" lon="-48.98995463736355304718017578125">
        <ele>1033.800048828125</ele>
        <time>2025-08-17T07:29:19.000Z</time>
        <extensions>
          <ns3:TrackPointExtension>
            <ns3:hr>97</ns3:hr>
          </ns3:TrackPointExtension>
        </extensions>
      </trkpt>
      <trkpt lat="-25.51461040042340755462646484375" lon="-48.98990996181964874267578125">
        <ele>1036.199951171875</ele>
        <time>2025-08-17T07:29:28.000Z</time>
        <extensions>
          <ns3:TrackPointExtension>
            <ns3:hr>100</ns3:hr>
          </ns3:TrackPointExtension>
        </extensions>
      </trkpt>
      <trkpt lat="-25.51466186530888080596923828125" lon="-48.98996436037123203277587890625">
        <ele>1033.199951171875</ele>
        <time>2025-08-17T07:29:32.000Z</time>
        <extensions>
          <ns3:TrackPointExtension>
            <ns3:hr>100</ns3:hr>
          </ns3:TrackPointExtension>
        </extensions>
      </trkpt>
      <trkpt lat="-25.51464526914060115814208984375" lon="-48.9899949543178081512451171875">
        <ele>1031.5999755859375</ele>
        <time>2025-08-17T07:29:35.000Z</time>
        <extensions>
          <ns3:TrackPointExtension>
            <ns3:hr>100</ns3:hr>
          </ns3:TrackPointExtension>
        </extensions>
      </trkpt>
      <trkpt lat="-25.51463571377098560333251953125" lon="-48.98998397402465343475341796875">
        <ele>1032.4000244140625</ele>
        <time>2025-08-17T07:29:37.000Z</time>
        <extensions>
          <ns3:TrackPointExtension>
            <ns3:hr>99</ns3:hr>
          </ns3:TrackPointExtension>
        </extensions>
      </trkpt>
      <trkpt lat="-25.51457234658300876617431640625" lon="-48.9898945391178131103515625">
        <ele>1037.199951171875</ele>
        <time>2025-08-17T07:29:42.000Z</time>
        <extensions>
          <ns3:TrackPointExtension>
            <ns3:hr>97</ns3:hr>
          </ns3:TrackPointExtension>
        </extensions>
      </trkpt>
      <trkpt lat="-25.5145321972668170928955078125" lon="-48.989838548004627227783203125">
        <ele>1040.199951171875</ele>
        <time>2025-08-17T07:29:44.000Z</time>
        <extensions>
          <ns3:TrackPointExtension>
            <ns3:hr>99</ns3:hr>
          </ns3:TrackPointExtension>
        </extensions>
      </trkpt>
      <trkpt lat="-25.5144879408180713653564453125" lon="-48.9898068644106388092041015625">
        <ele>1041.800048828125</ele>
        <time>2025-08-17T07:29:47.000Z</time>
        <extensions>
          <ns3:TrackPointExtension>
            <ns3:hr>98</ns3:hr>
          </ns3:TrackPointExtension>
        </extensions>
      </trkpt>
      <trkpt lat="-25.5144654773175716400146484375" lon="-48.98978934623301029205322265625">
        <ele>1042.5999755859375</ele>
        <time>2025-08-17T07:29:50.000Z</time>
        <extensions>
          <ns3:TrackPointExtension>
            <ns3:hr>99</ns3:hr>
          </ns3:TrackPointExtension>
        </extensions>
      </trkpt>
      <trkpt lat="-25.51449657417833805084228515625" lon="-48.98981113918125629425048828125">
        <ele>1041.5999755859375</ele>
        <time>2025-08-17T07:29:56.000Z</time>
        <extensions>
          <ns3:TrackPointExtension>
            <ns3:hr>99</ns3:hr>
          </ns3:TrackPointExtension>
        </extensions>
      </trkpt>
      <trkpt lat="-25.51453806459903717041015625" lon="-48.98985120467841625213623046875">
        <ele>1039.5999755859375</ele>
        <time>2025-08-17T07:30:01.000Z</time>
        <extensions>
          <ns3:TrackPointExtension>
            <ns3:hr>98</ns3:hr>
          </ns3:TrackPointExtension>
        </extensions>
      </trkpt>
      <trkpt lat="-25.51454619504511356353759765625" lon="-48.98985103704035282135009765625">
        <ele>1039.5999755859375</ele>
        <time>2025-08-17T07:30:04.000Z</time>
        <extensions>
          <ns3:TrackPointExtension>
            <ns3:hr>97</ns3:hr>
          </ns3:TrackPointExtension>
        </extensions>
      </trkpt>
      <trkpt lat="-25.51452071405947208404541015625" lon="-48.98981876671314239501953125">
        <ele>1041</ele>
        <time>2025-08-17T07:30:08.000Z</time>
        <extensions>
          <ns3:TrackPointExtension>
            <ns3:hr>97</ns3:hr>
          </ns3:TrackPointExtension>
        </extensions>
      </trkpt>
      <trkpt lat="-25.51457871682941913604736328125" lon="-48.9898408949375152587890625">
        <ele>1039.800048828125</ele>
        <time>2025-08-17T07:30:14.000Z</time>
        <extensions>
          <ns3:TrackPointExtension>
            <ns3:hr>99</ns3:hr>
          </ns3:TrackPointExtension>
        </extensions>
      </trkpt>
      <trkpt lat="-25.51457284949719905853271484375" lon="-48.9898139052093029022216796875">
        <ele>1040.800048828125</ele>
        <time>2025-08-17T07:30:18.000Z</time>
        <extensions>
          <ns3:TrackPointExtension>
            <ns3:hr>97</ns3:hr>
          </ns3:TrackPointExtension>
        </extensions>
      </trkpt>
      <trkpt lat="-25.51456245593726634979248046875" lon="-48.98977375589311122894287109375">
        <ele>1042.5999755859375</ele>
        <time>2025-08-17T07:30:22.000Z</time>
        <extensions>
          <ns3:TrackPointExtension>
            <ns3:hr>98</ns3:hr>
          </ns3:TrackPointExtension>
        </extensions>
      </trkpt>
      <trkpt lat="-25.5145435966551303863525390625" lon="-48.9896881766617298126220703125">
        <ele>1046</ele>
        <time>2025-08-17T07:30:26.000Z</time>
        <extensions>
          <ns3:TrackPointExtension>
            <ns3:hr>98</ns3:hr>
          </ns3:TrackPointExtension>
        </extensions>
      </trkpt>
      <trkpt lat="-25.51452423445880413055419921875" lon="-48.9896499551832675933837890625">
        <ele>1047.5999755859375</ele>
        <time>2025-08-17T07:30:30.000Z</time>
        <extensions>
          <ns3:TrackPointExtension>
            <ns3:hr>100</ns3:hr>
          </ns3:TrackPointExtension>
        </extensions>
      </trkpt>
      <trkpt lat="-25.51451518200337886810302734375" lon="-48.98963009007275104522705078125">
        <ele>1048.4000244140625</ele>
        <time>2025-08-17T07:30:38.000Z</time>
        <extensions>
          <ns3:TrackPointExtension>
            <ns3:hr>101</ns3:hr>
          </ns3:TrackPointExtension>
        </extensions>
      </trkpt>
      <trkpt lat="-25.51450327970087528228759765625" lon="-48.98962506093084812164306640625">
        <ele>1048.800048828125</ele>
        <time>2025-08-17T07:30:42.000Z</time>
        <extensions>
          <ns3:TrackPointExtension>
            <ns3:hr>98</ns3:hr>
          </ns3:TrackPointExtension>
        </extensions>
      </trkpt>
      <trkpt lat="-25.51444158889353275299072265625" lon="-48.98956395685672760009765625">
        <ele>1051.5999755859375</ele>
        <time>2025-08-17T07:30:47.000Z</time>
        <extensions>
          <ns3:TrackPointExtension>
            <ns3:hr>97</ns3:hr>
          </ns3:TrackPointExtension>
        </extensions>
      </trkpt>
      <trkpt lat="-25.51443203352391719818115234375" lon="-48.9895362965762615203857421875">
        <ele>1052.5999755859375</ele>
        <time>2025-08-17T07:30:53.000Z</time>
        <extensions>
          <ns3:TrackPointExtension>
            <ns3:hr>100</ns3:hr>
          </ns3:TrackPointExtension>
        </extensions>
      </trkpt>
      <trkpt lat="-25.51443354226648807525634765625" lon="-48.989534117281436920166015625">
        <ele>1052.5999755859375</ele>
        <time>2025-08-17T07:30:56.000Z</time>
        <extensions>
          <ns3:TrackPointExtension>
            <ns3:hr>97</ns3:hr>
          </ns3:TrackPointExtension>
        </extensions>
      </trkpt>
      <trkpt lat="-25.514427758753299713134765625" lon="-48.98951274342834949493408203125">
        <ele>1053.4000244140625</ele>
        <time>2025-08-17T07:31:00.000Z</time>
        <extensions>
          <ns3:TrackPointExtension>
            <ns3:hr>94</ns3:hr>
          </ns3:TrackPointExtension>
        </extensions>
      </trkpt>
      <trkpt lat="-25.5144296027719974517822265625" lon="-48.9894957281649112701416015625">
        <ele>1054.199951171875</ele>
        <time>2025-08-17T07:31:02.000Z</time>
        <extensions>
          <ns3:TrackPointExtension>
            <ns3:hr>94</ns3:hr>
          </ns3:TrackPointExtension>
        </extensions>
      </trkpt>
      <trkpt lat="-25.5143977515399456024169921875" lon="-48.98944049142301082611083984375">
        <ele>1056</ele>
        <time>2025-08-17T07:31:08.000Z</time>
        <extensions>
          <ns3:TrackPointExtension>
            <ns3:hr>92</ns3:hr>
          </ns3:TrackPointExtension>
        </extensions>
      </trkpt>
      <trkpt lat="-25.51438107155263423919677734375" lon="-48.98942607454955577850341796875">
        <ele>1056.4000244140625</ele>
        <time>2025-08-17T07:31:15.000Z</time>
        <extensions>
          <ns3:TrackPointExtension>
            <ns3:hr>90</ns3:hr>
          </ns3:TrackPointExtension>
        </extensions>
      </trkpt>
      <trkpt lat="-25.51437319256365299224853515625" lon="-48.98942339234054088592529296875">
        <ele>1056.4000244140625</ele>
        <time>2025-08-17T07:31:25.000Z</time>
        <extensions>
          <ns3:TrackPointExtension>
            <ns3:hr>87</ns3:hr>
          </ns3:TrackPointExtension>
        </extensions>
      </trkpt>
      <trkpt lat="-25.51437319256365299224853515625" lon="-48.98942339234054088592529296875">
        <ele>1056.4000244140625</ele>
        <time>2025-08-17T07:31:26.000Z</time>
        <extensions>
          <ns3:TrackPointExtension>
            <ns3:hr>88</ns3:hr>
          </ns3:TrackPointExtension>
        </extensions>
      </trkpt>
      <trkpt lat="-25.51437319256365299224853515625" lon="-48.98942339234054088592529296875">
        <ele>1056.4000244140625</ele>
        <time>2025-08-17T07:31:38.000Z</time>
        <extensions>
          <ns3:TrackPointExtension>
            <ns3:hr>85</ns3:hr>
          </ns3:TrackPointExtension>
        </extensions>
      </trkpt>
      <trkpt lat="-25.51432105712592601776123046875" lon="-48.98926631547510623931884765625">
        <ele>1061.800048828125</ele>
        <time>2025-08-17T07:32:01.000Z</time>
        <extensions>
          <ns3:TrackPointExtension>
            <ns3:hr>87</ns3:hr>
          </ns3:TrackPointExtension>
        </extensions>
      </trkpt>
      <trkpt lat="-25.51429490558803081512451171875" lon="-48.9891923032701015472412109375">
        <ele>1064</ele>
        <time>2025-08-17T07:32:06.000Z</time>
        <extensions>
          <ns3:TrackPointExtension>
            <ns3:hr>87</ns3:hr>
          </ns3:TrackPointExtension>
        </extensions>
      </trkpt>
      <trkpt lat="-25.51428065635263919830322265625" lon="-48.989183418452739715576171875">
        <ele>1064</ele>
        <time>2025-08-17T07:32:13.000Z</time>
        <extensions>
          <ns3:TrackPointExtension>
            <ns3:hr>87</ns3:hr>
          </ns3:TrackPointExtension>
        </extensions>
      </trkpt>
      <trkpt lat="-25.51428132690489292144775390625" lon="-48.989186100661754608154296875">
        <ele>1064</ele>
        <time>2025-08-17T07:32:15.000Z</time>
        <extensions>
          <ns3:TrackPointExtension>
            <ns3:hr>91</ns3:hr>
          </ns3:TrackPointExtension>
        </extensions>
      </trkpt>
      <trkpt lat="-25.51428266800940036773681640625" lon="-48.98918618448078632354736328125">
        <ele>1064</ele>
        <time>2025-08-17T07:32:18.000Z</time>
        <extensions>
          <ns3:TrackPointExtension>
            <ns3:hr>88</ns3:hr>
          </ns3:TrackPointExtension>
        </extensions>
      </trkpt>
      <trkpt lat="-25.51428266800940036773681640625" lon="-48.98918576538562774658203125">
        <ele>1064</ele>
        <time>2025-08-17T07:32:29.000Z</time>
        <extensions>
          <ns3:TrackPointExtension>
            <ns3:hr>92</ns3:hr>
          </ns3:TrackPointExtension>
        </extensions>
      </trkpt>
      <trkpt lat="-25.51428266800940036773681640625" lon="-48.98918484337627887725830078125">
        <ele>1064</ele>
        <time>2025-08-17T07:32:31.000Z</time>
        <extensions>
          <ns3:TrackPointExtension>
            <ns3:hr>89</ns3:hr>
          </ns3:TrackPointExtension>
        </extensions>
      </trkpt>
      <trkpt lat="-25.51428233273327350616455078125" lon="-48.989184759557247161865234375">
        <ele>1064</ele>
        <time>2025-08-17T07:32:32.000Z</time>
        <extensions>
          <ns3:TrackPointExtension>
            <ns3:hr>88</ns3:hr>
          </ns3:TrackPointExtension>
        </extensions>
      </trkpt>
      <trkpt lat="-25.51428132690489292144775390625" lon="-48.989183418452739715576171875">
        <ele>1064</ele>
        <time>2025-08-17T07:32:36.000Z</time>
        <extensions>
          <ns3:TrackPointExtension>
            <ns3:hr>92</ns3:hr>
          </ns3:TrackPointExtension>
        </extensions>
      </trkpt>
      <trkpt lat="-25.51428057253360748291015625" lon="-48.98918283171951770782470703125">
        <ele>1064</ele>
        <time>2025-08-17T07:32:39.000Z</time>
        <extensions>
          <ns3:TrackPointExtension>
            <ns3:hr>88</ns3:hr>
          </ns3:TrackPointExtension>
        </extensions>
      </trkpt>
      <trkpt lat="-25.5142804048955440521240234375" lon="-48.98918283171951770782470703125">
        <ele>1064</ele>
        <time>2025-08-17T07:32:40.000Z</time>
        <extensions>
          <ns3:TrackPointExtension>
            <ns3:hr>93</ns3:hr>
          </ns3:TrackPointExtension>
        </extensions>
      </trkpt>
      <trkpt lat="-25.514278896152973175048828125" lon="-48.98918283171951770782470703125">
        <ele>1064</ele>
        <time>2025-08-17T07:32:42.000Z</time>
        <extensions>
          <ns3:TrackPointExtension>
            <ns3:hr>96</ns3:hr>
          </ns3:TrackPointExtension>
        </extensions>
      </trkpt>
      <trkpt lat="-25.5142780579626560211181640625" lon="-48.98918249644339084625244140625">
        <ele>1064</ele>
        <time>2025-08-17T07:32:43.000Z</time>
        <extensions>
          <ns3:TrackPointExtension>
            <ns3:hr>101</ns3:hr>
          </ns3:TrackPointExtension>
        </extensions>
      </trkpt>
      <trkpt lat="-25.5142777226865291595458984375" lon="-48.9891822449862957000732421875">
        <ele>1064</ele>
        <time>2025-08-17T07:32:44.000Z</time>
        <extensions>
          <ns3:TrackPointExtension>
            <ns3:hr>98</ns3:hr>
          </ns3:TrackPointExtension>
        </extensions>
      </trkpt>
      <trkpt lat="-25.51426741294562816619873046875" lon="-48.98917126469314098358154296875">
        <ele>1064.199951171875</ele>
        <time>2025-08-17T07:32:51.000Z</time>
        <extensions>
          <ns3:TrackPointExtension>
            <ns3:hr>101</ns3:hr>
          </ns3:TrackPointExtension>
        </extensions>
      </trkpt>
      <trkpt lat="-25.51426338963210582733154296875" lon="-48.98917059414088726043701171875">
        <ele>1064.199951171875</ele>
        <time>2025-08-17T07:32:54.000Z</time>
        <extensions>
          <ns3:TrackPointExtension>
            <ns3:hr>105</ns3:hr>
          </ns3:TrackPointExtension>
        </extensions>
      </trkpt>
      <trkpt lat="-25.51425819285213947296142578125" lon="-48.9891698397696018218994140625">
        <ele>1064.199951171875</ele>
        <time>2025-08-17T07:32:56.000Z</time>
        <extensions>
          <ns3:TrackPointExtension>
            <ns3:hr>110</ns3:hr>
          </ns3:TrackPointExtension>
        </extensions>
      </trkpt>
      <trkpt lat="-25.51425643265247344970703125" lon="-48.98916967213153839111328125">
        <ele>1064.199951171875</ele>
        <time>2025-08-17T07:32:57.000Z</time>
        <extensions>
          <ns3:TrackPointExtension>
            <ns3:hr>113</ns3:hr>
          </ns3:TrackPointExtension>
        </extensions>
      </trkpt>
      <trkpt lat="-25.51425601355731487274169921875" lon="-48.98916958831250667572021484375">
        <ele>1064.199951171875</ele>
        <time>2025-08-17T07:33:02.000Z</time>
        <extensions>
          <ns3:TrackPointExtension>
            <ns3:hr>116</ns3:hr>
          </ns3:TrackPointExtension>
        </extensions>
      </trkpt>
      <trkpt lat="-25.51425601355731487274169921875" lon="-48.98916958831250667572021484375">
        <ele>1064.199951171875</ele>
        <time>2025-08-17T07:33:05.000Z</time>
        <extensions>
          <ns3:TrackPointExtension>
            <ns3:hr>113</ns3:hr>
          </ns3:TrackPointExtension>
        </extensions>
      </trkpt>
      <trkpt lat="-25.51425601355731487274169921875" lon="-48.98916958831250667572021484375">
        <ele>1064.199951171875</ele>
        <time>2025-08-17T07:33:09.000Z</time>
        <extensions>
          <ns3:TrackPointExtension>
            <ns3:hr>110</ns3:hr>
          </ns3:TrackPointExtension>
        </extensions>
      </trkpt>
      <trkpt lat="-25.51425584591925144195556640625" lon="-48.98916975595057010650634765625">
        <ele>1064.199951171875</ele>
        <time>2025-08-17T07:33:12.000Z</time>
        <extensions>
          <ns3:TrackPointExtension>
            <ns3:hr>105</ns3:hr>
          </ns3:TrackPointExtension>
        </extensions>
      </trkpt>
      <trkpt lat="-25.51426313817501068115234375" lon="-48.9891406707465648651123046875">
        <ele>1065.199951171875</ele>
        <time>2025-08-17T07:33:20.000Z</time>
        <extensions>
          <ns3:TrackPointExtension>
            <ns3:hr>102</ns3:hr>
          </ns3:TrackPointExtension>
        </extensions>
      </trkpt>
      <trkpt lat="-25.51427395083010196685791015625" lon="-48.98910529911518096923828125">
        <ele>1066.800048828125</ele>
        <time>2025-08-17T07:33:23.000Z</time>
        <extensions>
          <ns3:TrackPointExtension>
            <ns3:hr>101</ns3:hr>
          </ns3:TrackPointExtension>
        </extensions>
      </trkpt>
      <trkpt lat="-25.5142690055072307586669921875" lon="-48.98905358277261257171630859375">
        <ele>1068.800048828125</ele>
        <time>2025-08-17T07:33:28.000Z</time>
        <extensions>
          <ns3:TrackPointExtension>
            <ns3:hr>97</ns3:hr>
          </ns3:TrackPointExtension>
        </extensions>
      </trkpt>
      <trkpt lat="-25.51426850259304046630859375" lon="-48.98904151283204555511474609375">
        <ele>1069.4000244140625</ele>
        <time>2025-08-17T07:33:30.000Z</time>
        <extensions>
          <ns3:TrackPointExtension>
            <ns3:hr>99</ns3:hr>
          </ns3:TrackPointExtension>
        </extensions>
      </trkpt>
      <trkpt lat="-25.5142760463058948516845703125" lon="-48.98901670239865779876708984375">
        <ele>1070.800048828125</ele>
        <time>2025-08-17T07:33:37.000Z</time>
        <extensions>
          <ns3:TrackPointExtension>
            <ns3:hr>99</ns3:hr>
          </ns3:TrackPointExtension>
        </extensions>
      </trkpt>
      <trkpt lat="-25.5142944864928722381591796875" lon="-48.988995663821697235107421875">
        <ele>1072.199951171875</ele>
        <time>2025-08-17T07:33:47.000Z</time>
        <extensions>
          <ns3:TrackPointExtension>
            <ns3:hr>97</ns3:hr>
          </ns3:TrackPointExtension>
        </extensions>
      </trkpt>
      <trkpt lat="-25.51427914761006832122802734375" lon="-48.98896724916994571685791015625">
        <ele>1073.4000244140625</ele>
        <time>2025-08-17T07:33:54.000Z</time>
        <extensions>
          <ns3:TrackPointExtension>
            <ns3:hr>100</ns3:hr>
          </ns3:TrackPointExtension>
        </extensions>
      </trkpt>
      <trkpt lat="-25.51428618840873241424560546875" lon="-48.988955430686473846435546875">
        <ele>1074.199951171875</ele>
        <time>2025-08-17T07:33:58.000Z</time>
        <extensions>
          <ns3:TrackPointExtension>
            <ns3:hr>100</ns3:hr>
          </ns3:TrackPointExtension>
        </extensions>
      </trkpt>
      <trkpt lat="-25.51428635604679584503173828125" lon="-48.98895434103906154632568359375">
        <ele>1074.199951171875</ele>
        <time>2025-08-17T07:34:02.000Z</time>
        <extensions>
          <ns3:TrackPointExtension>
            <ns3:hr>101</ns3:hr>
          </ns3:TrackPointExtension>
        </extensions>
      </trkpt>
      <trkpt lat="-25.51426204852759838104248046875" lon="-48.9889230765402317047119140625">
        <ele>1075.4000244140625</ele>
        <time>2025-08-17T07:34:07.000Z</time>
        <extensions>
          <ns3:TrackPointExtension>
            <ns3:hr>104</ns3:hr>
          </ns3:TrackPointExtension>
        </extensions>
      </trkpt>
      <trkpt lat="-25.5142624676227569580078125" lon="-48.98892014287412166595458984375">
        <ele>1075.5999755859375</ele>
        <time>2025-08-17T07:34:08.000Z</time>
        <extensions>
          <ns3:TrackPointExtension>
            <ns3:hr>102</ns3:hr>
          </ns3:TrackPointExtension>
        </extensions>
      </trkpt>
      <trkpt lat="-25.5142678320407867431640625" lon="-48.9889208972454071044921875">
        <ele>1075.800048828125</ele>
        <time>2025-08-17T07:34:10.000Z</time>
        <extensions>
          <ns3:TrackPointExtension>
            <ns3:hr>107</ns3:hr>
          </ns3:TrackPointExtension>
        </extensions>
      </trkpt>
      <trkpt lat="-25.51428149454295635223388671875" lon="-48.98890438489615917205810546875">
        <ele>1076.800048828125</ele>
        <time>2025-08-17T07:34:13.000Z</time>
        <extensions>
          <ns3:TrackPointExtension>
            <ns3:hr>110</ns3:hr>
          </ns3:TrackPointExtension>
        </extensions>
      </trkpt>
      <trkpt lat="-25.51428266800940036773681640625" lon="-48.9888982661068439483642578125">
        <ele>1077.199951171875</ele>
        <time>2025-08-17T07:34:15.000Z</time>
        <extensions>
          <ns3:TrackPointExtension>
            <ns3:hr>110</ns3:hr>
          </ns3:TrackPointExtension>
        </extensions>
      </trkpt>
      <trkpt lat="-25.514269508421421051025390625" lon="-48.98887353949248790740966796875">
        <ele>1078.199951171875</ele>
        <time>2025-08-17T07:34:20.000Z</time>
        <extensions>
          <ns3:TrackPointExtension>
            <ns3:hr>111</ns3:hr>
          </ns3:TrackPointExtension>
        </extensions>
      </trkpt>
      <trkpt lat="-25.514269508421421051025390625" lon="-48.98887353949248790740966796875">
        <ele>1078.199951171875</ele>
        <time>2025-08-17T07:34:26.000Z</time>
        <extensions>
          <ns3:TrackPointExtension>
            <ns3:hr>108</ns3:hr>
          </ns3:TrackPointExtension>
        </extensions>
      </trkpt>
      <trkpt lat="-25.514285601675510406494140625" lon="-48.98882760666310787200927734375">
        <ele>1080.800048828125</ele>
        <time>2025-08-17T07:34:39.000Z</time>
        <extensions>
          <ns3:TrackPointExtension>
            <ns3:hr>108</ns3:hr>
          </ns3:TrackPointExtension>
        </extensions>
      </trkpt>
      <trkpt lat="-25.51425299607217311859130859375" lon="-48.98876591585576534271240234375">
        <ele>1083.199951171875</ele>
        <time>2025-08-17T07:34:44.000Z</time>
        <extensions>
          <ns3:TrackPointExtension>
            <ns3:hr>108</ns3:hr>
          </ns3:TrackPointExtension>
        </extensions>
      </trkpt>
      <trkpt lat="-25.514243356883525848388671875" lon="-48.98874177597463130950927734375">
        <ele>1084.199951171875</ele>
        <time>2025-08-17T07:34:49.000Z</time>
        <extensions>
          <ns3:TrackPointExtension>
            <ns3:hr>105</ns3:hr>
          </ns3:TrackPointExtension>
        </extensions>
      </trkpt>
      <trkpt lat="-25.5142713524401187896728515625" lon="-48.98871101438999176025390625">
        <ele>1085.800048828125</ele>
        <time>2025-08-17T07:34:56.000Z</time>
        <extensions>
          <ns3:TrackPointExtension>
            <ns3:hr>108</ns3:hr>
          </ns3:TrackPointExtension>
        </extensions>
      </trkpt>
      <trkpt lat="-25.51431233994662761688232421875" lon="-48.98872434161603450775146484375">
        <ele>1086</ele>
        <time>2025-08-17T07:35:00.000Z</time>
        <extensions>
          <ns3:TrackPointExtension>
            <ns3:hr>109</ns3:hr>
          </ns3:TrackPointExtension>
        </extensions>
      </trkpt>
      <trkpt lat="-25.51432751119136810302734375" lon="-48.988721407949924468994140625">
        <ele>1086.199951171875</ele>
        <time>2025-08-17T07:35:02.000Z</time>
        <extensions>
          <ns3:TrackPointExtension>
            <ns3:hr>106</ns3:hr>
          </ns3:TrackPointExtension>
        </extensions>
      </trkpt>
      <trkpt lat="-25.514328517019748687744140625" lon="-48.9887084998190402984619140625">
        <ele>1086.800048828125</ele>
        <time>2025-08-17T07:35:05.000Z</time>
        <extensions>
          <ns3:TrackPointExtension>
            <ns3:hr>104</ns3:hr>
          </ns3:TrackPointExtension>
        </extensions>
      </trkpt>
      <trkpt lat="-25.514330528676509857177734375" lon="-48.98870288394391536712646484375">
        <ele>1087</ele>
        <time>2025-08-17T07:35:08.000Z</time>
        <extensions>
          <ns3:TrackPointExtension>
            <ns3:hr>105</ns3:hr>
          </ns3:TrackPointExtension>
        </extensions>
      </trkpt>
      <trkpt lat="-25.51431267522275447845458984375" lon="-48.98867220617830753326416015625">
        <ele>1088</ele>
        <time>2025-08-17T07:35:11.000Z</time>
        <extensions>
          <ns3:TrackPointExtension>
            <ns3:hr>105</ns3:hr>
          </ns3:TrackPointExtension>
        </extensions>
      </trkpt>
      <trkpt lat="-25.51430529914796352386474609375" lon="-48.98861554451286792755126953125">
        <ele>1090.199951171875</ele>
        <time>2025-08-17T07:35:16.000Z</time>
        <extensions>
          <ns3:TrackPointExtension>
            <ns3:hr>107</ns3:hr>
          </ns3:TrackPointExtension>
        </extensions>
      </trkpt>
      <trkpt lat="-25.51429666578769683837890625" lon="-48.98859693668782711029052734375">
        <ele>1090.800048828125</ele>
        <time>2025-08-17T07:35:21.000Z</time>
        <extensions>
          <ns3:TrackPointExtension>
            <ns3:hr>105</ns3:hr>
          </ns3:TrackPointExtension>
        </extensions>
      </trkpt>
      <trkpt lat="-25.51431141793727874755859375" lon="-48.98858872242271900177001953125">
        <ele>1091.199951171875</ele>
        <time>2025-08-17T07:35:25.000Z</time>
        <extensions>
          <ns3:TrackPointExtension>
            <ns3:hr>105</ns3:hr>
          </ns3:TrackPointExtension>
        </extensions>
      </trkpt>
      <trkpt lat="-25.5143032036721706390380859375" lon="-48.98856441490352153778076171875">
        <ele>1092.199951171875</ele>
        <time>2025-08-17T07:35:32.000Z</time>
        <extensions>
          <ns3:TrackPointExtension>
            <ns3:hr>104</ns3:hr>
          </ns3:TrackPointExtension>
        </extensions>
      </trkpt>
      <trkpt lat="-25.514311082661151885986328125" lon="-48.9885753951966762542724609375">
        <ele>1091.800048828125</ele>
        <time>2025-08-17T07:35:38.000Z</time>
        <extensions>
          <ns3:TrackPointExtension>
            <ns3:hr>104</ns3:hr>
          </ns3:TrackPointExtension>
        </extensions>
      </trkpt>
      <trkpt lat="-25.51431099884212017059326171875" lon="-48.98856072686612606048583984375">
        <ele>1092.4000244140625</ele>
        <time>2025-08-17T07:35:42.000Z</time>
        <extensions>
          <ns3:TrackPointExtension>
            <ns3:hr>106</ns3:hr>
          </ns3:TrackPointExtension>
        </extensions>
      </trkpt>
      <trkpt lat="-25.5143125914037227630615234375" lon="-48.98855418898165225982666015625">
        <ele>1092.5999755859375</ele>
        <time>2025-08-17T07:35:45.000Z</time>
        <extensions>
          <ns3:TrackPointExtension>
            <ns3:hr>103</ns3:hr>
          </ns3:TrackPointExtension>
        </extensions>
      </trkpt>
      <trkpt lat="-25.51430529914796352386474609375" lon="-48.98854664526879787445068359375">
        <ele>1092.800048828125</ele>
        <time>2025-08-17T07:35:46.000Z</time>
        <extensions>
          <ns3:TrackPointExtension>
            <ns3:hr>104</ns3:hr>
          </ns3:TrackPointExtension>
        </extensions>
      </trkpt>
      <trkpt lat="-25.514306388795375823974609375" lon="-48.98854647763073444366455078125">
        <ele>1092.800048828125</ele>
        <time>2025-08-17T07:35:52.000Z</time>
        <extensions>
          <ns3:TrackPointExtension>
            <ns3:hr>106</ns3:hr>
          </ns3:TrackPointExtension>
        </extensions>
      </trkpt>
      <trkpt lat="-25.51432893611490726470947265625" lon="-48.9885358326137065887451171875">
        <ele>1093.5999755859375</ele>
        <time>2025-08-17T07:35:56.000Z</time>
        <extensions>
          <ns3:TrackPointExtension>
            <ns3:hr>104</ns3:hr>
          </ns3:TrackPointExtension>
        </extensions>
      </trkpt>
      <trkpt lat="-25.51432290114462375640869140625" lon="-48.988523595035076141357421875">
        <ele>1094</ele>
        <time>2025-08-17T07:35:57.000Z</time>
        <extensions>
          <ns3:TrackPointExtension>
            <ns3:hr>107</ns3:hr>
          </ns3:TrackPointExtension>
        </extensions>
      </trkpt>
      <trkpt lat="-25.514319129288196563720703125" lon="-48.9885197393596172332763671875">
        <ele>1094.199951171875</ele>
        <time>2025-08-17T07:35:59.000Z</time>
        <extensions>
          <ns3:TrackPointExtension>
            <ns3:hr>107</ns3:hr>
          </ns3:TrackPointExtension>
        </extensions>
      </trkpt>
      <trkpt lat="-25.51429658196866512298583984375" lon="-48.988492749631404876708984375">
        <ele>1094.800048828125</ele>
        <time>2025-08-17T07:36:05.000Z</time>
        <extensions>
          <ns3:TrackPointExtension>
            <ns3:hr>108</ns3:hr>
          </ns3:TrackPointExtension>
        </extensions>
      </trkpt>
      <trkpt lat="-25.51426271907985210418701171875" lon="-48.98844388313591480255126953125">
        <ele>1096</ele>
        <time>2025-08-17T07:36:11.000Z</time>
        <extensions>
          <ns3:TrackPointExtension>
            <ns3:hr>108</ns3:hr>
          </ns3:TrackPointExtension>
        </extensions>
      </trkpt>
      <trkpt lat="-25.5142113380134105682373046875" lon="-48.9883866347372531890869140625">
        <ele>1097</ele>
        <time>2025-08-17T07:36:17.000Z</time>
        <extensions>
          <ns3:TrackPointExtension>
            <ns3:hr>109</ns3:hr>
          </ns3:TrackPointExtension>
        </extensions>
      </trkpt>
      <trkpt lat="-25.5142270959913730621337890625" lon="-48.98833257146179676055908203125">
        <ele>1098.800048828125</ele>
        <time>2025-08-17T07:36:24.000Z</time>
        <extensions>
          <ns3:TrackPointExtension>
            <ns3:hr>113</ns3:hr>
          </ns3:TrackPointExtension>
        </extensions>
      </trkpt>
      <trkpt lat="-25.51423220895230770111083984375" lon="-48.9883281290531158447265625">
        <ele>1099</ele>
        <time>2025-08-17T07:36:26.000Z</time>
        <extensions>
          <ns3:TrackPointExtension>
            <ns3:hr>111</ns3:hr>
          </ns3:TrackPointExtension>
        </extensions>
      </trkpt>
      <trkpt lat="-25.514247380197048187255859375" lon="-48.9883200824260711669921875">
        <ele>1099.4000244140625</ele>
        <time>2025-08-17T07:36:34.000Z</time>
        <extensions>
          <ns3:TrackPointExtension>
            <ns3:hr>113</ns3:hr>
          </ns3:TrackPointExtension>
        </extensions>
      </trkpt>
      <trkpt lat="-25.51424570381641387939453125" lon="-48.98829451762139797210693359375">
        <ele>1100.199951171875</ele>
        <time>2025-08-17T07:36:44.000Z</time>
        <extensions>
          <ns3:TrackPointExtension>
            <ns3:hr>112</ns3:hr>
          </ns3:TrackPointExtension>
        </extensions>
      </trkpt>
      <trkpt lat="-25.51425416953861713409423828125" lon="-48.9882833696901798248291015625">
        <ele>1100.5999755859375</ele>
        <time>2025-08-17T07:36:51.000Z</time>
        <extensions>
          <ns3:TrackPointExtension>
            <ns3:hr>112</ns3:hr>
          </ns3:TrackPointExtension>
        </extensions>
      </trkpt>
      <trkpt lat="-25.51426724530756473541259765625" lon="-48.98827456869184970855712890625">
        <ele>1101</ele>
        <time>2025-08-17T07:36:57.000Z</time>
        <extensions>
          <ns3:TrackPointExtension>
            <ns3:hr>112</ns3:hr>
          </ns3:TrackPointExtension>
        </extensions>
      </trkpt>
      <trkpt lat="-25.5142730288207530975341796875" lon="-48.98827557452023029327392578125">
        <ele>1101.199951171875</ele>
        <time>2025-08-17T07:37:02.000Z</time>
        <extensions>
          <ns3:TrackPointExtension>
            <ns3:hr>111</ns3:hr>
          </ns3:TrackPointExtension>
        </extensions>
      </trkpt>
      <trkpt lat="-25.514273531734943389892578125" lon="-48.98827222175896167755126953125">
        <ele>1101.199951171875</ele>
        <time>2025-08-17T07:37:09.000Z</time>
        <extensions>
          <ns3:TrackPointExtension>
            <ns3:hr>111</ns3:hr>
          </ns3:TrackPointExtension>
        </extensions>
      </trkpt>
      <trkpt lat="-25.514273531734943389892578125" lon="-48.98827473632991313934326171875">
        <ele>1101.199951171875</ele>
        <time>2025-08-17T07:37:19.000Z</time>
        <extensions>
          <ns3:TrackPointExtension>
            <ns3:hr>114</ns3:hr>
          </ns3:TrackPointExtension>
        </extensions>
      </trkpt>
      <trkpt lat="-25.51427328027784824371337890625" lon="-48.98827473632991313934326171875">
        <ele>1101.199951171875</ele>
        <time>2025-08-17T07:37:22.000Z</time>
        <extensions>
          <ns3:TrackPointExtension>
            <ns3:hr>109</ns3:hr>
          </ns3:TrackPointExtension>
        </extensions>
      </trkpt>
      <trkpt lat="-25.51427328027784824371337890625" lon="-48.98827473632991313934326171875">
        <ele>1101.199951171875</ele>
        <time>2025-08-17T07:37:23.000Z</time>
        <extensions>
          <ns3:TrackPointExtension>
            <ns3:hr>106</ns3:hr>
          </ns3:TrackPointExtension>
        </extensions>
      </trkpt>
      <trkpt lat="-25.514273531734943389892578125" lon="-48.9882746525108814239501953125">
        <ele>1101.199951171875</ele>
        <time>2025-08-17T07:37:27.000Z</time>
        <extensions>
          <ns3:TrackPointExtension>
            <ns3:hr>103</ns3:hr>
          </ns3:TrackPointExtension>
        </extensions>
      </trkpt>
      <trkpt lat="-25.51427395083010196685791015625" lon="-48.98827406577765941619873046875">
        <ele>1101.199951171875</ele>
        <time>2025-08-17T07:37:32.000Z</time>
        <extensions>
          <ns3:TrackPointExtension>
            <ns3:hr>100</ns3:hr>
          </ns3:TrackPointExtension>
        </extensions>
      </trkpt>
      <trkpt lat="-25.51427361555397510528564453125" lon="-48.98827272467315196990966796875">
        <ele>1101.199951171875</ele>
        <time>2025-08-17T07:37:35.000Z</time>
        <extensions>
          <ns3:TrackPointExtension>
            <ns3:hr>96</ns3:hr>
          </ns3:TrackPointExtension>
        </extensions>
      </trkpt>
      <trkpt lat="-25.51427680067718029022216796875" lon="-48.98824690841138362884521484375">
        <ele>1102.199951171875</ele>
        <time>2025-08-17T07:38:00.000Z</time>
        <extensions>
          <ns3:TrackPointExtension>
            <ns3:hr>93</ns3:hr>
          </ns3:TrackPointExtension>
        </extensions>
      </trkpt>
      <trkpt lat="-25.51428132690489292144775390625" lon="-48.98824640549719333648681640625">
        <ele>1102.199951171875</ele>
        <time>2025-08-17T07:38:02.000Z</time>
        <extensions>
          <ns3:TrackPointExtension>
            <ns3:hr>96</ns3:hr>
          </ns3:TrackPointExtension>
        </extensions>
      </trkpt>
      <trkpt lat="-25.51428593695163726806640625" lon="-48.98824305273592472076416015625">
        <ele>1102.4000244140625</ele>
        <time>2025-08-17T07:38:07.000Z</time>
        <extensions>
          <ns3:TrackPointExtension>
            <ns3:hr>101</ns3:hr>
          </ns3:TrackPointExtension>
        </extensions>
      </trkpt>
      <trkpt lat="-25.51428719423711299896240234375" lon="-48.98824254982173442840576171875">
        <ele>1102.4000244140625</ele>
        <time>2025-08-17T07:38:08.000Z</time>
        <extensions>
          <ns3:TrackPointExtension>
            <ns3:hr>101</ns3:hr>
          </ns3:TrackPointExtension>
        </extensions>
      </trkpt>
      <trkpt lat="-25.514292977750301361083984375" lon="-48.9882290549576282501220703125">
        <ele>1103</ele>
        <time>2025-08-17T07:38:43.000Z</time>
        <extensions>
          <ns3:TrackPointExtension>
            <ns3:hr>98</ns3:hr>
          </ns3:TrackPointExtension>
        </extensions>
      </trkpt>
      <trkpt lat="-25.5142928101122379302978515625" lon="-48.988221846520900726318359375">
        <ele>1103.199951171875</ele>
        <time>2025-08-17T07:38:56.000Z</time>
        <extensions>
          <ns3:TrackPointExtension>
            <ns3:hr>102</ns3:hr>
          </ns3:TrackPointExtension>
        </extensions>
      </trkpt>
      <trkpt lat="-25.5142931453883647918701171875" lon="-48.988215811550617218017578125">
        <ele>1103.4000244140625</ele>
        <time>2025-08-17T07:39:00.000Z</time>
        <extensions>
          <ns3:TrackPointExtension>
            <ns3:hr>98</ns3:hr>
          </ns3:TrackPointExtension>
        </extensions>
      </trkpt>
      <trkpt lat="-25.51430379040539264678955078125" lon="-48.988211788237094879150390625">
        <ele>1103.800048828125</ele>
        <time>2025-08-17T07:39:04.000Z</time>
        <extensions>
          <ns3:TrackPointExtension>
            <ns3:hr>94</ns3:hr>
          </ns3:TrackPointExtension>
        </extensions>
      </trkpt>
      <trkpt lat="-25.51432172767817974090576171875" lon="-48.98820868693292140960693359375">
        <ele>1104.199951171875</ele>
        <time>2025-08-17T07:39:13.000Z</time>
        <extensions>
          <ns3:TrackPointExtension>
            <ns3:hr>97</ns3:hr>
          </ns3:TrackPointExtension>
        </extensions>
      </trkpt>
      <trkpt lat="-25.5143229849636554718017578125" lon="-48.988207094371318817138671875">
        <ele>1104.199951171875</ele>
        <time>2025-08-17T07:39:18.000Z</time>
        <extensions>
          <ns3:TrackPointExtension>
            <ns3:hr>92</ns3:hr>
          </ns3:TrackPointExtension>
        </extensions>
      </trkpt>
      <trkpt lat="-25.51432306878268718719482421875" lon="-48.9882065914571285247802734375">
        <ele>1104.199951171875</ele>
        <time>2025-08-17T07:39:19.000Z</time>
        <extensions>
          <ns3:TrackPointExtension>
            <ns3:hr>96</ns3:hr>
          </ns3:TrackPointExtension>
        </extensions>
      </trkpt>
      <trkpt lat="-25.51432357169687747955322265625" lon="-48.988205082714557647705078125">
        <ele>1104.4000244140625</ele>
        <time>2025-08-17T07:39:23.000Z</time>
        <extensions>
          <ns3:TrackPointExtension>
            <ns3:hr>99</ns3:hr>
          </ns3:TrackPointExtension>
        </extensions>
      </trkpt>
      <trkpt lat="-25.51434704102575778961181640625" lon="-48.9881915040314197540283203125">
        <ele>1105.199951171875</ele>
        <time>2025-08-17T07:39:42.000Z</time>
        <extensions>
          <ns3:TrackPointExtension>
            <ns3:hr>104</ns3:hr>
          </ns3:TrackPointExtension>
        </extensions>
      </trkpt>
      <trkpt lat="-25.5143598653376102447509765625" lon="-48.9881760813295841217041015625">
        <ele>1105.800048828125</ele>
        <time>2025-08-17T07:39:51.000Z</time>
        <extensions>
          <ns3:TrackPointExtension>
            <ns3:hr>107</ns3:hr>
          </ns3:TrackPointExtension>
        </extensions>
      </trkpt>
      <trkpt lat="-25.5143938958644866943359375" lon="-48.98817298002541065216064453125">
        <ele>1106.5999755859375</ele>
        <time>2025-08-17T07:39:56.000Z</time>
        <extensions>
          <ns3:TrackPointExtension>
            <ns3:hr>107</ns3:hr>
          </ns3:TrackPointExtension>
        </extensions>
      </trkpt>
      <trkpt lat="-25.51440219394862651824951171875" lon="-48.98816308937966823577880859375">
        <ele>1107</ele>
        <time>2025-08-17T07:40:01.000Z</time>
        <extensions>
          <ns3:TrackPointExtension>
            <ns3:hr>109</ns3:hr>
          </ns3:TrackPointExtension>
        </extensions>
      </trkpt>
      <trkpt lat="-25.51440219394862651824951171875" lon="-48.988161496818065643310546875">
        <ele>1107.199951171875</ele>
        <time>2025-08-17T07:40:05.000Z</time>
        <extensions>
          <ns3:TrackPointExtension>
            <ns3:hr>112</ns3:hr>
          </ns3:TrackPointExtension>
        </extensions>
      </trkpt>
      <trkpt lat="-25.51444628275930881500244140625" lon="-48.98815789259970188140869140625">
        <ele>1108.800048828125</ele>
        <time>2025-08-17T07:40:19.000Z</time>
        <extensions>
          <ns3:TrackPointExtension>
            <ns3:hr>113</ns3:hr>
          </ns3:TrackPointExtension>
        </extensions>
      </trkpt>
      <trkpt lat="-25.5144654773175716400146484375" lon="-48.98815923370420932769775390625">
        <ele>1109</ele>
        <time>2025-08-17T07:40:22.000Z</time>
        <extensions>
          <ns3:TrackPointExtension>
            <ns3:hr>116</ns3:hr>
          </ns3:TrackPointExtension>
        </extensions>
      </trkpt>
      <trkpt lat="-25.5144882760941982269287109375" lon="-48.98815772496163845062255859375">
        <ele>1109.5999755859375</ele>
        <time>2025-08-17T07:40:28.000Z</time>
        <extensions>
          <ns3:TrackPointExtension>
            <ns3:hr>114</ns3:hr>
          </ns3:TrackPointExtension>
        </extensions>
      </trkpt>
      <trkpt lat="-25.5144896171987056732177734375" lon="-48.9881398715078830718994140625">
        <ele>1110.5999755859375</ele>
        <time>2025-08-17T07:40:34.000Z</time>
        <extensions>
          <ns3:TrackPointExtension>
            <ns3:hr>113</ns3:hr>
          </ns3:TrackPointExtension>
        </extensions>
      </trkpt>
      <trkpt lat="-25.51447947509586811065673828125" lon="-48.988160826265811920166015625">
        <ele>1109.4000244140625</ele>
        <time>2025-08-17T07:40:40.000Z</time>
        <extensions>
          <ns3:TrackPointExtension>
            <ns3:hr>114</ns3:hr>
          </ns3:TrackPointExtension>
        </extensions>
      </trkpt>
      <trkpt lat="-25.51448433659970760345458984375" lon="-48.988170884549617767333984375">
        <ele>1108.800048828125</ele>
        <time>2025-08-17T07:40:45.000Z</time>
        <extensions>
          <ns3:TrackPointExtension>
            <ns3:hr>114</ns3:hr>
          </ns3:TrackPointExtension>
        </extensions>
      </trkpt>
      <trkpt lat="-25.51447729580104351043701171875" lon="-48.98817063309252262115478515625">
        <ele>1108.800048828125</ele>
        <time>2025-08-17T07:40:49.000Z</time>
        <extensions>
          <ns3:TrackPointExtension>
            <ns3:hr>111</ns3:hr>
          </ns3:TrackPointExtension>
        </extensions>
      </trkpt>
      <trkpt lat="-25.5144772119820117950439453125" lon="-48.988176248967647552490234375">
        <ele>1108.4000244140625</ele>
        <time>2025-08-17T07:40:51.000Z</time>
        <extensions>
          <ns3:TrackPointExtension>
            <ns3:hr>108</ns3:hr>
          </ns3:TrackPointExtension>
        </extensions>
      </trkpt>
      <trkpt lat="-25.5144795589148998260498046875" lon="-48.98818119429051876068115234375">
        <ele>1108.199951171875</ele>
        <time>2025-08-17T07:40:53.000Z</time>
        <extensions>
          <ns3:TrackPointExtension>
            <ns3:hr>106</ns3:hr>
          </ns3:TrackPointExtension>
        </extensions>
      </trkpt>
      <trkpt lat="-25.514494813978672027587890625" lon="-48.9881824515759944915771484375">
        <ele>1108.4000244140625</ele>
        <time>2025-08-17T07:41:00.000Z</time>
        <extensions>
          <ns3:TrackPointExtension>
            <ns3:hr>105</ns3:hr>
          </ns3:TrackPointExtension>
        </extensions>
      </trkpt>
      <trkpt lat="-25.51449716091156005859375" lon="-48.9881747402250766754150390625">
        <ele>1109</ele>
        <time>2025-08-17T07:41:05.000Z</time>
        <extensions>
          <ns3:TrackPointExtension>
            <ns3:hr>102</ns3:hr>
          </ns3:TrackPointExtension>
        </extensions>
      </trkpt>
      <trkpt lat="-25.514498166739940643310546875" lon="-48.98817599751055240631103515625">
        <ele>1108.800048828125</ele>
        <time>2025-08-17T07:41:08.000Z</time>
        <extensions>
          <ns3:TrackPointExtension>
            <ns3:hr>101</ns3:hr>
          </ns3:TrackPointExtension>
        </extensions>
      </trkpt>
      <trkpt lat="-25.51449841819703578948974609375" lon="-48.98818127810955047607421875">
        <ele>1108.5999755859375</ele>
        <time>2025-08-17T07:41:18.000Z</time>
        <extensions>
          <ns3:TrackPointExtension>
            <ns3:hr>101</ns3:hr>
          </ns3:TrackPointExtension>
        </extensions>
      </trkpt>
      <trkpt lat="-25.514499843120574951171875" lon="-48.98818127810955047607421875">
        <ele>1108.5999755859375</ele>
        <time>2025-08-17T07:41:31.000Z</time>
        <extensions>
          <ns3:TrackPointExtension>
            <ns3:hr>98</ns3:hr>
          </ns3:TrackPointExtension>
        </extensions>
      </trkpt>
      <trkpt lat="-25.514502190053462982177734375" lon="-48.98818052373826503753662109375">
        <ele>1108.800048828125</ele>
        <time>2025-08-17T07:41:37.000Z</time>
        <extensions>
          <ns3:TrackPointExtension>
            <ns3:hr>101</ns3:hr>
          </ns3:TrackPointExtension>
        </extensions>
      </trkpt>
      <trkpt lat="-25.51450797356665134429931640625" lon="-48.9881811104714870452880859375">
        <ele>1108.800048828125</ele>
        <time>2025-08-17T07:41:42.000Z</time>
        <extensions>
          <ns3:TrackPointExtension>
            <ns3:hr>98</ns3:hr>
          </ns3:TrackPointExtension>
        </extensions>
      </trkpt>
      <trkpt lat="-25.5145325325429439544677734375" lon="-48.98820097558200359344482421875">
        <ele>1108.199951171875</ele>
        <time>2025-08-17T07:42:13.000Z</time>
        <extensions>
          <ns3:TrackPointExtension>
            <ns3:hr>101</ns3:hr>
          </ns3:TrackPointExtension>
        </extensions>
      </trkpt>
      <trkpt lat="-25.51453529857099056243896484375" lon="-48.98820675909519195556640625">
        <ele>1108</ele>
        <time>2025-08-17T07:42:36.000Z</time>
        <extensions>
          <ns3:TrackPointExtension>
            <ns3:hr>98</ns3:hr>
          </ns3:TrackPointExtension>
        </extensions>
      </trkpt>
      <trkpt lat="-25.51453496329486370086669921875" lon="-48.988207094371318817138671875">
        <ele>1108</ele>
        <time>2025-08-17T07:42:37.000Z</time>
        <extensions>
          <ns3:TrackPointExtension>
            <ns3:hr>101</ns3:hr>
          </ns3:TrackPointExtension>
        </extensions>
      </trkpt>
      <trkpt lat="-25.51454016007483005523681640625" lon="-48.98820717819035053253173828125">
        <ele>1108</ele>
        <time>2025-08-17T07:42:47.000Z</time>
        <extensions>
          <ns3:TrackPointExtension>
            <ns3:hr>103</ns3:hr>
          </ns3:TrackPointExtension>
        </extensions>
      </trkpt>
      <trkpt lat="-25.51454074680805206298828125" lon="-48.9881851337850093841552734375">
        <ele>1109.4000244140625</ele>
        <time>2025-08-17T07:42:52.000Z</time>
        <extensions>
          <ns3:TrackPointExtension>
            <ns3:hr>104</ns3:hr>
          </ns3:TrackPointExtension>
        </extensions>
      </trkpt>
      <trkpt lat="-25.51454074680805206298828125" lon="-48.9881851337850093841552734375">
        <ele>1109.4000244140625</ele>
        <time>2025-08-17T07:42:53.000Z</time>
        <extensions>
          <ns3:TrackPointExtension>
            <ns3:hr>101</ns3:hr>
          </ns3:TrackPointExtension>
        </extensions>
      </trkpt>
      <trkpt lat="-25.51454074680805206298828125" lon="-48.9881851337850093841552734375">
        <ele>1109.4000244140625</ele>
        <time>2025-08-17T07:42:54.000Z</time>
        <extensions>
          <ns3:TrackPointExtension>
            <ns3:hr>104</ns3:hr>
          </ns3:TrackPointExtension>
        </extensions>
      </trkpt>
      <trkpt lat="-25.51453395746648311614990234375" lon="-48.9881465770304203033447265625">
        <ele>1111.199951171875</ele>
        <time>2025-08-17T07:43:17.000Z</time>
        <extensions>
          <ns3:TrackPointExtension>
            <ns3:hr>108</ns3:hr>
          </ns3:TrackPointExtension>
        </extensions>
      </trkpt>
      <trkpt lat="-25.5145412497222423553466796875" lon="-48.988137356936931610107421875">
        <ele>1112</ele>
        <time>2025-08-17T07:43:23.000Z</time>
        <extensions>
          <ns3:TrackPointExtension>
            <ns3:hr>105</ns3:hr>
          </ns3:TrackPointExtension>
        </extensions>
      </trkpt>
      <trkpt lat="-25.51454267464578151702880859375" lon="-48.98812654428184032440185546875">
        <ele>1112.5999755859375</ele>
        <time>2025-08-17T07:43:27.000Z</time>
        <extensions>
          <ns3:TrackPointExtension>
            <ns3:hr>106</ns3:hr>
          </ns3:TrackPointExtension>
        </extensions>
      </trkpt>
      <trkpt lat="-25.51454267464578151702880859375" lon="-48.98812252096831798553466796875">
        <ele>1112.800048828125</ele>
        <time>2025-08-17T07:43:34.000Z</time>
        <extensions>
          <ns3:TrackPointExtension>
            <ns3:hr>103</ns3:hr>
          </ns3:TrackPointExtension>
        </extensions>
      </trkpt>
      <trkpt lat="-25.51456077955663204193115234375" lon="-48.9881147257983684539794921875">
        <ele>1113.5999755859375</ele>
        <time>2025-08-17T07:43:42.000Z</time>
        <extensions>
          <ns3:TrackPointExtension>
            <ns3:hr>106</ns3:hr>
          </ns3:TrackPointExtension>
        </extensions>
      </trkpt>
      <trkpt lat="-25.5146111547946929931640625" lon="-48.9880062639713287353515625">
        <ele>1120.800048828125</ele>
        <time>2025-08-17T07:44:05.000Z</time>
        <extensions>
          <ns3:TrackPointExtension>
            <ns3:hr>108</ns3:hr>
          </ns3:TrackPointExtension>
        </extensions>
      </trkpt>
      <trkpt lat="-25.51461274735629558563232421875" lon="-48.9879712276160717010498046875">
        <ele>1122.800048828125</ele>
        <time>2025-08-17T07:44:13.000Z</time>
        <extensions>
          <ns3:TrackPointExtension>
            <ns3:hr>110</ns3:hr>
          </ns3:TrackPointExtension>
        </extensions>
      </trkpt>
      <trkpt lat="-25.514618866145610809326171875" lon="-48.9879752509295940399169921875">
        <ele>1122.800048828125</ele>
        <time>2025-08-17T07:44:40.000Z</time>
        <extensions>
          <ns3:TrackPointExtension>
            <ns3:hr>110</ns3:hr>
          </ns3:TrackPointExtension>
        </extensions>
      </trkpt>
      <trkpt lat="-25.51462255418300628662109375" lon="-48.98797449655830860137939453125">
        <ele>1122.800048828125</ele>
        <time>2025-08-17T07:44:58.000Z</time>
        <extensions>
          <ns3:TrackPointExtension>
            <ns3:hr>106</ns3:hr>
          </ns3:TrackPointExtension>
        </extensions>
      </trkpt>
      <trkpt lat="-25.514623224735260009765625" lon="-48.98797332309186458587646484375">
        <ele>1123</ele>
        <time>2025-08-17T07:45:01.000Z</time>
        <extensions>
          <ns3:TrackPointExtension>
            <ns3:hr>109</ns3:hr>
          </ns3:TrackPointExtension>
        </extensions>
      </trkpt>
      <trkpt lat="-25.51462381146848201751708984375" lon="-48.98797265253961086273193359375">
        <ele>1123</ele>
        <time>2025-08-17T07:45:04.000Z</time>
        <extensions>
          <ns3:TrackPointExtension>
            <ns3:hr>113</ns3:hr>
          </ns3:TrackPointExtension>
        </extensions>
      </trkpt>
      <trkpt lat="-25.5146250687539577484130859375" lon="-48.98797181434929370880126953125">
        <ele>1123</ele>
        <time>2025-08-17T07:45:06.000Z</time>
        <extensions>
          <ns3:TrackPointExtension>
            <ns3:hr>116</ns3:hr>
          </ns3:TrackPointExtension>
        </extensions>
      </trkpt>
      <trkpt lat="-25.5146260745823383331298828125" lon="-48.9879712276160717010498046875">
        <ele>1123.199951171875</ele>
        <time>2025-08-17T07:45:08.000Z</time>
        <extensions>
          <ns3:TrackPointExtension>
            <ns3:hr>112</ns3:hr>
          </ns3:TrackPointExtension>
        </extensions>
      </trkpt>
      <trkpt lat="-25.51462817005813121795654296875" lon="-48.9879695512354373931884765625">
        <ele>1123.199951171875</ele>
        <time>2025-08-17T07:45:21.000Z</time>
        <extensions>
          <ns3:TrackPointExtension>
            <ns3:hr>115</ns3:hr>
          </ns3:TrackPointExtension>
        </extensions>
      </trkpt>
      <trkpt lat="-25.51462817005813121795654296875" lon="-48.98796938359737396240234375">
        <ele>1123.199951171875</ele>
        <time>2025-08-17T07:45:23.000Z</time>
        <extensions>
          <ns3:TrackPointExtension>
            <ns3:hr>119</ns3:hr>
          </ns3:TrackPointExtension>
        </extensions>
      </trkpt>
      <trkpt lat="-25.51462817005813121795654296875" lon="-48.98796938359737396240234375">
        <ele>1123.199951171875</ele>
        <time>2025-08-17T07:45:24.000Z</time>
        <extensions>
          <ns3:TrackPointExtension>
            <ns3:hr>122</ns3:hr>
          </ns3:TrackPointExtension>
        </extensions>
      </trkpt>
      <trkpt lat="-25.51455558277666568756103515625" lon="-48.98787424899637699127197265625">
        <ele>1126.5999755859375</ele>
        <time>2025-08-17T07:45:39.000Z</time>
        <extensions>
          <ns3:TrackPointExtension>
            <ns3:hr>120</ns3:hr>
          </ns3:TrackPointExtension>
        </extensions>
      </trkpt>
      <trkpt lat="-25.51454502157866954803466796875" lon="-48.98783166892826557159423828125">
        <ele>1128.5999755859375</ele>
        <time>2025-08-17T07:45:44.000Z</time>
        <extensions>
          <ns3:TrackPointExtension>
            <ns3:hr>117</ns3:hr>
          </ns3:TrackPointExtension>
        </extensions>
      </trkpt>
      <trkpt lat="-25.51454485394060611724853515625" lon="-48.98782177828252315521240234375">
        <ele>1129</ele>
        <time>2025-08-17T07:45:46.000Z</time>
        <extensions>
          <ns3:TrackPointExtension>
            <ns3:hr>118</ns3:hr>
          </ns3:TrackPointExtension>
        </extensions>
      </trkpt>
      <trkpt lat="-25.514543764293193817138671875" lon="-48.98778707720339298248291015625">
        <ele>1130.800048828125</ele>
        <time>2025-08-17T07:45:53.000Z</time>
        <extensions>
          <ns3:TrackPointExtension>
            <ns3:hr>117</ns3:hr>
          </ns3:TrackPointExtension>
        </extensions>
      </trkpt>
      <trkpt lat="-25.51454368047416210174560546875" lon="-48.9877474308013916015625">
        <ele>1132.800048828125</ele>
        <time>2025-08-17T07:46:00.000Z</time>
        <extensions>
          <ns3:TrackPointExtension>
            <ns3:hr>117</ns3:hr>
          </ns3:TrackPointExtension>
        </extensions>
      </trkpt>
      <trkpt lat="-25.51453848369419574737548828125" lon="-48.98773678578436374664306640625">
        <ele>1133.199951171875</ele>
        <time>2025-08-17T07:46:07.000Z</time>
        <extensions>
          <ns3:TrackPointExtension>
            <ns3:hr>118</ns3:hr>
          </ns3:TrackPointExtension>
        </extensions>
      </trkpt>
      <trkpt lat="-25.51453378982841968536376953125" lon="-48.98771516047418117523193359375">
        <ele>1134.199951171875</ele>
        <time>2025-08-17T07:46:14.000Z</time>
        <extensions>
          <ns3:TrackPointExtension>
            <ns3:hr>120</ns3:hr>
          </ns3:TrackPointExtension>
        </extensions>
      </trkpt>
      <trkpt lat="-25.51452934741973876953125" lon="-48.98771717213094234466552734375">
        <ele>1134</ele>
        <time>2025-08-17T07:46:39.000Z</time>
        <extensions>
          <ns3:TrackPointExtension>
            <ns3:hr>117</ns3:hr>
          </ns3:TrackPointExtension>
        </extensions>
      </trkpt>
      <trkpt lat="-25.5145288445055484771728515625" lon="-48.9877167530357837677001953125">
        <ele>1134</ele>
        <time>2025-08-17T07:46:42.000Z</time>
        <extensions>
          <ns3:TrackPointExtension>
            <ns3:hr>114</ns3:hr>
          </ns3:TrackPointExtension>
        </extensions>
      </trkpt>
      <trkpt lat="-25.5145280063152313232421875" lon="-48.9877167530357837677001953125">
        <ele>1134</ele>
        <time>2025-08-17T07:46:45.000Z</time>
        <extensions>
          <ns3:TrackPointExtension>
            <ns3:hr>111</ns3:hr>
          </ns3:TrackPointExtension>
        </extensions>
      </trkpt>
      <trkpt lat="-25.514527000486850738525390625" lon="-48.9877112209796905517578125">
        <ele>1134.199951171875</ele>
        <time>2025-08-17T07:46:57.000Z</time>
        <extensions>
          <ns3:TrackPointExtension>
            <ns3:hr>108</ns3:hr>
          </ns3:TrackPointExtension>
        </extensions>
      </trkpt>
      <trkpt lat="-25.51455306820571422576904296875" lon="-48.98759295232594013214111328125">
        <ele>1140.199951171875</ele>
        <time>2025-08-17T07:47:16.000Z</time>
        <extensions>
          <ns3:TrackPointExtension>
            <ns3:hr>108</ns3:hr>
          </ns3:TrackPointExtension>
        </extensions>
      </trkpt>
      <trkpt lat="-25.51456480287015438079833984375" lon="-48.987526483833789825439453125">
        <ele>1142.800048828125</ele>
        <time>2025-08-17T07:47:24.000Z</time>
        <extensions>
          <ns3:TrackPointExtension>
            <ns3:hr>108</ns3:hr>
          </ns3:TrackPointExtension>
        </extensions>
      </trkpt>
      <trkpt lat="-25.5145596899092197418212890625" lon="-48.9875192753970623016357421875">
        <ele>1143</ele>
        <time>2025-08-17T07:47:30.000Z</time>
        <extensions>
          <ns3:TrackPointExtension>
            <ns3:hr>108</ns3:hr>
          </ns3:TrackPointExtension>
        </extensions>
      </trkpt>
      <trkpt lat="-25.5145647190511226654052734375" lon="-48.9875112287700176239013671875">
        <ele>1143.4000244140625</ele>
        <time>2025-08-17T07:47:36.000Z</time>
        <extensions>
          <ns3:TrackPointExtension>
            <ns3:hr>108</ns3:hr>
          </ns3:TrackPointExtension>
        </extensions>
      </trkpt>
      <trkpt lat="-25.5145647190511226654052734375" lon="-48.9875112287700176239013671875">
        <ele>1143.4000244140625</ele>
        <time>2025-08-17T07:47:40.000Z</time>
        <extensions>
          <ns3:TrackPointExtension>
            <ns3:hr>111</ns3:hr>
          </ns3:TrackPointExtension>
        </extensions>
      </trkpt>
      <trkpt lat="-25.5145674012601375579833984375" lon="-48.9875112287700176239013671875">
        <ele>1143.4000244140625</ele>
        <time>2025-08-17T07:47:49.000Z</time>
        <extensions>
          <ns3:TrackPointExtension>
            <ns3:hr>114</ns3:hr>
          </ns3:TrackPointExtension>
        </extensions>
      </trkpt>
      <trkpt lat="-25.51460285671055316925048828125" lon="-48.98745565675199031829833984375">
        <ele>1146</ele>
        <time>2025-08-17T07:48:11.000Z</time>
        <extensions>
          <ns3:TrackPointExtension>
            <ns3:hr>117</ns3:hr>
          </ns3:TrackPointExtension>
        </extensions>
      </trkpt>
      <trkpt lat="-25.51460285671055316925048828125" lon="-48.987448699772357940673828125">
        <ele>1146.199951171875</ele>
        <time>2025-08-17T07:48:14.000Z</time>
        <extensions>
          <ns3:TrackPointExtension>
            <ns3:hr>121</ns3:hr>
          </ns3:TrackPointExtension>
        </extensions>
      </trkpt>
      <trkpt lat="-25.514601431787014007568359375" lon="-48.9874314330518245697021484375">
        <ele>1146.5999755859375</ele>
        <time>2025-08-17T07:48:22.000Z</time>
        <extensions>
          <ns3:TrackPointExtension>
            <ns3:hr>124</ns3:hr>
          </ns3:TrackPointExtension>
        </extensions>
      </trkpt>
      <trkpt lat="-25.51460134796798229217529296875" lon="-48.98742933757603168487548828125">
        <ele>1146.5999755859375</ele>
        <time>2025-08-17T07:48:23.000Z</time>
        <extensions>
          <ns3:TrackPointExtension>
            <ns3:hr>127</ns3:hr>
          </ns3:TrackPointExtension>
        </extensions>
      </trkpt>
      <trkpt lat="-25.51460134796798229217529296875" lon="-48.98742866702377796173095703125">
        <ele>1146.800048828125</ele>
        <time>2025-08-17T07:48:24.000Z</time>
        <extensions>
          <ns3:TrackPointExtension>
            <ns3:hr>130</ns3:hr>
          </ns3:TrackPointExtension>
        </extensions>
      </trkpt>
      <trkpt lat="-25.51460050977766513824462890625" lon="-48.9874134957790374755859375">
        <ele>1147.199951171875</ele>
        <time>2025-08-17T07:48:37.000Z</time>
        <extensions>
          <ns3:TrackPointExtension>
            <ns3:hr>127</ns3:hr>
          </ns3:TrackPointExtension>
        </extensions>
      </trkpt>
      <trkpt lat="-25.51458592526614665985107421875" lon="-48.98739044554531574249267578125">
        <ele>1147.5999755859375</ele>
        <time>2025-08-17T07:48:55.000Z</time>
        <extensions>
          <ns3:TrackPointExtension>
            <ns3:hr>124</ns3:hr>
          </ns3:TrackPointExtension>
        </extensions>
      </trkpt>
      <trkpt lat="-25.51460688002407550811767578125" lon="-48.98733495734632015228271484375">
        <ele>1149.5999755859375</ele>
        <time>2025-08-17T07:49:14.000Z</time>
        <extensions>
          <ns3:TrackPointExtension>
            <ns3:hr>127</ns3:hr>
          </ns3:TrackPointExtension>
        </extensions>
      </trkpt>
      <trkpt lat="-25.5146200396120548248291015625" lon="-48.987315259873867034912109375">
        <ele>1150.4000244140625</ele>
        <time>2025-08-17T07:49:19.000Z</time>
        <extensions>
          <ns3:TrackPointExtension>
            <ns3:hr>130</ns3:hr>
          </ns3:TrackPointExtension>
        </extensions>
      </trkpt>
      <trkpt lat="-25.51463386975228786468505859375" lon="-48.98729874752461910247802734375">
        <ele>1151.199951171875</ele>
        <time>2025-08-17T07:49:38.000Z</time>
        <extensions>
          <ns3:TrackPointExtension>
            <ns3:hr>127</ns3:hr>
          </ns3:TrackPointExtension>
        </extensions>
      </trkpt>
      <trkpt lat="-25.51463386975228786468505859375" lon="-48.9872986637055873870849609375">
        <ele>1151.199951171875</ele>
        <time>2025-08-17T07:49:40.000Z</time>
        <extensions>
          <ns3:TrackPointExtension>
            <ns3:hr>124</ns3:hr>
          </ns3:TrackPointExtension>
        </extensions>
      </trkpt>
      <trkpt lat="-25.51463386975228786468505859375" lon="-48.98729857988655567169189453125">
        <ele>1151.199951171875</ele>
        <time>2025-08-17T07:49:42.000Z</time>
        <extensions>
          <ns3:TrackPointExtension>
            <ns3:hr>121</ns3:hr>
          </ns3:TrackPointExtension>
        </extensions>
      </trkpt>
      <trkpt lat="-25.5146337859332561492919921875" lon="-48.98729857988655567169189453125">
        <ele>1151.199951171875</ele>
        <time>2025-08-17T07:49:46.000Z</time>
        <extensions>
          <ns3:TrackPointExtension>
            <ns3:hr>118</ns3:hr>
          </ns3:TrackPointExtension>
        </extensions>
      </trkpt>
      <trkpt lat="-25.51463386975228786468505859375" lon="-48.9872983284294605255126953125">
        <ele>1151.199951171875</ele>
        <time>2025-08-17T07:49:51.000Z</time>
        <extensions>
          <ns3:TrackPointExtension>
            <ns3:hr>115</ns3:hr>
          </ns3:TrackPointExtension>
        </extensions>
      </trkpt>
      <trkpt lat="-25.514655746519565582275390625" lon="-48.98728315718472003936767578125">
        <ele>1152.199951171875</ele>
        <time>2025-08-17T07:50:08.000Z</time>
        <extensions>
          <ns3:TrackPointExtension>
            <ns3:hr>112</ns3:hr>
          </ns3:TrackPointExtension>
        </extensions>
      </trkpt>
      <trkpt lat="-25.51466421224176883697509765625" lon="-48.987280391156673431396484375">
        <ele>1152.4000244140625</ele>
        <time>2025-08-17T07:50:12.000Z</time>
        <extensions>
          <ns3:TrackPointExtension>
            <ns3:hr>109</ns3:hr>
          </ns3:TrackPointExtension>
        </extensions>
      </trkpt>
      <trkpt lat="-25.5146728456020355224609375" lon="-48.9872755296528339385986328125">
        <ele>1152.5999755859375</ele>
        <time>2025-08-17T07:50:20.000Z</time>
        <extensions>
          <ns3:TrackPointExtension>
            <ns3:hr>106</ns3:hr>
          </ns3:TrackPointExtension>
        </extensions>
      </trkpt>
      <trkpt lat="-25.51470595411956310272216796875" lon="-48.98725465871393680572509765625">
        <ele>1154</ele>
        <time>2025-08-17T07:50:24.000Z</time>
        <extensions>
          <ns3:TrackPointExtension>
            <ns3:hr>106</ns3:hr>
          </ns3:TrackPointExtension>
        </extensions>
      </trkpt>
      <trkpt lat="-25.51471240818500518798828125" lon="-48.987250886857509613037109375">
        <ele>1154.199951171875</ele>
        <time>2025-08-17T07:50:25.000Z</time>
        <extensions>
          <ns3:TrackPointExtension>
            <ns3:hr>109</ns3:hr>
          </ns3:TrackPointExtension>
        </extensions>
      </trkpt>
      <trkpt lat="-25.5147169344127178192138671875" lon="-48.98724786937236785888671875">
        <ele>1154.4000244140625</ele>
        <time>2025-08-17T07:50:26.000Z</time>
        <extensions>
          <ns3:TrackPointExtension>
            <ns3:hr>112</ns3:hr>
          </ns3:TrackPointExtension>
        </extensions>
      </trkpt>
      <trkpt lat="-25.51471970044076442718505859375" lon="-48.98724392987787723541259765625">
        <ele>1154.5999755859375</ele>
        <time>2025-08-17T07:50:27.000Z</time>
        <extensions>
          <ns3:TrackPointExtension>
            <ns3:hr>115</ns3:hr>
          </ns3:TrackPointExtension>
        </extensions>
      </trkpt>
      <trkpt lat="-25.5147253163158893585205078125" lon="-48.98723806254565715789794921875">
        <ele>1154.800048828125</ele>
        <time>2025-08-17T07:50:29.000Z</time>
        <extensions>
          <ns3:TrackPointExtension>
            <ns3:hr>118</ns3:hr>
          </ns3:TrackPointExtension>
        </extensions>
      </trkpt>
      <trkpt lat="-25.514725483953952789306640625" lon="-48.98723705671727657318115234375">
        <ele>1154.800048828125</ele>
        <time>2025-08-17T07:50:31.000Z</time>
        <extensions>
          <ns3:TrackPointExtension>
            <ns3:hr>116</ns3:hr>
          </ns3:TrackPointExtension>
        </extensions>
      </trkpt>
      <trkpt lat="-25.51472405903041362762451171875" lon="-48.98724057711660861968994140625">
        <ele>1154.800048828125</ele>
        <time>2025-08-17T07:50:40.000Z</time>
        <extensions>
          <ns3:TrackPointExtension>
            <ns3:hr>113</ns3:hr>
          </ns3:TrackPointExtension>
        </extensions>
      </trkpt>
      <trkpt lat="-25.51472439430654048919677734375" lon="-48.98724057711660861968994140625">
        <ele>1154.800048828125</ele>
        <time>2025-08-17T07:50:43.000Z</time>
        <extensions>
          <ns3:TrackPointExtension>
            <ns3:hr>110</ns3:hr>
          </ns3:TrackPointExtension>
        </extensions>
      </trkpt>
      <trkpt lat="-25.5147249810397624969482421875" lon="-48.9872396551072597503662109375">
        <ele>1154.800048828125</ele>
        <time>2025-08-17T07:50:46.000Z</time>
        <extensions>
          <ns3:TrackPointExtension>
            <ns3:hr>107</ns3:hr>
          </ns3:TrackPointExtension>
        </extensions>
      </trkpt>
      <trkpt lat="-25.514725483953952789306640625" lon="-48.987239487469196319580078125">
        <ele>1154.800048828125</ele>
        <time>2025-08-17T07:50:54.000Z</time>
        <extensions>
          <ns3:TrackPointExtension>
            <ns3:hr>104</ns3:hr>
          </ns3:TrackPointExtension>
        </extensions>
      </trkpt>
      <trkpt lat="-25.514725483953952789306640625" lon="-48.987239487469196319580078125">
        <ele>1154.800048828125</ele>
        <time>2025-08-17T07:50:55.000Z</time>
        <extensions>
          <ns3:TrackPointExtension>
            <ns3:hr>104</ns3:hr>
          </ns3:TrackPointExtension>
        </extensions>
      </trkpt>
      <trkpt lat="-25.51472556777298450469970703125" lon="-48.98724040947854518890380859375">
        <ele>1154.800048828125</ele>
        <time>2025-08-17T07:51:02.000Z</time>
        <extensions>
          <ns3:TrackPointExtension>
            <ns3:hr>101</ns3:hr>
          </ns3:TrackPointExtension>
        </extensions>
      </trkpt>
      <trkpt lat="-25.51472640596330165863037109375" lon="-48.987241499125957489013671875">
        <ele>1154.800048828125</ele>
        <time>2025-08-17T07:51:09.000Z</time>
        <extensions>
          <ns3:TrackPointExtension>
            <ns3:hr>98</ns3:hr>
          </ns3:TrackPointExtension>
        </extensions>
      </trkpt>
      <trkpt lat="-25.5147253163158893585205078125" lon="-48.98724292404949665069580078125">
        <ele>1154.5999755859375</ele>
        <time>2025-08-17T07:51:19.000Z</time>
        <extensions>
          <ns3:TrackPointExtension>
            <ns3:hr>95</ns3:hr>
          </ns3:TrackPointExtension>
        </extensions>
      </trkpt>
      <trkpt lat="-25.51472405903041362762451171875" lon="-48.987244181334972381591796875">
        <ele>1154.5999755859375</ele>
        <time>2025-08-17T07:51:25.000Z</time>
        <extensions>
          <ns3:TrackPointExtension>
            <ns3:hr>92</ns3:hr>
          </ns3:TrackPointExtension>
        </extensions>
      </trkpt>
      <trkpt lat="-25.51471215672791004180908203125" lon="-48.98726086132228374481201171875">
        <ele>1153.800048828125</ele>
        <time>2025-08-17T07:51:53.000Z</time>
        <extensions>
          <ns3:TrackPointExtension>
            <ns3:hr>95</ns3:hr>
          </ns3:TrackPointExtension>
        </extensions>
      </trkpt>
      <trkpt lat="-25.51469539292156696319580078125" lon="-48.98726857267320156097412109375">
        <ele>1153.4000244140625</ele>
        <time>2025-08-17T07:51:59.000Z</time>
        <extensions>
          <ns3:TrackPointExtension>
            <ns3:hr>98</ns3:hr>
          </ns3:TrackPointExtension>
        </extensions>
      </trkpt>
      <trkpt lat="-25.5147063732147216796875" lon="-48.9872342906892299652099609375">
        <ele>1154.5999755859375</ele>
        <time>2025-08-17T07:52:38.000Z</time>
        <extensions>
          <ns3:TrackPointExtension>
            <ns3:hr>103</ns3:hr>
          </ns3:TrackPointExtension>
        </extensions>
      </trkpt>
      <trkpt lat="-25.51470838487148284912109375" lon="-48.98722481913864612579345703125">
        <ele>1155</ele>
        <time>2025-08-17T07:52:39.000Z</time>
        <extensions>
          <ns3:TrackPointExtension>
            <ns3:hr>105</ns3:hr>
          </ns3:TrackPointExtension>
        </extensions>
      </trkpt>
      <trkpt lat="-25.51471240818500518798828125" lon="-48.98718039505183696746826171875">
        <ele>1156.4000244140625</ele>
        <time>2025-08-17T07:52:43.000Z</time>
        <extensions>
          <ns3:TrackPointExtension>
            <ns3:hr>102</ns3:hr>
          </ns3:TrackPointExtension>
        </extensions>
      </trkpt>
      <trkpt lat="-25.51472053863108158111572265625" lon="-48.9871655590832233428955078125">
        <ele>1157.199951171875</ele>
        <time>2025-08-17T07:52:47.000Z</time>
        <extensions>
          <ns3:TrackPointExtension>
            <ns3:hr>102</ns3:hr>
          </ns3:TrackPointExtension>
        </extensions>
      </trkpt>
      <trkpt lat="-25.51471802406013011932373046875" lon="-48.9871618710458278656005859375">
        <ele>1157.199951171875</ele>
        <time>2025-08-17T07:52:52.000Z</time>
        <extensions>
          <ns3:TrackPointExtension>
            <ns3:hr>101</ns3:hr>
          </ns3:TrackPointExtension>
        </extensions>
      </trkpt>
      <trkpt lat="-25.51472246646881103515625" lon="-48.987163044512271881103515625">
        <ele>1157.199951171875</ele>
        <time>2025-08-17T07:52:59.000Z</time>
        <extensions>
          <ns3:TrackPointExtension>
            <ns3:hr>106</ns3:hr>
          </ns3:TrackPointExtension>
        </extensions>
      </trkpt>
      <trkpt lat="-25.51472246646881103515625" lon="-48.987163044512271881103515625">
        <ele>1157.199951171875</ele>
        <time>2025-08-17T07:53:00.000Z</time>
        <extensions>
          <ns3:TrackPointExtension>
            <ns3:hr>102</ns3:hr>
          </ns3:TrackPointExtension>
        </extensions>
      </trkpt>
      <trkpt lat="-25.51472246646881103515625" lon="-48.987163044512271881103515625">
        <ele>1157.199951171875</ele>
        <time>2025-08-17T07:53:01.000Z</time>
        <extensions>
          <ns3:TrackPointExtension>
            <ns3:hr>106</ns3:hr>
          </ns3:TrackPointExtension>
        </extensions>
      </trkpt>
      <trkpt lat="-25.51472246646881103515625" lon="-48.987163044512271881103515625">
        <ele>1157.199951171875</ele>
        <time>2025-08-17T07:53:04.000Z</time>
        <extensions>
          <ns3:TrackPointExtension>
            <ns3:hr>109</ns3:hr>
          </ns3:TrackPointExtension>
        </extensions>
      </trkpt>
      <trkpt lat="-25.51472246646881103515625" lon="-48.98715692572295665740966796875">
        <ele>1157.4000244140625</ele>
        <time>2025-08-17T07:53:16.000Z</time>
        <extensions>
          <ns3:TrackPointExtension>
            <ns3:hr>109</ns3:hr>
          </ns3:TrackPointExtension>
        </extensions>
      </trkpt>
      <trkpt lat="-25.5147440917789936065673828125" lon="-48.98711979389190673828125">
        <ele>1158.5999755859375</ele>
        <time>2025-08-17T07:53:29.000Z</time>
        <extensions>
          <ns3:TrackPointExtension>
            <ns3:hr>106</ns3:hr>
          </ns3:TrackPointExtension>
        </extensions>
      </trkpt>
      <trkpt lat="-25.51474467851221561431884765625" lon="-48.98710210807621479034423828125">
        <ele>1159.199951171875</ele>
        <time>2025-08-17T07:53:39.000Z</time>
        <extensions>
          <ns3:TrackPointExtension>
            <ns3:hr>109</ns3:hr>
          </ns3:TrackPointExtension>
        </extensions>
      </trkpt>
      <trkpt lat="-25.51469790749251842498779296875" lon="-48.98696112446486949920654296875">
        <ele>1163.800048828125</ele>
        <time>2025-08-17T07:54:16.000Z</time>
        <extensions>
          <ns3:TrackPointExtension>
            <ns3:hr>112</ns3:hr>
          </ns3:TrackPointExtension>
        </extensions>
      </trkpt>
      <trkpt lat="-25.51469522528350353240966796875" lon="-48.986929692327976226806640625">
        <ele>1165</ele>
        <time>2025-08-17T07:54:26.000Z</time>
        <extensions>
          <ns3:TrackPointExtension>
            <ns3:hr>117</ns3:hr>
          </ns3:TrackPointExtension>
        </extensions>
      </trkpt>
      <trkpt lat="-25.5146948061883449554443359375" lon="-48.9869043789803981781005859375">
        <ele>1165.800048828125</ele>
        <time>2025-08-17T07:54:34.000Z</time>
        <extensions>
          <ns3:TrackPointExtension>
            <ns3:hr>120</ns3:hr>
          </ns3:TrackPointExtension>
        </extensions>
      </trkpt>
      <trkpt lat="-25.5146944709122180938720703125" lon="-48.98690043948590755462646484375">
        <ele>1166</ele>
        <time>2025-08-17T07:54:36.000Z</time>
        <extensions>
          <ns3:TrackPointExtension>
            <ns3:hr>123</ns3:hr>
          </ns3:TrackPointExtension>
        </extensions>
      </trkpt>
      <trkpt lat="-25.5146941356360912322998046875" lon="-48.98689155466854572296142578125">
        <ele>1166.4000244140625</ele>
        <time>2025-08-17T07:54:38.000Z</time>
        <extensions>
          <ns3:TrackPointExtension>
            <ns3:hr>126</ns3:hr>
          </ns3:TrackPointExtension>
        </extensions>
      </trkpt>
      <trkpt lat="-25.5146934650838375091552734375" lon="-48.98688468150794506072998046875">
        <ele>1166.5999755859375</ele>
        <time>2025-08-17T07:54:41.000Z</time>
        <extensions>
          <ns3:TrackPointExtension>
            <ns3:hr>129</ns3:hr>
          </ns3:TrackPointExtension>
        </extensions>
      </trkpt>
      <trkpt lat="-25.51467460580170154571533203125" lon="-48.986825086176395416259765625">
        <ele>1168.4000244140625</ele>
        <time>2025-08-17T07:55:03.000Z</time>
        <extensions>
          <ns3:TrackPointExtension>
            <ns3:hr>125</ns3:hr>
          </ns3:TrackPointExtension>
        </extensions>
      </trkpt>
      <trkpt lat="-25.514665134251117706298828125" lon="-48.98681310005486011505126953125">
        <ele>1168.800048828125</ele>
        <time>2025-08-17T07:55:08.000Z</time>
        <extensions>
          <ns3:TrackPointExtension>
            <ns3:hr>128</ns3:hr>
          </ns3:TrackPointExtension>
        </extensions>
      </trkpt>
      <trkpt lat="-25.5146616138517856597900390625" lon="-48.986773788928985595703125">
        <ele>1170.199951171875</ele>
        <time>2025-08-17T07:55:19.000Z</time>
        <extensions>
          <ns3:TrackPointExtension>
            <ns3:hr>125</ns3:hr>
          </ns3:TrackPointExtension>
        </extensions>
      </trkpt>
      <trkpt lat="-25.51466278731822967529296875" lon="-48.9867563545703887939453125">
        <ele>1171</ele>
        <time>2025-08-17T07:55:28.000Z</time>
        <extensions>
          <ns3:TrackPointExtension>
            <ns3:hr>122</ns3:hr>
          </ns3:TrackPointExtension>
        </extensions>
      </trkpt>
      <trkpt lat="-25.5146689899265766143798828125" lon="-48.98674872703850269317626953125">
        <ele>1171.4000244140625</ele>
        <time>2025-08-17T07:55:34.000Z</time>
        <extensions>
          <ns3:TrackPointExtension>
            <ns3:hr>119</ns3:hr>
          </ns3:TrackPointExtension>
        </extensions>
      </trkpt>
      <trkpt lat="-25.5146733485162258148193359375" lon="-48.9867467992007732391357421875">
        <ele>1171.5999755859375</ele>
        <time>2025-08-17T07:55:37.000Z</time>
        <extensions>
          <ns3:TrackPointExtension>
            <ns3:hr>114</ns3:hr>
          </ns3:TrackPointExtension>
        </extensions>
      </trkpt>
      <trkpt lat="-25.51467343233525753021240234375" lon="-48.98671788163483142852783203125">
        <ele>1172.800048828125</ele>
        <time>2025-08-17T07:55:58.000Z</time>
        <extensions>
          <ns3:TrackPointExtension>
            <ns3:hr>111</ns3:hr>
          </ns3:TrackPointExtension>
        </extensions>
      </trkpt>
      <trkpt lat="-25.5146676488220691680908203125" lon="-48.9867058955132961273193359375">
        <ele>1173.199951171875</ele>
        <time>2025-08-17T07:56:05.000Z</time>
        <extensions>
          <ns3:TrackPointExtension>
            <ns3:hr>116</ns3:hr>
          </ns3:TrackPointExtension>
        </extensions>
      </trkpt>
      <trkpt lat="-25.514667145907878875732421875" lon="-48.98670480586588382720947265625">
        <ele>1173.199951171875</ele>
        <time>2025-08-17T07:56:06.000Z</time>
        <extensions>
          <ns3:TrackPointExtension>
            <ns3:hr>116</ns3:hr>
          </ns3:TrackPointExtension>
        </extensions>
      </trkpt>
      <trkpt lat="-25.51466521807014942169189453125" lon="-48.98669826798141002655029296875">
        <ele>1173.4000244140625</ele>
        <time>2025-08-17T07:56:12.000Z</time>
        <extensions>
          <ns3:TrackPointExtension>
            <ns3:hr>119</ns3:hr>
          </ns3:TrackPointExtension>
        </extensions>
      </trkpt>
      <trkpt lat="-25.5146646313369274139404296875" lon="-48.9866948314011096954345703125">
        <ele>1173.5999755859375</ele>
        <time>2025-08-17T07:56:19.000Z</time>
        <extensions>
          <ns3:TrackPointExtension>
            <ns3:hr>122</ns3:hr>
          </ns3:TrackPointExtension>
        </extensions>
      </trkpt>
      <trkpt lat="-25.5146646313369274139404296875" lon="-48.9866944961249828338623046875">
        <ele>1173.5999755859375</ele>
        <time>2025-08-17T07:56:20.000Z</time>
        <extensions>
          <ns3:TrackPointExtension>
            <ns3:hr>119</ns3:hr>
          </ns3:TrackPointExtension>
        </extensions>
      </trkpt>
      <trkpt lat="-25.5146646313369274139404296875" lon="-48.9866931550204753875732421875">
        <ele>1173.5999755859375</ele>
        <time>2025-08-17T07:56:25.000Z</time>
        <extensions>
          <ns3:TrackPointExtension>
            <ns3:hr>124</ns3:hr>
          </ns3:TrackPointExtension>
        </extensions>
      </trkpt>
      <trkpt lat="-25.5146646313369274139404296875" lon="-48.9866928197443485260009765625">
        <ele>1173.5999755859375</ele>
        <time>2025-08-17T07:56:26.000Z</time>
        <extensions>
          <ns3:TrackPointExtension>
            <ns3:hr>124</ns3:hr>
          </ns3:TrackPointExtension>
        </extensions>
      </trkpt>
      <trkpt lat="-25.514664463698863983154296875" lon="-48.98669156245887279510498046875">
        <ele>1173.5999755859375</ele>
        <time>2025-08-17T07:56:30.000Z</time>
        <extensions>
          <ns3:TrackPointExtension>
            <ns3:hr>131</ns3:hr>
          </ns3:TrackPointExtension>
        </extensions>
      </trkpt>
      <trkpt lat="-25.51466437987983226776123046875" lon="-48.98669072426855564117431640625">
        <ele>1173.800048828125</ele>
        <time>2025-08-17T07:56:33.000Z</time>
        <extensions>
          <ns3:TrackPointExtension>
            <ns3:hr>134</ns3:hr>
          </ns3:TrackPointExtension>
        </extensions>
      </trkpt>
      <trkpt lat="-25.51466412842273712158203125" lon="-48.9866891317069530487060546875">
        <ele>1173.800048828125</ele>
        <time>2025-08-17T07:56:38.000Z</time>
        <extensions>
          <ns3:TrackPointExtension>
            <ns3:hr>137</ns3:hr>
          </ns3:TrackPointExtension>
        </extensions>
      </trkpt>
      <trkpt lat="-25.5146636255085468292236328125" lon="-48.98668485693633556365966796875">
        <ele>1174</ele>
        <time>2025-08-17T07:56:50.000Z</time>
        <extensions>
          <ns3:TrackPointExtension>
            <ns3:hr>140</ns3:hr>
          </ns3:TrackPointExtension>
        </extensions>
      </trkpt>
      <trkpt lat="-25.51466270349919795989990234375" lon="-48.986676894128322601318359375">
        <ele>1174.199951171875</ele>
        <time>2025-08-17T07:57:12.000Z</time>
        <extensions>
          <ns3:TrackPointExtension>
            <ns3:hr>137</ns3:hr>
          </ns3:TrackPointExtension>
        </extensions>
      </trkpt>
      <trkpt lat="-25.5146619491279125213623046875" lon="-48.98667119443416595458984375">
        <ele>1174.4000244140625</ele>
        <time>2025-08-17T07:57:29.000Z</time>
        <extensions>
          <ns3:TrackPointExtension>
            <ns3:hr>134</ns3:hr>
          </ns3:TrackPointExtension>
        </extensions>
      </trkpt>
      <trkpt lat="-25.51466186530888080596923828125" lon="-48.98666842840611934661865234375">
        <ele>1174.5999755859375</ele>
        <time>2025-08-17T07:57:37.000Z</time>
        <extensions>
          <ns3:TrackPointExtension>
            <ns3:hr>131</ns3:hr>
          </ns3:TrackPointExtension>
        </extensions>
      </trkpt>
      <trkpt lat="-25.51466136239469051361083984375" lon="-48.9866623096168041229248046875">
        <ele>1174.800048828125</ele>
        <time>2025-08-17T07:57:56.000Z</time>
        <extensions>
          <ns3:TrackPointExtension>
            <ns3:hr>128</ns3:hr>
          </ns3:TrackPointExtension>
        </extensions>
      </trkpt>
      <trkpt lat="-25.514661110937595367431640625" lon="-48.986661136150360107421875">
        <ele>1174.800048828125</ele>
        <time>2025-08-17T07:58:00.000Z</time>
        <extensions>
          <ns3:TrackPointExtension>
            <ns3:hr>131</ns3:hr>
          </ns3:TrackPointExtension>
        </extensions>
      </trkpt>
      <trkpt lat="-25.51466102711856365203857421875" lon="-48.98666046559810638427734375">
        <ele>1174.800048828125</ele>
        <time>2025-08-17T07:58:02.000Z</time>
        <extensions>
          <ns3:TrackPointExtension>
            <ns3:hr>128</ns3:hr>
          </ns3:TrackPointExtension>
        </extensions>
      </trkpt>
      <trkpt lat="-25.51466085948050022125244140625" lon="-48.98665937595069408416748046875">
        <ele>1175</ele>
        <time>2025-08-17T07:58:06.000Z</time>
        <extensions>
          <ns3:TrackPointExtension>
            <ns3:hr>125</ns3:hr>
          </ns3:TrackPointExtension>
        </extensions>
      </trkpt>
      <trkpt lat="-25.51465985365211963653564453125" lon="-48.98665233515202999114990234375">
        <ele>1175.199951171875</ele>
        <time>2025-08-17T07:58:29.000Z</time>
        <extensions>
          <ns3:TrackPointExtension>
            <ns3:hr>122</ns3:hr>
          </ns3:TrackPointExtension>
        </extensions>
      </trkpt>
      <trkpt lat="-25.51465834490954875946044921875" lon="-48.98664328269660472869873046875">
        <ele>1175.5999755859375</ele>
        <time>2025-08-17T07:59:03.000Z</time>
        <extensions>
          <ns3:TrackPointExtension>
            <ns3:hr>119</ns3:hr>
          </ns3:TrackPointExtension>
        </extensions>
      </trkpt>
      <trkpt lat="-25.51465700380504131317138671875" lon="-48.98663490079343318939208984375">
        <ele>1175.800048828125</ele>
        <time>2025-08-17T07:59:34.000Z</time>
        <extensions>
          <ns3:TrackPointExtension>
            <ns3:hr>116</ns3:hr>
          </ns3:TrackPointExtension>
        </extensions>
      </trkpt>
      <trkpt lat="-25.51465868018567562103271484375" lon="-48.9864363335072994232177734375">
        <ele>1183.199951171875</ele>
        <time>2025-08-17T08:00:03.000Z</time>
        <extensions>
          <ns3:TrackPointExtension>
            <ns3:hr>116</ns3:hr>
          </ns3:TrackPointExtension>
        </extensions>
      </trkpt>
      <trkpt lat="-25.5146674811840057373046875" lon="-48.98636148311197757720947265625">
        <ele>1186</ele>
        <time>2025-08-17T08:00:06.000Z</time>
        <extensions>
          <ns3:TrackPointExtension>
            <ns3:hr>113</ns3:hr>
          </ns3:TrackPointExtension>
        </extensions>
      </trkpt>
      <trkpt lat="-25.514671169221401214599609375" lon="-48.986338935792446136474609375">
        <ele>1186.800048828125</ele>
        <time>2025-08-17T08:00:09.000Z</time>
        <extensions>
          <ns3:TrackPointExtension>
            <ns3:hr>113</ns3:hr>
          </ns3:TrackPointExtension>
        </extensions>
      </trkpt>
      <trkpt lat="-25.514670498669147491455078125" lon="-48.98632586002349853515625">
        <ele>1187.4000244140625</ele>
        <time>2025-08-17T08:00:14.000Z</time>
        <extensions>
          <ns3:TrackPointExtension>
            <ns3:hr>112</ns3:hr>
          </ns3:TrackPointExtension>
        </extensions>
      </trkpt>
      <trkpt lat="-25.51468365825712680816650390625" lon="-48.9863136224448680877685546875">
        <ele>1188</ele>
        <time>2025-08-17T08:00:23.000Z</time>
        <extensions>
          <ns3:TrackPointExtension>
            <ns3:hr>115</ns3:hr>
          </ns3:TrackPointExtension>
        </extensions>
      </trkpt>
      <trkpt lat="-25.51468365825712680816650390625" lon="-48.9863136224448680877685546875">
        <ele>1188</ele>
        <time>2025-08-17T08:00:25.000Z</time>
        <extensions>
          <ns3:TrackPointExtension>
            <ns3:hr>117</ns3:hr>
          </ns3:TrackPointExtension>
        </extensions>
      </trkpt>
      <trkpt lat="-25.51468365825712680816650390625" lon="-48.9863136224448680877685546875">
        <ele>1188</ele>
        <time>2025-08-17T08:00:29.000Z</time>
        <extensions>
          <ns3:TrackPointExtension>
            <ns3:hr>120</ns3:hr>
          </ns3:TrackPointExtension>
        </extensions>
      </trkpt>
      <trkpt lat="-25.51468365825712680816650390625" lon="-48.9863136224448680877685546875">
        <ele>1188</ele>
        <time>2025-08-17T08:00:33.000Z</time>
        <extensions>
          <ns3:TrackPointExtension>
            <ns3:hr>123</ns3:hr>
          </ns3:TrackPointExtension>
        </extensions>
      </trkpt>
      <trkpt lat="-25.51464811898767948150634765625" lon="-48.98626073263585567474365234375">
        <ele>1189.4000244140625</ele>
        <time>2025-08-17T08:01:06.000Z</time>
        <extensions>
          <ns3:TrackPointExtension>
            <ns3:hr>120</ns3:hr>
          </ns3:TrackPointExtension>
        </extensions>
      </trkpt>
      <trkpt lat="-25.5146478675305843353271484375" lon="-48.98625721223652362823486328125">
        <ele>1189.4000244140625</ele>
        <time>2025-08-17T08:01:08.000Z</time>
        <extensions>
          <ns3:TrackPointExtension>
            <ns3:hr>117</ns3:hr>
          </ns3:TrackPointExtension>
        </extensions>
      </trkpt>
      <trkpt lat="-25.5146414972841739654541015625" lon="-48.98623667657375335693359375">
        <ele>1190</ele>
        <time>2025-08-17T08:01:14.000Z</time>
        <extensions>
          <ns3:TrackPointExtension>
            <ns3:hr>114</ns3:hr>
          </ns3:TrackPointExtension>
        </extensions>
      </trkpt>
      <trkpt lat="-25.51461048424243927001953125" lon="-48.986171968281269073486328125">
        <ele>1191</ele>
        <time>2025-08-17T08:01:18.000Z</time>
        <extensions>
          <ns3:TrackPointExtension>
            <ns3:hr>112</ns3:hr>
          </ns3:TrackPointExtension>
        </extensions>
      </trkpt>
      <trkpt lat="-25.51459061913192272186279296875" lon="-48.98610382340848445892333984375">
        <ele>1192.199951171875</ele>
        <time>2025-08-17T08:01:24.000Z</time>
        <extensions>
          <ns3:TrackPointExtension>
            <ns3:hr>111</ns3:hr>
          </ns3:TrackPointExtension>
        </extensions>
      </trkpt>
      <trkpt lat="-25.51459363661706447601318359375" lon="-48.986074738204479217529296875">
        <ele>1193</ele>
        <time>2025-08-17T08:01:30.000Z</time>
        <extensions>
          <ns3:TrackPointExtension>
            <ns3:hr>114</ns3:hr>
          </ns3:TrackPointExtension>
        </extensions>
      </trkpt>
      <trkpt lat="-25.5145922116935253143310546875" lon="-48.98606543429195880889892578125">
        <ele>1193.199951171875</ele>
        <time>2025-08-17T08:01:32.000Z</time>
        <extensions>
          <ns3:TrackPointExtension>
            <ns3:hr>117</ns3:hr>
          </ns3:TrackPointExtension>
        </extensions>
      </trkpt>
      <trkpt lat="-25.51459036767482757568359375" lon="-48.98606141097843647003173828125">
        <ele>1193.199951171875</ele>
        <time>2025-08-17T08:01:33.000Z</time>
        <extensions>
          <ns3:TrackPointExtension>
            <ns3:hr>118</ns3:hr>
          </ns3:TrackPointExtension>
        </extensions>
      </trkpt>
      <trkpt lat="-25.51459011621773242950439453125" lon="-48.98605830967426300048828125">
        <ele>1193.199951171875</ele>
        <time>2025-08-17T08:01:35.000Z</time>
        <extensions>
          <ns3:TrackPointExtension>
            <ns3:hr>121</ns3:hr>
          </ns3:TrackPointExtension>
        </extensions>
      </trkpt>
      <trkpt lat="-25.51458642818033695220947265625" lon="-48.986044228076934814453125">
        <ele>1193.5999755859375</ele>
        <time>2025-08-17T08:01:41.000Z</time>
        <extensions>
          <ns3:TrackPointExtension>
            <ns3:hr>124</ns3:hr>
          </ns3:TrackPointExtension>
        </extensions>
      </trkpt>
      <trkpt lat="-25.514577962458133697509765625" lon="-48.98601732216775417327880859375">
        <ele>1194</ele>
        <time>2025-08-17T08:01:52.000Z</time>
        <extensions>
          <ns3:TrackPointExtension>
            <ns3:hr>125</ns3:hr>
          </ns3:TrackPointExtension>
        </extensions>
      </trkpt>
      <trkpt lat="-25.51457569934427738189697265625" lon="-48.98600944317877292633056640625">
        <ele>1194.199951171875</ele>
        <time>2025-08-17T08:02:14.000Z</time>
        <extensions>
          <ns3:TrackPointExtension>
            <ns3:hr>122</ns3:hr>
          </ns3:TrackPointExtension>
        </extensions>
      </trkpt>
      <trkpt lat="-25.5145747773349285125732421875" lon="-48.98600759916007518768310546875">
        <ele>1194.199951171875</ele>
        <time>2025-08-17T08:02:18.000Z</time>
        <extensions>
          <ns3:TrackPointExtension>
            <ns3:hr>119</ns3:hr>
          </ns3:TrackPointExtension>
        </extensions>
      </trkpt>
      <trkpt lat="-25.51457586698234081268310546875" lon="-48.986005671322345733642578125">
        <ele>1194.4000244140625</ele>
        <time>2025-08-17T08:02:24.000Z</time>
        <extensions>
          <ns3:TrackPointExtension>
            <ns3:hr>116</ns3:hr>
          </ns3:TrackPointExtension>
        </extensions>
      </trkpt>
      <trkpt lat="-25.514576621353626251220703125" lon="-48.98598060943186283111572265625">
        <ele>1195</ele>
        <time>2025-08-17T08:02:29.000Z</time>
        <extensions>
          <ns3:TrackPointExtension>
            <ns3:hr>119</ns3:hr>
          </ns3:TrackPointExtension>
        </extensions>
      </trkpt>
      <trkpt lat="-25.514576621353626251220703125" lon="-48.98597423918545246124267578125">
        <ele>1195.199951171875</ele>
        <time>2025-08-17T08:02:30.000Z</time>
        <extensions>
          <ns3:TrackPointExtension>
            <ns3:hr>123</ns3:hr>
          </ns3:TrackPointExtension>
        </extensions>
      </trkpt>
      <trkpt lat="-25.51457720808684825897216796875" lon="-48.98596971295773983001708984375">
        <ele>1195.199951171875</ele>
        <time>2025-08-17T08:02:31.000Z</time>
        <extensions>
          <ns3:TrackPointExtension>
            <ns3:hr>126</ns3:hr>
          </ns3:TrackPointExtension>
        </extensions>
      </trkpt>
      <trkpt lat="-25.51457754336297512054443359375" lon="-48.98596753366291522979736328125">
        <ele>1195.4000244140625</ele>
        <time>2025-08-17T08:02:33.000Z</time>
        <extensions>
          <ns3:TrackPointExtension>
            <ns3:hr>130</ns3:hr>
          </ns3:TrackPointExtension>
        </extensions>
      </trkpt>
      <trkpt lat="-25.51457754336297512054443359375" lon="-48.98596518673002719879150390625">
        <ele>1195.4000244140625</ele>
        <time>2025-08-17T08:02:34.000Z</time>
        <extensions>
          <ns3:TrackPointExtension>
            <ns3:hr>133</ns3:hr>
          </ns3:TrackPointExtension>
        </extensions>
      </trkpt>
      <trkpt lat="-25.514577962458133697509765625" lon="-48.9859642647206783294677734375">
        <ele>1195.4000244140625</ele>
        <time>2025-08-17T08:02:36.000Z</time>
        <extensions>
          <ns3:TrackPointExtension>
            <ns3:hr>139</ns3:hr>
          </ns3:TrackPointExtension>
        </extensions>
      </trkpt>
      <trkpt lat="-25.51457838155329227447509765625" lon="-48.98596166633069515228271484375">
        <ele>1195.5999755859375</ele>
        <time>2025-08-17T08:02:37.000Z</time>
        <extensions>
          <ns3:TrackPointExtension>
            <ns3:hr>139</ns3:hr>
          </ns3:TrackPointExtension>
        </extensions>
      </trkpt>
      <trkpt lat="-25.51457871682941913604736328125" lon="-48.9859498478472232818603515625">
        <ele>1196</ele>
        <time>2025-08-17T08:02:39.000Z</time>
        <extensions>
          <ns3:TrackPointExtension>
            <ns3:hr>142</ns3:hr>
          </ns3:TrackPointExtension>
        </extensions>
      </trkpt>
      <trkpt lat="-25.51458056084811687469482421875" lon="-48.9859275519847869873046875">
        <ele>1196.5999755859375</ele>
        <time>2025-08-17T08:02:45.000Z</time>
        <extensions>
          <ns3:TrackPointExtension>
            <ns3:hr>139</ns3:hr>
          </ns3:TrackPointExtension>
        </extensions>
      </trkpt>
      <trkpt lat="-25.514575280249118804931640625" lon="-48.98587097413837909698486328125">
        <ele>1198.4000244140625</ele>
        <time>2025-08-17T08:03:00.000Z</time>
        <extensions>
          <ns3:TrackPointExtension>
            <ns3:hr>136</ns3:hr>
          </ns3:TrackPointExtension>
        </extensions>
      </trkpt>
      <trkpt lat="-25.5145429261028766632080078125" lon="-48.98585169576108455657958984375">
        <ele>1198.4000244140625</ele>
        <time>2025-08-17T08:03:06.000Z</time>
        <extensions>
          <ns3:TrackPointExtension>
            <ns3:hr>133</ns3:hr>
          </ns3:TrackPointExtension>
        </extensions>
      </trkpt>
      <trkpt lat="-25.51453663967549800872802734375" lon="-48.98584599606692790985107421875">
        <ele>1198.5999755859375</ele>
        <time>2025-08-17T08:03:10.000Z</time>
        <extensions>
          <ns3:TrackPointExtension>
            <ns3:hr>130</ns3:hr>
          </ns3:TrackPointExtension>
        </extensions>
      </trkpt>
      <trkpt lat="-25.51453110761940479278564453125" lon="-48.98583023808896541595458984375">
        <ele>1199</ele>
        <time>2025-08-17T08:03:22.000Z</time>
        <extensions>
          <ns3:TrackPointExtension>
            <ns3:hr>127</ns3:hr>
          </ns3:TrackPointExtension>
        </extensions>
      </trkpt>
      <trkpt lat="-25.514531023800373077392578125" lon="-48.98582839407026767730712890625">
        <ele>1199</ele>
        <time>2025-08-17T08:03:24.000Z</time>
        <extensions>
          <ns3:TrackPointExtension>
            <ns3:hr>124</ns3:hr>
          </ns3:TrackPointExtension>
        </extensions>
      </trkpt>
      <trkpt lat="-25.514531023800373077392578125" lon="-48.98582789115607738494873046875">
        <ele>1199</ele>
        <time>2025-08-17T08:03:25.000Z</time>
        <extensions>
          <ns3:TrackPointExtension>
            <ns3:hr>121</ns3:hr>
          </ns3:TrackPointExtension>
        </extensions>
      </trkpt>
      <trkpt lat="-25.5145318619906902313232421875" lon="-48.98582319729030132293701171875">
        <ele>1199.199951171875</ele>
        <time>2025-08-17T08:03:32.000Z</time>
        <extensions>
          <ns3:TrackPointExtension>
            <ns3:hr>118</ns3:hr>
          </ns3:TrackPointExtension>
        </extensions>
      </trkpt>
      <trkpt lat="-25.514579303562641143798828125" lon="-48.98575882427394390106201171875">
        <ele>1202.199951171875</ele>
        <time>2025-08-17T08:03:59.000Z</time>
        <extensions>
          <ns3:TrackPointExtension>
            <ns3:hr>120</ns3:hr>
          </ns3:TrackPointExtension>
        </extensions>
      </trkpt>
      <trkpt lat="-25.514579303562641143798828125" lon="-48.98575882427394390106201171875">
        <ele>1202.199951171875</ele>
        <time>2025-08-17T08:04:04.000Z</time>
        <extensions>
          <ns3:TrackPointExtension>
            <ns3:hr>123</ns3:hr>
          </ns3:TrackPointExtension>
        </extensions>
      </trkpt>
      <trkpt lat="-25.51458760164678096771240234375" lon="-48.98574943654239177703857421875">
        <ele>1202.5999755859375</ele>
        <time>2025-08-17T08:04:13.000Z</time>
        <extensions>
          <ns3:TrackPointExtension>
            <ns3:hr>126</ns3:hr>
          </ns3:TrackPointExtension>
        </extensions>
      </trkpt>
      <trkpt lat="-25.51458760164678096771240234375" lon="-48.9857478439807891845703125">
        <ele>1202.5999755859375</ele>
        <time>2025-08-17T08:04:16.000Z</time>
        <extensions>
          <ns3:TrackPointExtension>
            <ns3:hr>129</ns3:hr>
          </ns3:TrackPointExtension>
        </extensions>
      </trkpt>
      <trkpt lat="-25.51458223722875118255615234375" lon="-48.9857272244989871978759765625">
        <ele>1203.199951171875</ele>
        <time>2025-08-17T08:04:25.000Z</time>
        <extensions>
          <ns3:TrackPointExtension>
            <ns3:hr>132</ns3:hr>
          </ns3:TrackPointExtension>
        </extensions>
      </trkpt>
      <trkpt lat="-25.514577962458133697509765625" lon="-48.9857185073196887969970703125">
        <ele>1203.4000244140625</ele>
        <time>2025-08-17T08:04:36.000Z</time>
        <extensions>
          <ns3:TrackPointExtension>
            <ns3:hr>129</ns3:hr>
          </ns3:TrackPointExtension>
        </extensions>
      </trkpt>
      <trkpt lat="-25.51457737572491168975830078125" lon="-48.98571741767227649688720703125">
        <ele>1203.4000244140625</ele>
        <time>2025-08-17T08:04:37.000Z</time>
        <extensions>
          <ns3:TrackPointExtension>
            <ns3:hr>132</ns3:hr>
          </ns3:TrackPointExtension>
        </extensions>
      </trkpt>
      <trkpt lat="-25.51457335241138935089111328125" lon="-48.985707275569438934326171875">
        <ele>1203.800048828125</ele>
        <time>2025-08-17T08:04:47.000Z</time>
        <extensions>
          <ns3:TrackPointExtension>
            <ns3:hr>129</ns3:hr>
          </ns3:TrackPointExtension>
        </extensions>
      </trkpt>
      <trkpt lat="-25.51455826498568058013916015625" lon="-48.98570568300783634185791015625">
        <ele>1203.4000244140625</ele>
        <time>2025-08-17T08:05:01.000Z</time>
        <extensions>
          <ns3:TrackPointExtension>
            <ns3:hr>132</ns3:hr>
          </ns3:TrackPointExtension>
        </extensions>
      </trkpt>
      <trkpt lat="-25.51450797356665134429931640625" lon="-48.98563527502119541168212890625">
        <ele>1205.4000244140625</ele>
        <time>2025-08-17T08:05:30.000Z</time>
        <extensions>
          <ns3:TrackPointExtension>
            <ns3:hr>135</ns3:hr>
          </ns3:TrackPointExtension>
        </extensions>
      </trkpt>
      <trkpt lat="-25.51450646482408046722412109375" lon="-48.98563192225992679595947265625">
        <ele>1205.5999755859375</ele>
        <time>2025-08-17T08:05:43.000Z</time>
        <extensions>
          <ns3:TrackPointExtension>
            <ns3:hr>132</ns3:hr>
          </ns3:TrackPointExtension>
        </extensions>
      </trkpt>
      <trkpt lat="-25.5145083926618099212646484375" lon="-48.98563276045024394989013671875">
        <ele>1205.5999755859375</ele>
        <time>2025-08-17T08:05:53.000Z</time>
        <extensions>
          <ns3:TrackPointExtension>
            <ns3:hr>129</ns3:hr>
          </ns3:TrackPointExtension>
        </extensions>
      </trkpt>
      <trkpt lat="-25.51450981758534908294677734375" lon="-48.98563259281218051910400390625">
        <ele>1205.5999755859375</ele>
        <time>2025-08-17T08:06:00.000Z</time>
        <extensions>
          <ns3:TrackPointExtension>
            <ns3:hr>125</ns3:hr>
          </ns3:TrackPointExtension>
        </extensions>
      </trkpt>
      <trkpt lat="-25.51450897939503192901611328125" lon="-48.985632173717021942138671875">
        <ele>1205.5999755859375</ele>
        <time>2025-08-17T08:06:06.000Z</time>
        <extensions>
          <ns3:TrackPointExtension>
            <ns3:hr>128</ns3:hr>
          </ns3:TrackPointExtension>
        </extensions>
      </trkpt>
      <trkpt lat="-25.51450881175696849822998046875" lon="-48.98563158698379993438720703125">
        <ele>1205.5999755859375</ele>
        <time>2025-08-17T08:06:09.000Z</time>
        <extensions>
          <ns3:TrackPointExtension>
            <ns3:hr>135</ns3:hr>
          </ns3:TrackPointExtension>
        </extensions>
      </trkpt>
      <trkpt lat="-25.51450881175696849822998046875" lon="-48.98563141934573650360107421875">
        <ele>1205.5999755859375</ele>
        <time>2025-08-17T08:06:11.000Z</time>
        <extensions>
          <ns3:TrackPointExtension>
            <ns3:hr>138</ns3:hr>
          </ns3:TrackPointExtension>
        </extensions>
      </trkpt>
      <trkpt lat="-25.51450009457767009735107421875" lon="-48.98561214096844196319580078125">
        <ele>1206.4000244140625</ele>
        <time>2025-08-17T08:06:19.000Z</time>
        <extensions>
          <ns3:TrackPointExtension>
            <ns3:hr>135</ns3:hr>
          </ns3:TrackPointExtension>
        </extensions>
      </trkpt>
      <trkpt lat="-25.51449649035930633544921875" lon="-48.9856035076081752777099609375">
        <ele>1206.5999755859375</ele>
        <time>2025-08-17T08:06:25.000Z</time>
        <extensions>
          <ns3:TrackPointExtension>
            <ns3:hr>132</ns3:hr>
          </ns3:TrackPointExtension>
        </extensions>
      </trkpt>
      <trkpt lat="-25.5144936405122280120849609375" lon="-48.98559638299047946929931640625">
        <ele>1206.800048828125</ele>
        <time>2025-08-17T08:06:36.000Z</time>
        <extensions>
          <ns3:TrackPointExtension>
            <ns3:hr>129</ns3:hr>
          </ns3:TrackPointExtension>
        </extensions>
      </trkpt>
      <trkpt lat="-25.51449288614094257354736328125" lon="-48.98559562861919403076171875">
        <ele>1206.800048828125</ele>
        <time>2025-08-17T08:06:39.000Z</time>
        <extensions>
          <ns3:TrackPointExtension>
            <ns3:hr>133</ns3:hr>
          </ns3:TrackPointExtension>
        </extensions>
      </trkpt>
      <trkpt lat="-25.51449204795062541961669921875" lon="-48.9855947904288768768310546875">
        <ele>1207</ele>
        <time>2025-08-17T08:06:44.000Z</time>
        <extensions>
          <ns3:TrackPointExtension>
            <ns3:hr>130</ns3:hr>
          </ns3:TrackPointExtension>
        </extensions>
      </trkpt>
      <trkpt lat="-25.5144916288554668426513671875" lon="-48.98559386841952800750732421875">
        <ele>1207</ele>
        <time>2025-08-17T08:06:51.000Z</time>
        <extensions>
          <ns3:TrackPointExtension>
            <ns3:hr>126</ns3:hr>
          </ns3:TrackPointExtension>
        </extensions>
      </trkpt>
      <trkpt lat="-25.51449154503643512725830078125" lon="-48.9855934493243694305419921875">
        <ele>1207</ele>
        <time>2025-08-17T08:06:55.000Z</time>
        <extensions>
          <ns3:TrackPointExtension>
            <ns3:hr>123</ns3:hr>
          </ns3:TrackPointExtension>
        </extensions>
      </trkpt>
      <trkpt lat="-25.514491461217403411865234375" lon="-48.98559294641017913818359375">
        <ele>1207</ele>
        <time>2025-08-17T08:06:57.000Z</time>
        <extensions>
          <ns3:TrackPointExtension>
            <ns3:hr>120</ns3:hr>
          </ns3:TrackPointExtension>
        </extensions>
      </trkpt>
      <trkpt lat="-25.5144859291613101959228515625" lon="-48.98548792116343975067138671875">
        <ele>1211.4000244140625</ele>
        <time>2025-08-17T08:07:20.000Z</time>
        <extensions>
          <ns3:TrackPointExtension>
            <ns3:hr>121</ns3:hr>
          </ns3:TrackPointExtension>
        </extensions>
      </trkpt>
      <trkpt lat="-25.5144931375980377197265625" lon="-48.98538281209766864776611328125">
        <ele>1215.5999755859375</ele>
        <time>2025-08-17T08:07:28.000Z</time>
        <extensions>
          <ns3:TrackPointExtension>
            <ns3:hr>120</ns3:hr>
          </ns3:TrackPointExtension>
        </extensions>
      </trkpt>
      <trkpt lat="-25.5145184509456157684326171875" lon="-48.98532933555543422698974609375">
        <ele>1218</ele>
        <time>2025-08-17T08:07:36.000Z</time>
        <extensions>
          <ns3:TrackPointExtension>
            <ns3:hr>119</ns3:hr>
          </ns3:TrackPointExtension>
        </extensions>
      </trkpt>
      <trkpt lat="-25.514528341591358184814453125" lon="-48.98529388010501861572265625">
        <ele>1219.5999755859375</ele>
        <time>2025-08-17T08:07:42.000Z</time>
        <extensions>
          <ns3:TrackPointExtension>
            <ns3:hr>118</ns3:hr>
          </ns3:TrackPointExtension>
        </extensions>
      </trkpt>
      <trkpt lat="-25.51454166881740093231201171875" lon="-48.9852618612349033355712890625">
        <ele>1221</ele>
        <time>2025-08-17T08:07:48.000Z</time>
        <extensions>
          <ns3:TrackPointExtension>
            <ns3:hr>119</ns3:hr>
          </ns3:TrackPointExtension>
        </extensions>
      </trkpt>
      <trkpt lat="-25.5145553313195705413818359375" lon="-48.985236547887325286865234375">
        <ele>1222.199951171875</ele>
        <time>2025-08-17T08:07:55.000Z</time>
        <extensions>
          <ns3:TrackPointExtension>
            <ns3:hr>120</ns3:hr>
          </ns3:TrackPointExtension>
        </extensions>
      </trkpt>
      <trkpt lat="-25.5145617015659809112548828125" lon="-48.98522975854575634002685546875">
        <ele>1222.4000244140625</ele>
        <time>2025-08-17T08:08:03.000Z</time>
        <extensions>
          <ns3:TrackPointExtension>
            <ns3:hr>121</ns3:hr>
          </ns3:TrackPointExtension>
        </extensions>
      </trkpt>
      <trkpt lat="-25.51456748507916927337646484375" lon="-48.98520830087363719940185546875">
        <ele>1223.4000244140625</ele>
        <time>2025-08-17T08:08:15.000Z</time>
        <extensions>
          <ns3:TrackPointExtension>
            <ns3:hr>120</ns3:hr>
          </ns3:TrackPointExtension>
        </extensions>
      </trkpt>
      <trkpt lat="-25.514574944972991943359375" lon="-48.98519136942923069000244140625">
        <ele>1224.199951171875</ele>
        <time>2025-08-17T08:08:19.000Z</time>
        <extensions>
          <ns3:TrackPointExtension>
            <ns3:hr>123</ns3:hr>
          </ns3:TrackPointExtension>
        </extensions>
      </trkpt>
      <trkpt lat="-25.51457695662975311279296875" lon="-48.985188938677310943603515625">
        <ele>1224.199951171875</ele>
        <time>2025-08-17T08:08:20.000Z</time>
        <extensions>
          <ns3:TrackPointExtension>
            <ns3:hr>124</ns3:hr>
          </ns3:TrackPointExtension>
        </extensions>
      </trkpt>
      <trkpt lat="-25.5145761184394359588623046875" lon="-48.9851545728743076324462890625">
        <ele>1225.5999755859375</ele>
        <time>2025-08-17T08:08:28.000Z</time>
        <extensions>
          <ns3:TrackPointExtension>
            <ns3:hr>126</ns3:hr>
          </ns3:TrackPointExtension>
        </extensions>
      </trkpt>
      <trkpt lat="-25.51456765271723270416259765625" lon="-48.98514728061854839324951171875">
        <ele>1225.800048828125</ele>
        <time>2025-08-17T08:08:30.000Z</time>
        <extensions>
          <ns3:TrackPointExtension>
            <ns3:hr>126</ns3:hr>
          </ns3:TrackPointExtension>
        </extensions>
      </trkpt>
      <trkpt lat="-25.51456145010888576507568359375" lon="-48.98513889871537685394287109375">
        <ele>1226</ele>
        <time>2025-08-17T08:08:33.000Z</time>
        <extensions>
          <ns3:TrackPointExtension>
            <ns3:hr>122</ns3:hr>
          </ns3:TrackPointExtension>
        </extensions>
      </trkpt>
      <trkpt lat="-25.5145610310137271881103515625" lon="-48.9851374737918376922607421875">
        <ele>1226.199951171875</ele>
        <time>2025-08-17T08:08:34.000Z</time>
        <extensions>
          <ns3:TrackPointExtension>
            <ns3:hr>120</ns3:hr>
          </ns3:TrackPointExtension>
        </extensions>
      </trkpt>
      <trkpt lat="-25.51456153392791748046875" lon="-48.98513755761086940765380859375">
        <ele>1226.199951171875</ele>
        <time>2025-08-17T08:08:43.000Z</time>
        <extensions>
          <ns3:TrackPointExtension>
            <ns3:hr>121</ns3:hr>
          </ns3:TrackPointExtension>
        </extensions>
      </trkpt>
      <trkpt lat="-25.51455893553793430328369140625" lon="-48.9851240627467632293701171875">
        <ele>1226.5999755859375</ele>
        <time>2025-08-17T08:09:05.000Z</time>
        <extensions>
          <ns3:TrackPointExtension>
            <ns3:hr>124</ns3:hr>
          </ns3:TrackPointExtension>
        </extensions>
      </trkpt>
      <trkpt lat="-25.51450587809085845947265625" lon="-48.985011577606201171875">
        <ele>1231</ele>
        <time>2025-08-17T08:09:44.000Z</time>
        <extensions>
          <ns3:TrackPointExtension>
            <ns3:hr>121</ns3:hr>
          </ns3:TrackPointExtension>
        </extensions>
      </trkpt>
      <trkpt lat="-25.5144979991018772125244140625" lon="-48.98499975912272930145263671875">
        <ele>1231.4000244140625</ele>
        <time>2025-08-17T08:10:00.000Z</time>
        <extensions>
          <ns3:TrackPointExtension>
            <ns3:hr>118</ns3:hr>
          </ns3:TrackPointExtension>
        </extensions>
      </trkpt>
      <trkpt lat="-25.51446505822241306304931640625" lon="-48.9849701710045337677001953125">
        <ele>1232.199951171875</ele>
        <time>2025-08-17T08:10:10.000Z</time>
        <extensions>
          <ns3:TrackPointExtension>
            <ns3:hr>115</ns3:hr>
          </ns3:TrackPointExtension>
        </extensions>
      </trkpt>
      <trkpt lat="-25.5144540779292583465576171875" lon="-48.98495466448366641998291015625">
        <ele>1232.800048828125</ele>
        <time>2025-08-17T08:10:24.000Z</time>
        <extensions>
          <ns3:TrackPointExtension>
            <ns3:hr>112</ns3:hr>
          </ns3:TrackPointExtension>
        </extensions>
      </trkpt>
      <trkpt lat="-25.5144477076828479766845703125" lon="-48.9849513955414295196533203125">
        <ele>1232.800048828125</ele>
        <time>2025-08-17T08:10:31.000Z</time>
        <extensions>
          <ns3:TrackPointExtension>
            <ns3:hr>109</ns3:hr>
          </ns3:TrackPointExtension>
        </extensions>
      </trkpt>
      <trkpt lat="-25.5144470371305942535400390625" lon="-48.9849249087274074554443359375">
        <ele>1234</ele>
        <time>2025-08-17T08:10:42.000Z</time>
        <extensions>
          <ns3:TrackPointExtension>
            <ns3:hr>106</ns3:hr>
          </ns3:TrackPointExtension>
        </extensions>
      </trkpt>
      <trkpt lat="-25.51445315591990947723388671875" lon="-48.98488618433475494384765625">
        <ele>1235.800048828125</ele>
        <time>2025-08-17T08:11:01.000Z</time>
        <extensions>
          <ns3:TrackPointExtension>
            <ns3:hr>109</ns3:hr>
          </ns3:TrackPointExtension>
        </extensions>
      </trkpt>
      <trkpt lat="-25.51445499993860721588134765625" lon="-48.98487872444093227386474609375">
        <ele>1236.199951171875</ele>
        <time>2025-08-17T08:11:23.000Z</time>
        <extensions>
          <ns3:TrackPointExtension>
            <ns3:hr>112</ns3:hr>
          </ns3:TrackPointExtension>
        </extensions>
      </trkpt>
      <trkpt lat="-25.514446198940277099609375" lon="-48.98486212827265262603759765625">
        <ele>1236.5999755859375</ele>
        <time>2025-08-17T08:11:38.000Z</time>
        <extensions>
          <ns3:TrackPointExtension>
            <ns3:hr>115</ns3:hr>
          </ns3:TrackPointExtension>
        </extensions>
      </trkpt>
      <trkpt lat="-25.51444745622575283050537109375" lon="-48.9848484657704830169677734375">
        <ele>1237.4000244140625</ele>
        <time>2025-08-17T08:12:04.000Z</time>
        <extensions>
          <ns3:TrackPointExtension>
            <ns3:hr>120</ns3:hr>
          </ns3:TrackPointExtension>
        </extensions>
      </trkpt>
      <trkpt lat="-25.51444779150187969207763671875" lon="-48.984847627580165863037109375">
        <ele>1237.4000244140625</ele>
        <time>2025-08-17T08:12:09.000Z</time>
        <extensions>
          <ns3:TrackPointExtension>
            <ns3:hr>125</ns3:hr>
          </ns3:TrackPointExtension>
        </extensions>
      </trkpt>
      <trkpt lat="-25.51444795913994312286376953125" lon="-48.98484729230403900146484375">
        <ele>1237.4000244140625</ele>
        <time>2025-08-17T08:12:11.000Z</time>
        <extensions>
          <ns3:TrackPointExtension>
            <ns3:hr>129</ns3:hr>
          </ns3:TrackPointExtension>
        </extensions>
      </trkpt>
      <trkpt lat="-25.51444821059703826904296875" lon="-48.9848467893898487091064453125">
        <ele>1237.4000244140625</ele>
        <time>2025-08-17T08:12:13.000Z</time>
        <extensions>
          <ns3:TrackPointExtension>
            <ns3:hr>133</ns3:hr>
          </ns3:TrackPointExtension>
        </extensions>
      </trkpt>
      <trkpt lat="-25.51444846205413341522216796875" lon="-48.98484528064727783203125">
        <ele>1237.5999755859375</ele>
        <time>2025-08-17T08:12:18.000Z</time>
        <extensions>
          <ns3:TrackPointExtension>
            <ns3:hr>130</ns3:hr>
          </ns3:TrackPointExtension>
        </extensions>
      </trkpt>
      <trkpt lat="-25.51445131190121173858642578125" lon="-48.984839916229248046875">
        <ele>1237.800048828125</ele>
        <time>2025-08-17T08:12:36.000Z</time>
        <extensions>
          <ns3:TrackPointExtension>
            <ns3:hr>133</ns3:hr>
          </ns3:TrackPointExtension>
        </extensions>
      </trkpt>
      <trkpt lat="-25.51445416174829006195068359375" lon="-48.9848353900015354156494140625">
        <ele>1238.199951171875</ele>
        <time>2025-08-17T08:12:52.000Z</time>
        <extensions>
          <ns3:TrackPointExtension>
            <ns3:hr>130</ns3:hr>
          </ns3:TrackPointExtension>
        </extensions>
      </trkpt>
      <trkpt lat="-25.51445701159536838531494140625" lon="-48.98483119904994964599609375">
        <ele>1238.4000244140625</ele>
        <time>2025-08-17T08:13:06.000Z</time>
        <extensions>
          <ns3:TrackPointExtension>
            <ns3:hr>126</ns3:hr>
          </ns3:TrackPointExtension>
        </extensions>
      </trkpt>
      <trkpt lat="-25.51454083062708377838134765625" lon="-48.98474712856113910675048828125">
        <ele>1243.5999755859375</ele>
        <time>2025-08-17T08:13:11.000Z</time>
        <extensions>
          <ns3:TrackPointExtension>
            <ns3:hr>125</ns3:hr>
          </ns3:TrackPointExtension>
        </extensions>
      </trkpt>
      <trkpt lat="-25.51462381146848201751708984375" lon="-48.98465040139853954315185546875">
        <ele>1247.800048828125</ele>
        <time>2025-08-17T08:13:16.000Z</time>
        <extensions>
          <ns3:TrackPointExtension>
            <ns3:hr>122</ns3:hr>
          </ns3:TrackPointExtension>
        </extensions>
      </trkpt>
      <trkpt lat="-25.51461140625178813934326171875" lon="-48.98463682271540164947509765625">
        <ele>1248.4000244140625</ele>
        <time>2025-08-17T08:13:20.000Z</time>
        <extensions>
          <ns3:TrackPointExtension>
            <ns3:hr>119</ns3:hr>
          </ns3:TrackPointExtension>
        </extensions>
      </trkpt>
      <trkpt lat="-25.51460956223309040069580078125" lon="-48.98462860845029354095458984375">
        <ele>1248.5999755859375</ele>
        <time>2025-08-17T08:13:21.000Z</time>
        <extensions>
          <ns3:TrackPointExtension>
            <ns3:hr>120</ns3:hr>
          </ns3:TrackPointExtension>
        </extensions>
      </trkpt>
      <trkpt lat="-25.51455357111990451812744140625" lon="-48.98456700146198272705078125">
        <ele>1251</ele>
        <time>2025-08-17T08:13:26.000Z</time>
        <extensions>
          <ns3:TrackPointExtension>
            <ns3:hr>121</ns3:hr>
          </ns3:TrackPointExtension>
        </extensions>
      </trkpt>
      <trkpt lat="-25.51452306099236011505126953125" lon="-48.984548561275005340576171875">
        <ele>1251.5999755859375</ele>
        <time>2025-08-17T08:13:30.000Z</time>
        <extensions>
          <ns3:TrackPointExtension>
            <ns3:hr>122</ns3:hr>
          </ns3:TrackPointExtension>
        </extensions>
      </trkpt>
      <trkpt lat="-25.51452867686748504638671875" lon="-48.98454562760889530181884765625">
        <ele>1251.5999755859375</ele>
        <time>2025-08-17T08:13:33.000Z</time>
        <extensions>
          <ns3:TrackPointExtension>
            <ns3:hr>118</ns3:hr>
          </ns3:TrackPointExtension>
        </extensions>
      </trkpt>
      <trkpt lat="-25.514526665210723876953125" lon="-48.98454663343727588653564453125">
        <ele>1251.5999755859375</ele>
        <time>2025-08-17T08:13:34.000Z</time>
        <extensions>
          <ns3:TrackPointExtension>
            <ns3:hr>118</ns3:hr>
          </ns3:TrackPointExtension>
        </extensions>
      </trkpt>
      <trkpt lat="-25.51443488337099552154541015625" lon="-48.98451930843293666839599609375">
        <ele>1251.800048828125</ele>
        <time>2025-08-17T08:13:38.000Z</time>
        <extensions>
          <ns3:TrackPointExtension>
            <ns3:hr>117</ns3:hr>
          </ns3:TrackPointExtension>
        </extensions>
      </trkpt>
      <trkpt lat="-25.51441610790789127349853515625" lon="-48.98454126901924610137939453125">
        <ele>1250</ele>
        <time>2025-08-17T08:13:44.000Z</time>
        <extensions>
          <ns3:TrackPointExtension>
            <ns3:hr>117</ns3:hr>
          </ns3:TrackPointExtension>
        </extensions>
      </trkpt>
      <trkpt lat="-25.51442298106849193572998046875" lon="-48.984541185200214385986328125">
        <ele>1250.4000244140625</ele>
        <time>2025-08-17T08:13:48.000Z</time>
        <extensions>
          <ns3:TrackPointExtension>
            <ns3:hr>120</ns3:hr>
          </ns3:TrackPointExtension>
        </extensions>
      </trkpt>
      <trkpt lat="-25.51443639211356639862060546875" lon="-48.98456339724361896514892578125">
        <ele>1250.5999755859375</ele>
        <time>2025-08-17T08:13:52.000Z</time>
        <extensions>
          <ns3:TrackPointExtension>
            <ns3:hr>121</ns3:hr>
          </ns3:TrackPointExtension>
        </extensions>
      </trkpt>
      <trkpt lat="-25.514437146484851837158203125" lon="-48.98459491319954395294189453125">
        <ele>1249.5999755859375</ele>
        <time>2025-08-17T08:13:56.000Z</time>
        <extensions>
          <ns3:TrackPointExtension>
            <ns3:hr>119</ns3:hr>
          </ns3:TrackPointExtension>
        </extensions>
      </trkpt>
      <trkpt lat="-25.514451228082180023193359375" lon="-48.98458183743059635162353515625">
        <ele>1250.800048828125</ele>
        <time>2025-08-17T08:14:00.000Z</time>
        <extensions>
          <ns3:TrackPointExtension>
            <ns3:hr>118</ns3:hr>
          </ns3:TrackPointExtension>
        </extensions>
      </trkpt>
      <trkpt lat="-25.5144752003252506256103515625" lon="-48.98456255905330181121826171875">
        <ele>1251.4000244140625</ele>
        <time>2025-08-17T08:14:04.000Z</time>
        <extensions>
          <ns3:TrackPointExtension>
            <ns3:hr>115</ns3:hr>
          </ns3:TrackPointExtension>
        </extensions>
      </trkpt>
      <trkpt lat="-25.51450495608150959014892578125" lon="-48.9845473878085613250732421875">
        <ele>1251.800048828125</ele>
        <time>2025-08-17T08:14:08.000Z</time>
        <extensions>
          <ns3:TrackPointExtension>
            <ns3:hr>112</ns3:hr>
          </ns3:TrackPointExtension>
        </extensions>
      </trkpt>
      <trkpt lat="-25.51450395025312900543212890625" lon="-48.98453523404896259307861328125">
        <ele>1252</ele>
        <time>2025-08-17T08:14:11.000Z</time>
        <extensions>
          <ns3:TrackPointExtension>
            <ns3:hr>112</ns3:hr>
          </ns3:TrackPointExtension>
        </extensions>
      </trkpt>
      <trkpt lat="-25.51450612954795360565185546875" lon="-48.98452333174645900726318359375">
        <ele>1252.4000244140625</ele>
        <time>2025-08-17T08:14:14.000Z</time>
        <extensions>
          <ns3:TrackPointExtension>
            <ns3:hr>115</ns3:hr>
          </ns3:TrackPointExtension>
        </extensions>
      </trkpt>
      <trkpt lat="-25.51450596190989017486572265625" lon="-48.9845247566699981689453125">
        <ele>1252.4000244140625</ele>
        <time>2025-08-17T08:14:15.000Z</time>
        <extensions>
          <ns3:TrackPointExtension>
            <ns3:hr>116</ns3:hr>
          </ns3:TrackPointExtension>
        </extensions>
      </trkpt>
      <trkpt lat="-25.51450856029987335205078125" lon="-48.9845229126513004302978515625">
        <ele>1252.4000244140625</ele>
        <time>2025-08-17T08:14:20.000Z</time>
        <extensions>
          <ns3:TrackPointExtension>
            <ns3:hr>115</ns3:hr>
          </ns3:TrackPointExtension>
        </extensions>
      </trkpt>
      <trkpt lat="-25.514539740979671478271484375" lon="-48.9845286123454570770263671875">
        <ele>1252.199951171875</ele>
        <time>2025-08-17T08:14:26.000Z</time>
        <extensions>
          <ns3:TrackPointExtension>
            <ns3:hr>115</ns3:hr>
          </ns3:TrackPointExtension>
        </extensions>
      </trkpt>
      <trkpt lat="-25.5145439319312572479248046875" lon="-48.98454688489437103271484375">
        <ele>1251.5999755859375</ele>
        <time>2025-08-17T08:14:31.000Z</time>
        <extensions>
          <ns3:TrackPointExtension>
            <ns3:hr>112</ns3:hr>
          </ns3:TrackPointExtension>
        </extensions>
      </trkpt>
      <trkpt lat="-25.51452557556331157684326171875" lon="-48.98454830981791019439697265625">
        <ele>1251.5999755859375</ele>
        <time>2025-08-17T08:14:34.000Z</time>
        <extensions>
          <ns3:TrackPointExtension>
            <ns3:hr>109</ns3:hr>
          </ns3:TrackPointExtension>
        </extensions>
      </trkpt>
      <trkpt lat="-25.51453479565680027008056640625" lon="-48.98455551825463771820068359375">
        <ele>1251.4000244140625</ele>
        <time>2025-08-17T08:14:36.000Z</time>
        <extensions>
          <ns3:TrackPointExtension>
            <ns3:hr>108</ns3:hr>
          </ns3:TrackPointExtension>
        </extensions>
      </trkpt>
      <trkpt lat="-25.51456044428050518035888671875" lon="-48.9845502376556396484375">
        <ele>1251.4000244140625</ele>
        <time>2025-08-17T08:14:40.000Z</time>
        <extensions>
          <ns3:TrackPointExtension>
            <ns3:hr>108</ns3:hr>
          </ns3:TrackPointExtension>
        </extensions>
      </trkpt>
      <trkpt lat="-25.51451585255563259124755859375" lon="-48.9845447055995464324951171875">
        <ele>1251.800048828125</ele>
        <time>2025-08-17T08:14:46.000Z</time>
        <extensions>
          <ns3:TrackPointExtension>
            <ns3:hr>106</ns3:hr>
          </ns3:TrackPointExtension>
        </extensions>
      </trkpt>
      <trkpt lat="-25.51444795913994312286376953125" lon="-48.98452408611774444580078125">
        <ele>1252.5999755859375</ele>
        <time>2025-08-17T08:14:51.000Z</time>
        <extensions>
          <ns3:TrackPointExtension>
            <ns3:hr>106</ns3:hr>
          </ns3:TrackPointExtension>
        </extensions>
      </trkpt>
      <trkpt lat="-25.514453910291194915771484375" lon="-48.984536491334438323974609375">
        <ele>1252.199951171875</ele>
        <time>2025-08-17T08:14:54.000Z</time>
        <extensions>
          <ns3:TrackPointExtension>
            <ns3:hr>108</ns3:hr>
          </ns3:TrackPointExtension>
        </extensions>
      </trkpt>
      <trkpt lat="-25.5144467018544673919677734375" lon="-48.98449122905731201171875">
        <ele>1253.4000244140625</ele>
        <time>2025-08-17T08:15:01.000Z</time>
        <extensions>
          <ns3:TrackPointExtension>
            <ns3:hr>108</ns3:hr>
          </ns3:TrackPointExtension>
        </extensions>
      </trkpt>
      <trkpt lat="-25.51442951895296573638916015625" lon="-48.984474129974842071533203125">
        <ele>1252.800048828125</ele>
        <time>2025-08-17T08:15:07.000Z</time>
        <extensions>
          <ns3:TrackPointExtension>
            <ns3:hr>107</ns3:hr>
          </ns3:TrackPointExtension>
        </extensions>
      </trkpt>
      <trkpt lat="-25.5144314467906951904296875" lon="-48.98450640030205249786376953125">
        <ele>1252</ele>
        <time>2025-08-17T08:15:10.000Z</time>
        <extensions>
          <ns3:TrackPointExtension>
            <ns3:hr>108</ns3:hr>
          </ns3:TrackPointExtension>
        </extensions>
      </trkpt>
      <trkpt lat="-25.51446639932692050933837890625" lon="-48.98452802561223506927490234375">
        <ele>1252.4000244140625</ele>
        <time>2025-08-17T08:15:13.000Z</time>
        <extensions>
          <ns3:TrackPointExtension>
            <ns3:hr>107</ns3:hr>
          </ns3:TrackPointExtension>
        </extensions>
      </trkpt>
      <trkpt lat="-25.51445516757667064666748046875" lon="-48.9845363236963748931884765625">
        <ele>1252.199951171875</ele>
        <time>2025-08-17T08:15:16.000Z</time>
        <extensions>
          <ns3:TrackPointExtension>
            <ns3:hr>104</ns3:hr>
          </ns3:TrackPointExtension>
        </extensions>
      </trkpt>
      <trkpt lat="-25.51445734687149524688720703125" lon="-48.98453640751540660858154296875">
        <ele>1252.199951171875</ele>
        <time>2025-08-17T08:15:18.000Z</time>
        <extensions>
          <ns3:TrackPointExtension>
            <ns3:hr>104</ns3:hr>
          </ns3:TrackPointExtension>
        </extensions>
      </trkpt>
      <trkpt lat="-25.51444016396999359130859375" lon="-48.9845872856676578521728515625">
        <ele>1250.199951171875</ele>
        <time>2025-08-17T08:15:20.000Z</time>
        <extensions>
          <ns3:TrackPointExtension>
            <ns3:hr>104</ns3:hr>
          </ns3:TrackPointExtension>
        </extensions>
      </trkpt>
      <trkpt lat="-25.5144430138170719146728515625" lon="-48.98462064564228057861328125">
        <ele>1248.5999755859375</ele>
        <time>2025-08-17T08:15:22.000Z</time>
        <extensions>
          <ns3:TrackPointExtension>
            <ns3:hr>104</ns3:hr>
          </ns3:TrackPointExtension>
        </extensions>
      </trkpt>
      <trkpt lat="-25.5144752003252506256103515625" lon="-48.9847715198993682861328125">
        <ele>1241.5999755859375</ele>
        <time>2025-08-17T08:15:27.000Z</time>
        <extensions>
          <ns3:TrackPointExtension>
            <ns3:hr>103</ns3:hr>
          </ns3:TrackPointExtension>
        </extensions>
      </trkpt>
      <trkpt lat="-25.5145137570798397064208984375" lon="-48.984752409160137176513671875">
        <ele>1243</ele>
        <time>2025-08-17T08:15:30.000Z</time>
        <extensions>
          <ns3:TrackPointExtension>
            <ns3:hr>102</ns3:hr>
          </ns3:TrackPointExtension>
        </extensions>
      </trkpt>
      <trkpt lat="-25.5145412497222423553466796875" lon="-48.9847178757190704345703125">
        <ele>1245</ele>
        <time>2025-08-17T08:15:34.000Z</time>
        <extensions>
          <ns3:TrackPointExtension>
            <ns3:hr>100</ns3:hr>
          </ns3:TrackPointExtension>
        </extensions>
      </trkpt>
      <trkpt lat="-25.5145365558564662933349609375" lon="-48.984638750553131103515625">
        <ele>1248.5999755859375</ele>
        <time>2025-08-17T08:15:37.000Z</time>
        <extensions>
          <ns3:TrackPointExtension>
            <ns3:hr>98</ns3:hr>
          </ns3:TrackPointExtension>
        </extensions>
      </trkpt>
      <trkpt lat="-25.5145171098411083221435546875" lon="-48.98456356488168239593505859375">
        <ele>1251.199951171875</ele>
        <time>2025-08-17T08:15:41.000Z</time>
        <extensions>
          <ns3:TrackPointExtension>
            <ns3:hr>93</ns3:hr>
          </ns3:TrackPointExtension>
        </extensions>
      </trkpt>
      <trkpt lat="-25.51451099105179309844970703125" lon="-48.98451277054846286773681640625">
        <ele>1252.5999755859375</ele>
        <time>2025-08-17T08:15:43.000Z</time>
        <extensions>
          <ns3:TrackPointExtension>
            <ns3:hr>90</ns3:hr>
          </ns3:TrackPointExtension>
        </extensions>
      </trkpt>
      <trkpt lat="-25.51449540071189403533935546875" lon="-48.98446985520422458648681640625">
        <ele>1254</ele>
        <time>2025-08-17T08:15:46.000Z</time>
        <extensions>
          <ns3:TrackPointExtension>
            <ns3:hr>89</ns3:hr>
          </ns3:TrackPointExtension>
        </extensions>
      </trkpt>
      <trkpt lat="-25.514445193111896514892578125" lon="-48.98441009223461151123046875">
        <ele>1255.5999755859375</ele>
        <time>2025-08-17T08:15:49.000Z</time>
        <extensions>
          <ns3:TrackPointExtension>
            <ns3:hr>90</ns3:hr>
          </ns3:TrackPointExtension>
        </extensions>
      </trkpt>
      <trkpt lat="-25.5144349671900272369384765625" lon="-48.98436508141458034515380859375">
        <ele>1256.199951171875</ele>
        <time>2025-08-17T08:15:50.000Z</time>
        <extensions>
          <ns3:TrackPointExtension>
            <ns3:hr>90</ns3:hr>
          </ns3:TrackPointExtension>
        </extensions>
      </trkpt>
      <trkpt lat="-25.51442801021039485931396484375" lon="-48.98435267619788646697998046875">
        <ele>1256.199951171875</ele>
        <time>2025-08-17T08:15:51.000Z</time>
        <extensions>
          <ns3:TrackPointExtension>
            <ns3:hr>90</ns3:hr>
          </ns3:TrackPointExtension>
        </extensions>
      </trkpt>
      <trkpt lat="-25.51443538628518581390380859375" lon="-48.98437044583261013031005859375">
        <ele>1256.199951171875</ele>
        <time>2025-08-17T08:15:56.000Z</time>
        <extensions>
          <ns3:TrackPointExtension>
            <ns3:hr>90</ns3:hr>
          </ns3:TrackPointExtension>
        </extensions>
      </trkpt>
      <trkpt lat="-25.5145087279379367828369140625" lon="-48.984464742243289947509765625">
        <ele>1254</ele>
        <time>2025-08-17T08:15:59.000Z</time>
        <extensions>
          <ns3:TrackPointExtension>
            <ns3:hr>91</ns3:hr>
          </ns3:TrackPointExtension>
        </extensions>
      </trkpt>
      <trkpt lat="-25.51451518200337886810302734375" lon="-48.9844632335007190704345703125">
        <ele>1254</ele>
        <time>2025-08-17T08:16:00.000Z</time>
        <extensions>
          <ns3:TrackPointExtension>
            <ns3:hr>91</ns3:hr>
          </ns3:TrackPointExtension>
        </extensions>
      </trkpt>
      <trkpt lat="-25.5145244859158992767333984375" lon="-48.984493575990200042724609375">
        <ele>1253.199951171875</ele>
        <time>2025-08-17T08:16:01.000Z</time>
        <extensions>
          <ns3:TrackPointExtension>
            <ns3:hr>91</ns3:hr>
          </ns3:TrackPointExtension>
        </extensions>
      </trkpt>
      <trkpt lat="-25.5145419202744960784912109375" lon="-48.984534479677677154541015625">
        <ele>1252</ele>
        <time>2025-08-17T08:16:03.000Z</time>
        <extensions>
          <ns3:TrackPointExtension>
            <ns3:hr>94</ns3:hr>
          </ns3:TrackPointExtension>
        </extensions>
      </trkpt>
      <trkpt lat="-25.5145643837749958038330078125" lon="-48.98455820046365261077880859375">
        <ele>1251.199951171875</ele>
        <time>2025-08-17T08:16:05.000Z</time>
        <extensions>
          <ns3:TrackPointExtension>
            <ns3:hr>93</ns3:hr>
          </ns3:TrackPointExtension>
        </extensions>
      </trkpt>
      <trkpt lat="-25.51457695662975311279296875" lon="-48.984555266797542572021484375">
        <ele>1251.199951171875</ele>
        <time>2025-08-17T08:16:07.000Z</time>
        <extensions>
          <ns3:TrackPointExtension>
            <ns3:hr>94</ns3:hr>
          </ns3:TrackPointExtension>
        </extensions>
      </trkpt>
      <trkpt lat="-25.51459548063576221466064453125" lon="-48.98454981856048107147216796875">
        <ele>1251.4000244140625</ele>
        <time>2025-08-17T08:16:08.000Z</time>
        <extensions>
          <ns3:TrackPointExtension>
            <ns3:hr>95</ns3:hr>
          </ns3:TrackPointExtension>
        </extensions>
      </trkpt>
      <trkpt lat="-25.51460872404277324676513671875" lon="-48.98454822599887847900390625">
        <ele>1251.4000244140625</ele>
        <time>2025-08-17T08:16:10.000Z</time>
        <extensions>
          <ns3:TrackPointExtension>
            <ns3:hr>92</ns3:hr>
          </ns3:TrackPointExtension>
        </extensions>
      </trkpt>
      <trkpt lat="-25.51462867297232151031494140625" lon="-48.98454562760889530181884765625">
        <ele>1251.4000244140625</ele>
        <time>2025-08-17T08:16:11.000Z</time>
        <extensions>
          <ns3:TrackPointExtension>
            <ns3:hr>95</ns3:hr>
          </ns3:TrackPointExtension>
        </extensions>
      </trkpt>
      <trkpt lat="-25.51463370211422443389892578125" lon="-48.98454763926565647125244140625">
        <ele>1251.199951171875</ele>
        <time>2025-08-17T08:16:14.000Z</time>
        <extensions>
          <ns3:TrackPointExtension>
            <ns3:hr>96</ns3:hr>
          </ns3:TrackPointExtension>
        </extensions>
      </trkpt>
      <trkpt lat="-25.5146217159926891326904296875" lon="-48.984557278454303741455078125">
        <ele>1251</ele>
        <time>2025-08-17T08:16:15.000Z</time>
        <extensions>
          <ns3:TrackPointExtension>
            <ns3:hr>95</ns3:hr>
          </ns3:TrackPointExtension>
        </extensions>
      </trkpt>
      <trkpt lat="-25.51461911760270595550537109375" lon="-48.984563313424587249755859375">
        <ele>1250.800048828125</ele>
        <time>2025-08-17T08:16:16.000Z</time>
        <extensions>
          <ns3:TrackPointExtension>
            <ns3:hr>94</ns3:hr>
          </ns3:TrackPointExtension>
        </extensions>
      </trkpt>
      <trkpt lat="-25.5146213807165622711181640625" lon="-48.98456591181457042694091796875">
        <ele>1250.800048828125</ele>
        <time>2025-08-17T08:16:18.000Z</time>
        <extensions>
          <ns3:TrackPointExtension>
            <ns3:hr>92</ns3:hr>
          </ns3:TrackPointExtension>
        </extensions>
      </trkpt>
      <trkpt lat="-25.5146057903766632080078125" lon="-48.9845735393464565277099609375">
        <ele>1250.5999755859375</ele>
        <time>2025-08-17T08:16:25.000Z</time>
        <extensions>
          <ns3:TrackPointExtension>
            <ns3:hr>93</ns3:hr>
          </ns3:TrackPointExtension>
        </extensions>
      </trkpt>
      <trkpt lat="-25.5146287567913532257080078125" lon="-48.98456959985196590423583984375">
        <ele>1250.5999755859375</ele>
        <time>2025-08-17T08:16:29.000Z</time>
        <extensions>
          <ns3:TrackPointExtension>
            <ns3:hr>92</ns3:hr>
          </ns3:TrackPointExtension>
        </extensions>
      </trkpt>
      <trkpt lat="-25.5146019347012042999267578125" lon="-48.98456440307199954986572265625">
        <ele>1250.800048828125</ele>
        <time>2025-08-17T08:16:33.000Z</time>
        <extensions>
          <ns3:TrackPointExtension>
            <ns3:hr>93</ns3:hr>
          </ns3:TrackPointExtension>
        </extensions>
      </trkpt>
      <trkpt lat="-25.5146002583205699920654296875" lon="-48.9845373295247554779052734375">
        <ele>1251.5999755859375</ele>
        <time>2025-08-17T08:16:38.000Z</time>
        <extensions>
          <ns3:TrackPointExtension>
            <ns3:hr>94</ns3:hr>
          </ns3:TrackPointExtension>
        </extensions>
      </trkpt>
      <trkpt lat="-25.51460050977766513824462890625" lon="-48.9845426939427852630615234375">
        <ele>1251.4000244140625</ele>
        <time>2025-08-17T08:16:41.000Z</time>
        <extensions>
          <ns3:TrackPointExtension>
            <ns3:hr>95</ns3:hr>
          </ns3:TrackPointExtension>
        </extensions>
      </trkpt>
      <trkpt lat="-25.51459698937833309173583984375" lon="-48.984538502991199493408203125">
        <ele>1251.5999755859375</ele>
        <time>2025-08-17T08:16:46.000Z</time>
        <extensions>
          <ns3:TrackPointExtension>
            <ns3:hr>97</ns3:hr>
          </ns3:TrackPointExtension>
        </extensions>
      </trkpt>
      <trkpt lat="-25.5145928822457790374755859375" lon="-48.98452115245163440704345703125">
        <ele>1252.199951171875</ele>
        <time>2025-08-17T08:16:52.000Z</time>
        <extensions>
          <ns3:TrackPointExtension>
            <ns3:hr>96</ns3:hr>
          </ns3:TrackPointExtension>
        </extensions>
      </trkpt>
      <trkpt lat="-25.51461190916597843170166015625" lon="-48.98450556211173534393310546875">
        <ele>1252.5999755859375</ele>
        <time>2025-08-17T08:16:57.000Z</time>
        <extensions>
          <ns3:TrackPointExtension>
            <ns3:hr>96</ns3:hr>
          </ns3:TrackPointExtension>
        </extensions>
      </trkpt>
      <trkpt lat="-25.5146031081676483154296875" lon="-48.98450891487300395965576171875">
        <ele>1252.4000244140625</ele>
        <time>2025-08-17T08:17:01.000Z</time>
        <extensions>
          <ns3:TrackPointExtension>
            <ns3:hr>96</ns3:hr>
          </ns3:TrackPointExtension>
        </extensions>
      </trkpt>
      <trkpt lat="-25.51461459137499332427978515625" lon="-48.98450396955013275146484375">
        <ele>1252.5999755859375</ele>
        <time>2025-08-17T08:17:06.000Z</time>
        <extensions>
          <ns3:TrackPointExtension>
            <ns3:hr>97</ns3:hr>
          </ns3:TrackPointExtension>
        </extensions>
      </trkpt>
      <trkpt lat="-25.51463236100971698760986328125" lon="-48.9844979345798492431640625">
        <ele>1252.5999755859375</ele>
        <time>2025-08-17T08:17:10.000Z</time>
        <extensions>
          <ns3:TrackPointExtension>
            <ns3:hr>96</ns3:hr>
          </ns3:TrackPointExtension>
        </extensions>
      </trkpt>
      <trkpt lat="-25.5146197043359279632568359375" lon="-48.98448879830539226531982421875">
        <ele>1253</ele>
        <time>2025-08-17T08:17:14.000Z</time>
        <extensions>
          <ns3:TrackPointExtension>
            <ns3:hr>96</ns3:hr>
          </ns3:TrackPointExtension>
        </extensions>
      </trkpt>
      <trkpt lat="-25.51463806070387363433837890625" lon="-48.9845125190913677215576171875">
        <ele>1252.199951171875</ele>
        <time>2025-08-17T08:17:25.000Z</time>
        <extensions>
          <ns3:TrackPointExtension>
            <ns3:hr>100</ns3:hr>
          </ns3:TrackPointExtension>
        </extensions>
      </trkpt>
      <trkpt lat="-25.51464325748383998870849609375" lon="-48.9845219068229198455810546875">
        <ele>1252</ele>
        <time>2025-08-17T08:17:27.000Z</time>
        <extensions>
          <ns3:TrackPointExtension>
            <ns3:hr>103</ns3:hr>
          </ns3:TrackPointExtension>
        </extensions>
      </trkpt>
      <trkpt lat="-25.5146582610905170440673828125" lon="-48.98452810943126678466796875">
        <ele>1251.800048828125</ele>
        <time>2025-08-17T08:17:29.000Z</time>
        <extensions>
          <ns3:TrackPointExtension>
            <ns3:hr>104</ns3:hr>
          </ns3:TrackPointExtension>
        </extensions>
      </trkpt>
      <trkpt lat="-25.5146723426878452301025390625" lon="-48.98452115245163440704345703125">
        <ele>1251.800048828125</ele>
        <time>2025-08-17T08:17:32.000Z</time>
        <extensions>
          <ns3:TrackPointExtension>
            <ns3:hr>107</ns3:hr>
          </ns3:TrackPointExtension>
        </extensions>
      </trkpt>
      <trkpt lat="-25.51466278731822967529296875" lon="-48.9844994433224201202392578125">
        <ele>1252.5999755859375</ele>
        <time>2025-08-17T08:17:35.000Z</time>
        <extensions>
          <ns3:TrackPointExtension>
            <ns3:hr>111</ns3:hr>
          </ns3:TrackPointExtension>
        </extensions>
      </trkpt>
      <trkpt lat="-25.514663793146610260009765625" lon="-48.98450254462659358978271484375">
        <ele>1252.4000244140625</ele>
        <time>2025-08-17T08:17:37.000Z</time>
        <extensions>
          <ns3:TrackPointExtension>
            <ns3:hr>113</ns3:hr>
          </ns3:TrackPointExtension>
        </extensions>
      </trkpt>
      <trkpt lat="-25.51466991193592548370361328125" lon="-48.98446641862392425537109375">
        <ele>1253.5999755859375</ele>
        <time>2025-08-17T08:17:42.000Z</time>
        <extensions>
          <ns3:TrackPointExtension>
            <ns3:hr>113</ns3:hr>
          </ns3:TrackPointExtension>
        </extensions>
      </trkpt>
      <trkpt lat="-25.51467024721205234527587890625" lon="-48.98443951271474361419677734375">
        <ele>1254.5999755859375</ele>
        <time>2025-08-17T08:17:44.000Z</time>
        <extensions>
          <ns3:TrackPointExtension>
            <ns3:hr>113</ns3:hr>
          </ns3:TrackPointExtension>
        </extensions>
      </trkpt>
      <trkpt lat="-25.5146790482103824615478515625" lon="-48.98442844860255718231201171875">
        <ele>1254.800048828125</ele>
        <time>2025-08-17T08:17:46.000Z</time>
        <extensions>
          <ns3:TrackPointExtension>
            <ns3:hr>113</ns3:hr>
          </ns3:TrackPointExtension>
        </extensions>
      </trkpt>
      <trkpt lat="-25.51468147896230220794677734375" lon="-48.9844018779695034027099609375">
        <ele>1255.800048828125</ele>
        <time>2025-08-17T08:17:52.000Z</time>
        <extensions>
          <ns3:TrackPointExtension>
            <ns3:hr>112</ns3:hr>
          </ns3:TrackPointExtension>
        </extensions>
      </trkpt>
      <trkpt lat="-25.514695309102535247802734375" lon="-48.9843670092523097991943359375">
        <ele>1256.800048828125</ele>
        <time>2025-08-17T08:17:57.000Z</time>
        <extensions>
          <ns3:TrackPointExtension>
            <ns3:hr>112</ns3:hr>
          </ns3:TrackPointExtension>
        </extensions>
      </trkpt>
      <trkpt lat="-25.5146847479045391082763671875" lon="-48.98433255963027477264404296875">
        <ele>1258</ele>
        <time>2025-08-17T08:18:03.000Z</time>
        <extensions>
          <ns3:TrackPointExtension>
            <ns3:hr>111</ns3:hr>
          </ns3:TrackPointExtension>
        </extensions>
      </trkpt>
      <trkpt lat="-25.51467175595462322235107421875" lon="-48.9843066595494747161865234375">
        <ele>1258.800048828125</ele>
        <time>2025-08-17T08:18:08.000Z</time>
        <extensions>
          <ns3:TrackPointExtension>
            <ns3:hr>111</ns3:hr>
          </ns3:TrackPointExtension>
        </extensions>
      </trkpt>
      <trkpt lat="-25.5146753601729869842529296875" lon="-48.98430707864463329315185546875">
        <ele>1258.800048828125</ele>
        <time>2025-08-17T08:18:09.000Z</time>
        <extensions>
          <ns3:TrackPointExtension>
            <ns3:hr>114</ns3:hr>
          </ns3:TrackPointExtension>
        </extensions>
      </trkpt>
      <trkpt lat="-25.5146736837923526763916015625" lon="-48.984291739761829376220703125">
        <ele>1259.199951171875</ele>
        <time>2025-08-17T08:18:12.000Z</time>
        <extensions>
          <ns3:TrackPointExtension>
            <ns3:hr>114</ns3:hr>
          </ns3:TrackPointExtension>
        </extensions>
      </trkpt>
      <trkpt lat="-25.5146810598671436309814453125" lon="-48.98427153937518596649169921875">
        <ele>1259.5999755859375</ele>
        <time>2025-08-17T08:18:16.000Z</time>
        <extensions>
          <ns3:TrackPointExtension>
            <ns3:hr>117</ns3:hr>
          </ns3:TrackPointExtension>
        </extensions>
      </trkpt>
      <trkpt lat="-25.51466974429786205291748046875" lon="-48.98424647748470306396484375">
        <ele>1260</ele>
        <time>2025-08-17T08:18:18.000Z</time>
        <extensions>
          <ns3:TrackPointExtension>
            <ns3:hr>120</ns3:hr>
          </ns3:TrackPointExtension>
        </extensions>
      </trkpt>
      <trkpt lat="-25.51467024721205234527587890625" lon="-48.98424320854246616363525390625">
        <ele>1260</ele>
        <time>2025-08-17T08:18:19.000Z</time>
        <extensions>
          <ns3:TrackPointExtension>
            <ns3:hr>120</ns3:hr>
          </ns3:TrackPointExtension>
        </extensions>
      </trkpt>
      <trkpt lat="-25.5146743543446063995361328125" lon="-48.984241783618927001953125">
        <ele>1260.199951171875</ele>
        <time>2025-08-17T08:18:21.000Z</time>
        <extensions>
          <ns3:TrackPointExtension>
            <ns3:hr>123</ns3:hr>
          </ns3:TrackPointExtension>
        </extensions>
      </trkpt>
      <trkpt lat="-25.514675192534923553466796875" lon="-48.98423868231475353240966796875">
        <ele>1260.199951171875</ele>
        <time>2025-08-17T08:18:24.000Z</time>
        <extensions>
          <ns3:TrackPointExtension>
            <ns3:hr>127</ns3:hr>
          </ns3:TrackPointExtension>
        </extensions>
      </trkpt>
      <trkpt lat="-25.51467611454427242279052734375" lon="-48.98423700593411922454833984375">
        <ele>1260.4000244140625</ele>
        <time>2025-08-17T08:18:25.000Z</time>
        <extensions>
          <ns3:TrackPointExtension>
            <ns3:hr>130</ns3:hr>
          </ns3:TrackPointExtension>
        </extensions>
      </trkpt>
      <trkpt lat="-25.51468851976096630096435546875" lon="-48.984236754477024078369140625">
        <ele>1260.5999755859375</ele>
        <time>2025-08-17T08:18:29.000Z</time>
        <extensions>
          <ns3:TrackPointExtension>
            <ns3:hr>132</ns3:hr>
          </ns3:TrackPointExtension>
        </extensions>
      </trkpt>
      <trkpt lat="-25.5146904475986957550048828125" lon="-48.98423532955348491668701171875">
        <ele>1260.5999755859375</ele>
        <time>2025-08-17T08:18:37.000Z</time>
        <extensions>
          <ns3:TrackPointExtension>
            <ns3:hr>129</ns3:hr>
          </ns3:TrackPointExtension>
        </extensions>
      </trkpt>
      <trkpt lat="-25.5146904475986957550048828125" lon="-48.98423532955348491668701171875">
        <ele>1260.5999755859375</ele>
        <time>2025-08-17T08:18:41.000Z</time>
        <extensions>
          <ns3:TrackPointExtension>
            <ns3:hr>128</ns3:hr>
          </ns3:TrackPointExtension>
        </extensions>
      </trkpt>
      <trkpt lat="-25.5147135816514492034912109375" lon="-48.9842312224209308624267578125">
        <ele>1261</ele>
        <time>2025-08-17T08:19:03.000Z</time>
        <extensions>
          <ns3:TrackPointExtension>
            <ns3:hr>125</ns3:hr>
          </ns3:TrackPointExtension>
        </extensions>
      </trkpt>
      <trkpt lat="-25.51471433602273464202880859375" lon="-48.984230719506740570068359375">
        <ele>1261.199951171875</ele>
        <time>2025-08-17T08:19:06.000Z</time>
        <extensions>
          <ns3:TrackPointExtension>
            <ns3:hr>122</ns3:hr>
          </ns3:TrackPointExtension>
        </extensions>
      </trkpt>
      <trkpt lat="-25.5147098936140537261962890625" lon="-48.98421973921358585357666015625">
        <ele>1261.4000244140625</ele>
        <time>2025-08-17T08:19:08.000Z</time>
        <extensions>
          <ns3:TrackPointExtension>
            <ns3:hr>118</ns3:hr>
          </ns3:TrackPointExtension>
        </extensions>
      </trkpt>
      <trkpt lat="-25.51470528356730937957763671875" lon="-48.98420113138854503631591796875">
        <ele>1262</ele>
        <time>2025-08-17T08:19:16.000Z</time>
        <extensions>
          <ns3:TrackPointExtension>
            <ns3:hr>118</ns3:hr>
          </ns3:TrackPointExtension>
        </extensions>
      </trkpt>
      <trkpt lat="-25.51468248479068279266357421875" lon="-48.9841581322252750396728515625">
        <ele>1263</ele>
        <time>2025-08-17T08:19:21.000Z</time>
        <extensions>
          <ns3:TrackPointExtension>
            <ns3:hr>118</ns3:hr>
          </ns3:TrackPointExtension>
        </extensions>
      </trkpt>
      <trkpt lat="-25.51466555334627628326416015625" lon="-48.98412871174514293670654296875">
        <ele>1263.800048828125</ele>
        <time>2025-08-17T08:19:26.000Z</time>
        <extensions>
          <ns3:TrackPointExtension>
            <ns3:hr>117</ns3:hr>
          </ns3:TrackPointExtension>
        </extensions>
      </trkpt>
      <trkpt lat="-25.51468147896230220794677734375" lon="-48.98410557769238948822021484375">
        <ele>1264.5999755859375</ele>
        <time>2025-08-17T08:19:31.000Z</time>
        <extensions>
          <ns3:TrackPointExtension>
            <ns3:hr>117</ns3:hr>
          </ns3:TrackPointExtension>
        </extensions>
      </trkpt>
      <trkpt lat="-25.5146998353302478790283203125" lon="-48.9840877242386341094970703125">
        <ele>1265.5999755859375</ele>
        <time>2025-08-17T08:19:37.000Z</time>
        <extensions>
          <ns3:TrackPointExtension>
            <ns3:hr>120</ns3:hr>
          </ns3:TrackPointExtension>
        </extensions>
      </trkpt>
      <trkpt lat="-25.51470863632857799530029296875" lon="-48.9840810187160968780517578125">
        <ele>1265.800048828125</ele>
        <time>2025-08-17T08:19:38.000Z</time>
        <extensions>
          <ns3:TrackPointExtension>
            <ns3:hr>120</ns3:hr>
          </ns3:TrackPointExtension>
        </extensions>
      </trkpt>
      <trkpt lat="-25.5147135816514492034912109375" lon="-48.984051682054996490478515625">
        <ele>1266.800048828125</ele>
        <time>2025-08-17T08:19:42.000Z</time>
        <extensions>
          <ns3:TrackPointExtension>
            <ns3:hr>124</ns3:hr>
          </ns3:TrackPointExtension>
        </extensions>
      </trkpt>
      <trkpt lat="-25.5147102288901805877685546875" lon="-48.984025530517101287841796875">
        <ele>1267.5999755859375</ele>
        <time>2025-08-17T08:19:45.000Z</time>
        <extensions>
          <ns3:TrackPointExtension>
            <ns3:hr>124</ns3:hr>
          </ns3:TrackPointExtension>
        </extensions>
      </trkpt>
      <trkpt lat="-25.5147176049649715423583984375" lon="-48.984007425606250762939453125">
        <ele>1268.199951171875</ele>
        <time>2025-08-17T08:19:51.000Z</time>
        <extensions>
          <ns3:TrackPointExtension>
            <ns3:hr>126</ns3:hr>
          </ns3:TrackPointExtension>
        </extensions>
      </trkpt>
      <trkpt lat="-25.51473177038133144378662109375" lon="-48.9839856326580047607421875">
        <ele>1268.800048828125</ele>
        <time>2025-08-17T08:19:56.000Z</time>
        <extensions>
          <ns3:TrackPointExtension>
            <ns3:hr>128</ns3:hr>
          </ns3:TrackPointExtension>
        </extensions>
      </trkpt>
      <trkpt lat="-25.51471936516463756561279296875" lon="-48.983972556889057159423828125">
        <ele>1269</ele>
        <time>2025-08-17T08:20:03.000Z</time>
        <extensions>
          <ns3:TrackPointExtension>
            <ns3:hr>127</ns3:hr>
          </ns3:TrackPointExtension>
        </extensions>
      </trkpt>
      <trkpt lat="-25.51473579369485378265380859375" lon="-48.983958475291728973388671875">
        <ele>1269.4000244140625</ele>
        <time>2025-08-17T08:20:09.000Z</time>
        <extensions>
          <ns3:TrackPointExtension>
            <ns3:hr>126</ns3:hr>
          </ns3:TrackPointExtension>
        </extensions>
      </trkpt>
      <trkpt lat="-25.51470813341438770294189453125" lon="-48.98394464515149593353271484375">
        <ele>1269.4000244140625</ele>
        <time>2025-08-17T08:20:14.000Z</time>
        <extensions>
          <ns3:TrackPointExtension>
            <ns3:hr>129</ns3:hr>
          </ns3:TrackPointExtension>
        </extensions>
      </trkpt>
      <trkpt lat="-25.514698326587677001953125" lon="-48.98394045419991016387939453125">
        <ele>1269.199951171875</ele>
        <time>2025-08-17T08:20:16.000Z</time>
        <extensions>
          <ns3:TrackPointExtension>
            <ns3:hr>132</ns3:hr>
          </ns3:TrackPointExtension>
        </extensions>
      </trkpt>
      <trkpt lat="-25.5146969854831695556640625" lon="-48.98394011892378330230712890625">
        <ele>1269.199951171875</ele>
        <time>2025-08-17T08:20:17.000Z</time>
        <extensions>
          <ns3:TrackPointExtension>
            <ns3:hr>136</ns3:hr>
          </ns3:TrackPointExtension>
        </extensions>
      </trkpt>
      <trkpt lat="-25.5146969854831695556640625" lon="-48.98394011892378330230712890625">
        <ele>1269.199951171875</ele>
        <time>2025-08-17T08:20:19.000Z</time>
        <extensions>
          <ns3:TrackPointExtension>
            <ns3:hr>138</ns3:hr>
          </ns3:TrackPointExtension>
        </extensions>
      </trkpt>
      <trkpt lat="-25.5146969854831695556640625" lon="-48.98394011892378330230712890625">
        <ele>1269.199951171875</ele>
        <time>2025-08-17T08:20:23.000Z</time>
        <extensions>
          <ns3:TrackPointExtension>
            <ns3:hr>135</ns3:hr>
          </ns3:TrackPointExtension>
        </extensions>
      </trkpt>
      <trkpt lat="-25.514697320759296417236328125" lon="-48.98394011892378330230712890625">
        <ele>1269.199951171875</ele>
        <time>2025-08-17T08:20:31.000Z</time>
        <extensions>
          <ns3:TrackPointExtension>
            <ns3:hr>132</ns3:hr>
          </ns3:TrackPointExtension>
        </extensions>
      </trkpt>
      <trkpt lat="-25.51470008678734302520751953125" lon="-48.9839378558099269866943359375">
        <ele>1269.4000244140625</ele>
        <time>2025-08-17T08:20:35.000Z</time>
        <extensions>
          <ns3:TrackPointExtension>
            <ns3:hr>129</ns3:hr>
          </ns3:TrackPointExtension>
        </extensions>
      </trkpt>
      <trkpt lat="-25.51470176316797733306884765625" lon="-48.9839341677725315093994140625">
        <ele>1269.5999755859375</ele>
        <time>2025-08-17T08:20:43.000Z</time>
        <extensions>
          <ns3:TrackPointExtension>
            <ns3:hr>125</ns3:hr>
          </ns3:TrackPointExtension>
        </extensions>
      </trkpt>
      <trkpt lat="-25.51470176316797733306884765625" lon="-48.98393324576318264007568359375">
        <ele>1269.5999755859375</ele>
        <time>2025-08-17T08:20:47.000Z</time>
        <extensions>
          <ns3:TrackPointExtension>
            <ns3:hr>122</ns3:hr>
          </ns3:TrackPointExtension>
        </extensions>
      </trkpt>
      <trkpt lat="-25.51470176316797733306884765625" lon="-48.98392804898321628570556640625">
        <ele>1269.5999755859375</ele>
        <time>2025-08-17T08:20:55.000Z</time>
        <extensions>
          <ns3:TrackPointExtension>
            <ns3:hr>119</ns3:hr>
          </ns3:TrackPointExtension>
        </extensions>
      </trkpt>
      <trkpt lat="-25.5146981589496135711669921875" lon="-48.98391363210976123809814453125">
        <ele>1270</ele>
        <time>2025-08-17T08:21:03.000Z</time>
        <extensions>
          <ns3:TrackPointExtension>
            <ns3:hr>115</ns3:hr>
          </ns3:TrackPointExtension>
        </extensions>
      </trkpt>
      <trkpt lat="-25.5146860890090465545654296875" lon="-48.98390407674014568328857421875">
        <ele>1269.800048828125</ele>
        <time>2025-08-17T08:21:16.000Z</time>
        <extensions>
          <ns3:TrackPointExtension>
            <ns3:hr>118</ns3:hr>
          </ns3:TrackPointExtension>
        </extensions>
      </trkpt>
      <trkpt lat="-25.5146693252027034759521484375" lon="-48.98371363990008831024169921875">
        <ele>1274</ele>
        <time>2025-08-17T08:21:56.000Z</time>
        <extensions>
          <ns3:TrackPointExtension>
            <ns3:hr>117</ns3:hr>
          </ns3:TrackPointExtension>
        </extensions>
      </trkpt>
      <trkpt lat="-25.51467494107782840728759765625" lon="-48.983674831688404083251953125">
        <ele>1275</ele>
        <time>2025-08-17T08:22:03.000Z</time>
        <extensions>
          <ns3:TrackPointExtension>
            <ns3:hr>116</ns3:hr>
          </ns3:TrackPointExtension>
        </extensions>
      </trkpt>
      <trkpt lat="-25.514669828116893768310546875" lon="-48.983625210821628570556640625">
        <ele>1276</ele>
        <time>2025-08-17T08:22:13.000Z</time>
        <extensions>
          <ns3:TrackPointExtension>
            <ns3:hr>115</ns3:hr>
          </ns3:TrackPointExtension>
        </extensions>
      </trkpt>
      <trkpt lat="-25.51466773264110088348388671875" lon="-48.98359897546470165252685546875">
        <ele>1276.4000244140625</ele>
        <time>2025-08-17T08:22:17.000Z</time>
        <extensions>
          <ns3:TrackPointExtension>
            <ns3:hr>118</ns3:hr>
          </ns3:TrackPointExtension>
        </extensions>
      </trkpt>
      <trkpt lat="-25.51465733908116817474365234375" lon="-48.98357064463198184967041015625">
        <ele>1276.800048828125</ele>
        <time>2025-08-17T08:22:21.000Z</time>
        <extensions>
          <ns3:TrackPointExtension>
            <ns3:hr>116</ns3:hr>
          </ns3:TrackPointExtension>
        </extensions>
      </trkpt>
      <trkpt lat="-25.5146713368594646453857421875" lon="-48.9835462532937526702880859375">
        <ele>1277.800048828125</ele>
        <time>2025-08-17T08:22:27.000Z</time>
        <extensions>
          <ns3:TrackPointExtension>
            <ns3:hr>116</ns3:hr>
          </ns3:TrackPointExtension>
        </extensions>
      </trkpt>
      <trkpt lat="-25.5146753601729869842529296875" lon="-48.98353829048573970794677734375">
        <ele>1278</ele>
        <time>2025-08-17T08:22:33.000Z</time>
        <extensions>
          <ns3:TrackPointExtension>
            <ns3:hr>115</ns3:hr>
          </ns3:TrackPointExtension>
        </extensions>
      </trkpt>
      <trkpt lat="-25.5146716721355915069580078125" lon="-48.98353644646704196929931640625">
        <ele>1278</ele>
        <time>2025-08-17T08:22:36.000Z</time>
        <extensions>
          <ns3:TrackPointExtension>
            <ns3:hr>112</ns3:hr>
          </ns3:TrackPointExtension>
        </extensions>
      </trkpt>
      <trkpt lat="-25.5146716721355915069580078125" lon="-48.98353644646704196929931640625">
        <ele>1278</ele>
        <time>2025-08-17T08:22:39.000Z</time>
        <extensions>
          <ns3:TrackPointExtension>
            <ns3:hr>108</ns3:hr>
          </ns3:TrackPointExtension>
        </extensions>
      </trkpt>
      <trkpt lat="-25.5146716721355915069580078125" lon="-48.98353644646704196929931640625">
        <ele>1278</ele>
        <time>2025-08-17T08:22:42.000Z</time>
        <extensions>
          <ns3:TrackPointExtension>
            <ns3:hr>104</ns3:hr>
          </ns3:TrackPointExtension>
        </extensions>
      </trkpt>
      <trkpt lat="-25.5146716721355915069580078125" lon="-48.98353644646704196929931640625">
        <ele>1278</ele>
        <time>2025-08-17T08:22:46.000Z</time>
        <extensions>
          <ns3:TrackPointExtension>
            <ns3:hr>101</ns3:hr>
          </ns3:TrackPointExtension>
        </extensions>
      </trkpt>
      <trkpt lat="-25.51467309705913066864013671875" lon="-48.9835350215435028076171875">
        <ele>1278</ele>
        <time>2025-08-17T08:22:52.000Z</time>
        <extensions>
          <ns3:TrackPointExtension>
            <ns3:hr>100</ns3:hr>
          </ns3:TrackPointExtension>
        </extensions>
      </trkpt>
      <trkpt lat="-25.514678545296192169189453125" lon="-48.98351733572781085968017578125">
        <ele>1278.5999755859375</ele>
        <time>2025-08-17T08:23:01.000Z</time>
        <extensions>
          <ns3:TrackPointExtension>
            <ns3:hr>103</ns3:hr>
          </ns3:TrackPointExtension>
        </extensions>
      </trkpt>
      <trkpt lat="-25.51468030549585819244384765625" lon="-48.98350543342530727386474609375">
        <ele>1278.800048828125</ele>
        <time>2025-08-17T08:23:07.000Z</time>
        <extensions>
          <ns3:TrackPointExtension>
            <ns3:hr>106</ns3:hr>
          </ns3:TrackPointExtension>
        </extensions>
      </trkpt>
      <trkpt lat="-25.514681227505207061767578125" lon="-48.9835016615688800811767578125">
        <ele>1279</ele>
        <time>2025-08-17T08:23:11.000Z</time>
        <extensions>
          <ns3:TrackPointExtension>
            <ns3:hr>109</ns3:hr>
          </ns3:TrackPointExtension>
        </extensions>
      </trkpt>
      <trkpt lat="-25.51468181423842906951904296875" lon="-48.9834974706172943115234375">
        <ele>1279</ele>
        <time>2025-08-17T08:23:14.000Z</time>
        <extensions>
          <ns3:TrackPointExtension>
            <ns3:hr>113</ns3:hr>
          </ns3:TrackPointExtension>
        </extensions>
      </trkpt>
      <trkpt lat="-25.51468365825712680816650390625" lon="-48.98349168710410594940185546875">
        <ele>1279.199951171875</ele>
        <time>2025-08-17T08:23:19.000Z</time>
        <extensions>
          <ns3:TrackPointExtension>
            <ns3:hr>116</ns3:hr>
          </ns3:TrackPointExtension>
        </extensions>
      </trkpt>
      <trkpt lat="-25.51470712758600711822509765625" lon="-48.9834706485271453857421875">
        <ele>1280.4000244140625</ele>
        <time>2025-08-17T08:23:31.000Z</time>
        <extensions>
          <ns3:TrackPointExtension>
            <ns3:hr>119</ns3:hr>
          </ns3:TrackPointExtension>
        </extensions>
      </trkpt>
      <trkpt lat="-25.51474727690219879150390625" lon="-48.98343653418123722076416015625">
        <ele>1282.199951171875</ele>
        <time>2025-08-17T08:24:02.000Z</time>
        <extensions>
          <ns3:TrackPointExtension>
            <ns3:hr>116</ns3:hr>
          </ns3:TrackPointExtension>
        </extensions>
      </trkpt>
      <trkpt lat="-25.514824725687503814697265625" lon="-48.983398564159870147705078125">
        <ele>1284.800048828125</ele>
        <time>2025-08-17T08:24:40.000Z</time>
        <extensions>
          <ns3:TrackPointExtension>
            <ns3:hr>113</ns3:hr>
          </ns3:TrackPointExtension>
        </extensions>
      </trkpt>
      <trkpt lat="-25.5148721672594547271728515625" lon="-48.983394540846347808837890625">
        <ele>1285.800048828125</ele>
        <time>2025-08-17T08:24:57.000Z</time>
        <extensions>
          <ns3:TrackPointExtension>
            <ns3:hr>116</ns3:hr>
          </ns3:TrackPointExtension>
        </extensions>
      </trkpt>
      <trkpt lat="-25.51493704319000244140625" lon="-48.98338506929576396942138671875">
        <ele>1287.4000244140625</ele>
        <time>2025-08-17T08:25:14.000Z</time>
        <extensions>
          <ns3:TrackPointExtension>
            <ns3:hr>115</ns3:hr>
          </ns3:TrackPointExtension>
        </extensions>
      </trkpt>
      <trkpt lat="-25.5149811320006847381591796875" lon="-48.9833486080169677734375">
        <ele>1290</ele>
        <time>2025-08-17T08:25:22.000Z</time>
        <extensions>
          <ns3:TrackPointExtension>
            <ns3:hr>114</ns3:hr>
          </ns3:TrackPointExtension>
        </extensions>
      </trkpt>
      <trkpt lat="-25.51498574204742908477783203125" lon="-48.9833410643041133880615234375">
        <ele>1290.4000244140625</ele>
        <time>2025-08-17T08:25:32.000Z</time>
        <extensions>
          <ns3:TrackPointExtension>
            <ns3:hr>115</ns3:hr>
          </ns3:TrackPointExtension>
        </extensions>
      </trkpt>
      <trkpt lat="-25.51497702486813068389892578125" lon="-48.98333628661930561065673828125">
        <ele>1290.4000244140625</ele>
        <time>2025-08-17T08:26:03.000Z</time>
        <extensions>
          <ns3:TrackPointExtension>
            <ns3:hr>118</ns3:hr>
          </ns3:TrackPointExtension>
        </extensions>
      </trkpt>
      <trkpt lat="-25.5149261467158794403076171875" lon="-48.98328800685703754425048828125">
        <ele>1290.800048828125</ele>
        <time>2025-08-17T08:27:33.000Z</time>
        <extensions>
          <ns3:TrackPointExtension>
            <ns3:hr>115</ns3:hr>
          </ns3:TrackPointExtension>
        </extensions>
      </trkpt>
      <trkpt lat="-25.51489907316863536834716796875" lon="-48.98323754779994487762451171875">
        <ele>1292</ele>
        <time>2025-08-17T08:27:39.000Z</time>
        <extensions>
          <ns3:TrackPointExtension>
            <ns3:hr>118</ns3:hr>
          </ns3:TrackPointExtension>
        </extensions>
      </trkpt>
      <trkpt lat="-25.5148969776928424835205078125" lon="-48.98323050700128078460693359375">
        <ele>1292.199951171875</ele>
        <time>2025-08-17T08:27:40.000Z</time>
        <extensions>
          <ns3:TrackPointExtension>
            <ns3:hr>117</ns3:hr>
          </ns3:TrackPointExtension>
        </extensions>
      </trkpt>
      <trkpt lat="-25.51489337347447872161865234375" lon="-48.983192034065723419189453125">
        <ele>1293.800048828125</ele>
        <time>2025-08-17T08:27:47.000Z</time>
        <extensions>
          <ns3:TrackPointExtension>
            <ns3:hr>120</ns3:hr>
          </ns3:TrackPointExtension>
        </extensions>
      </trkpt>
      <trkpt lat="-25.51490510813891887664794921875" lon="-48.9831756055355072021484375">
        <ele>1294.4000244140625</ele>
        <time>2025-08-17T08:27:50.000Z</time>
        <extensions>
          <ns3:TrackPointExtension>
            <ns3:hr>116</ns3:hr>
          </ns3:TrackPointExtension>
        </extensions>
      </trkpt>
      <trkpt lat="-25.51492027938365936279296875" lon="-48.98313797079026699066162109375">
        <ele>1295.800048828125</ele>
        <time>2025-08-17T08:27:56.000Z</time>
        <extensions>
          <ns3:TrackPointExtension>
            <ns3:hr>116</ns3:hr>
          </ns3:TrackPointExtension>
        </extensions>
      </trkpt>
      <trkpt lat="-25.51491332240402698516845703125" lon="-48.98311081342399120330810546875">
        <ele>1296</ele>
        <time>2025-08-17T08:28:02.000Z</time>
        <extensions>
          <ns3:TrackPointExtension>
            <ns3:hr>116</ns3:hr>
          </ns3:TrackPointExtension>
        </extensions>
      </trkpt>
      <trkpt lat="-25.51486185751855373382568359375" lon="-48.98307376541197299957275390625">
        <ele>1295.4000244140625</ele>
        <time>2025-08-17T08:28:10.000Z</time>
        <extensions>
          <ns3:TrackPointExtension>
            <ns3:hr>117</ns3:hr>
          </ns3:TrackPointExtension>
        </extensions>
      </trkpt>
      <trkpt lat="-25.51485531963407993316650390625" lon="-48.98307032883167266845703125">
        <ele>1295.199951171875</ele>
        <time>2025-08-17T08:28:14.000Z</time>
        <extensions>
          <ns3:TrackPointExtension>
            <ns3:hr>114</ns3:hr>
          </ns3:TrackPointExtension>
        </extensions>
      </trkpt>
      <trkpt lat="-25.51485858857631683349609375" lon="-48.9830704964697360992431640625">
        <ele>1295.4000244140625</ele>
        <time>2025-08-17T08:28:17.000Z</time>
        <extensions>
          <ns3:TrackPointExtension>
            <ns3:hr>112</ns3:hr>
          </ns3:TrackPointExtension>
        </extensions>
      </trkpt>
      <trkpt lat="-25.51485397852957248687744140625" lon="-48.983064629137516021728515625">
        <ele>1295.4000244140625</ele>
        <time>2025-08-17T08:28:20.000Z</time>
        <extensions>
          <ns3:TrackPointExtension>
            <ns3:hr>109</ns3:hr>
          </ns3:TrackPointExtension>
        </extensions>
      </trkpt>
      <trkpt lat="-25.514864958822727203369140625" lon="-48.98303772322833538055419921875">
        <ele>1296.4000244140625</ele>
        <time>2025-08-17T08:28:26.000Z</time>
        <extensions>
          <ns3:TrackPointExtension>
            <ns3:hr>109</ns3:hr>
          </ns3:TrackPointExtension>
        </extensions>
      </trkpt>
      <trkpt lat="-25.51486789248883724212646484375" lon="-48.9830316044390201568603515625">
        <ele>1296.800048828125</ele>
        <time>2025-08-17T08:28:32.000Z</time>
        <extensions>
          <ns3:TrackPointExtension>
            <ns3:hr>112</ns3:hr>
          </ns3:TrackPointExtension>
        </extensions>
      </trkpt>
      <trkpt lat="-25.51486789248883724212646484375" lon="-48.9830316044390201568603515625">
        <ele>1296.800048828125</ele>
        <time>2025-08-17T08:28:35.000Z</time>
        <extensions>
          <ns3:TrackPointExtension>
            <ns3:hr>109</ns3:hr>
          </ns3:TrackPointExtension>
        </extensions>
      </trkpt>
      <trkpt lat="-25.51486789248883724212646484375" lon="-48.9830316044390201568603515625">
        <ele>1296.800048828125</ele>
        <time>2025-08-17T08:28:45.000Z</time>
        <extensions>
          <ns3:TrackPointExtension>
            <ns3:hr>112</ns3:hr>
          </ns3:TrackPointExtension>
        </extensions>
      </trkpt>
      <trkpt lat="-25.51486353389918804168701171875" lon="-48.98299313150346279144287109375">
        <ele>1298</ele>
        <time>2025-08-17T08:28:50.000Z</time>
        <extensions>
          <ns3:TrackPointExtension>
            <ns3:hr>109</ns3:hr>
          </ns3:TrackPointExtension>
        </extensions>
      </trkpt>
      <trkpt lat="-25.51486487500369548797607421875" lon="-48.98295692168176174163818359375">
        <ele>1299.4000244140625</ele>
        <time>2025-08-17T08:28:53.000Z</time>
        <extensions>
          <ns3:TrackPointExtension>
            <ns3:hr>109</ns3:hr>
          </ns3:TrackPointExtension>
        </extensions>
      </trkpt>
      <trkpt lat="-25.514879040420055389404296875" lon="-48.98287880234420299530029296875">
        <ele>1302.199951171875</ele>
        <time>2025-08-17T08:29:00.000Z</time>
        <extensions>
          <ns3:TrackPointExtension>
            <ns3:hr>109</ns3:hr>
          </ns3:TrackPointExtension>
        </extensions>
      </trkpt>
      <trkpt lat="-25.51488935016095638275146484375" lon="-48.98283169604837894439697265625">
        <ele>1303.4000244140625</ele>
        <time>2025-08-17T08:29:06.000Z</time>
        <extensions>
          <ns3:TrackPointExtension>
            <ns3:hr>106</ns3:hr>
          </ns3:TrackPointExtension>
        </extensions>
      </trkpt>
      <trkpt lat="-25.51489186473190784454345703125" lon="-48.9828135073184967041015625">
        <ele>1304</ele>
        <time>2025-08-17T08:29:08.000Z</time>
        <extensions>
          <ns3:TrackPointExtension>
            <ns3:hr>110</ns3:hr>
          </ns3:TrackPointExtension>
        </extensions>
      </trkpt>
      <trkpt lat="-25.5148862488567829132080078125" lon="-48.98279364220798015594482421875">
        <ele>1304</ele>
        <time>2025-08-17T08:29:10.000Z</time>
        <extensions>
          <ns3:TrackPointExtension>
            <ns3:hr>109</ns3:hr>
          </ns3:TrackPointExtension>
        </extensions>
      </trkpt>
      <trkpt lat="-25.5148708261549472808837890625" lon="-48.9827409200370311737060546875">
        <ele>1305</ele>
        <time>2025-08-17T08:29:19.000Z</time>
        <extensions>
          <ns3:TrackPointExtension>
            <ns3:hr>109</ns3:hr>
          </ns3:TrackPointExtension>
        </extensions>
      </trkpt>
      <trkpt lat="-25.51487267017364501953125" lon="-48.98270848207175731658935546875">
        <ele>1306.199951171875</ele>
        <time>2025-08-17T08:29:26.000Z</time>
        <extensions>
          <ns3:TrackPointExtension>
            <ns3:hr>109</ns3:hr>
          </ns3:TrackPointExtension>
        </extensions>
      </trkpt>
      <trkpt lat="-25.514877699315547943115234375" lon="-48.982661627233028411865234375">
        <ele>1308.199951171875</ele>
        <time>2025-08-17T08:29:32.000Z</time>
        <extensions>
          <ns3:TrackPointExtension>
            <ns3:hr>111</ns3:hr>
          </ns3:TrackPointExtension>
        </extensions>
      </trkpt>
      <trkpt lat="-25.5148822255432605743408203125" lon="-48.9826208911836147308349609375">
        <ele>1309.4000244140625</ele>
        <time>2025-08-17T08:29:39.000Z</time>
        <extensions>
          <ns3:TrackPointExtension>
            <ns3:hr>114</ns3:hr>
          </ns3:TrackPointExtension>
        </extensions>
      </trkpt>
      <trkpt lat="-25.514882393181324005126953125" lon="-48.98260370828211307525634765625">
        <ele>1309.199951171875</ele>
        <time>2025-08-17T08:29:42.000Z</time>
        <extensions>
          <ns3:TrackPointExtension>
            <ns3:hr>114</ns3:hr>
          </ns3:TrackPointExtension>
        </extensions>
      </trkpt>
      <trkpt lat="-25.51488482393324375152587890625" lon="-48.98253615014255046844482421875">
        <ele>1308.199951171875</ele>
        <time>2025-08-17T08:29:51.000Z</time>
        <extensions>
          <ns3:TrackPointExtension>
            <ns3:hr>114</ns3:hr>
          </ns3:TrackPointExtension>
        </extensions>
      </trkpt>
      <trkpt lat="-25.51488381810486316680908203125" lon="-48.98247948847711086273193359375">
        <ele>1309.199951171875</ele>
        <time>2025-08-17T08:29:59.000Z</time>
        <extensions>
          <ns3:TrackPointExtension>
            <ns3:hr>114</ns3:hr>
          </ns3:TrackPointExtension>
        </extensions>
      </trkpt>
      <trkpt lat="-25.5148617736995220184326171875" lon="-48.9824448712170124053955078125">
        <ele>1308</ele>
        <time>2025-08-17T08:30:06.000Z</time>
        <extensions>
          <ns3:TrackPointExtension>
            <ns3:hr>117</ns3:hr>
          </ns3:TrackPointExtension>
        </extensions>
      </trkpt>
      <trkpt lat="-25.51485716365277767181396484375" lon="-48.98243472911417484283447265625">
        <ele>1307.800048828125</ele>
        <time>2025-08-17T08:30:08.000Z</time>
        <extensions>
          <ns3:TrackPointExtension>
            <ns3:hr>117</ns3:hr>
          </ns3:TrackPointExtension>
        </extensions>
      </trkpt>
      <trkpt lat="-25.51484559662640094757080078125" lon="-48.98236247710883617401123046875">
        <ele>1309</ele>
        <time>2025-08-17T08:30:16.000Z</time>
        <extensions>
          <ns3:TrackPointExtension>
            <ns3:hr>116</ns3:hr>
          </ns3:TrackPointExtension>
        </extensions>
      </trkpt>
      <trkpt lat="-25.5148688144981861114501953125" lon="-48.9823235012590885162353515625">
        <ele>1311.4000244140625</ele>
        <time>2025-08-17T08:30:25.000Z</time>
        <extensions>
          <ns3:TrackPointExtension>
            <ns3:hr>116</ns3:hr>
          </ns3:TrackPointExtension>
        </extensions>
      </trkpt>
      <trkpt lat="-25.514867641031742095947265625" lon="-48.98231185041368007659912109375">
        <ele>1311.199951171875</ele>
        <time>2025-08-17T08:30:37.000Z</time>
        <extensions>
          <ns3:TrackPointExtension>
            <ns3:hr>113</ns3:hr>
          </ns3:TrackPointExtension>
        </extensions>
      </trkpt>
      <trkpt lat="-25.514867641031742095947265625" lon="-48.98231185041368007659912109375">
        <ele>1311.199951171875</ele>
        <time>2025-08-17T08:30:40.000Z</time>
        <extensions>
          <ns3:TrackPointExtension>
            <ns3:hr>113</ns3:hr>
          </ns3:TrackPointExtension>
        </extensions>
      </trkpt>
      <trkpt lat="-25.51486554555594921112060546875" lon="-48.98227966390550136566162109375">
        <ele>1310.4000244140625</ele>
        <time>2025-08-17T08:30:52.000Z</time>
        <extensions>
          <ns3:TrackPointExtension>
            <ns3:hr>115</ns3:hr>
          </ns3:TrackPointExtension>
        </extensions>
      </trkpt>
      <trkpt lat="-25.51485498435795307159423828125" lon="-48.98222409188747406005859375">
        <ele>1308.4000244140625</ele>
        <time>2025-08-17T08:30:59.000Z</time>
        <extensions>
          <ns3:TrackPointExtension>
            <ns3:hr>115</ns3:hr>
          </ns3:TrackPointExtension>
        </extensions>
      </trkpt>
      <trkpt lat="-25.51486018113791942596435546875" lon="-48.982185535132884979248046875">
        <ele>1309.4000244140625</ele>
        <time>2025-08-17T08:31:07.000Z</time>
        <extensions>
          <ns3:TrackPointExtension>
            <ns3:hr>118</ns3:hr>
          </ns3:TrackPointExtension>
        </extensions>
      </trkpt>
      <trkpt lat="-25.514862276613712310791015625" lon="-48.98217639885842800140380859375">
        <ele>1309.800048828125</ele>
        <time>2025-08-17T08:31:09.000Z</time>
        <extensions>
          <ns3:TrackPointExtension>
            <ns3:hr>118</ns3:hr>
          </ns3:TrackPointExtension>
        </extensions>
      </trkpt>
      <trkpt lat="-25.5148869194090366363525390625" lon="-48.9821478165686130523681640625">
        <ele>1313.800048828125</ele>
        <time>2025-08-17T08:31:20.000Z</time>
        <extensions>
          <ns3:TrackPointExtension>
            <ns3:hr>118</ns3:hr>
          </ns3:TrackPointExtension>
        </extensions>
      </trkpt>
      <trkpt lat="-25.51490024663507938385009765625" lon="-48.98211546242237091064453125">
        <ele>1316.4000244140625</ele>
        <time>2025-08-17T08:31:27.000Z</time>
        <extensions>
          <ns3:TrackPointExtension>
            <ns3:hr>114</ns3:hr>
          </ns3:TrackPointExtension>
        </extensions>
      </trkpt>
      <trkpt lat="-25.51490016281604766845703125" lon="-48.98211202584207057952880859375">
        <ele>1316.4000244140625</ele>
        <time>2025-08-17T08:31:28.000Z</time>
        <extensions>
          <ns3:TrackPointExtension>
            <ns3:hr>117</ns3:hr>
          </ns3:TrackPointExtension>
        </extensions>
      </trkpt>
      <trkpt lat="-25.51489270292222499847412109375" lon="-48.98206005804240703582763671875">
        <ele>1316.4000244140625</ele>
        <time>2025-08-17T08:31:38.000Z</time>
        <extensions>
          <ns3:TrackPointExtension>
            <ns3:hr>119</ns3:hr>
          </ns3:TrackPointExtension>
        </extensions>
      </trkpt>
      <trkpt lat="-25.514899156987667083740234375" lon="-48.98202829062938690185546875">
        <ele>1318</ele>
        <time>2025-08-17T08:31:46.000Z</time>
        <extensions>
          <ns3:TrackPointExtension>
            <ns3:hr>121</ns3:hr>
          </ns3:TrackPointExtension>
        </extensions>
      </trkpt>
      <trkpt lat="-25.5148852430284023284912109375" lon="-48.98201228119432926177978515625">
        <ele>1316.4000244140625</ele>
        <time>2025-08-17T08:31:51.000Z</time>
        <extensions>
          <ns3:TrackPointExtension>
            <ns3:hr>119</ns3:hr>
          </ns3:TrackPointExtension>
        </extensions>
      </trkpt>
      <trkpt lat="-25.51488147117197513580322265625" lon="-48.98198914714157581329345703125">
        <ele>1316.199951171875</ele>
        <time>2025-08-17T08:31:59.000Z</time>
        <extensions>
          <ns3:TrackPointExtension>
            <ns3:hr>121</ns3:hr>
          </ns3:TrackPointExtension>
        </extensions>
      </trkpt>
      <trkpt lat="-25.51490359939634799957275390625" lon="-48.98198311217129230499267578125">
        <ele>1319.5999755859375</ele>
        <time>2025-08-17T08:32:04.000Z</time>
        <extensions>
          <ns3:TrackPointExtension>
            <ns3:hr>122</ns3:hr>
          </ns3:TrackPointExtension>
        </extensions>
      </trkpt>
      <trkpt lat="-25.5149321816861629486083984375" lon="-48.98198135197162628173828125">
        <ele>1323.4000244140625</ele>
        <time>2025-08-17T08:32:12.000Z</time>
        <extensions>
          <ns3:TrackPointExtension>
            <ns3:hr>121</ns3:hr>
          </ns3:TrackPointExtension>
        </extensions>
      </trkpt>
      <trkpt lat="-25.51495238207280635833740234375" lon="-48.98198462091386318206787109375">
        <ele>1326</ele>
        <time>2025-08-17T08:32:17.000Z</time>
        <extensions>
          <ns3:TrackPointExtension>
            <ns3:hr>121</ns3:hr>
          </ns3:TrackPointExtension>
        </extensions>
      </trkpt>
      <trkpt lat="-25.51496730186045169830322265625" lon="-48.98200239054858684539794921875">
        <ele>1327.800048828125</ele>
        <time>2025-08-17T08:32:24.000Z</time>
        <extensions>
          <ns3:TrackPointExtension>
            <ns3:hr>122</ns3:hr>
          </ns3:TrackPointExtension>
        </extensions>
      </trkpt>
      <trkpt lat="-25.51496126689016819000244140625" lon="-48.98199015296995639801025390625">
        <ele>1327</ele>
        <time>2025-08-17T08:32:28.000Z</time>
        <extensions>
          <ns3:TrackPointExtension>
            <ns3:hr>122</ns3:hr>
          </ns3:TrackPointExtension>
        </extensions>
      </trkpt>
      <trkpt lat="-25.51498331129550933837890625" lon="-48.9819888956844806671142578125">
        <ele>1330</ele>
        <time>2025-08-17T08:32:33.000Z</time>
        <extensions>
          <ns3:TrackPointExtension>
            <ns3:hr>122</ns3:hr>
          </ns3:TrackPointExtension>
        </extensions>
      </trkpt>
      <trkpt lat="-25.51496981643140316009521484375" lon="-48.9819939248263835906982421875">
        <ele>1328.199951171875</ele>
        <time>2025-08-17T08:32:39.000Z</time>
        <extensions>
          <ns3:TrackPointExtension>
            <ns3:hr>120</ns3:hr>
          </ns3:TrackPointExtension>
        </extensions>
      </trkpt>
      <trkpt lat="-25.51496663130819797515869140625" lon="-48.98199384100735187530517578125">
        <ele>1327.800048828125</ele>
        <time>2025-08-17T08:32:44.000Z</time>
        <extensions>
          <ns3:TrackPointExtension>
            <ns3:hr>120</ns3:hr>
          </ns3:TrackPointExtension>
        </extensions>
      </trkpt>
      <trkpt lat="-25.5149677209556102752685546875" lon="-48.98199350573122501373291015625">
        <ele>1327.800048828125</ele>
        <time>2025-08-17T08:32:49.000Z</time>
        <extensions>
          <ns3:TrackPointExtension>
            <ns3:hr>117</ns3:hr>
          </ns3:TrackPointExtension>
        </extensions>
      </trkpt>
      <trkpt lat="-25.5149636976420879364013671875" lon="-48.9820046536624431610107421875">
        <ele>1327.199951171875</ele>
        <time>2025-08-17T08:32:54.000Z</time>
        <extensions>
          <ns3:TrackPointExtension>
            <ns3:hr>117</ns3:hr>
          </ns3:TrackPointExtension>
        </extensions>
      </trkpt>
      <trkpt lat="-25.514966547489166259765625" lon="-48.982011191546916961669921875">
        <ele>1327.5999755859375</ele>
        <time>2025-08-17T08:32:58.000Z</time>
        <extensions>
          <ns3:TrackPointExtension>
            <ns3:hr>114</ns3:hr>
          </ns3:TrackPointExtension>
        </extensions>
      </trkpt>
      <trkpt lat="-25.5149680562317371368408203125" lon="-48.9820150472223758697509765625">
        <ele>1327.800048828125</ele>
        <time>2025-08-17T08:33:02.000Z</time>
        <extensions>
          <ns3:TrackPointExtension>
            <ns3:hr>113</ns3:hr>
          </ns3:TrackPointExtension>
        </extensions>
      </trkpt>
      <trkpt lat="-25.51496378146111965179443359375" lon="-48.982005827128887176513671875">
        <ele>1327.199951171875</ele>
        <time>2025-08-17T08:33:12.000Z</time>
        <extensions>
          <ns3:TrackPointExtension>
            <ns3:hr>113</ns3:hr>
          </ns3:TrackPointExtension>
        </extensions>
      </trkpt>
      <trkpt lat="-25.5149626918137073516845703125" lon="-48.9820049889385700225830078125">
        <ele>1327.199951171875</ele>
        <time>2025-08-17T08:33:13.000Z</time>
        <extensions>
          <ns3:TrackPointExtension>
            <ns3:hr>116</ns3:hr>
          </ns3:TrackPointExtension>
        </extensions>
      </trkpt>
      <trkpt lat="-25.51496311090886592864990234375" lon="-48.98200054652988910675048828125">
        <ele>1327.199951171875</ele>
        <time>2025-08-17T08:33:18.000Z</time>
        <extensions>
          <ns3:TrackPointExtension>
            <ns3:hr>112</ns3:hr>
          </ns3:TrackPointExtension>
        </extensions>
      </trkpt>
      <trkpt lat="-25.51496311090886592864990234375" lon="-48.98200054652988910675048828125">
        <ele>1327.199951171875</ele>
        <time>2025-08-17T08:33:19.000Z</time>
        <extensions>
          <ns3:TrackPointExtension>
            <ns3:hr>115</ns3:hr>
          </ns3:TrackPointExtension>
        </extensions>
      </trkpt>
      <trkpt lat="-25.51496311090886592864990234375" lon="-48.98200155235826969146728515625">
        <ele>1327.199951171875</ele>
        <time>2025-08-17T08:33:25.000Z</time>
        <extensions>
          <ns3:TrackPointExtension>
            <ns3:hr>112</ns3:hr>
          </ns3:TrackPointExtension>
        </extensions>
      </trkpt>
      <trkpt lat="-25.51496311090886592864990234375" lon="-48.98200490511953830718994140625">
        <ele>1327.199951171875</ele>
        <time>2025-08-17T08:33:29.000Z</time>
        <extensions>
          <ns3:TrackPointExtension>
            <ns3:hr>109</ns3:hr>
          </ns3:TrackPointExtension>
        </extensions>
      </trkpt>
      <trkpt lat="-25.51496277563273906707763671875" lon="-48.98200591094791889190673828125">
        <ele>1327.199951171875</ele>
        <time>2025-08-17T08:33:32.000Z</time>
        <extensions>
          <ns3:TrackPointExtension>
            <ns3:hr>106</ns3:hr>
          </ns3:TrackPointExtension>
        </extensions>
      </trkpt>
      <trkpt lat="-25.51496277563273906707763671875" lon="-48.98201110772788524627685546875">
        <ele>1327.199951171875</ele>
        <time>2025-08-17T08:33:39.000Z</time>
        <extensions>
          <ns3:TrackPointExtension>
            <ns3:hr>101</ns3:hr>
          </ns3:TrackPointExtension>
        </extensions>
      </trkpt>
      <trkpt lat="-25.51496277563273906707763671875" lon="-48.98201286792755126953125">
        <ele>1327.199951171875</ele>
        <time>2025-08-17T08:33:42.000Z</time>
        <extensions>
          <ns3:TrackPointExtension>
            <ns3:hr>95</ns3:hr>
          </ns3:TrackPointExtension>
        </extensions>
      </trkpt>
      <trkpt lat="-25.5149764381349086761474609375" lon="-48.9820137061178684234619140625">
        <ele>1328.800048828125</ele>
        <time>2025-08-17T08:33:48.000Z</time>
        <extensions>
          <ns3:TrackPointExtension>
            <ns3:hr>99</ns3:hr>
          </ns3:TrackPointExtension>
        </extensions>
      </trkpt>
      <trkpt lat="-25.514992363750934600830078125" lon="-48.98201412521302700042724609375">
        <ele>1331</ele>
        <time>2025-08-17T08:33:52.000Z</time>
        <extensions>
          <ns3:TrackPointExtension>
            <ns3:hr>96</ns3:hr>
          </ns3:TrackPointExtension>
        </extensions>
      </trkpt>
      <trkpt lat="-25.51500250585377216339111328125" lon="-48.98201630450785160064697265625">
        <ele>1332.199951171875</ele>
        <time>2025-08-17T08:34:04.000Z</time>
        <extensions>
          <ns3:TrackPointExtension>
            <ns3:hr>99</ns3:hr>
          </ns3:TrackPointExtension>
        </extensions>
      </trkpt>
      <trkpt lat="-25.5150025896728038787841796875" lon="-48.9820163883268833160400390625">
        <ele>1332.199951171875</ele>
        <time>2025-08-17T08:34:05.000Z</time>
        <extensions>
          <ns3:TrackPointExtension>
            <ns3:hr>102</ns3:hr>
          </ns3:TrackPointExtension>
        </extensions>
      </trkpt>
      <trkpt lat="-25.515003763139247894287109375" lon="-48.9820170588791370391845703125">
        <ele>1332.4000244140625</ele>
        <time>2025-08-17T08:34:11.000Z</time>
        <extensions>
          <ns3:TrackPointExtension>
            <ns3:hr>106</ns3:hr>
          </ns3:TrackPointExtension>
        </extensions>
      </trkpt>
      <trkpt lat="-25.51502547226846218109130859375" lon="-48.9820428751409053802490234375">
        <ele>1332.800048828125</ele>
        <time>2025-08-17T08:34:42.000Z</time>
        <extensions>
          <ns3:TrackPointExtension>
            <ns3:hr>103</ns3:hr>
          </ns3:TrackPointExtension>
        </extensions>
      </trkpt>
      <trkpt lat="-25.5150590837001800537109375" lon="-48.9820445515215396881103515625">
        <ele>1333.800048828125</ele>
        <time>2025-08-17T08:34:56.000Z</time>
        <extensions>
          <ns3:TrackPointExtension>
            <ns3:hr>104</ns3:hr>
          </ns3:TrackPointExtension>
        </extensions>
      </trkpt>
      <trkpt lat="-25.51506134681403636932373046875" lon="-48.98204647935926914215087890625">
        <ele>1333.800048828125</ele>
        <time>2025-08-17T08:35:03.000Z</time>
        <extensions>
          <ns3:TrackPointExtension>
            <ns3:hr>105</ns3:hr>
          </ns3:TrackPointExtension>
        </extensions>
      </trkpt>
      <trkpt lat="-25.515067465603351593017578125" lon="-48.98201848380267620086669921875">
        <ele>1334.199951171875</ele>
        <time>2025-08-17T08:35:27.000Z</time>
        <extensions>
          <ns3:TrackPointExtension>
            <ns3:hr>108</ns3:hr>
          </ns3:TrackPointExtension>
        </extensions>
      </trkpt>
      <trkpt lat="-25.515098311007022857666015625" lon="-48.982005156576633453369140625">
        <ele>1335.199951171875</ele>
        <time>2025-08-17T08:35:55.000Z</time>
        <extensions>
          <ns3:TrackPointExtension>
            <ns3:hr>105</ns3:hr>
          </ns3:TrackPointExtension>
        </extensions>
      </trkpt>
      <trkpt lat="-25.515119098126888275146484375" lon="-48.9820053242146968841552734375">
        <ele>1335.800048828125</ele>
        <time>2025-08-17T08:36:08.000Z</time>
        <extensions>
          <ns3:TrackPointExtension>
            <ns3:hr>108</ns3:hr>
          </ns3:TrackPointExtension>
        </extensions>
      </trkpt>
      <trkpt lat="-25.51513577811419963836669921875" lon="-48.98200691677629947662353515625">
        <ele>1336.4000244140625</ele>
        <time>2025-08-17T08:36:27.000Z</time>
        <extensions>
          <ns3:TrackPointExtension>
            <ns3:hr>111</ns3:hr>
          </ns3:TrackPointExtension>
        </extensions>
      </trkpt>
      <trkpt lat="-25.5151360295712947845458984375" lon="-48.9820070005953311920166015625">
        <ele>1336.4000244140625</ele>
        <time>2025-08-17T08:36:28.000Z</time>
        <extensions>
          <ns3:TrackPointExtension>
            <ns3:hr>114</ns3:hr>
          </ns3:TrackPointExtension>
        </extensions>
      </trkpt>
      <trkpt lat="-25.51513644866645336151123046875" lon="-48.98200708441436290740966796875">
        <ele>1336.4000244140625</ele>
        <time>2025-08-17T08:36:31.000Z</time>
        <extensions>
          <ns3:TrackPointExtension>
            <ns3:hr>111</ns3:hr>
          </ns3:TrackPointExtension>
        </extensions>
      </trkpt>
      <trkpt lat="-25.51513812504708766937255859375" lon="-48.98201161064207553863525390625">
        <ele>1336.4000244140625</ele>
        <time>2025-08-17T08:36:45.000Z</time>
        <extensions>
          <ns3:TrackPointExtension>
            <ns3:hr>108</ns3:hr>
          </ns3:TrackPointExtension>
        </extensions>
      </trkpt>
      <trkpt lat="-25.51515757106244564056396484375" lon="-48.98201211355626583099365234375">
        <ele>1336.800048828125</ele>
        <time>2025-08-17T08:37:01.000Z</time>
        <extensions>
          <ns3:TrackPointExtension>
            <ns3:hr>109</ns3:hr>
          </ns3:TrackPointExtension>
        </extensions>
      </trkpt>
      <trkpt lat="-25.51518917083740234375" lon="-48.9820066653192043304443359375">
        <ele>1337.800048828125</ele>
        <time>2025-08-17T08:37:09.000Z</time>
        <extensions>
          <ns3:TrackPointExtension>
            <ns3:hr>107</ns3:hr>
          </ns3:TrackPointExtension>
        </extensions>
      </trkpt>
      <trkpt lat="-25.51518925465643405914306640625" lon="-48.98200859315693378448486328125">
        <ele>1337.800048828125</ele>
        <time>2025-08-17T08:37:18.000Z</time>
        <extensions>
          <ns3:TrackPointExtension>
            <ns3:hr>110</ns3:hr>
          </ns3:TrackPointExtension>
        </extensions>
      </trkpt>
      <trkpt lat="-25.51518925465643405914306640625" lon="-48.98200859315693378448486328125">
        <ele>1337.800048828125</ele>
        <time>2025-08-17T08:37:20.000Z</time>
        <extensions>
          <ns3:TrackPointExtension>
            <ns3:hr>107</ns3:hr>
          </ns3:TrackPointExtension>
        </extensions>
      </trkpt>
      <trkpt lat="-25.51518925465643405914306640625" lon="-48.982008509337902069091796875">
        <ele>1337.800048828125</ele>
        <time>2025-08-17T08:37:23.000Z</time>
        <extensions>
          <ns3:TrackPointExtension>
            <ns3:hr>110</ns3:hr>
          </ns3:TrackPointExtension>
        </extensions>
      </trkpt>
      <trkpt lat="-25.5151893384754657745361328125" lon="-48.9820076711475849151611328125">
        <ele>1337.800048828125</ele>
        <time>2025-08-17T08:37:31.000Z</time>
        <extensions>
          <ns3:TrackPointExtension>
            <ns3:hr>107</ns3:hr>
          </ns3:TrackPointExtension>
        </extensions>
      </trkpt>
      <trkpt lat="-25.5151893384754657745361328125" lon="-48.9820073358714580535888671875">
        <ele>1337.800048828125</ele>
        <time>2025-08-17T08:37:32.000Z</time>
        <extensions>
          <ns3:TrackPointExtension>
            <ns3:hr>109</ns3:hr>
          </ns3:TrackPointExtension>
        </extensions>
      </trkpt>
      <trkpt lat="-25.51519277505576610565185546875" lon="-48.9819929189980030059814453125">
        <ele>1338</ele>
        <time>2025-08-17T08:37:45.000Z</time>
        <extensions>
          <ns3:TrackPointExtension>
            <ns3:hr>113</ns3:hr>
          </ns3:TrackPointExtension>
        </extensions>
      </trkpt>
      <trkpt lat="-25.5151943676173686981201171875" lon="-48.98199476301670074462890625">
        <ele>1338</ele>
        <time>2025-08-17T08:38:02.000Z</time>
        <extensions>
          <ns3:TrackPointExtension>
            <ns3:hr>110</ns3:hr>
          </ns3:TrackPointExtension>
        </extensions>
      </trkpt>
      <trkpt lat="-25.5151936970651149749755859375" lon="-48.98199568502604961395263671875">
        <ele>1338</ele>
        <time>2025-08-17T08:38:11.000Z</time>
        <extensions>
          <ns3:TrackPointExtension>
            <ns3:hr>113</ns3:hr>
          </ns3:TrackPointExtension>
        </extensions>
      </trkpt>
      <trkpt lat="-25.515193529427051544189453125" lon="-48.9819939248263835906982421875">
        <ele>1338</ele>
        <time>2025-08-17T08:38:17.000Z</time>
        <extensions>
          <ns3:TrackPointExtension>
            <ns3:hr>109</ns3:hr>
          </ns3:TrackPointExtension>
        </extensions>
      </trkpt>
      <trkpt lat="-25.51519629545509815216064453125" lon="-48.98198227398097515106201171875">
        <ele>1338.4000244140625</ele>
        <time>2025-08-17T08:38:25.000Z</time>
        <extensions>
          <ns3:TrackPointExtension>
            <ns3:hr>112</ns3:hr>
          </ns3:TrackPointExtension>
        </extensions>
      </trkpt>
      <trkpt lat="-25.51521322689950466156005859375" lon="-48.9819570444524288177490234375">
        <ele>1340</ele>
        <time>2025-08-17T08:38:28.000Z</time>
        <extensions>
          <ns3:TrackPointExtension>
            <ns3:hr>111</ns3:hr>
          </ns3:TrackPointExtension>
        </extensions>
      </trkpt>
      <trkpt lat="-25.51525211893022060394287109375" lon="-48.98191723041236400604248046875">
        <ele>1343.199951171875</ele>
        <time>2025-08-17T08:38:36.000Z</time>
        <extensions>
          <ns3:TrackPointExtension>
            <ns3:hr>111</ns3:hr>
          </ns3:TrackPointExtension>
        </extensions>
      </trkpt>
      <trkpt lat="-25.51527433097362518310546875" lon="-48.9819023944437503814697265625">
        <ele>1344.5999755859375</ele>
        <time>2025-08-17T08:38:45.000Z</time>
        <extensions>
          <ns3:TrackPointExtension>
            <ns3:hr>111</ns3:hr>
          </ns3:TrackPointExtension>
        </extensions>
      </trkpt>
      <trkpt lat="-25.51528044976294040679931640625" lon="-48.981895856559276580810546875">
        <ele>1345.199951171875</ele>
        <time>2025-08-17T08:38:53.000Z</time>
        <extensions>
          <ns3:TrackPointExtension>
            <ns3:hr>112</ns3:hr>
          </ns3:TrackPointExtension>
        </extensions>
      </trkpt>
      <trkpt lat="-25.51529771648347377777099609375" lon="-48.98189074359834194183349609375">
        <ele>1345.800048828125</ele>
        <time>2025-08-17T08:39:13.000Z</time>
        <extensions>
          <ns3:TrackPointExtension>
            <ns3:hr>115</ns3:hr>
          </ns3:TrackPointExtension>
        </extensions>
      </trkpt>
      <trkpt lat="-25.5153036676347255706787109375" lon="-48.98188672028481960296630859375">
        <ele>1346</ele>
        <time>2025-08-17T08:39:18.000Z</time>
        <extensions>
          <ns3:TrackPointExtension>
            <ns3:hr>111</ns3:hr>
          </ns3:TrackPointExtension>
        </extensions>
      </trkpt>
      <trkpt lat="-25.51530442200601100921630859375" lon="-48.98188638500869274139404296875">
        <ele>1346</ele>
        <time>2025-08-17T08:39:21.000Z</time>
        <extensions>
          <ns3:TrackPointExtension>
            <ns3:hr>114</ns3:hr>
          </ns3:TrackPointExtension>
        </extensions>
      </trkpt>
      <trkpt lat="-25.515306182205677032470703125" lon="-48.98187900893390178680419921875">
        <ele>1346.4000244140625</ele>
        <time>2025-08-17T08:39:26.000Z</time>
        <extensions>
          <ns3:TrackPointExtension>
            <ns3:hr>110</ns3:hr>
          </ns3:TrackPointExtension>
        </extensions>
      </trkpt>
      <trkpt lat="-25.51530710421502590179443359375" lon="-48.98187481798231601715087890625">
        <ele>1346.4000244140625</ele>
        <time>2025-08-17T08:39:27.000Z</time>
        <extensions>
          <ns3:TrackPointExtension>
            <ns3:hr>113</ns3:hr>
          </ns3:TrackPointExtension>
        </extensions>
      </trkpt>
      <trkpt lat="-25.51529419608414173126220703125" lon="-48.9818282984197139739990234375">
        <ele>1347.5999755859375</ele>
        <time>2025-08-17T08:39:41.000Z</time>
        <extensions>
          <ns3:TrackPointExtension>
            <ns3:hr>114</ns3:hr>
          </ns3:TrackPointExtension>
        </extensions>
      </trkpt>
      <trkpt lat="-25.5152791924774646759033203125" lon="-48.98179896175861358642578125">
        <ele>1347.800048828125</ele>
        <time>2025-08-17T08:40:12.000Z</time>
        <extensions>
          <ns3:TrackPointExtension>
            <ns3:hr>111</ns3:hr>
          </ns3:TrackPointExtension>
        </extensions>
      </trkpt>
      <trkpt lat="-25.5152791924774646759033203125" lon="-48.98179871030151844024658203125">
        <ele>1347.800048828125</ele>
        <time>2025-08-17T08:40:13.000Z</time>
        <extensions>
          <ns3:TrackPointExtension>
            <ns3:hr>112</ns3:hr>
          </ns3:TrackPointExtension>
        </extensions>
      </trkpt>
      <trkpt lat="-25.5152791924774646759033203125" lon="-48.98179753683507442474365234375">
        <ele>1347.800048828125</ele>
        <time>2025-08-17T08:40:15.000Z</time>
        <extensions>
          <ns3:TrackPointExtension>
            <ns3:hr>115</ns3:hr>
          </ns3:TrackPointExtension>
        </extensions>
      </trkpt>
      <trkpt lat="-25.5152736604213714599609375" lon="-48.9817867241799831390380859375">
        <ele>1347.5999755859375</ele>
        <time>2025-08-17T08:40:19.000Z</time>
        <extensions>
          <ns3:TrackPointExtension>
            <ns3:hr>118</ns3:hr>
          </ns3:TrackPointExtension>
        </extensions>
      </trkpt>
      <trkpt lat="-25.51525781862437725067138671875" lon="-48.981758393347263336181640625">
        <ele>1346.5999755859375</ele>
        <time>2025-08-17T08:40:25.000Z</time>
        <extensions>
          <ns3:TrackPointExtension>
            <ns3:hr>121</ns3:hr>
          </ns3:TrackPointExtension>
        </extensions>
      </trkpt>
      <trkpt lat="-25.515215657651424407958984375" lon="-48.9817240275442600250244140625">
        <ele>1344.199951171875</ele>
        <time>2025-08-17T08:40:30.000Z</time>
        <extensions>
          <ns3:TrackPointExtension>
            <ns3:hr>121</ns3:hr>
          </ns3:TrackPointExtension>
        </extensions>
      </trkpt>
      <trkpt lat="-25.515201576054096221923828125" lon="-48.981712125241756439208984375">
        <ele>1343.4000244140625</ele>
        <time>2025-08-17T08:40:41.000Z</time>
        <extensions>
          <ns3:TrackPointExtension>
            <ns3:hr>122</ns3:hr>
          </ns3:TrackPointExtension>
        </extensions>
      </trkpt>
      <trkpt lat="-25.515200905501842498779296875" lon="-48.981712125241756439208984375">
        <ele>1343.4000244140625</ele>
        <time>2025-08-17T08:40:55.000Z</time>
        <extensions>
          <ns3:TrackPointExtension>
            <ns3:hr>119</ns3:hr>
          </ns3:TrackPointExtension>
        </extensions>
      </trkpt>
      <trkpt lat="-25.5151998996734619140625" lon="-48.9817132987082004547119140625">
        <ele>1343.199951171875</ele>
        <time>2025-08-17T08:41:06.000Z</time>
        <extensions>
          <ns3:TrackPointExtension>
            <ns3:hr>116</ns3:hr>
          </ns3:TrackPointExtension>
        </extensions>
      </trkpt>
      <trkpt lat="-25.51519763655960559844970703125" lon="-48.9817132987082004547119140625">
        <ele>1343.199951171875</ele>
        <time>2025-08-17T08:41:12.000Z</time>
        <extensions>
          <ns3:TrackPointExtension>
            <ns3:hr>113</ns3:hr>
          </ns3:TrackPointExtension>
        </extensions>
      </trkpt>
      <trkpt lat="-25.51519679836928844451904296875" lon="-48.98171044886112213134765625">
        <ele>1343.199951171875</ele>
        <time>2025-08-17T08:41:23.000Z</time>
        <extensions>
          <ns3:TrackPointExtension>
            <ns3:hr>112</ns3:hr>
          </ns3:TrackPointExtension>
        </extensions>
      </trkpt>
      <trkpt lat="-25.51519679836928844451904296875" lon="-48.981709778308868408203125">
        <ele>1343.199951171875</ele>
        <time>2025-08-17T08:41:26.000Z</time>
        <extensions>
          <ns3:TrackPointExtension>
            <ns3:hr>108</ns3:hr>
          </ns3:TrackPointExtension>
        </extensions>
      </trkpt>
      <trkpt lat="-25.5151970498263835906982421875" lon="-48.98168941028416156768798828125">
        <ele>1343.199951171875</ele>
        <time>2025-08-17T08:41:35.000Z</time>
        <extensions>
          <ns3:TrackPointExtension>
            <ns3:hr>105</ns3:hr>
          </ns3:TrackPointExtension>
        </extensions>
      </trkpt>
      <trkpt lat="-25.51522672176361083984375" lon="-48.9816311560571193695068359375">
        <ele>1345.199951171875</ele>
        <time>2025-08-17T08:41:55.000Z</time>
        <extensions>
          <ns3:TrackPointExtension>
            <ns3:hr>102</ns3:hr>
          </ns3:TrackPointExtension>
        </extensions>
      </trkpt>
      <trkpt lat="-25.51522479392588138580322265625" lon="-48.9816355146467685699462890625">
        <ele>1345</ele>
        <time>2025-08-17T08:42:36.000Z</time>
        <extensions>
          <ns3:TrackPointExtension>
            <ns3:hr>105</ns3:hr>
          </ns3:TrackPointExtension>
        </extensions>
      </trkpt>
      <trkpt lat="-25.51522294990718364715576171875" lon="-48.9816412143409252166748046875">
        <ele>1345</ele>
        <time>2025-08-17T08:42:58.000Z</time>
        <extensions>
          <ns3:TrackPointExtension>
            <ns3:hr>105</ns3:hr>
          </ns3:TrackPointExtension>
        </extensions>
      </trkpt>
      <trkpt lat="-25.515210628509521484375" lon="-48.98165269754827022552490234375">
        <ele>1344.199951171875</ele>
        <time>2025-08-17T09:29:46.000Z</time>
        <extensions>
          <ns3:TrackPointExtension>
            <ns3:hr>75</ns3:hr>
          </ns3:TrackPointExtension>
        </extensions>
      </trkpt>
      <trkpt lat="-25.515210628509521484375" lon="-48.98165269754827022552490234375">
        <ele>1344.199951171875</ele>
        <time>2025-08-17T09:29:47.000Z</time>
        <extensions>
          <ns3:TrackPointExtension>
            <ns3:hr>75</ns3:hr>
          </ns3:TrackPointExtension>
        </extensions>
      </trkpt>
      <trkpt lat="-25.51521054469048976898193359375" lon="-48.98165269754827022552490234375">
        <ele>1344.199951171875</ele>
        <time>2025-08-17T09:29:53.000Z</time>
        <extensions>
          <ns3:TrackPointExtension>
            <ns3:hr>78</ns3:hr>
          </ns3:TrackPointExtension>
        </extensions>
      </trkpt>
      <trkpt lat="-25.51521054469048976898193359375" lon="-48.98165269754827022552490234375">
        <ele>1344.199951171875</ele>
        <time>2025-08-17T09:29:55.000Z</time>
        <extensions>
          <ns3:TrackPointExtension>
            <ns3:hr>80</ns3:hr>
          </ns3:TrackPointExtension>
        </extensions>
      </trkpt>
      <trkpt lat="-25.515196882188320159912109375" lon="-48.98175202310085296630859375">
        <ele>1343.4000244140625</ele>
        <time>2025-08-17T10:00:40.000Z</time>
        <extensions>
          <ns3:TrackPointExtension>
            <ns3:hr>75</ns3:hr>
          </ns3:TrackPointExtension>
        </extensions>
      </trkpt>
      <trkpt lat="-25.51519696600735187530517578125" lon="-48.98175193928182125091552734375">
        <ele>1343.4000244140625</ele>
        <time>2025-08-17T10:00:43.000Z</time>
        <extensions>
          <ns3:TrackPointExtension>
            <ns3:hr>75</ns3:hr>
          </ns3:TrackPointExtension>
        </extensions>
      </trkpt>
      <trkpt lat="-25.51554028876125812530517578125" lon="-48.98132379166781902313232421875">
        <ele>1352.5999755859375</ele>
        <time>2025-08-17T10:11:00.000Z</time>
        <extensions>
          <ns3:TrackPointExtension>
            <ns3:hr>77</ns3:hr>
          </ns3:TrackPointExtension>
        </extensions>
      </trkpt>
      <trkpt lat="-25.51554682664573192596435546875" lon="-48.98128909058868885040283203125">
        <ele>1352.199951171875</ele>
        <time>2025-08-17T10:11:11.000Z</time>
        <extensions>
          <ns3:TrackPointExtension>
            <ns3:hr>77</ns3:hr>
          </ns3:TrackPointExtension>
        </extensions>
      </trkpt>
      <trkpt lat="-25.5155514366924762725830078125" lon="-48.98126478306949138641357421875">
        <ele>1352</ele>
        <time>2025-08-17T10:11:22.000Z</time>
        <extensions>
          <ns3:TrackPointExtension>
            <ns3:hr>76</ns3:hr>
          </ns3:TrackPointExtension>
        </extensions>
      </trkpt>
      <trkpt lat="-25.5155554600059986114501953125" lon="-48.98125925101339817047119140625">
        <ele>1352</ele>
        <time>2025-08-17T10:11:28.000Z</time>
        <extensions>
          <ns3:TrackPointExtension>
            <ns3:hr>79</ns3:hr>
          </ns3:TrackPointExtension>
        </extensions>
      </trkpt>
      <trkpt lat="-25.51555956713855266571044921875" lon="-48.9812237955629825592041015625">
        <ele>1351.4000244140625</ele>
        <time>2025-08-17T10:11:39.000Z</time>
        <extensions>
          <ns3:TrackPointExtension>
            <ns3:hr>82</ns3:hr>
          </ns3:TrackPointExtension>
        </extensions>
      </trkpt>
      <trkpt lat="-25.51556023769080638885498046875" lon="-48.98122371174395084381103515625">
        <ele>1351.4000244140625</ele>
        <time>2025-08-17T10:11:41.000Z</time>
        <extensions>
          <ns3:TrackPointExtension>
            <ns3:hr>79</ns3:hr>
          </ns3:TrackPointExtension>
        </extensions>
      </trkpt>
      <trkpt lat="-25.5155990459024906158447265625" lon="-48.9812149107456207275390625">
        <ele>1351.199951171875</ele>
        <time>2025-08-17T10:11:59.000Z</time>
        <extensions>
          <ns3:TrackPointExtension>
            <ns3:hr>82</ns3:hr>
          </ns3:TrackPointExtension>
        </extensions>
      </trkpt>
      <trkpt lat="-25.5155879817903041839599609375" lon="-48.981179706752300262451171875">
        <ele>1350.199951171875</ele>
        <time>2025-08-17T10:12:26.000Z</time>
        <extensions>
          <ns3:TrackPointExtension>
            <ns3:hr>85</ns3:hr>
          </ns3:TrackPointExtension>
        </extensions>
      </trkpt>
      <trkpt lat="-25.51558471284806728363037109375" lon="-48.9811761863529682159423828125">
        <ele>1350.199951171875</ele>
        <time>2025-08-17T10:12:34.000Z</time>
        <extensions>
          <ns3:TrackPointExtension>
            <ns3:hr>88</ns3:hr>
          </ns3:TrackPointExtension>
        </extensions>
      </trkpt>
      <trkpt lat="-25.51557498984038829803466796875" lon="-48.98114190436899662017822265625">
        <ele>1349.4000244140625</ele>
        <time>2025-08-17T10:13:04.000Z</time>
        <extensions>
          <ns3:TrackPointExtension>
            <ns3:hr>84</ns3:hr>
          </ns3:TrackPointExtension>
        </extensions>
      </trkpt>
      <trkpt lat="-25.51558521576225757598876953125" lon="-48.98113905452191829681396484375">
        <ele>1349.199951171875</ele>
        <time>2025-08-17T10:13:12.000Z</time>
        <extensions>
          <ns3:TrackPointExtension>
            <ns3:hr>87</ns3:hr>
          </ns3:TrackPointExtension>
        </extensions>
      </trkpt>
      <trkpt lat="-25.5155920051038265228271484375" lon="-48.98112379945814609527587890625">
        <ele>1348.800048828125</ele>
        <time>2025-08-17T10:13:47.000Z</time>
        <extensions>
          <ns3:TrackPointExtension>
            <ns3:hr>90</ns3:hr>
          </ns3:TrackPointExtension>
        </extensions>
      </trkpt>
      <trkpt lat="-25.5155936814844608306884765625" lon="-48.981113322079181671142578125">
        <ele>1348.5999755859375</ele>
        <time>2025-08-17T10:13:58.000Z</time>
        <extensions>
          <ns3:TrackPointExtension>
            <ns3:hr>87</ns3:hr>
          </ns3:TrackPointExtension>
        </extensions>
      </trkpt>
      <trkpt lat="-25.51559661515057086944580078125" lon="-48.98109111003577709197998046875">
        <ele>1348</ele>
        <time>2025-08-17T10:14:13.000Z</time>
        <extensions>
          <ns3:TrackPointExtension>
            <ns3:hr>84</ns3:hr>
          </ns3:TrackPointExtension>
        </extensions>
      </trkpt>
      <trkpt lat="-25.51559887826442718505859375" lon="-48.98107769899070262908935546875">
        <ele>1347.5999755859375</ele>
        <time>2025-08-17T10:14:25.000Z</time>
        <extensions>
          <ns3:TrackPointExtension>
            <ns3:hr>81</ns3:hr>
          </ns3:TrackPointExtension>
        </extensions>
      </trkpt>
      <trkpt lat="-25.51559728570282459259033203125" lon="-48.9810692332684993743896484375">
        <ele>1347.4000244140625</ele>
        <time>2025-08-17T10:14:54.000Z</time>
        <extensions>
          <ns3:TrackPointExtension>
            <ns3:hr>78</ns3:hr>
          </ns3:TrackPointExtension>
        </extensions>
      </trkpt>
      <trkpt lat="-25.51559292711317539215087890625" lon="-48.9810578338801860809326171875">
        <ele>1347.199951171875</ele>
        <time>2025-08-17T10:15:24.000Z</time>
        <extensions>
          <ns3:TrackPointExtension>
            <ns3:hr>81</ns3:hr>
          </ns3:TrackPointExtension>
        </extensions>
      </trkpt>
      <trkpt lat="-25.5155920051038265228271484375" lon="-48.98105523549020290374755859375">
        <ele>1347.199951171875</ele>
        <time>2025-08-17T10:15:30.000Z</time>
        <extensions>
          <ns3:TrackPointExtension>
            <ns3:hr>84</ns3:hr>
          </ns3:TrackPointExtension>
        </extensions>
      </trkpt>
      <trkpt lat="-25.51559141837060451507568359375" lon="-48.98105355910956859588623046875">
        <ele>1347</ele>
        <time>2025-08-17T10:15:34.000Z</time>
        <extensions>
          <ns3:TrackPointExtension>
            <ns3:hr>87</ns3:hr>
          </ns3:TrackPointExtension>
        </extensions>
      </trkpt>
      <trkpt lat="-25.51559058018028736114501953125" lon="-48.9810507930815219879150390625">
        <ele>1347</ele>
        <time>2025-08-17T10:15:41.000Z</time>
        <extensions>
          <ns3:TrackPointExtension>
            <ns3:hr>91</ns3:hr>
          </ns3:TrackPointExtension>
        </extensions>
      </trkpt>
      <trkpt lat="-25.5155896581709384918212890625" lon="-48.98104802705347537994384765625">
        <ele>1347</ele>
        <time>2025-08-17T10:15:48.000Z</time>
        <extensions>
          <ns3:TrackPointExtension>
            <ns3:hr>94</ns3:hr>
          </ns3:TrackPointExtension>
        </extensions>
      </trkpt>
      <trkpt lat="-25.5155879817903041839599609375" lon="-48.98104215972125530242919921875">
        <ele>1346.800048828125</ele>
        <time>2025-08-17T10:16:03.000Z</time>
        <extensions>
          <ns3:TrackPointExtension>
            <ns3:hr>91</ns3:hr>
          </ns3:TrackPointExtension>
        </extensions>
      </trkpt>
      <trkpt lat="-25.51558622159063816070556640625" lon="-48.98103578947484493255615234375">
        <ele>1346.5999755859375</ele>
        <time>2025-08-17T10:16:18.000Z</time>
        <extensions>
          <ns3:TrackPointExtension>
            <ns3:hr>88</ns3:hr>
          </ns3:TrackPointExtension>
        </extensions>
      </trkpt>
      <trkpt lat="-25.5155849643051624298095703125" lon="-48.98102858103811740875244140625">
        <ele>1346.4000244140625</ele>
        <time>2025-08-17T10:16:34.000Z</time>
        <extensions>
          <ns3:TrackPointExtension>
            <ns3:hr>84</ns3:hr>
          </ns3:TrackPointExtension>
        </extensions>
      </trkpt>
      <trkpt lat="-25.5155832879245281219482421875" lon="-48.98101441562175750732421875">
        <ele>1346.199951171875</ele>
        <time>2025-08-17T10:17:01.000Z</time>
        <extensions>
          <ns3:TrackPointExtension>
            <ns3:hr>87</ns3:hr>
          </ns3:TrackPointExtension>
        </extensions>
      </trkpt>
      <trkpt lat="-25.515582449734210968017578125" lon="-48.9810031838715076446533203125">
        <ele>1345.800048828125</ele>
        <time>2025-08-17T10:17:20.000Z</time>
        <extensions>
          <ns3:TrackPointExtension>
            <ns3:hr>90</ns3:hr>
          </ns3:TrackPointExtension>
        </extensions>
      </trkpt>
      <trkpt lat="-25.51558219827711582183837890625" lon="-48.980998992919921875">
        <ele>1345.800048828125</ele>
        <time>2025-08-17T10:17:27.000Z</time>
        <extensions>
          <ns3:TrackPointExtension>
            <ns3:hr>87</ns3:hr>
          </ns3:TrackPointExtension>
        </extensions>
      </trkpt>
      <trkpt lat="-25.51558186300098896026611328125" lon="-48.9809949696063995361328125">
        <ele>1345.5999755859375</ele>
        <time>2025-08-17T10:17:34.000Z</time>
        <extensions>
          <ns3:TrackPointExtension>
            <ns3:hr>90</ns3:hr>
          </ns3:TrackPointExtension>
        </extensions>
      </trkpt>
      <trkpt lat="-25.51558186300098896026611328125" lon="-48.98099438287317752838134765625">
        <ele>1345.5999755859375</ele>
        <time>2025-08-17T10:17:35.000Z</time>
        <extensions>
          <ns3:TrackPointExtension>
            <ns3:hr>86</ns3:hr>
          </ns3:TrackPointExtension>
        </extensions>
      </trkpt>
      <trkpt lat="-25.51558144390583038330078125" lon="-48.9809897728264331817626953125">
        <ele>1345.4000244140625</ele>
        <time>2025-08-17T10:17:42.000Z</time>
        <extensions>
          <ns3:TrackPointExtension>
            <ns3:hr>89</ns3:hr>
          </ns3:TrackPointExtension>
        </extensions>
      </trkpt>
      <trkpt lat="-25.51558136008679866790771484375" lon="-48.98098851554095745086669921875">
        <ele>1345.4000244140625</ele>
        <time>2025-08-17T10:17:45.000Z</time>
        <extensions>
          <ns3:TrackPointExtension>
            <ns3:hr>92</ns3:hr>
          </ns3:TrackPointExtension>
        </extensions>
      </trkpt>
      <trkpt lat="-25.51558136008679866790771484375" lon="-48.98098801262676715850830078125">
        <ele>1345.4000244140625</ele>
        <time>2025-08-17T10:17:46.000Z</time>
        <extensions>
          <ns3:TrackPointExtension>
            <ns3:hr>88</ns3:hr>
          </ns3:TrackPointExtension>
        </extensions>
      </trkpt>
      <trkpt lat="-25.51558085717260837554931640625" lon="-48.98098348639905452728271484375">
        <ele>1345.4000244140625</ele>
        <time>2025-08-17T10:17:54.000Z</time>
        <extensions>
          <ns3:TrackPointExtension>
            <ns3:hr>85</ns3:hr>
          </ns3:TrackPointExtension>
        </extensions>
      </trkpt>
      <trkpt lat="-25.51557876169681549072265625" lon="-48.98096144199371337890625">
        <ele>1344.800048828125</ele>
        <time>2025-08-17T10:18:31.000Z</time>
        <extensions>
          <ns3:TrackPointExtension>
            <ns3:hr>82</ns3:hr>
          </ns3:TrackPointExtension>
        </extensions>
      </trkpt>
      <trkpt lat="-25.51557700149714946746826171875" lon="-48.9809492044150829315185546875">
        <ele>1344.199951171875</ele>
        <time>2025-08-17T10:18:52.000Z</time>
        <extensions>
          <ns3:TrackPointExtension>
            <ns3:hr>79</ns3:hr>
          </ns3:TrackPointExtension>
        </extensions>
      </trkpt>
      <trkpt lat="-25.5155769176781177520751953125" lon="-48.9809485338628292083740234375">
        <ele>1344.199951171875</ele>
        <time>2025-08-17T10:18:53.000Z</time>
        <extensions>
          <ns3:TrackPointExtension>
            <ns3:hr>82</ns3:hr>
          </ns3:TrackPointExtension>
        </extensions>
      </trkpt>
      <trkpt lat="-25.515576414763927459716796875" lon="-48.98094392381608486175537109375">
        <ele>1344</ele>
        <time>2025-08-17T10:19:01.000Z</time>
        <extensions>
          <ns3:TrackPointExtension>
            <ns3:hr>79</ns3:hr>
          </ns3:TrackPointExtension>
        </extensions>
      </trkpt>
      <trkpt lat="-25.51557607948780059814453125" lon="-48.9809414930641651153564453125">
        <ele>1344</ele>
        <time>2025-08-17T10:19:05.000Z</time>
        <extensions>
          <ns3:TrackPointExtension>
            <ns3:hr>76</ns3:hr>
          </ns3:TrackPointExtension>
        </extensions>
      </trkpt>
      <trkpt lat="-25.5155732296407222747802734375" lon="-48.9809264056384563446044921875">
        <ele>1343.4000244140625</ele>
        <time>2025-08-17T10:19:31.000Z</time>
        <extensions>
          <ns3:TrackPointExtension>
            <ns3:hr>73</ns3:hr>
          </ns3:TrackPointExtension>
        </extensions>
      </trkpt>
      <trkpt lat="-25.5155728943645954132080078125" lon="-48.980924226343631744384765625">
        <ele>1343.199951171875</ele>
        <time>2025-08-17T10:19:35.000Z</time>
        <extensions>
          <ns3:TrackPointExtension>
            <ns3:hr>76</ns3:hr>
          </ns3:TrackPointExtension>
        </extensions>
      </trkpt>
      <trkpt lat="-25.51557205617427825927734375" lon="-48.9809193648397922515869140625">
        <ele>1343</ele>
        <time>2025-08-17T10:19:44.000Z</time>
        <extensions>
          <ns3:TrackPointExtension>
            <ns3:hr>71</ns3:hr>
          </ns3:TrackPointExtension>
        </extensions>
      </trkpt>
      <trkpt lat="-25.51557180471718311309814453125" lon="-48.9809183590114116668701171875">
        <ele>1343</ele>
        <time>2025-08-17T10:19:46.000Z</time>
        <extensions>
          <ns3:TrackPointExtension>
            <ns3:hr>74</ns3:hr>
          </ns3:TrackPointExtension>
        </extensions>
      </trkpt>
      <trkpt lat="-25.515571050345897674560546875" lon="-48.9809145033359527587890625">
        <ele>1342.800048828125</ele>
        <time>2025-08-17T10:19:53.000Z</time>
        <extensions>
          <ns3:TrackPointExtension>
            <ns3:hr>77</ns3:hr>
          </ns3:TrackPointExtension>
        </extensions>
      </trkpt>
      <trkpt lat="-25.51557012833654880523681640625" lon="-48.98090838454663753509521484375">
        <ele>1342.5999755859375</ele>
        <time>2025-08-17T10:20:04.000Z</time>
        <extensions>
          <ns3:TrackPointExtension>
            <ns3:hr>80</ns3:hr>
          </ns3:TrackPointExtension>
        </extensions>
      </trkpt>
      <trkpt lat="-25.51556996069848537445068359375" lon="-48.9809062890708446502685546875">
        <ele>1342.5999755859375</ele>
        <time>2025-08-17T10:20:08.000Z</time>
        <extensions>
          <ns3:TrackPointExtension>
            <ns3:hr>83</ns3:hr>
          </ns3:TrackPointExtension>
        </extensions>
      </trkpt>
      <trkpt lat="-25.515569038689136505126953125" lon="-48.98090050555765628814697265625">
        <ele>1342.4000244140625</ele>
        <time>2025-08-17T10:20:18.000Z</time>
        <extensions>
          <ns3:TrackPointExtension>
            <ns3:hr>86</ns3:hr>
          </ns3:TrackPointExtension>
        </extensions>
      </trkpt>
      <trkpt lat="-25.51556861959397792816162109375" lon="-48.98089815862476825714111328125">
        <ele>1342.199951171875</ele>
        <time>2025-08-17T10:20:22.000Z</time>
        <extensions>
          <ns3:TrackPointExtension>
            <ns3:hr>89</ns3:hr>
          </ns3:TrackPointExtension>
        </extensions>
      </trkpt>
      <trkpt lat="-25.5155682004988193511962890625" lon="-48.980894722044467926025390625">
        <ele>1342.199951171875</ele>
        <time>2025-08-17T10:20:29.000Z</time>
        <extensions>
          <ns3:TrackPointExtension>
            <ns3:hr>86</ns3:hr>
          </ns3:TrackPointExtension>
        </extensions>
      </trkpt>
      <trkpt lat="-25.5155682004988193511962890625" lon="-48.9808942191302776336669921875">
        <ele>1342</ele>
        <time>2025-08-17T10:20:30.000Z</time>
        <extensions>
          <ns3:TrackPointExtension>
            <ns3:hr>83</ns3:hr>
          </ns3:TrackPointExtension>
        </extensions>
      </trkpt>
      <trkpt lat="-25.51556811667978763580322265625" lon="-48.98089371621608734130859375">
        <ele>1342</ele>
        <time>2025-08-17T10:20:31.000Z</time>
        <extensions>
          <ns3:TrackPointExtension>
            <ns3:hr>83</ns3:hr>
          </ns3:TrackPointExtension>
        </extensions>
      </trkpt>
      <trkpt lat="-25.51556677557528018951416015625" lon="-48.98088307119905948638916015625">
        <ele>1341.5999755859375</ele>
        <time>2025-08-17T10:20:52.000Z</time>
        <extensions>
          <ns3:TrackPointExtension>
            <ns3:hr>87</ns3:hr>
          </ns3:TrackPointExtension>
        </extensions>
      </trkpt>
      <trkpt lat="-25.5155665241181850433349609375" lon="-48.98088156245648860931396484375">
        <ele>1341.5999755859375</ele>
        <time>2025-08-17T10:20:55.000Z</time>
        <extensions>
          <ns3:TrackPointExtension>
            <ns3:hr>90</ns3:hr>
          </ns3:TrackPointExtension>
        </extensions>
      </trkpt>
      <trkpt lat="-25.5155658535659313201904296875" lon="-48.98087653331458568572998046875">
        <ele>1341.4000244140625</ele>
        <time>2025-08-17T10:21:06.000Z</time>
        <extensions>
          <ns3:TrackPointExtension>
            <ns3:hr>93</ns3:hr>
          </ns3:TrackPointExtension>
        </extensions>
      </trkpt>
      <trkpt lat="-25.5155641771852970123291015625" lon="-48.98086152970790863037109375">
        <ele>1340.800048828125</ele>
        <time>2025-08-17T10:21:37.000Z</time>
        <extensions>
          <ns3:TrackPointExtension>
            <ns3:hr>96</ns3:hr>
          </ns3:TrackPointExtension>
        </extensions>
      </trkpt>
      <trkpt lat="-25.5155638419091701507568359375" lon="-48.98085775785148143768310546875">
        <ele>1340.5999755859375</ele>
        <time>2025-08-17T10:21:45.000Z</time>
        <extensions>
          <ns3:TrackPointExtension>
            <ns3:hr>93</ns3:hr>
          </ns3:TrackPointExtension>
        </extensions>
      </trkpt>
      <trkpt lat="-25.51556132733821868896484375" lon="-48.98083663545548915863037109375">
        <ele>1339.800048828125</ele>
        <time>2025-08-17T10:22:32.000Z</time>
        <extensions>
          <ns3:TrackPointExtension>
            <ns3:hr>90</ns3:hr>
          </ns3:TrackPointExtension>
        </extensions>
      </trkpt>
      <trkpt lat="-25.51556074060499668121337890625" lon="-48.98083277978003025054931640625">
        <ele>1339.5999755859375</ele>
        <time>2025-08-17T10:22:41.000Z</time>
        <extensions>
          <ns3:TrackPointExtension>
            <ns3:hr>93</ns3:hr>
          </ns3:TrackPointExtension>
        </extensions>
      </trkpt>
      <trkpt lat="-25.5155606567859649658203125" lon="-48.98083194158971309661865234375">
        <ele>1339.5999755859375</ele>
        <time>2025-08-17T10:22:43.000Z</time>
        <extensions>
          <ns3:TrackPointExtension>
            <ns3:hr>97</ns3:hr>
          </ns3:TrackPointExtension>
        </extensions>
      </trkpt>
      <trkpt lat="-25.51551329903304576873779296875" lon="-48.98048895411193370819091796875">
        <ele>1323.4000244140625</ele>
        <time>2025-08-17T10:23:05.000Z</time>
        <extensions>
          <ns3:TrackPointExtension>
            <ns3:hr>98</ns3:hr>
          </ns3:TrackPointExtension>
        </extensions>
      </trkpt>
      <trkpt lat="-25.5155044980347156524658203125" lon="-48.98044218309223651885986328125">
        <ele>1321</ele>
        <time>2025-08-17T10:23:06.000Z</time>
        <extensions>
          <ns3:TrackPointExtension>
            <ns3:hr>98</ns3:hr>
          </ns3:TrackPointExtension>
        </extensions>
      </trkpt>
      <trkpt lat="-25.515480525791645050048828125" lon="-48.98035752587020397186279296875">
        <ele>1316.199951171875</ele>
        <time>2025-08-17T10:23:12.000Z</time>
        <extensions>
          <ns3:TrackPointExtension>
            <ns3:hr>95</ns3:hr>
          </ns3:TrackPointExtension>
        </extensions>
      </trkpt>
      <trkpt lat="-25.51548463292419910430908203125" lon="-48.98035584948956966400146484375">
        <ele>1316.199951171875</ele>
        <time>2025-08-17T10:23:14.000Z</time>
        <extensions>
          <ns3:TrackPointExtension>
            <ns3:hr>93</ns3:hr>
          </ns3:TrackPointExtension>
        </extensions>
      </trkpt>
      <trkpt lat="-25.5154828727245330810546875" lon="-48.98035534657537937164306640625">
        <ele>1316</ele>
        <time>2025-08-17T10:23:24.000Z</time>
        <extensions>
          <ns3:TrackPointExtension>
            <ns3:hr>94</ns3:hr>
          </ns3:TrackPointExtension>
        </extensions>
      </trkpt>
      <trkpt lat="-25.51548077724874019622802734375" lon="-48.9803592860698699951171875">
        <ele>1316.199951171875</ele>
        <time>2025-08-17T10:23:35.000Z</time>
        <extensions>
          <ns3:TrackPointExtension>
            <ns3:hr>97</ns3:hr>
          </ns3:TrackPointExtension>
        </extensions>
      </trkpt>
      <trkpt lat="-25.5154796876013278961181640625" lon="-48.9803594537079334259033203125">
        <ele>1316.199951171875</ele>
        <time>2025-08-17T10:23:37.000Z</time>
        <extensions>
          <ns3:TrackPointExtension>
            <ns3:hr>100</ns3:hr>
          </ns3:TrackPointExtension>
        </extensions>
      </trkpt>
      <trkpt lat="-25.5154766701161861419677734375" lon="-48.9803601242601871490478515625">
        <ele>1316.199951171875</ele>
        <time>2025-08-17T10:23:40.000Z</time>
        <extensions>
          <ns3:TrackPointExtension>
            <ns3:hr>97</ns3:hr>
          </ns3:TrackPointExtension>
        </extensions>
      </trkpt>
      <trkpt lat="-25.515471808612346649169921875" lon="-48.980360291898250579833984375">
        <ele>1316</ele>
        <time>2025-08-17T10:23:44.000Z</time>
        <extensions>
          <ns3:TrackPointExtension>
            <ns3:hr>101</ns3:hr>
          </ns3:TrackPointExtension>
        </extensions>
      </trkpt>
      <trkpt lat="-25.51546870730817317962646484375" lon="-48.980360291898250579833984375">
        <ele>1316</ele>
        <time>2025-08-17T10:23:49.000Z</time>
        <extensions>
          <ns3:TrackPointExtension>
            <ns3:hr>98</ns3:hr>
          </ns3:TrackPointExtension>
        </extensions>
      </trkpt>
      <trkpt lat="-25.51546552218496799468994140625" lon="-48.98035936988890171051025390625">
        <ele>1315.800048828125</ele>
        <time>2025-08-17T10:23:53.000Z</time>
        <extensions>
          <ns3:TrackPointExtension>
            <ns3:hr>101</ns3:hr>
          </ns3:TrackPointExtension>
        </extensions>
      </trkpt>
      <trkpt lat="-25.51546300761401653289794921875" lon="-48.98034344427287578582763671875">
        <ele>1315</ele>
        <time>2025-08-17T10:24:01.000Z</time>
        <extensions>
          <ns3:TrackPointExtension>
            <ns3:hr>105</ns3:hr>
          </ns3:TrackPointExtension>
        </extensions>
      </trkpt>
      <trkpt lat="-25.51546233706176280975341796875" lon="-48.98033573292195796966552734375">
        <ele>1314.4000244140625</ele>
        <time>2025-08-17T10:24:03.000Z</time>
        <extensions>
          <ns3:TrackPointExtension>
            <ns3:hr>102</ns3:hr>
          </ns3:TrackPointExtension>
        </extensions>
      </trkpt>
      <trkpt lat="-25.5154535360634326934814453125" lon="-48.9803299494087696075439453125">
        <ele>1314</ele>
        <time>2025-08-17T10:24:10.000Z</time>
        <extensions>
          <ns3:TrackPointExtension>
            <ns3:hr>105</ns3:hr>
          </ns3:TrackPointExtension>
        </extensions>
      </trkpt>
      <trkpt lat="-25.51544456742703914642333984375" lon="-48.9803265966475009918212890625">
        <ele>1313.5999755859375</ele>
        <time>2025-08-17T10:24:20.000Z</time>
        <extensions>
          <ns3:TrackPointExtension>
            <ns3:hr>111</ns3:hr>
          </ns3:TrackPointExtension>
        </extensions>
      </trkpt>
      <trkpt lat="-25.515444315969944000244140625" lon="-48.98032642900943756103515625">
        <ele>1313.5999755859375</ele>
        <time>2025-08-17T10:24:21.000Z</time>
        <extensions>
          <ns3:TrackPointExtension>
            <ns3:hr>114</ns3:hr>
          </ns3:TrackPointExtension>
        </extensions>
      </trkpt>
      <trkpt lat="-25.51544423215091228485107421875" lon="-48.980325758457183837890625">
        <ele>1313.4000244140625</ele>
        <time>2025-08-17T10:24:22.000Z</time>
        <extensions>
          <ns3:TrackPointExtension>
            <ns3:hr>114</ns3:hr>
          </ns3:TrackPointExtension>
        </extensions>
      </trkpt>
      <trkpt lat="-25.5154387839138507843017578125" lon="-48.9803158678114414215087890625">
        <ele>1312.800048828125</ele>
        <time>2025-08-17T10:24:27.000Z</time>
        <extensions>
          <ns3:TrackPointExtension>
            <ns3:hr>111</ns3:hr>
          </ns3:TrackPointExtension>
        </extensions>
      </trkpt>
      <trkpt lat="-25.515428893268108367919921875" lon="-48.9802947454154491424560546875">
        <ele>1311.4000244140625</ele>
        <time>2025-08-17T10:24:40.000Z</time>
        <extensions>
          <ns3:TrackPointExtension>
            <ns3:hr>107</ns3:hr>
          </ns3:TrackPointExtension>
        </extensions>
      </trkpt>
      <trkpt lat="-25.51539695821702480316162109375" lon="-48.98025543428957462310791015625">
        <ele>1308.4000244140625</ele>
        <time>2025-08-17T10:24:52.000Z</time>
        <extensions>
          <ns3:TrackPointExtension>
            <ns3:hr>104</ns3:hr>
          </ns3:TrackPointExtension>
        </extensions>
      </trkpt>
      <trkpt lat="-25.5153908394277095794677734375" lon="-48.98023188114166259765625">
        <ele>1307</ele>
        <time>2025-08-17T10:25:00.000Z</time>
        <extensions>
          <ns3:TrackPointExtension>
            <ns3:hr>101</ns3:hr>
          </ns3:TrackPointExtension>
        </extensions>
      </trkpt>
      <trkpt lat="-25.5153663642704486846923828125" lon="-48.98020598106086254119873046875">
        <ele>1305</ele>
        <time>2025-08-17T10:25:13.000Z</time>
        <extensions>
          <ns3:TrackPointExtension>
            <ns3:hr>104</ns3:hr>
          </ns3:TrackPointExtension>
        </extensions>
      </trkpt>
      <trkpt lat="-25.51535136066377162933349609375" lon="-48.98017756640911102294921875">
        <ele>1303.199951171875</ele>
        <time>2025-08-17T10:25:16.000Z</time>
        <extensions>
          <ns3:TrackPointExtension>
            <ns3:hr>104</ns3:hr>
          </ns3:TrackPointExtension>
        </extensions>
      </trkpt>
      <trkpt lat="-25.5153271369636058807373046875" lon="-48.9801147021353244781494140625">
        <ele>1299.4000244140625</ele>
        <time>2025-08-17T10:25:23.000Z</time>
        <extensions>
          <ns3:TrackPointExtension>
            <ns3:hr>103</ns3:hr>
          </ns3:TrackPointExtension>
        </extensions>
      </trkpt>
      <trkpt lat="-25.51531330682337284088134765625" lon="-48.9801098406314849853515625">
        <ele>1298.800048828125</ele>
        <time>2025-08-17T10:25:32.000Z</time>
        <extensions>
          <ns3:TrackPointExtension>
            <ns3:hr>104</ns3:hr>
          </ns3:TrackPointExtension>
        </extensions>
      </trkpt>
      <trkpt lat="-25.51531565375626087188720703125" lon="-48.980119228363037109375">
        <ele>1299.199951171875</ele>
        <time>2025-08-17T10:25:40.000Z</time>
        <extensions>
          <ns3:TrackPointExtension>
            <ns3:hr>104</ns3:hr>
          </ns3:TrackPointExtension>
        </extensions>
      </trkpt>
      <trkpt lat="-25.51531565375626087188720703125" lon="-48.980119228363037109375">
        <ele>1299.199951171875</ele>
        <time>2025-08-17T10:25:47.000Z</time>
        <extensions>
          <ns3:TrackPointExtension>
            <ns3:hr>101</ns3:hr>
          </ns3:TrackPointExtension>
        </extensions>
      </trkpt>
      <trkpt lat="-25.5153060145676136016845703125" lon="-48.980105482041835784912109375">
        <ele>1298.5999755859375</ele>
        <time>2025-08-17T10:25:59.000Z</time>
        <extensions>
          <ns3:TrackPointExtension>
            <ns3:hr>104</ns3:hr>
          </ns3:TrackPointExtension>
        </extensions>
      </trkpt>
      <trkpt lat="-25.5152978003025054931640625" lon="-48.9800677634775638580322265625">
        <ele>1296.800048828125</ele>
        <time>2025-08-17T10:26:41.000Z</time>
        <extensions>
          <ns3:TrackPointExtension>
            <ns3:hr>108</ns3:hr>
          </ns3:TrackPointExtension>
        </extensions>
      </trkpt>
      <trkpt lat="-25.5152972973883152008056640625" lon="-48.98006717674434185028076171875">
        <ele>1296.800048828125</ele>
        <time>2025-08-17T10:26:43.000Z</time>
        <extensions>
          <ns3:TrackPointExtension>
            <ns3:hr>105</ns3:hr>
          </ns3:TrackPointExtension>
        </extensions>
      </trkpt>
      <trkpt lat="-25.5152818746864795684814453125" lon="-48.9800382591784000396728515625">
        <ele>1295.199951171875</ele>
        <time>2025-08-17T10:26:58.000Z</time>
        <extensions>
          <ns3:TrackPointExtension>
            <ns3:hr>108</ns3:hr>
          </ns3:TrackPointExtension>
        </extensions>
      </trkpt>
      <trkpt lat="-25.5152788572013378143310546875" lon="-48.98003549315035343170166015625">
        <ele>1295.199951171875</ele>
        <time>2025-08-17T10:27:04.000Z</time>
        <extensions>
          <ns3:TrackPointExtension>
            <ns3:hr>111</ns3:hr>
          </ns3:TrackPointExtension>
        </extensions>
      </trkpt>
      <trkpt lat="-25.5152091197669506072998046875" lon="-48.98000196553766727447509765625">
        <ele>1293.199951171875</ele>
        <time>2025-08-17T10:27:31.000Z</time>
        <extensions>
          <ns3:TrackPointExtension>
            <ns3:hr>108</ns3:hr>
          </ns3:TrackPointExtension>
        </extensions>
      </trkpt>
      <trkpt lat="-25.51520249806344509124755859375" lon="-48.9799990318715572357177734375">
        <ele>1293.199951171875</ele>
        <time>2025-08-17T10:27:40.000Z</time>
        <extensions>
          <ns3:TrackPointExtension>
            <ns3:hr>105</ns3:hr>
          </ns3:TrackPointExtension>
        </extensions>
      </trkpt>
      <trkpt lat="-25.51519512198865413665771484375" lon="-48.97999509237706661224365234375">
        <ele>1293</ele>
        <time>2025-08-17T10:27:53.000Z</time>
        <extensions>
          <ns3:TrackPointExtension>
            <ns3:hr>108</ns3:hr>
          </ns3:TrackPointExtension>
        </extensions>
      </trkpt>
      <trkpt lat="-25.5151931941509246826171875" lon="-48.979978747665882110595703125">
        <ele>1292.199951171875</ele>
        <time>2025-08-17T10:28:16.000Z</time>
        <extensions>
          <ns3:TrackPointExtension>
            <ns3:hr>105</ns3:hr>
          </ns3:TrackPointExtension>
        </extensions>
      </trkpt>
      <trkpt lat="-25.51519361324608325958251953125" lon="-48.97997715510427951812744140625">
        <ele>1292.199951171875</ele>
        <time>2025-08-17T10:28:17.000Z</time>
        <extensions>
          <ns3:TrackPointExtension>
            <ns3:hr>108</ns3:hr>
          </ns3:TrackPointExtension>
        </extensions>
      </trkpt>
      <trkpt lat="-25.51517936401069164276123046875" lon="-48.97992401383817195892333984375">
        <ele>1290</ele>
        <time>2025-08-17T10:28:33.000Z</time>
        <extensions>
          <ns3:TrackPointExtension>
            <ns3:hr>108</ns3:hr>
          </ns3:TrackPointExtension>
        </extensions>
      </trkpt>
      <trkpt lat="-25.515160001814365386962890625" lon="-48.97988210432231426239013671875">
        <ele>1288.199951171875</ele>
        <time>2025-08-17T10:28:39.000Z</time>
        <extensions>
          <ns3:TrackPointExtension>
            <ns3:hr>109</ns3:hr>
          </ns3:TrackPointExtension>
        </extensions>
      </trkpt>
      <trkpt lat="-25.5151601694524288177490234375" lon="-48.979875482618808746337890625">
        <ele>1288</ele>
        <time>2025-08-17T10:28:46.000Z</time>
        <extensions>
          <ns3:TrackPointExtension>
            <ns3:hr>112</ns3:hr>
          </ns3:TrackPointExtension>
        </extensions>
      </trkpt>
      <trkpt lat="-25.5151601694524288177490234375" lon="-48.979875482618808746337890625">
        <ele>1288</ele>
        <time>2025-08-17T10:28:48.000Z</time>
        <extensions>
          <ns3:TrackPointExtension>
            <ns3:hr>112</ns3:hr>
          </ns3:TrackPointExtension>
        </extensions>
      </trkpt>
      <trkpt lat="-25.5151601694524288177490234375" lon="-48.979875482618808746337890625">
        <ele>1288</ele>
        <time>2025-08-17T10:28:52.000Z</time>
        <extensions>
          <ns3:TrackPointExtension>
            <ns3:hr>109</ns3:hr>
          </ns3:TrackPointExtension>
        </extensions>
      </trkpt>
      <trkpt lat="-25.515160001814365386962890625" lon="-48.979875482618808746337890625">
        <ele>1288</ele>
        <time>2025-08-17T10:28:55.000Z</time>
        <extensions>
          <ns3:TrackPointExtension>
            <ns3:hr>106</ns3:hr>
          </ns3:TrackPointExtension>
        </extensions>
      </trkpt>
      <trkpt lat="-25.51515958271920680999755859375" lon="-48.979875482618808746337890625">
        <ele>1288</ele>
        <time>2025-08-17T10:28:56.000Z</time>
        <extensions>
          <ns3:TrackPointExtension>
            <ns3:hr>103</ns3:hr>
          </ns3:TrackPointExtension>
        </extensions>
      </trkpt>
      <trkpt lat="-25.51515941508114337921142578125" lon="-48.979875482618808746337890625">
        <ele>1288</ele>
        <time>2025-08-17T10:28:57.000Z</time>
        <extensions>
          <ns3:TrackPointExtension>
            <ns3:hr>106</ns3:hr>
          </ns3:TrackPointExtension>
        </extensions>
      </trkpt>
      <trkpt lat="-25.51515857689082622528076171875" lon="-48.979870788753032684326171875">
        <ele>1287.800048828125</ele>
        <time>2025-08-17T10:29:07.000Z</time>
        <extensions>
          <ns3:TrackPointExtension>
            <ns3:hr>109</ns3:hr>
          </ns3:TrackPointExtension>
        </extensions>
      </trkpt>
      <trkpt lat="-25.51515857689082622528076171875" lon="-48.97987036965787410736083984375">
        <ele>1287.800048828125</ele>
        <time>2025-08-17T10:29:08.000Z</time>
        <extensions>
          <ns3:TrackPointExtension>
            <ns3:hr>106</ns3:hr>
          </ns3:TrackPointExtension>
        </extensions>
      </trkpt>
      <trkpt lat="-25.51515857689082622528076171875" lon="-48.979869782924652099609375">
        <ele>1287.5999755859375</ele>
        <time>2025-08-17T10:29:10.000Z</time>
        <extensions>
          <ns3:TrackPointExtension>
            <ns3:hr>109</ns3:hr>
          </ns3:TrackPointExtension>
        </extensions>
      </trkpt>
      <trkpt lat="-25.51515757106244564056396484375" lon="-48.9798659272491931915283203125">
        <ele>1287.5999755859375</ele>
        <time>2025-08-17T10:29:14.000Z</time>
        <extensions>
          <ns3:TrackPointExtension>
            <ns3:hr>112</ns3:hr>
          </ns3:TrackPointExtension>
        </extensions>
      </trkpt>
      <trkpt lat="-25.5151454173028469085693359375" lon="-48.97982577793300151824951171875">
        <ele>1286.5999755859375</ele>
        <time>2025-08-17T10:30:22.000Z</time>
        <extensions>
          <ns3:TrackPointExtension>
            <ns3:hr>109</ns3:hr>
          </ns3:TrackPointExtension>
        </extensions>
      </trkpt>
      <trkpt lat="-25.51513619720935821533203125" lon="-48.9798201620578765869140625">
        <ele>1286.4000244140625</ele>
        <time>2025-08-17T10:30:29.000Z</time>
        <extensions>
          <ns3:TrackPointExtension>
            <ns3:hr>106</ns3:hr>
          </ns3:TrackPointExtension>
        </extensions>
      </trkpt>
      <trkpt lat="-25.51513644866645336151123046875" lon="-48.97978286258876323699951171875">
        <ele>1286</ele>
        <time>2025-08-17T10:30:37.000Z</time>
        <extensions>
          <ns3:TrackPointExtension>
            <ns3:hr>107</ns3:hr>
          </ns3:TrackPointExtension>
        </extensions>
      </trkpt>
      <trkpt lat="-25.5151269771158695220947265625" lon="-48.97979359142482280731201171875">
        <ele>1286</ele>
        <time>2025-08-17T10:30:42.000Z</time>
        <extensions>
          <ns3:TrackPointExtension>
            <ns3:hr>107</ns3:hr>
          </ns3:TrackPointExtension>
        </extensions>
      </trkpt>
      <trkpt lat="-25.515122450888156890869140625" lon="-48.97980214096605777740478515625">
        <ele>1286</ele>
        <time>2025-08-17T10:30:48.000Z</time>
        <extensions>
          <ns3:TrackPointExtension>
            <ns3:hr>108</ns3:hr>
          </ns3:TrackPointExtension>
        </extensions>
      </trkpt>
      <trkpt lat="-25.51512354053556919097900390625" lon="-48.97981144487857818603515625">
        <ele>1286.199951171875</ele>
        <time>2025-08-17T10:30:56.000Z</time>
        <extensions>
          <ns3:TrackPointExtension>
            <ns3:hr>108</ns3:hr>
          </ns3:TrackPointExtension>
        </extensions>
      </trkpt>
      <trkpt lat="-25.5151154100894927978515625" lon="-48.9798186533153057098388671875">
        <ele>1286.199951171875</ele>
        <time>2025-08-17T10:31:04.000Z</time>
        <extensions>
          <ns3:TrackPointExtension>
            <ns3:hr>108</ns3:hr>
          </ns3:TrackPointExtension>
        </extensions>
      </trkpt>
      <trkpt lat="-25.51513561047613620758056640625" lon="-48.97983164526522159576416015625">
        <ele>1286.5999755859375</ele>
        <time>2025-08-17T10:31:13.000Z</time>
        <extensions>
          <ns3:TrackPointExtension>
            <ns3:hr>110</ns3:hr>
          </ns3:TrackPointExtension>
        </extensions>
      </trkpt>
      <trkpt lat="-25.51514851860702037811279296875" lon="-48.979846648871898651123046875">
        <ele>1287</ele>
        <time>2025-08-17T10:31:20.000Z</time>
        <extensions>
          <ns3:TrackPointExtension>
            <ns3:hr>112</ns3:hr>
          </ns3:TrackPointExtension>
        </extensions>
      </trkpt>
      <trkpt lat="-25.51516167819499969482421875" lon="-48.97985746152698993682861328125">
        <ele>1287.199951171875</ele>
        <time>2025-08-17T10:31:26.000Z</time>
        <extensions>
          <ns3:TrackPointExtension>
            <ns3:hr>113</ns3:hr>
          </ns3:TrackPointExtension>
        </extensions>
      </trkpt>
      <trkpt lat="-25.515156649053096771240234375" lon="-48.9798887260258197784423828125">
        <ele>1288.4000244140625</ele>
        <time>2025-08-17T10:31:37.000Z</time>
        <extensions>
          <ns3:TrackPointExtension>
            <ns3:hr>111</ns3:hr>
          </ns3:TrackPointExtension>
        </extensions>
      </trkpt>
      <trkpt lat="-25.5151551403105258941650390625" lon="-48.97988042794167995452880859375">
        <ele>1288</ele>
        <time>2025-08-17T10:31:44.000Z</time>
        <extensions>
          <ns3:TrackPointExtension>
            <ns3:hr>108</ns3:hr>
          </ns3:TrackPointExtension>
        </extensions>
      </trkpt>
      <trkpt lat="-25.5151578225195407867431640625" lon="-48.97987975738942623138427734375">
        <ele>1288</ele>
        <time>2025-08-17T10:32:02.000Z</time>
        <extensions>
          <ns3:TrackPointExtension>
            <ns3:hr>108</ns3:hr>
          </ns3:TrackPointExtension>
        </extensions>
      </trkpt>
      <trkpt lat="-25.51515388302505016326904296875" lon="-48.97986399941146373748779296875">
        <ele>1287.4000244140625</ele>
        <time>2025-08-17T10:32:27.000Z</time>
        <extensions>
          <ns3:TrackPointExtension>
            <ns3:hr>109</ns3:hr>
          </ns3:TrackPointExtension>
        </extensions>
      </trkpt>
      <trkpt lat="-25.51515589468181133270263671875" lon="-48.97986165247857570648193359375">
        <ele>1287.4000244140625</ele>
        <time>2025-08-17T10:32:34.000Z</time>
        <extensions>
          <ns3:TrackPointExtension>
            <ns3:hr>107</ns3:hr>
          </ns3:TrackPointExtension>
        </extensions>
      </trkpt>
      <trkpt lat="-25.51515589468181133270263671875" lon="-48.97986165247857570648193359375">
        <ele>1287.4000244140625</ele>
        <time>2025-08-17T10:32:38.000Z</time>
        <extensions>
          <ns3:TrackPointExtension>
            <ns3:hr>104</ns3:hr>
          </ns3:TrackPointExtension>
        </extensions>
      </trkpt>
      <trkpt lat="-25.51515589468181133270263671875" lon="-48.97986165247857570648193359375">
        <ele>1287.4000244140625</ele>
        <time>2025-08-17T10:32:40.000Z</time>
        <extensions>
          <ns3:TrackPointExtension>
            <ns3:hr>100</ns3:hr>
          </ns3:TrackPointExtension>
        </extensions>
      </trkpt>
      <trkpt lat="-25.51515589468181133270263671875" lon="-48.97986165247857570648193359375">
        <ele>1287.4000244140625</ele>
        <time>2025-08-17T10:32:42.000Z</time>
        <extensions>
          <ns3:TrackPointExtension>
            <ns3:hr>96</ns3:hr>
          </ns3:TrackPointExtension>
        </extensions>
      </trkpt>
      <trkpt lat="-25.51515187136828899383544921875" lon="-48.97986232303082942962646484375">
        <ele>1287.4000244140625</ele>
        <time>2025-08-17T10:33:31.000Z</time>
        <extensions>
          <ns3:TrackPointExtension>
            <ns3:hr>93</ns3:hr>
          </ns3:TrackPointExtension>
        </extensions>
      </trkpt>
      <trkpt lat="-25.51511943340301513671875" lon="-48.97984606213867664337158203125">
        <ele>1286.5999755859375</ele>
        <time>2025-08-17T10:33:58.000Z</time>
        <extensions>
          <ns3:TrackPointExtension>
            <ns3:hr>90</ns3:hr>
          </ns3:TrackPointExtension>
        </extensions>
      </trkpt>
      <trkpt lat="-25.51511532627046108245849609375" lon="-48.9798387698829174041748046875">
        <ele>1286.5999755859375</ele>
        <time>2025-08-17T10:34:11.000Z</time>
        <extensions>
          <ns3:TrackPointExtension>
            <ns3:hr>93</ns3:hr>
          </ns3:TrackPointExtension>
        </extensions>
      </trkpt>
      <trkpt lat="-25.51511532627046108245849609375" lon="-48.9798384346067905426025390625">
        <ele>1286.5999755859375</ele>
        <time>2025-08-17T10:34:12.000Z</time>
        <extensions>
          <ns3:TrackPointExtension>
            <ns3:hr>97</ns3:hr>
          </ns3:TrackPointExtension>
        </extensions>
      </trkpt>
      <trkpt lat="-25.51511532627046108245849609375" lon="-48.97983826696872711181640625">
        <ele>1286.5999755859375</ele>
        <time>2025-08-17T10:34:13.000Z</time>
        <extensions>
          <ns3:TrackPointExtension>
            <ns3:hr>97</ns3:hr>
          </ns3:TrackPointExtension>
        </extensions>
      </trkpt>
      <trkpt lat="-25.51511515863239765167236328125" lon="-48.979836590588092803955078125">
        <ele>1286.5999755859375</ele>
        <time>2025-08-17T10:34:16.000Z</time>
        <extensions>
          <ns3:TrackPointExtension>
            <ns3:hr>100</ns3:hr>
          </ns3:TrackPointExtension>
        </extensions>
      </trkpt>
      <trkpt lat="-25.51511281169950962066650390625" lon="-48.97982611320912837982177734375">
        <ele>1286.4000244140625</ele>
        <time>2025-08-17T10:34:28.000Z</time>
        <extensions>
          <ns3:TrackPointExtension>
            <ns3:hr>97</ns3:hr>
          </ns3:TrackPointExtension>
        </extensions>
      </trkpt>
      <trkpt lat="-25.515107028186321258544921875" lon="-48.9798240177333354949951171875">
        <ele>1286.199951171875</ele>
        <time>2025-08-17T10:34:34.000Z</time>
        <extensions>
          <ns3:TrackPointExtension>
            <ns3:hr>94</ns3:hr>
          </ns3:TrackPointExtension>
        </extensions>
      </trkpt>
      <trkpt lat="-25.5150939524173736572265625" lon="-48.9798139594495296478271484375">
        <ele>1286</ele>
        <time>2025-08-17T10:34:42.000Z</time>
        <extensions>
          <ns3:TrackPointExtension>
            <ns3:hr>89</ns3:hr>
          </ns3:TrackPointExtension>
        </extensions>
      </trkpt>
      <trkpt lat="-25.5150726623833179473876953125" lon="-48.97980951704084873199462890625">
        <ele>1285.800048828125</ele>
        <time>2025-08-17T10:34:54.000Z</time>
        <extensions>
          <ns3:TrackPointExtension>
            <ns3:hr>92</ns3:hr>
          </ns3:TrackPointExtension>
        </extensions>
      </trkpt>
      <trkpt lat="-25.5150636099278926849365234375" lon="-48.97978386841714382171630859375">
        <ele>1285.4000244140625</ele>
        <time>2025-08-17T10:35:06.000Z</time>
        <extensions>
          <ns3:TrackPointExtension>
            <ns3:hr>93</ns3:hr>
          </ns3:TrackPointExtension>
        </extensions>
      </trkpt>
      <trkpt lat="-25.51506838761270046234130859375" lon="-48.97977397777140140533447265625">
        <ele>1285.199951171875</ele>
        <time>2025-08-17T10:35:11.000Z</time>
        <extensions>
          <ns3:TrackPointExtension>
            <ns3:hr>93</ns3:hr>
          </ns3:TrackPointExtension>
        </extensions>
      </trkpt>
      <trkpt lat="-25.515062101185321807861328125" lon="-48.9797462336719036102294921875">
        <ele>1284.800048828125</ele>
        <time>2025-08-17T10:35:21.000Z</time>
        <extensions>
          <ns3:TrackPointExtension>
            <ns3:hr>91</ns3:hr>
          </ns3:TrackPointExtension>
        </extensions>
      </trkpt>
      <trkpt lat="-25.51505363546311855316162109375" lon="-48.97973760031163692474365234375">
        <ele>1284.5999755859375</ele>
        <time>2025-08-17T10:35:25.000Z</time>
        <extensions>
          <ns3:TrackPointExtension>
            <ns3:hr>94</ns3:hr>
          </ns3:TrackPointExtension>
        </extensions>
      </trkpt>
      <trkpt lat="-25.51505262963473796844482421875" lon="-48.9797355048358440399169921875">
        <ele>1284.5999755859375</ele>
        <time>2025-08-17T10:35:26.000Z</time>
        <extensions>
          <ns3:TrackPointExtension>
            <ns3:hr>91</ns3:hr>
          </ns3:TrackPointExtension>
        </extensions>
      </trkpt>
      <trkpt lat="-25.5150528810918331146240234375" lon="-48.97973475046455860137939453125">
        <ele>1284.5999755859375</ele>
        <time>2025-08-17T10:35:27.000Z</time>
        <extensions>
          <ns3:TrackPointExtension>
            <ns3:hr>91</ns3:hr>
          </ns3:TrackPointExtension>
        </extensions>
      </trkpt>
      <trkpt lat="-25.515049360692501068115234375" lon="-48.979736678302288055419921875">
        <ele>1284.5999755859375</ele>
        <time>2025-08-17T10:35:33.000Z</time>
        <extensions>
          <ns3:TrackPointExtension>
            <ns3:hr>88</ns3:hr>
          </ns3:TrackPointExtension>
        </extensions>
      </trkpt>
      <trkpt lat="-25.51505229435861110687255859375" lon="-48.97973634302616119384765625">
        <ele>1284.5999755859375</ele>
        <time>2025-08-17T10:35:36.000Z</time>
        <extensions>
          <ns3:TrackPointExtension>
            <ns3:hr>87</ns3:hr>
          </ns3:TrackPointExtension>
        </extensions>
      </trkpt>
      <trkpt lat="-25.51504910923540592193603515625" lon="-48.97973575629293918609619140625">
        <ele>1284.5999755859375</ele>
        <time>2025-08-17T10:35:56.000Z</time>
        <extensions>
          <ns3:TrackPointExtension>
            <ns3:hr>90</ns3:hr>
          </ns3:TrackPointExtension>
        </extensions>
      </trkpt>
      <trkpt lat="-25.51504424773156642913818359375" lon="-48.9797344990074634552001953125">
        <ele>1284.5999755859375</ele>
        <time>2025-08-17T10:36:00.000Z</time>
        <extensions>
          <ns3:TrackPointExtension>
            <ns3:hr>93</ns3:hr>
          </ns3:TrackPointExtension>
        </extensions>
      </trkpt>
      <trkpt lat="-25.5150263942778110504150390625" lon="-48.979687727987766265869140625">
        <ele>1283.800048828125</ele>
        <time>2025-08-17T10:36:39.000Z</time>
        <extensions>
          <ns3:TrackPointExtension>
            <ns3:hr>90</ns3:hr>
          </ns3:TrackPointExtension>
        </extensions>
      </trkpt>
      <trkpt lat="-25.5150240473449230194091796875" lon="-48.979687727987766265869140625">
        <ele>1283.800048828125</ele>
        <time>2025-08-17T10:36:40.000Z</time>
        <extensions>
          <ns3:TrackPointExtension>
            <ns3:hr>93</ns3:hr>
          </ns3:TrackPointExtension>
        </extensions>
      </trkpt>
      <trkpt lat="-25.51495137624442577362060546875" lon="-48.97970256395637989044189453125">
        <ele>1285.199951171875</ele>
        <time>2025-08-17T10:36:52.000Z</time>
        <extensions>
          <ns3:TrackPointExtension>
            <ns3:hr>95</ns3:hr>
          </ns3:TrackPointExtension>
        </extensions>
      </trkpt>
      <trkpt lat="-25.5148808844387531280517578125" lon="-48.97970323450863361358642578125">
        <ele>1287</ele>
        <time>2025-08-17T10:36:57.000Z</time>
        <extensions>
          <ns3:TrackPointExtension>
            <ns3:hr>94</ns3:hr>
          </ns3:TrackPointExtension>
        </extensions>
      </trkpt>
      <trkpt lat="-25.51482330076396465301513671875" lon="-48.979666940867900848388671875">
        <ele>1287.800048828125</ele>
        <time>2025-08-17T10:37:03.000Z</time>
        <extensions>
          <ns3:TrackPointExtension>
            <ns3:hr>95</ns3:hr>
          </ns3:TrackPointExtension>
        </extensions>
      </trkpt>
      <trkpt lat="-25.51482615061104297637939453125" lon="-48.9796771667897701263427734375">
        <ele>1288</ele>
        <time>2025-08-17T10:37:06.000Z</time>
        <extensions>
          <ns3:TrackPointExtension>
            <ns3:hr>92</ns3:hr>
          </ns3:TrackPointExtension>
        </extensions>
      </trkpt>
      <trkpt lat="-25.514818020164966583251953125" lon="-48.97967440076172351837158203125">
        <ele>1288</ele>
        <time>2025-08-17T10:37:11.000Z</time>
        <extensions>
          <ns3:TrackPointExtension>
            <ns3:hr>89</ns3:hr>
          </ns3:TrackPointExtension>
        </extensions>
      </trkpt>
      <trkpt lat="-25.51480435766279697418212890625" lon="-48.9796751551330089569091796875">
        <ele>1288.199951171875</ele>
        <time>2025-08-17T10:37:14.000Z</time>
        <extensions>
          <ns3:TrackPointExtension>
            <ns3:hr>89</ns3:hr>
          </ns3:TrackPointExtension>
        </extensions>
      </trkpt>
      <trkpt lat="-25.514804609119892120361328125" lon="-48.9796718023717403411865234375">
        <ele>1288.199951171875</ele>
        <time>2025-08-17T10:37:22.000Z</time>
        <extensions>
          <ns3:TrackPointExtension>
            <ns3:hr>87</ns3:hr>
          </ns3:TrackPointExtension>
        </extensions>
      </trkpt>
      <trkpt lat="-25.5148051120340824127197265625" lon="-48.97967398166656494140625">
        <ele>1288.199951171875</ele>
        <time>2025-08-17T10:37:23.000Z</time>
        <extensions>
          <ns3:TrackPointExtension>
            <ns3:hr>90</ns3:hr>
          </ns3:TrackPointExtension>
        </extensions>
      </trkpt>
      <trkpt lat="-25.5148051120340824127197265625" lon="-48.97967398166656494140625">
        <ele>1288.199951171875</ele>
        <time>2025-08-17T10:37:26.000Z</time>
        <extensions>
          <ns3:TrackPointExtension>
            <ns3:hr>93</ns3:hr>
          </ns3:TrackPointExtension>
        </extensions>
      </trkpt>
      <trkpt lat="-25.5148031003773212432861328125" lon="-48.9796751551330089569091796875">
        <ele>1288.199951171875</ele>
        <time>2025-08-17T10:37:27.000Z</time>
        <extensions>
          <ns3:TrackPointExtension>
            <ns3:hr>89</ns3:hr>
          </ns3:TrackPointExtension>
        </extensions>
      </trkpt>
      <trkpt lat="-25.51478826440870761871337890625" lon="-48.97968160919845104217529296875">
        <ele>1288.4000244140625</ele>
        <time>2025-08-17T10:37:29.000Z</time>
        <extensions>
          <ns3:TrackPointExtension>
            <ns3:hr>92</ns3:hr>
          </ns3:TrackPointExtension>
        </extensions>
      </trkpt>
      <trkpt lat="-25.51478222943842411041259765625" lon="-48.9796793460845947265625">
        <ele>1288.5999755859375</ele>
        <time>2025-08-17T10:37:30.000Z</time>
        <extensions>
          <ns3:TrackPointExtension>
            <ns3:hr>90</ns3:hr>
          </ns3:TrackPointExtension>
        </extensions>
      </trkpt>
      <trkpt lat="-25.5147404037415981292724609375" lon="-48.97973558865487575531005859375">
        <ele>1289.4000244140625</ele>
        <time>2025-08-17T10:37:36.000Z</time>
        <extensions>
          <ns3:TrackPointExtension>
            <ns3:hr>90</ns3:hr>
          </ns3:TrackPointExtension>
        </extensions>
      </trkpt>
      <trkpt lat="-25.51474048756062984466552734375" lon="-48.979736678302288055419921875">
        <ele>1289.4000244140625</ele>
        <time>2025-08-17T10:37:37.000Z</time>
        <extensions>
          <ns3:TrackPointExtension>
            <ns3:hr>87</ns3:hr>
          </ns3:TrackPointExtension>
        </extensions>
      </trkpt>
      <trkpt lat="-25.51473847590386867523193359375" lon="-48.97973726503551006317138671875">
        <ele>1289.4000244140625</ele>
        <time>2025-08-17T10:37:39.000Z</time>
        <extensions>
          <ns3:TrackPointExtension>
            <ns3:hr>90</ns3:hr>
          </ns3:TrackPointExtension>
        </extensions>
      </trkpt>
      <trkpt lat="-25.51473646424710750579833984375" lon="-48.979740031063556671142578125">
        <ele>1289.4000244140625</ele>
        <time>2025-08-17T10:37:41.000Z</time>
        <extensions>
          <ns3:TrackPointExtension>
            <ns3:hr>87</ns3:hr>
          </ns3:TrackPointExtension>
        </extensions>
      </trkpt>
      <trkpt lat="-25.51472204737365245819091796875" lon="-48.97974061779677867889404296875">
        <ele>1289.800048828125</ele>
        <time>2025-08-17T10:37:43.000Z</time>
        <extensions>
          <ns3:TrackPointExtension>
            <ns3:hr>87</ns3:hr>
          </ns3:TrackPointExtension>
        </extensions>
      </trkpt>
      <trkpt lat="-25.51472204737365245819091796875" lon="-48.97974061779677867889404296875">
        <ele>1289.800048828125</ele>
        <time>2025-08-17T10:37:44.000Z</time>
        <extensions>
          <ns3:TrackPointExtension>
            <ns3:hr>84</ns3:hr>
          </ns3:TrackPointExtension>
        </extensions>
      </trkpt>
      <trkpt lat="-25.51471902988851070404052734375" lon="-48.9797361753880977630615234375">
        <ele>1290</ele>
        <time>2025-08-17T10:37:45.000Z</time>
        <extensions>
          <ns3:TrackPointExtension>
            <ns3:hr>87</ns3:hr>
          </ns3:TrackPointExtension>
        </extensions>
      </trkpt>
      <trkpt lat="-25.5147008411586284637451171875" lon="-48.97974765859544277191162109375">
        <ele>1290.800048828125</ele>
        <time>2025-08-17T10:37:50.000Z</time>
        <extensions>
          <ns3:TrackPointExtension>
            <ns3:hr>86</ns3:hr>
          </ns3:TrackPointExtension>
        </extensions>
      </trkpt>
      <trkpt lat="-25.51467963494360446929931640625" lon="-48.9797586388885974884033203125">
        <ele>1291.800048828125</ele>
        <time>2025-08-17T10:37:58.000Z</time>
        <extensions>
          <ns3:TrackPointExtension>
            <ns3:hr>85</ns3:hr>
          </ns3:TrackPointExtension>
        </extensions>
      </trkpt>
      <trkpt lat="-25.51467477343976497650146484375" lon="-48.97975654341280460357666015625">
        <ele>1292</ele>
        <time>2025-08-17T10:38:03.000Z</time>
        <extensions>
          <ns3:TrackPointExtension>
            <ns3:hr>86</ns3:hr>
          </ns3:TrackPointExtension>
        </extensions>
      </trkpt>
      <trkpt lat="-25.5146787129342555999755859375" lon="-48.979738019406795501708984375">
        <ele>1291.800048828125</ele>
        <time>2025-08-17T10:38:09.000Z</time>
        <extensions>
          <ns3:TrackPointExtension>
            <ns3:hr>87</ns3:hr>
          </ns3:TrackPointExtension>
        </extensions>
      </trkpt>
      <trkpt lat="-25.5146468617022037506103515625" lon="-48.97972066886723041534423828125">
        <ele>1293.199951171875</ele>
        <time>2025-08-17T10:38:15.000Z</time>
        <extensions>
          <ns3:TrackPointExtension>
            <ns3:hr>88</ns3:hr>
          </ns3:TrackPointExtension>
        </extensions>
      </trkpt>
      <trkpt lat="-25.51462230272591114044189453125" lon="-48.97969820536673069000244140625">
        <ele>1294.4000244140625</ele>
        <time>2025-08-17T10:38:20.000Z</time>
        <extensions>
          <ns3:TrackPointExtension>
            <ns3:hr>91</ns3:hr>
          </ns3:TrackPointExtension>
        </extensions>
      </trkpt>
      <trkpt lat="-25.5146205425262451171875" lon="-48.97969820536673069000244140625">
        <ele>1294.4000244140625</ele>
        <time>2025-08-17T10:38:21.000Z</time>
        <extensions>
          <ns3:TrackPointExtension>
            <ns3:hr>88</ns3:hr>
          </ns3:TrackPointExtension>
        </extensions>
      </trkpt>
      <trkpt lat="-25.51461610011756420135498046875" lon="-48.979708515107631683349609375">
        <ele>1294.5999755859375</ele>
        <time>2025-08-17T10:38:24.000Z</time>
        <extensions>
          <ns3:TrackPointExtension>
            <ns3:hr>89</ns3:hr>
          </ns3:TrackPointExtension>
        </extensions>
      </trkpt>
      <trkpt lat="-25.514602102339267730712890625" lon="-48.979715891182422637939453125">
        <ele>1295.4000244140625</ele>
        <time>2025-08-17T10:38:31.000Z</time>
        <extensions>
          <ns3:TrackPointExtension>
            <ns3:hr>89</ns3:hr>
          </ns3:TrackPointExtension>
        </extensions>
      </trkpt>
      <trkpt lat="-25.5146026052534580230712890625" lon="-48.9797155559062957763671875">
        <ele>1295.199951171875</ele>
        <time>2025-08-17T10:38:34.000Z</time>
        <extensions>
          <ns3:TrackPointExtension>
            <ns3:hr>92</ns3:hr>
          </ns3:TrackPointExtension>
        </extensions>
      </trkpt>
      <trkpt lat="-25.5146026052534580230712890625" lon="-48.9797155559062957763671875">
        <ele>1295.199951171875</ele>
        <time>2025-08-17T10:38:36.000Z</time>
        <extensions>
          <ns3:TrackPointExtension>
            <ns3:hr>87</ns3:hr>
          </ns3:TrackPointExtension>
        </extensions>
      </trkpt>
      <trkpt lat="-25.5146026052534580230712890625" lon="-48.9797155559062957763671875">
        <ele>1295.199951171875</ele>
        <time>2025-08-17T10:38:38.000Z</time>
        <extensions>
          <ns3:TrackPointExtension>
            <ns3:hr>89</ns3:hr>
          </ns3:TrackPointExtension>
        </extensions>
      </trkpt>
      <trkpt lat="-25.51459698937833309173583984375" lon="-48.979716561734676361083984375">
        <ele>1295.5999755859375</ele>
        <time>2025-08-17T10:38:52.000Z</time>
        <extensions>
          <ns3:TrackPointExtension>
            <ns3:hr>86</ns3:hr>
          </ns3:TrackPointExtension>
        </extensions>
      </trkpt>
      <trkpt lat="-25.514594055712223052978515625" lon="-48.979716561734676361083984375">
        <ele>1295.5999755859375</ele>
        <time>2025-08-17T10:38:54.000Z</time>
        <extensions>
          <ns3:TrackPointExtension>
            <ns3:hr>89</ns3:hr>
          </ns3:TrackPointExtension>
        </extensions>
      </trkpt>
      <trkpt lat="-25.514553487300872802734375" lon="-48.979708850383758544921875">
        <ele>1297</ele>
        <time>2025-08-17T10:39:14.000Z</time>
        <extensions>
          <ns3:TrackPointExtension>
            <ns3:hr>92</ns3:hr>
          </ns3:TrackPointExtension>
        </extensions>
      </trkpt>
      <trkpt lat="-25.514502190053462982177734375" lon="-48.97968982346355915069580078125">
        <ele>1298.5999755859375</ele>
        <time>2025-08-17T10:39:52.000Z</time>
        <extensions>
          <ns3:TrackPointExtension>
            <ns3:hr>97</ns3:hr>
          </ns3:TrackPointExtension>
        </extensions>
      </trkpt>
      <trkpt lat="-25.51450177095830440521240234375" lon="-48.979689739644527435302734375">
        <ele>1298.5999755859375</ele>
        <time>2025-08-17T10:39:53.000Z</time>
        <extensions>
          <ns3:TrackPointExtension>
            <ns3:hr>102</ns3:hr>
          </ns3:TrackPointExtension>
        </extensions>
      </trkpt>
      <trkpt lat="-25.51450143568217754364013671875" lon="-48.97968965582549571990966796875">
        <ele>1298.5999755859375</ele>
        <time>2025-08-17T10:39:54.000Z</time>
        <extensions>
          <ns3:TrackPointExtension>
            <ns3:hr>105</ns3:hr>
          </ns3:TrackPointExtension>
        </extensions>
      </trkpt>
      <trkpt lat="-25.51450076512992382049560546875" lon="-48.97968965582549571990966796875">
        <ele>1298.5999755859375</ele>
        <time>2025-08-17T10:39:55.000Z</time>
        <extensions>
          <ns3:TrackPointExtension>
            <ns3:hr>108</ns3:hr>
          </ns3:TrackPointExtension>
        </extensions>
      </trkpt>
      <trkpt lat="-25.51450042985379695892333984375" lon="-48.9796892367303371429443359375">
        <ele>1298.5999755859375</ele>
        <time>2025-08-17T10:39:56.000Z</time>
        <extensions>
          <ns3:TrackPointExtension>
            <ns3:hr>112</ns3:hr>
          </ns3:TrackPointExtension>
        </extensions>
      </trkpt>
      <trkpt lat="-25.5144993402063846588134765625" lon="-48.979687392711639404296875">
        <ele>1298.800048828125</ele>
        <time>2025-08-17T10:39:59.000Z</time>
        <extensions>
          <ns3:TrackPointExtension>
            <ns3:hr>117</ns3:hr>
          </ns3:TrackPointExtension>
        </extensions>
      </trkpt>
      <trkpt lat="-25.51449892111122608184814453125" lon="-48.9796872250735759735107421875">
        <ele>1298.800048828125</ele>
        <time>2025-08-17T10:40:00.000Z</time>
        <extensions>
          <ns3:TrackPointExtension>
            <ns3:hr>120</ns3:hr>
          </ns3:TrackPointExtension>
        </extensions>
      </trkpt>
      <trkpt lat="-25.5144805647432804107666015625" lon="-48.9796966128051280975341796875">
        <ele>1299</ele>
        <time>2025-08-17T10:40:05.000Z</time>
        <extensions>
          <ns3:TrackPointExtension>
            <ns3:hr>117</ns3:hr>
          </ns3:TrackPointExtension>
        </extensions>
      </trkpt>
      <trkpt lat="-25.5144770443439483642578125" lon="-48.97969803772866725921630859375">
        <ele>1299.199951171875</ele>
        <time>2025-08-17T10:40:06.000Z</time>
        <extensions>
          <ns3:TrackPointExtension>
            <ns3:hr>116</ns3:hr>
          </ns3:TrackPointExtension>
        </extensions>
      </trkpt>
      <trkpt lat="-25.51446220837533473968505859375" lon="-48.97969937883317470550537109375">
        <ele>1299.4000244140625</ele>
        <time>2025-08-17T10:40:12.000Z</time>
        <extensions>
          <ns3:TrackPointExtension>
            <ns3:hr>116</ns3:hr>
          </ns3:TrackPointExtension>
        </extensions>
      </trkpt>
      <trkpt lat="-25.514457263052463531494140625" lon="-48.97969954647123813629150390625">
        <ele>1299.5999755859375</ele>
        <time>2025-08-17T10:40:18.000Z</time>
        <extensions>
          <ns3:TrackPointExtension>
            <ns3:hr>115</ns3:hr>
          </ns3:TrackPointExtension>
        </extensions>
      </trkpt>
      <trkpt lat="-25.51445751450955867767333984375" lon="-48.9796994626522064208984375">
        <ele>1299.5999755859375</ele>
        <time>2025-08-17T10:40:28.000Z</time>
        <extensions>
          <ns3:TrackPointExtension>
            <ns3:hr>111</ns3:hr>
          </ns3:TrackPointExtension>
        </extensions>
      </trkpt>
      <trkpt lat="-25.51445751450955867767333984375" lon="-48.97969954647123813629150390625">
        <ele>1299.5999755859375</ele>
        <time>2025-08-17T10:40:30.000Z</time>
        <extensions>
          <ns3:TrackPointExtension>
            <ns3:hr>111</ns3:hr>
          </ns3:TrackPointExtension>
        </extensions>
      </trkpt>
      <trkpt lat="-25.51446405239403247833251953125" lon="-48.97969736717641353607177734375">
        <ele>1299.4000244140625</ele>
        <time>2025-08-17T10:40:59.000Z</time>
        <extensions>
          <ns3:TrackPointExtension>
            <ns3:hr>108</ns3:hr>
          </ns3:TrackPointExtension>
        </extensions>
      </trkpt>
      <trkpt lat="-25.5144497193396091461181640625" lon="-48.9796932600438594818115234375">
        <ele>1299.800048828125</ele>
        <time>2025-08-17T10:41:20.000Z</time>
        <extensions>
          <ns3:TrackPointExtension>
            <ns3:hr>111</ns3:hr>
          </ns3:TrackPointExtension>
        </extensions>
      </trkpt>
      <trkpt lat="-25.514452569186687469482421875" lon="-48.9796962775290012359619140625">
        <ele>1299.800048828125</ele>
        <time>2025-08-17T10:41:33.000Z</time>
        <extensions>
          <ns3:TrackPointExtension>
            <ns3:hr>114</ns3:hr>
          </ns3:TrackPointExtension>
        </extensions>
      </trkpt>
      <trkpt lat="-25.5144555866718292236328125" lon="-48.97969879209995269775390625">
        <ele>1299.5999755859375</ele>
        <time>2025-08-17T10:41:37.000Z</time>
        <extensions>
          <ns3:TrackPointExtension>
            <ns3:hr>117</ns3:hr>
          </ns3:TrackPointExtension>
        </extensions>
      </trkpt>
      <trkpt lat="-25.514459274709224700927734375" lon="-48.97969904355704784393310546875">
        <ele>1299.5999755859375</ele>
        <time>2025-08-17T10:41:46.000Z</time>
        <extensions>
          <ns3:TrackPointExtension>
            <ns3:hr>120</ns3:hr>
          </ns3:TrackPointExtension>
        </extensions>
      </trkpt>
      <trkpt lat="-25.51445935852825641632080078125" lon="-48.979698121547698974609375">
        <ele>1299.5999755859375</ele>
        <time>2025-08-17T10:41:53.000Z</time>
        <extensions>
          <ns3:TrackPointExtension>
            <ns3:hr>123</ns3:hr>
          </ns3:TrackPointExtension>
        </extensions>
      </trkpt>
      <trkpt lat="-25.5144368112087249755859375" lon="-48.97966098971664905548095703125">
        <ele>1301</ele>
        <time>2025-08-17T10:42:01.000Z</time>
        <extensions>
          <ns3:TrackPointExtension>
            <ns3:hr>122</ns3:hr>
          </ns3:TrackPointExtension>
        </extensions>
      </trkpt>
      <trkpt lat="-25.51437336020171642303466796875" lon="-48.9796329103410243988037109375">
        <ele>1304.5999755859375</ele>
        <time>2025-08-17T10:42:10.000Z</time>
        <extensions>
          <ns3:TrackPointExtension>
            <ns3:hr>121</ns3:hr>
          </ns3:TrackPointExtension>
        </extensions>
      </trkpt>
      <trkpt lat="-25.51436011679470539093017578125" lon="-48.97963684983551502227783203125">
        <ele>1305</ele>
        <time>2025-08-17T10:42:15.000Z</time>
        <extensions>
          <ns3:TrackPointExtension>
            <ns3:hr>122</ns3:hr>
          </ns3:TrackPointExtension>
        </extensions>
      </trkpt>
      <trkpt lat="-25.51436774432659149169921875" lon="-48.9796550385653972625732421875">
        <ele>1304.4000244140625</ele>
        <time>2025-08-17T10:42:21.000Z</time>
        <extensions>
          <ns3:TrackPointExtension>
            <ns3:hr>123</ns3:hr>
          </ns3:TrackPointExtension>
        </extensions>
      </trkpt>
      <trkpt lat="-25.51435391418635845184326171875" lon="-48.97965612821280956268310546875">
        <ele>1305</ele>
        <time>2025-08-17T10:42:27.000Z</time>
        <extensions>
          <ns3:TrackPointExtension>
            <ns3:hr>123</ns3:hr>
          </ns3:TrackPointExtension>
        </extensions>
      </trkpt>
      <trkpt lat="-25.51432943902909755706787109375" lon="-48.9796543680131435394287109375">
        <ele>1306.199951171875</ele>
        <time>2025-08-17T10:42:34.000Z</time>
        <extensions>
          <ns3:TrackPointExtension>
            <ns3:hr>123</ns3:hr>
          </ns3:TrackPointExtension>
        </extensions>
      </trkpt>
      <trkpt lat="-25.51432373933494091033935546875" lon="-48.97965059615671634674072265625">
        <ele>1306.5999755859375</ele>
        <time>2025-08-17T10:42:35.000Z</time>
        <extensions>
          <ns3:TrackPointExtension>
            <ns3:hr>120</ns3:hr>
          </ns3:TrackPointExtension>
        </extensions>
      </trkpt>
      <trkpt lat="-25.514324493706226348876953125" lon="-48.9796449802815914154052734375">
        <ele>1306.5999755859375</ele>
        <time>2025-08-17T10:42:36.000Z</time>
        <extensions>
          <ns3:TrackPointExtension>
            <ns3:hr>123</ns3:hr>
          </ns3:TrackPointExtension>
        </extensions>
      </trkpt>
      <trkpt lat="-25.51432742737233638763427734375" lon="-48.97964380681514739990234375">
        <ele>1306.4000244140625</ele>
        <time>2025-08-17T10:42:39.000Z</time>
        <extensions>
          <ns3:TrackPointExtension>
            <ns3:hr>121</ns3:hr>
          </ns3:TrackPointExtension>
        </extensions>
      </trkpt>
      <trkpt lat="-25.5143219791352748870849609375" lon="-48.97963349707424640655517578125">
        <ele>1307</ele>
        <time>2025-08-17T10:42:43.000Z</time>
        <extensions>
          <ns3:TrackPointExtension>
            <ns3:hr>124</ns3:hr>
          </ns3:TrackPointExtension>
        </extensions>
      </trkpt>
      <trkpt lat="-25.51432172767817974090576171875" lon="-48.97963173687458038330078125">
        <ele>1307</ele>
        <time>2025-08-17T10:42:45.000Z</time>
        <extensions>
          <ns3:TrackPointExtension>
            <ns3:hr>124</ns3:hr>
          </ns3:TrackPointExtension>
        </extensions>
      </trkpt>
      <trkpt lat="-25.51432172767817974090576171875" lon="-48.97963173687458038330078125">
        <ele>1307</ele>
        <time>2025-08-17T10:42:59.000Z</time>
        <extensions>
          <ns3:TrackPointExtension>
            <ns3:hr>121</ns3:hr>
          </ns3:TrackPointExtension>
        </extensions>
      </trkpt>
      <trkpt lat="-25.51431032828986644744873046875" lon="-48.97962913848459720611572265625">
        <ele>1307.5999755859375</ele>
        <time>2025-08-17T10:43:03.000Z</time>
        <extensions>
          <ns3:TrackPointExtension>
            <ns3:hr>124</ns3:hr>
          </ns3:TrackPointExtension>
        </extensions>
      </trkpt>
      <trkpt lat="-25.5142485536634922027587890625" lon="-48.9795787632465362548828125">
        <ele>1311.4000244140625</ele>
        <time>2025-08-17T10:43:25.000Z</time>
        <extensions>
          <ns3:TrackPointExtension>
            <ns3:hr>121</ns3:hr>
          </ns3:TrackPointExtension>
        </extensions>
      </trkpt>
      <trkpt lat="-25.514226593077182769775390625" lon="-48.97956334054470062255859375">
        <ele>1312.5999755859375</ele>
        <time>2025-08-17T10:43:38.000Z</time>
        <extensions>
          <ns3:TrackPointExtension>
            <ns3:hr>118</ns3:hr>
          </ns3:TrackPointExtension>
        </extensions>
      </trkpt>
      <trkpt lat="-25.51419817842543125152587890625" lon="-48.97953509353101253509521484375">
        <ele>1314.4000244140625</ele>
        <time>2025-08-17T10:43:42.000Z</time>
        <extensions>
          <ns3:TrackPointExtension>
            <ns3:hr>119</ns3:hr>
          </ns3:TrackPointExtension>
        </extensions>
      </trkpt>
      <trkpt lat="-25.514170937240123748779296875" lon="-48.9795155636966228485107421875">
        <ele>1316.199951171875</ele>
        <time>2025-08-17T10:43:47.000Z</time>
        <extensions>
          <ns3:TrackPointExtension>
            <ns3:hr>119</ns3:hr>
          </ns3:TrackPointExtension>
        </extensions>
      </trkpt>
      <trkpt lat="-25.51416196860373020172119140625" lon="-48.979499302804470062255859375">
        <ele>1316.5999755859375</ele>
        <time>2025-08-17T10:43:58.000Z</time>
        <extensions>
          <ns3:TrackPointExtension>
            <ns3:hr>118</ns3:hr>
          </ns3:TrackPointExtension>
        </extensions>
      </trkpt>
      <trkpt lat="-25.5141623876988887786865234375" lon="-48.97949620150029659271240234375">
        <ele>1316.800048828125</ele>
        <time>2025-08-17T10:44:18.000Z</time>
        <extensions>
          <ns3:TrackPointExtension>
            <ns3:hr>115</ns3:hr>
          </ns3:TrackPointExtension>
        </extensions>
      </trkpt>
      <trkpt lat="-25.51415291614830493927001953125" lon="-48.97948245517909526824951171875">
        <ele>1317.199951171875</ele>
        <time>2025-08-17T10:44:29.000Z</time>
        <extensions>
          <ns3:TrackPointExtension>
            <ns3:hr>112</ns3:hr>
          </ns3:TrackPointExtension>
        </extensions>
      </trkpt>
      <trkpt lat="-25.5140805803239345550537109375" lon="-48.97947222925722599029541015625">
        <ele>1319.800048828125</ele>
        <time>2025-08-17T10:44:47.000Z</time>
        <extensions>
          <ns3:TrackPointExtension>
            <ns3:hr>113</ns3:hr>
          </ns3:TrackPointExtension>
        </extensions>
      </trkpt>
      <trkpt lat="-25.5140611343085765838623046875" lon="-48.979483880102634429931640625">
        <ele>1320.4000244140625</ele>
        <time>2025-08-17T10:44:53.000Z</time>
        <extensions>
          <ns3:TrackPointExtension>
            <ns3:hr>114</ns3:hr>
          </ns3:TrackPointExtension>
        </extensions>
      </trkpt>
      <trkpt lat="-25.5140443705022335052490234375" lon="-48.97947323508560657501220703125">
        <ele>1321.199951171875</ele>
        <time>2025-08-17T10:44:59.000Z</time>
        <extensions>
          <ns3:TrackPointExtension>
            <ns3:hr>111</ns3:hr>
          </ns3:TrackPointExtension>
        </extensions>
      </trkpt>
      <trkpt lat="-25.5140276066958904266357421875" lon="-48.9794709719717502593994140625">
        <ele>1322</ele>
        <time>2025-08-17T10:45:05.000Z</time>
        <extensions>
          <ns3:TrackPointExtension>
            <ns3:hr>114</ns3:hr>
          </ns3:TrackPointExtension>
        </extensions>
      </trkpt>
      <trkpt lat="-25.5140125192701816558837890625" lon="-48.97945345379412174224853515625">
        <ele>1322.800048828125</ele>
        <time>2025-08-17T10:45:07.000Z</time>
        <extensions>
          <ns3:TrackPointExtension>
            <ns3:hr>115</ns3:hr>
          </ns3:TrackPointExtension>
        </extensions>
      </trkpt>
      <trkpt lat="-25.51399466581642627716064453125" lon="-48.97943451069295406341552734375">
        <ele>1323.5999755859375</ele>
        <time>2025-08-17T10:45:12.000Z</time>
        <extensions>
          <ns3:TrackPointExtension>
            <ns3:hr>115</ns3:hr>
          </ns3:TrackPointExtension>
        </extensions>
      </trkpt>
      <trkpt lat="-25.5139545165002346038818359375" lon="-48.97942663170397281646728515625">
        <ele>1325.4000244140625</ele>
        <time>2025-08-17T10:45:18.000Z</time>
        <extensions>
          <ns3:TrackPointExtension>
            <ns3:hr>112</ns3:hr>
          </ns3:TrackPointExtension>
        </extensions>
      </trkpt>
      <trkpt lat="-25.51394169218838214874267578125" lon="-48.97942109964787960052490234375">
        <ele>1326</ele>
        <time>2025-08-17T10:45:22.000Z</time>
        <extensions>
          <ns3:TrackPointExtension>
            <ns3:hr>114</ns3:hr>
          </ns3:TrackPointExtension>
        </extensions>
      </trkpt>
      <trkpt lat="-25.5139370821416378021240234375" lon="-48.97941648960113525390625">
        <ele>1326.199951171875</ele>
        <time>2025-08-17T10:45:23.000Z</time>
        <extensions>
          <ns3:TrackPointExtension>
            <ns3:hr>111</ns3:hr>
          </ns3:TrackPointExtension>
        </extensions>
      </trkpt>
      <trkpt lat="-25.5139002017676830291748046875" lon="-48.97941238246858119964599609375">
        <ele>1327.800048828125</ele>
        <time>2025-08-17T10:45:29.000Z</time>
        <extensions>
          <ns3:TrackPointExtension>
            <ns3:hr>112</ns3:hr>
          </ns3:TrackPointExtension>
        </extensions>
      </trkpt>
      <trkpt lat="-25.51385636441409587860107421875" lon="-48.97941120900213718414306640625">
        <ele>1329.4000244140625</ele>
        <time>2025-08-17T10:45:36.000Z</time>
        <extensions>
          <ns3:TrackPointExtension>
            <ns3:hr>106</ns3:hr>
          </ns3:TrackPointExtension>
        </extensions>
      </trkpt>
      <trkpt lat="-25.5138499103486537933349609375" lon="-48.979408778250217437744140625">
        <ele>1329.5999755859375</ele>
        <time>2025-08-17T10:45:37.000Z</time>
        <extensions>
          <ns3:TrackPointExtension>
            <ns3:hr>106</ns3:hr>
          </ns3:TrackPointExtension>
        </extensions>
      </trkpt>
      <trkpt lat="-25.513845048844814300537109375" lon="-48.97940333001315593719482421875">
        <ele>1329.800048828125</ele>
        <time>2025-08-17T10:45:39.000Z</time>
        <extensions>
          <ns3:TrackPointExtension>
            <ns3:hr>105</ns3:hr>
          </ns3:TrackPointExtension>
        </extensions>
      </trkpt>
      <trkpt lat="-25.51384605467319488525390625" lon="-48.97939528338611125946044921875">
        <ele>1329.800048828125</ele>
        <time>2025-08-17T10:45:45.000Z</time>
        <extensions>
          <ns3:TrackPointExtension>
            <ns3:hr>104</ns3:hr>
          </ns3:TrackPointExtension>
        </extensions>
      </trkpt>
      <trkpt lat="-25.5138455517590045928955078125" lon="-48.9793891645967960357666015625">
        <ele>1329.800048828125</ele>
        <time>2025-08-17T10:45:48.000Z</time>
        <extensions>
          <ns3:TrackPointExtension>
            <ns3:hr>101</ns3:hr>
          </ns3:TrackPointExtension>
        </extensions>
      </trkpt>
      <trkpt lat="-25.5138440430164337158203125" lon="-48.97938103415071964263916015625">
        <ele>1330</ele>
        <time>2025-08-17T10:45:51.000Z</time>
        <extensions>
          <ns3:TrackPointExtension>
            <ns3:hr>102</ns3:hr>
          </ns3:TrackPointExtension>
        </extensions>
      </trkpt>
      <trkpt lat="-25.51384949125349521636962890625" lon="-48.9793802797794342041015625">
        <ele>1329.800048828125</ele>
        <time>2025-08-17T10:46:02.000Z</time>
        <extensions>
          <ns3:TrackPointExtension>
            <ns3:hr>99</ns3:hr>
          </ns3:TrackPointExtension>
        </extensions>
      </trkpt>
      <trkpt lat="-25.51384949125349521636962890625" lon="-48.9793802797794342041015625">
        <ele>1329.800048828125</ele>
        <time>2025-08-17T10:46:10.000Z</time>
        <extensions>
          <ns3:TrackPointExtension>
            <ns3:hr>96</ns3:hr>
          </ns3:TrackPointExtension>
        </extensions>
      </trkpt>
      <trkpt lat="-25.513844378292560577392578125" lon="-48.97938103415071964263916015625">
        <ele>1330</ele>
        <time>2025-08-17T10:46:18.000Z</time>
        <extensions>
          <ns3:TrackPointExtension>
            <ns3:hr>99</ns3:hr>
          </ns3:TrackPointExtension>
        </extensions>
      </trkpt>
      <trkpt lat="-25.5138145387172698974609375" lon="-48.97937751375138759613037109375">
        <ele>1331</ele>
        <time>2025-08-17T10:46:42.000Z</time>
        <extensions>
          <ns3:TrackPointExtension>
            <ns3:hr>96</ns3:hr>
          </ns3:TrackPointExtension>
        </extensions>
      </trkpt>
      <trkpt lat="-25.51380942575633525848388671875" lon="-48.97937365807592868804931640625">
        <ele>1331.199951171875</ele>
        <time>2025-08-17T10:46:51.000Z</time>
        <extensions>
          <ns3:TrackPointExtension>
            <ns3:hr>99</ns3:hr>
          </ns3:TrackPointExtension>
        </extensions>
      </trkpt>
      <trkpt lat="-25.51380741409957408905029296875" lon="-48.9793727360665798187255859375">
        <ele>1331.199951171875</ele>
        <time>2025-08-17T10:46:58.000Z</time>
        <extensions>
          <ns3:TrackPointExtension>
            <ns3:hr>96</ns3:hr>
          </ns3:TrackPointExtension>
        </extensions>
      </trkpt>
      <trkpt lat="-25.513808168470859527587890625" lon="-48.9793727360665798187255859375">
        <ele>1331.199951171875</ele>
        <time>2025-08-17T10:47:06.000Z</time>
        <extensions>
          <ns3:TrackPointExtension>
            <ns3:hr>100</ns3:hr>
          </ns3:TrackPointExtension>
        </extensions>
      </trkpt>
      <trkpt lat="-25.51380825228989124298095703125" lon="-48.97939645685255527496337890625">
        <ele>1331</ele>
        <time>2025-08-17T10:47:37.000Z</time>
        <extensions>
          <ns3:TrackPointExtension>
            <ns3:hr>103</ns3:hr>
          </ns3:TrackPointExtension>
        </extensions>
      </trkpt>
      <trkpt lat="-25.5138086713850498199462890625" lon="-48.97939813323318958282470703125">
        <ele>1331</ele>
        <time>2025-08-17T10:47:41.000Z</time>
        <extensions>
          <ns3:TrackPointExtension>
            <ns3:hr>99</ns3:hr>
          </ns3:TrackPointExtension>
        </extensions>
      </trkpt>
      <trkpt lat="-25.513808839023113250732421875" lon="-48.97939897142350673675537109375">
        <ele>1331</ele>
        <time>2025-08-17T10:47:45.000Z</time>
        <extensions>
          <ns3:TrackPointExtension>
            <ns3:hr>104</ns3:hr>
          </ns3:TrackPointExtension>
        </extensions>
      </trkpt>
      <trkpt lat="-25.513808839023113250732421875" lon="-48.97939897142350673675537109375">
        <ele>1331</ele>
        <time>2025-08-17T10:47:46.000Z</time>
        <extensions>
          <ns3:TrackPointExtension>
            <ns3:hr>101</ns3:hr>
          </ns3:TrackPointExtension>
        </extensions>
      </trkpt>
      <trkpt lat="-25.51380892284214496612548828125" lon="-48.97939913906157016754150390625">
        <ele>1331</ele>
        <time>2025-08-17T10:47:55.000Z</time>
        <extensions>
          <ns3:TrackPointExtension>
            <ns3:hr>104</ns3:hr>
          </ns3:TrackPointExtension>
        </extensions>
      </trkpt>
      <trkpt lat="-25.51381696946918964385986328125" lon="-48.97938723675906658172607421875">
        <ele>1330.800048828125</ele>
        <time>2025-08-17T10:48:22.000Z</time>
        <extensions>
          <ns3:TrackPointExtension>
            <ns3:hr>101</ns3:hr>
          </ns3:TrackPointExtension>
        </extensions>
      </trkpt>
      <trkpt lat="-25.51381747238337993621826171875" lon="-48.97938690148293972015380859375">
        <ele>1330.800048828125</ele>
        <time>2025-08-17T10:48:23.000Z</time>
        <extensions>
          <ns3:TrackPointExtension>
            <ns3:hr>104</ns3:hr>
          </ns3:TrackPointExtension>
        </extensions>
      </trkpt>
      <trkpt lat="-25.51381789147853851318359375" lon="-48.97938656620681285858154296875">
        <ele>1330.800048828125</ele>
        <time>2025-08-17T10:48:24.000Z</time>
        <extensions>
          <ns3:TrackPointExtension>
            <ns3:hr>101</ns3:hr>
          </ns3:TrackPointExtension>
        </extensions>
      </trkpt>
      <trkpt lat="-25.51382618956267833709716796875" lon="-48.97938237525522708892822265625">
        <ele>1330.5999755859375</ele>
        <time>2025-08-17T10:48:59.000Z</time>
        <extensions>
          <ns3:TrackPointExtension>
            <ns3:hr>98</ns3:hr>
          </ns3:TrackPointExtension>
        </extensions>
      </trkpt>
      <trkpt lat="-25.513826273381710052490234375" lon="-48.97938229143619537353515625">
        <ele>1330.5999755859375</ele>
        <time>2025-08-17T10:49:04.000Z</time>
        <extensions>
          <ns3:TrackPointExtension>
            <ns3:hr>102</ns3:hr>
          </ns3:TrackPointExtension>
        </extensions>
      </trkpt>
      <trkpt lat="-25.51382635720074176788330078125" lon="-48.97938203997910022735595703125">
        <ele>1330.5999755859375</ele>
        <time>2025-08-17T10:49:08.000Z</time>
        <extensions>
          <ns3:TrackPointExtension>
            <ns3:hr>99</ns3:hr>
          </ns3:TrackPointExtension>
        </extensions>
      </trkpt>
      <trkpt lat="-25.513826273381710052490234375" lon="-48.979381956160068511962890625">
        <ele>1330.5999755859375</ele>
        <time>2025-08-17T10:49:11.000Z</time>
        <extensions>
          <ns3:TrackPointExtension>
            <ns3:hr>102</ns3:hr>
          </ns3:TrackPointExtension>
        </extensions>
      </trkpt>
      <trkpt lat="-25.51382618956267833709716796875" lon="-48.9793814532458782196044921875">
        <ele>1330.5999755859375</ele>
        <time>2025-08-17T10:49:22.000Z</time>
        <extensions>
          <ns3:TrackPointExtension>
            <ns3:hr>98</ns3:hr>
          </ns3:TrackPointExtension>
        </extensions>
      </trkpt>
      <trkpt lat="-25.51382702775299549102783203125" lon="-48.9793807826936244964599609375">
        <ele>1330.5999755859375</ele>
        <time>2025-08-17T10:49:40.000Z</time>
        <extensions>
          <ns3:TrackPointExtension>
            <ns3:hr>93</ns3:hr>
          </ns3:TrackPointExtension>
        </extensions>
      </trkpt>
      <trkpt lat="-25.5138271115720272064208984375" lon="-48.97938086651265621185302734375">
        <ele>1330.5999755859375</ele>
        <time>2025-08-17T10:49:41.000Z</time>
        <extensions>
          <ns3:TrackPointExtension>
            <ns3:hr>98</ns3:hr>
          </ns3:TrackPointExtension>
        </extensions>
      </trkpt>
      <trkpt lat="-25.51382753066718578338623046875" lon="-48.979380615055561065673828125">
        <ele>1330.5999755859375</ele>
        <time>2025-08-17T10:49:47.000Z</time>
        <extensions>
          <ns3:TrackPointExtension>
            <ns3:hr>95</ns3:hr>
          </ns3:TrackPointExtension>
        </extensions>
      </trkpt>
      <trkpt lat="-25.5138277821242809295654296875" lon="-48.9793807826936244964599609375">
        <ele>1330.5999755859375</ele>
        <time>2025-08-17T10:49:52.000Z</time>
        <extensions>
          <ns3:TrackPointExtension>
            <ns3:hr>92</ns3:hr>
          </ns3:TrackPointExtension>
        </extensions>
      </trkpt>
      <trkpt lat="-25.51382820121943950653076171875" lon="-48.9793801121413707733154296875">
        <ele>1330.5999755859375</ele>
        <time>2025-08-17T10:50:06.000Z</time>
        <extensions>
          <ns3:TrackPointExtension>
            <ns3:hr>95</ns3:hr>
          </ns3:TrackPointExtension>
        </extensions>
      </trkpt>
      <trkpt lat="-25.51382862031459808349609375" lon="-48.979379944503307342529296875">
        <ele>1330.5999755859375</ele>
        <time>2025-08-17T10:50:16.000Z</time>
        <extensions>
          <ns3:TrackPointExtension>
            <ns3:hr>98</ns3:hr>
          </ns3:TrackPointExtension>
        </extensions>
      </trkpt>
      <trkpt lat="-25.51382870413362979888916015625" lon="-48.97937969304621219635009765625">
        <ele>1330.4000244140625</ele>
        <time>2025-08-17T10:50:19.000Z</time>
        <extensions>
          <ns3:TrackPointExtension>
            <ns3:hr>101</ns3:hr>
          </ns3:TrackPointExtension>
        </extensions>
      </trkpt>
      <trkpt lat="-25.51380540244281291961669921875" lon="-48.97928765974938869476318359375">
        <ele>1332</ele>
        <time>2025-08-17T10:51:14.000Z</time>
        <extensions>
          <ns3:TrackPointExtension>
            <ns3:hr>103</ns3:hr>
          </ns3:TrackPointExtension>
        </extensions>
      </trkpt>
      <trkpt lat="-25.5137912370264530181884765625" lon="-48.979238457977771759033203125">
        <ele>1333.199951171875</ele>
        <time>2025-08-17T10:51:17.000Z</time>
        <extensions>
          <ns3:TrackPointExtension>
            <ns3:hr>107</ns3:hr>
          </ns3:TrackPointExtension>
        </extensions>
      </trkpt>
      <trkpt lat="-25.5137930810451507568359375" lon="-48.97922513075172901153564453125">
        <ele>1333.4000244140625</ele>
        <time>2025-08-17T10:51:18.000Z</time>
        <extensions>
          <ns3:TrackPointExtension>
            <ns3:hr>106</ns3:hr>
          </ns3:TrackPointExtension>
        </extensions>
      </trkpt>
      <trkpt lat="-25.51377472467720508575439453125" lon="-48.9792071096599102020263671875">
        <ele>1334.199951171875</ele>
        <time>2025-08-17T10:51:23.000Z</time>
        <extensions>
          <ns3:TrackPointExtension>
            <ns3:hr>107</ns3:hr>
          </ns3:TrackPointExtension>
        </extensions>
      </trkpt>
      <trkpt lat="-25.513759218156337738037109375" lon="-48.97919361479580402374267578125">
        <ele>1334.800048828125</ele>
        <time>2025-08-17T10:51:27.000Z</time>
        <extensions>
          <ns3:TrackPointExtension>
            <ns3:hr>111</ns3:hr>
          </ns3:TrackPointExtension>
        </extensions>
      </trkpt>
      <trkpt lat="-25.5137546919286251068115234375" lon="-48.9791886694729328155517578125">
        <ele>1335</ele>
        <time>2025-08-17T10:51:28.000Z</time>
        <extensions>
          <ns3:TrackPointExtension>
            <ns3:hr>112</ns3:hr>
          </ns3:TrackPointExtension>
        </extensions>
      </trkpt>
      <trkpt lat="-25.51374773494899272918701171875" lon="-48.9791799522936344146728515625">
        <ele>1335.4000244140625</ele>
        <time>2025-08-17T10:51:29.000Z</time>
        <extensions>
          <ns3:TrackPointExtension>
            <ns3:hr>112</ns3:hr>
          </ns3:TrackPointExtension>
        </extensions>
      </trkpt>
      <trkpt lat="-25.51373482681810855865478515625" lon="-48.9791628532111644744873046875">
        <ele>1336</ele>
        <time>2025-08-17T10:51:31.000Z</time>
        <extensions>
          <ns3:TrackPointExtension>
            <ns3:hr>115</ns3:hr>
          </ns3:TrackPointExtension>
        </extensions>
      </trkpt>
      <trkpt lat="-25.51373231224715709686279296875" lon="-48.9791496098041534423828125">
        <ele>1336.4000244140625</ele>
        <time>2025-08-17T10:51:34.000Z</time>
        <extensions>
          <ns3:TrackPointExtension>
            <ns3:hr>115</ns3:hr>
          </ns3:TrackPointExtension>
        </extensions>
      </trkpt>
      <trkpt lat="-25.51374354399740695953369140625" lon="-48.97914466448128223419189453125">
        <ele>1336</ele>
        <time>2025-08-17T10:51:40.000Z</time>
        <extensions>
          <ns3:TrackPointExtension>
            <ns3:hr>116</ns3:hr>
          </ns3:TrackPointExtension>
        </extensions>
      </trkpt>
      <trkpt lat="-25.5137555301189422607421875" lon="-48.97911231033504009246826171875">
        <ele>1336</ele>
        <time>2025-08-17T10:51:48.000Z</time>
        <extensions>
          <ns3:TrackPointExtension>
            <ns3:hr>116</ns3:hr>
          </ns3:TrackPointExtension>
        </extensions>
      </trkpt>
      <trkpt lat="-25.513735078275203704833984375" lon="-48.97907040081918239593505859375">
        <ele>1337.199951171875</ele>
        <time>2025-08-17T10:51:56.000Z</time>
        <extensions>
          <ns3:TrackPointExtension>
            <ns3:hr>115</ns3:hr>
          </ns3:TrackPointExtension>
        </extensions>
      </trkpt>
      <trkpt lat="-25.5137233436107635498046875" lon="-48.97906386293470859527587890625">
        <ele>1337.5999755859375</ele>
        <time>2025-08-17T10:51:57.000Z</time>
        <extensions>
          <ns3:TrackPointExtension>
            <ns3:hr>118</ns3:hr>
          </ns3:TrackPointExtension>
        </extensions>
      </trkpt>
      <trkpt lat="-25.51371655426919460296630859375" lon="-48.97906486876308917999267578125">
        <ele>1337.800048828125</ele>
        <time>2025-08-17T10:51:58.000Z</time>
        <extensions>
          <ns3:TrackPointExtension>
            <ns3:hr>122</ns3:hr>
          </ns3:TrackPointExtension>
        </extensions>
      </trkpt>
      <trkpt lat="-25.51371395587921142578125" lon="-48.97906436584889888763427734375">
        <ele>1338</ele>
        <time>2025-08-17T10:51:59.000Z</time>
        <extensions>
          <ns3:TrackPointExtension>
            <ns3:hr>125</ns3:hr>
          </ns3:TrackPointExtension>
        </extensions>
      </trkpt>
      <trkpt lat="-25.51371395587921142578125" lon="-48.9790629409253597259521484375">
        <ele>1338</ele>
        <time>2025-08-17T10:52:00.000Z</time>
        <extensions>
          <ns3:TrackPointExtension>
            <ns3:hr>128</ns3:hr>
          </ns3:TrackPointExtension>
        </extensions>
      </trkpt>
      <trkpt lat="-25.513716302812099456787109375" lon="-48.9790602587163448333740234375">
        <ele>1338</ele>
        <time>2025-08-17T10:52:01.000Z</time>
        <extensions>
          <ns3:TrackPointExtension>
            <ns3:hr>130</ns3:hr>
          </ns3:TrackPointExtension>
        </extensions>
      </trkpt>
      <trkpt lat="-25.51371320150792598724365234375" lon="-48.97904844023287296295166015625">
        <ele>1338.199951171875</ele>
        <time>2025-08-17T10:52:03.000Z</time>
        <extensions>
          <ns3:TrackPointExtension>
            <ns3:hr>134</ns3:hr>
          </ns3:TrackPointExtension>
        </extensions>
      </trkpt>
      <trkpt lat="-25.5137111060321331024169921875" lon="-48.97904433310031890869140625">
        <ele>1338.199951171875</ele>
        <time>2025-08-17T10:52:06.000Z</time>
        <extensions>
          <ns3:TrackPointExtension>
            <ns3:hr>131</ns3:hr>
          </ns3:TrackPointExtension>
        </extensions>
      </trkpt>
      <trkpt lat="-25.51370884291827678680419921875" lon="-48.9790445007383823394775390625">
        <ele>1338.4000244140625</ele>
        <time>2025-08-17T10:52:07.000Z</time>
        <extensions>
          <ns3:TrackPointExtension>
            <ns3:hr>130</ns3:hr>
          </ns3:TrackPointExtension>
        </extensions>
      </trkpt>
      <trkpt lat="-25.51370817236602306365966796875" lon="-48.97904559038579463958740234375">
        <ele>1338.4000244140625</ele>
        <time>2025-08-17T10:52:09.000Z</time>
        <extensions>
          <ns3:TrackPointExtension>
            <ns3:hr>127</ns3:hr>
          </ns3:TrackPointExtension>
        </extensions>
      </trkpt>
      <trkpt lat="-25.5136983655393123626708984375" lon="-48.97903838194906711578369140625">
        <ele>1338.800048828125</ele>
        <time>2025-08-17T10:52:11.000Z</time>
        <extensions>
          <ns3:TrackPointExtension>
            <ns3:hr>124</ns3:hr>
          </ns3:TrackPointExtension>
        </extensions>
      </trkpt>
      <trkpt lat="-25.51369643770158290863037109375" lon="-48.9790354482829570770263671875">
        <ele>1339</ele>
        <time>2025-08-17T10:52:14.000Z</time>
        <extensions>
          <ns3:TrackPointExtension>
            <ns3:hr>123</ns3:hr>
          </ns3:TrackPointExtension>
        </extensions>
      </trkpt>
      <trkpt lat="-25.51369140855967998504638671875" lon="-48.9790284074842929840087890625">
        <ele>1339.199951171875</ele>
        <time>2025-08-17T10:52:18.000Z</time>
        <extensions>
          <ns3:TrackPointExtension>
            <ns3:hr>120</ns3:hr>
          </ns3:TrackPointExtension>
        </extensions>
      </trkpt>
      <trkpt lat="-25.51369492895901203155517578125" lon="-48.9790066145360469818115234375">
        <ele>1339.199951171875</ele>
        <time>2025-08-17T10:52:21.000Z</time>
        <extensions>
          <ns3:TrackPointExtension>
            <ns3:hr>120</ns3:hr>
          </ns3:TrackPointExtension>
        </extensions>
      </trkpt>
      <trkpt lat="-25.51368906162679195404052734375" lon="-48.9789767749607563018798828125">
        <ele>1339.4000244140625</ele>
        <time>2025-08-17T10:52:27.000Z</time>
        <extensions>
          <ns3:TrackPointExtension>
            <ns3:hr>122</ns3:hr>
          </ns3:TrackPointExtension>
        </extensions>
      </trkpt>
      <trkpt lat="-25.5136916600167751312255859375" lon="-48.97895137779414653778076171875">
        <ele>1339.199951171875</ele>
        <time>2025-08-17T10:52:32.000Z</time>
        <extensions>
          <ns3:TrackPointExtension>
            <ns3:hr>119</ns3:hr>
          </ns3:TrackPointExtension>
        </extensions>
      </trkpt>
      <trkpt lat="-25.51369224674999713897705078125" lon="-48.97894836030900478363037109375">
        <ele>1339.199951171875</ele>
        <time>2025-08-17T10:52:33.000Z</time>
        <extensions>
          <ns3:TrackPointExtension>
            <ns3:hr>118</ns3:hr>
          </ns3:TrackPointExtension>
        </extensions>
      </trkpt>
      <trkpt lat="-25.51369375549256801605224609375" lon="-48.97891181521117687225341796875">
        <ele>1339.199951171875</ele>
        <time>2025-08-17T10:52:39.000Z</time>
        <extensions>
          <ns3:TrackPointExtension>
            <ns3:hr>116</ns3:hr>
          </ns3:TrackPointExtension>
        </extensions>
      </trkpt>
      <trkpt lat="-25.51370146684348583221435546875" lon="-48.9789144136011600494384765625">
        <ele>1338.800048828125</ele>
        <time>2025-08-17T10:52:44.000Z</time>
        <extensions>
          <ns3:TrackPointExtension>
            <ns3:hr>115</ns3:hr>
          </ns3:TrackPointExtension>
        </extensions>
      </trkpt>
      <trkpt lat="-25.51370264030992984771728515625" lon="-48.97890930064022541046142578125">
        <ele>1338.800048828125</ele>
        <time>2025-08-17T10:52:51.000Z</time>
        <extensions>
          <ns3:TrackPointExtension>
            <ns3:hr>112</ns3:hr>
          </ns3:TrackPointExtension>
        </extensions>
      </trkpt>
      <trkpt lat="-25.51370180211961269378662109375" lon="-48.9789073728024959564208984375">
        <ele>1338.800048828125</ele>
        <time>2025-08-17T10:52:53.000Z</time>
        <extensions>
          <ns3:TrackPointExtension>
            <ns3:hr>112</ns3:hr>
          </ns3:TrackPointExtension>
        </extensions>
      </trkpt>
      <trkpt lat="-25.51369593478739261627197265625" lon="-48.97887677885591983795166015625">
        <ele>1339</ele>
        <time>2025-08-17T10:52:59.000Z</time>
        <extensions>
          <ns3:TrackPointExtension>
            <ns3:hr>110</ns3:hr>
          </ns3:TrackPointExtension>
        </extensions>
      </trkpt>
      <trkpt lat="-25.5136772431433200836181640625" lon="-48.9788433350622653961181640625">
        <ele>1339.800048828125</ele>
        <time>2025-08-17T10:53:04.000Z</time>
        <extensions>
          <ns3:TrackPointExtension>
            <ns3:hr>109</ns3:hr>
          </ns3:TrackPointExtension>
        </extensions>
      </trkpt>
      <trkpt lat="-25.5136805959045886993408203125" lon="-48.978809304535388946533203125">
        <ele>1339.5999755859375</ele>
        <time>2025-08-17T10:53:10.000Z</time>
        <extensions>
          <ns3:TrackPointExtension>
            <ns3:hr>110</ns3:hr>
          </ns3:TrackPointExtension>
        </extensions>
      </trkpt>
      <trkpt lat="-25.5136831104755401611328125" lon="-48.9788014255464076995849609375">
        <ele>1339.5999755859375</ele>
        <time>2025-08-17T10:53:12.000Z</time>
        <extensions>
          <ns3:TrackPointExtension>
            <ns3:hr>113</ns3:hr>
          </ns3:TrackPointExtension>
        </extensions>
      </trkpt>
      <trkpt lat="-25.51368185319006443023681640625" lon="-48.97879782132804393768310546875">
        <ele>1339.5999755859375</ele>
        <time>2025-08-17T10:53:13.000Z</time>
        <extensions>
          <ns3:TrackPointExtension>
            <ns3:hr>117</ns3:hr>
          </ns3:TrackPointExtension>
        </extensions>
      </trkpt>
      <trkpt lat="-25.51368654705584049224853515625" lon="-48.97879715077579021453857421875">
        <ele>1339.4000244140625</ele>
        <time>2025-08-17T10:53:15.000Z</time>
        <extensions>
          <ns3:TrackPointExtension>
            <ns3:hr>121</ns3:hr>
          </ns3:TrackPointExtension>
        </extensions>
      </trkpt>
      <trkpt lat="-25.51368688233196735382080078125" lon="-48.97879564203321933746337890625">
        <ele>1339.4000244140625</ele>
        <time>2025-08-17T10:53:17.000Z</time>
        <extensions>
          <ns3:TrackPointExtension>
            <ns3:hr>121</ns3:hr>
          </ns3:TrackPointExtension>
        </extensions>
      </trkpt>
      <trkpt lat="-25.51366391591727733612060546875" lon="-48.9787702448666095733642578125">
        <ele>1340.199951171875</ele>
        <time>2025-08-17T10:53:23.000Z</time>
        <extensions>
          <ns3:TrackPointExtension>
            <ns3:hr>121</ns3:hr>
          </ns3:TrackPointExtension>
        </extensions>
      </trkpt>
      <trkpt lat="-25.513657629489898681640625" lon="-48.97873579524457454681396484375">
        <ele>1340.4000244140625</ele>
        <time>2025-08-17T10:53:30.000Z</time>
        <extensions>
          <ns3:TrackPointExtension>
            <ns3:hr>118</ns3:hr>
          </ns3:TrackPointExtension>
        </extensions>
      </trkpt>
      <trkpt lat="-25.51364379934966564178466796875" lon="-48.97874535061419010162353515625">
        <ele>1341</ele>
        <time>2025-08-17T10:53:36.000Z</time>
        <extensions>
          <ns3:TrackPointExtension>
            <ns3:hr>121</ns3:hr>
          </ns3:TrackPointExtension>
        </extensions>
      </trkpt>
      <trkpt lat="-25.5136504210531711578369140625" lon="-48.9787430875003337860107421875">
        <ele>1340.800048828125</ele>
        <time>2025-08-17T10:53:37.000Z</time>
        <extensions>
          <ns3:TrackPointExtension>
            <ns3:hr>122</ns3:hr>
          </ns3:TrackPointExtension>
        </extensions>
      </trkpt>
      <trkpt lat="-25.51364061422646045684814453125" lon="-48.97873328067362308502197265625">
        <ele>1341</ele>
        <time>2025-08-17T10:53:42.000Z</time>
        <extensions>
          <ns3:TrackPointExtension>
            <ns3:hr>125</ns3:hr>
          </ns3:TrackPointExtension>
        </extensions>
      </trkpt>
      <trkpt lat="-25.5136383511126041412353515625" lon="-48.9787360467016696929931640625">
        <ele>1341</ele>
        <time>2025-08-17T10:53:44.000Z</time>
        <extensions>
          <ns3:TrackPointExtension>
            <ns3:hr>126</ns3:hr>
          </ns3:TrackPointExtension>
        </extensions>
      </trkpt>
      <trkpt lat="-25.51360599696636199951171875" lon="-48.97871173918247222900390625">
        <ele>1342</ele>
        <time>2025-08-17T10:53:51.000Z</time>
        <extensions>
          <ns3:TrackPointExtension>
            <ns3:hr>128</ns3:hr>
          </ns3:TrackPointExtension>
        </extensions>
      </trkpt>
      <trkpt lat="-25.51360859535634517669677734375" lon="-48.97870528511703014373779296875">
        <ele>1341.800048828125</ele>
        <time>2025-08-17T10:53:53.000Z</time>
        <extensions>
          <ns3:TrackPointExtension>
            <ns3:hr>131</ns3:hr>
          </ns3:TrackPointExtension>
        </extensions>
      </trkpt>
      <trkpt lat="-25.51360406912863254547119140625" lon="-48.97868751548230648040771484375">
        <ele>1341.800048828125</ele>
        <time>2025-08-17T10:53:58.000Z</time>
        <extensions>
          <ns3:TrackPointExtension>
            <ns3:hr>132</ns3:hr>
          </ns3:TrackPointExtension>
        </extensions>
      </trkpt>
      <trkpt lat="-25.513586886227130889892578125" lon="-48.97866354323923587799072265625">
        <ele>1342.4000244140625</ele>
        <time>2025-08-17T10:54:04.000Z</time>
        <extensions>
          <ns3:TrackPointExtension>
            <ns3:hr>130</ns3:hr>
          </ns3:TrackPointExtension>
        </extensions>
      </trkpt>
      <trkpt lat="-25.513587556779384613037109375" lon="-48.97865449078381061553955078125">
        <ele>1342.199951171875</ele>
        <time>2025-08-17T10:54:10.000Z</time>
        <extensions>
          <ns3:TrackPointExtension>
            <ns3:hr>130</ns3:hr>
          </ns3:TrackPointExtension>
        </extensions>
      </trkpt>
      <trkpt lat="-25.51357506774365901947021484375" lon="-48.97863152436912059783935546875">
        <ele>1342.5999755859375</ele>
        <time>2025-08-17T10:54:16.000Z</time>
        <extensions>
          <ns3:TrackPointExtension>
            <ns3:hr>129</ns3:hr>
          </ns3:TrackPointExtension>
        </extensions>
      </trkpt>
      <trkpt lat="-25.51357305608689785003662109375" lon="-48.97861358709633350372314453125">
        <ele>1342.4000244140625</ele>
        <time>2025-08-17T10:54:20.000Z</time>
        <extensions>
          <ns3:TrackPointExtension>
            <ns3:hr>126</ns3:hr>
          </ns3:TrackPointExtension>
        </extensions>
      </trkpt>
      <trkpt lat="-25.51355226896703243255615234375" lon="-48.97860336117446422576904296875">
        <ele>1343.199951171875</ele>
        <time>2025-08-17T10:54:24.000Z</time>
        <extensions>
          <ns3:TrackPointExtension>
            <ns3:hr>124</ns3:hr>
          </ns3:TrackPointExtension>
        </extensions>
      </trkpt>
      <trkpt lat="-25.51354170776903629302978515625" lon="-48.97861241362988948822021484375">
        <ele>1343.800048828125</ele>
        <time>2025-08-17T10:54:28.000Z</time>
        <extensions>
          <ns3:TrackPointExtension>
            <ns3:hr>124</ns3:hr>
          </ns3:TrackPointExtension>
        </extensions>
      </trkpt>
      <trkpt lat="-25.5135367624461650848388671875" lon="-48.9786193706095218658447265625">
        <ele>1344</ele>
        <time>2025-08-17T10:54:33.000Z</time>
        <extensions>
          <ns3:TrackPointExtension>
            <ns3:hr>127</ns3:hr>
          </ns3:TrackPointExtension>
        </extensions>
      </trkpt>
      <trkpt lat="-25.51352980546653270721435546875" lon="-48.97861744277179241180419921875">
        <ele>1344.4000244140625</ele>
        <time>2025-08-17T10:54:34.000Z</time>
        <extensions>
          <ns3:TrackPointExtension>
            <ns3:hr>128</ns3:hr>
          </ns3:TrackPointExtension>
        </extensions>
      </trkpt>
      <trkpt lat="-25.51351480185985565185546875" lon="-48.97861576639115810394287109375">
        <ele>1345</ele>
        <time>2025-08-17T10:54:40.000Z</time>
        <extensions>
          <ns3:TrackPointExtension>
            <ns3:hr>130</ns3:hr>
          </ns3:TrackPointExtension>
        </extensions>
      </trkpt>
      <trkpt lat="-25.51347146742045879364013671875" lon="-48.9786109887063503265380859375">
        <ele>1346.800048828125</ele>
        <time>2025-08-17T10:54:47.000Z</time>
        <extensions>
          <ns3:TrackPointExtension>
            <ns3:hr>133</ns3:hr>
          </ns3:TrackPointExtension>
        </extensions>
      </trkpt>
      <trkpt lat="-25.513468198478221893310546875" lon="-48.97857922129333019256591796875">
        <ele>1346.5999755859375</ele>
        <time>2025-08-17T10:54:50.000Z</time>
        <extensions>
          <ns3:TrackPointExtension>
            <ns3:hr>136</ns3:hr>
          </ns3:TrackPointExtension>
        </extensions>
      </trkpt>
      <trkpt lat="-25.5134472437202930450439453125" lon="-48.9785623736679553985595703125">
        <ele>1347.199951171875</ele>
        <time>2025-08-17T10:54:52.000Z</time>
        <extensions>
          <ns3:TrackPointExtension>
            <ns3:hr>138</ns3:hr>
          </ns3:TrackPointExtension>
        </extensions>
      </trkpt>
      <trkpt lat="-25.51343726925551891326904296875" lon="-48.9785499684512615203857421875">
        <ele>1347.5999755859375</ele>
        <time>2025-08-17T10:54:57.000Z</time>
        <extensions>
          <ns3:TrackPointExtension>
            <ns3:hr>138</ns3:hr>
          </ns3:TrackPointExtension>
        </extensions>
      </trkpt>
      <trkpt lat="-25.513436682522296905517578125" lon="-48.97854753769934177398681640625">
        <ele>1347.5999755859375</ele>
        <time>2025-08-17T10:55:04.000Z</time>
        <extensions>
          <ns3:TrackPointExtension>
            <ns3:hr>138</ns3:hr>
          </ns3:TrackPointExtension>
        </extensions>
      </trkpt>
      <trkpt lat="-25.513405501842498779296875" lon="-48.9785456098616123199462890625">
        <ele>1348.800048828125</ele>
        <time>2025-08-17T10:55:12.000Z</time>
        <extensions>
          <ns3:TrackPointExtension>
            <ns3:hr>138</ns3:hr>
          </ns3:TrackPointExtension>
        </extensions>
      </trkpt>
      <trkpt lat="-25.513392426073551177978515625" lon="-48.9785469509661197662353515625">
        <ele>1349.4000244140625</ele>
        <time>2025-08-17T10:55:19.000Z</time>
        <extensions>
          <ns3:TrackPointExtension>
            <ns3:hr>138</ns3:hr>
          </ns3:TrackPointExtension>
        </extensions>
      </trkpt>
      <trkpt lat="-25.51337641663849353790283203125" lon="-48.9785648882389068603515625">
        <ele>1350.199951171875</ele>
        <time>2025-08-17T10:55:26.000Z</time>
        <extensions>
          <ns3:TrackPointExtension>
            <ns3:hr>138</ns3:hr>
          </ns3:TrackPointExtension>
        </extensions>
      </trkpt>
      <trkpt lat="-25.51337624900043010711669921875" lon="-48.97857050411403179168701171875">
        <ele>1350.199951171875</ele>
        <time>2025-08-17T10:55:32.000Z</time>
        <extensions>
          <ns3:TrackPointExtension>
            <ns3:hr>138</ns3:hr>
          </ns3:TrackPointExtension>
        </extensions>
      </trkpt>
      <trkpt lat="-25.51337591372430324554443359375" lon="-48.97858743555843830108642578125">
        <ele>1350.4000244140625</ele>
        <time>2025-08-17T10:55:39.000Z</time>
        <extensions>
          <ns3:TrackPointExtension>
            <ns3:hr>139</ns3:hr>
          </ns3:TrackPointExtension>
        </extensions>
      </trkpt>
      <trkpt lat="-25.51333844661712646484375" lon="-48.978596739470958709716796875">
        <ele>1351.800048828125</ele>
        <time>2025-08-17T10:55:46.000Z</time>
        <extensions>
          <ns3:TrackPointExtension>
            <ns3:hr>139</ns3:hr>
          </ns3:TrackPointExtension>
        </extensions>
      </trkpt>
      <trkpt lat="-25.51333685405552387237548828125" lon="-48.97859548218548297882080078125">
        <ele>1352</ele>
        <time>2025-08-17T10:55:52.000Z</time>
        <extensions>
          <ns3:TrackPointExtension>
            <ns3:hr>138</ns3:hr>
          </ns3:TrackPointExtension>
        </extensions>
      </trkpt>
      <trkpt lat="-25.51335546188056468963623046875" lon="-48.97859347052872180938720703125">
        <ele>1351.199951171875</ele>
        <time>2025-08-17T10:55:57.000Z</time>
        <extensions>
          <ns3:TrackPointExtension>
            <ns3:hr>138</ns3:hr>
          </ns3:TrackPointExtension>
        </extensions>
      </trkpt>
      <trkpt lat="-25.513346493244171142578125" lon="-48.978588022291660308837890625">
        <ele>1351.5999755859375</ele>
        <time>2025-08-17T10:56:01.000Z</time>
        <extensions>
          <ns3:TrackPointExtension>
            <ns3:hr>138</ns3:hr>
          </ns3:TrackPointExtension>
        </extensions>
      </trkpt>
      <trkpt lat="-25.51334288902580738067626953125" lon="-48.978582322597503662109375">
        <ele>1351.5999755859375</ele>
        <time>2025-08-17T10:56:05.000Z</time>
        <extensions>
          <ns3:TrackPointExtension>
            <ns3:hr>138</ns3:hr>
          </ns3:TrackPointExtension>
        </extensions>
      </trkpt>
      <trkpt lat="-25.51332771778106689453125" lon="-48.97858944721519947052001953125">
        <ele>1352.199951171875</ele>
        <time>2025-08-17T10:56:12.000Z</time>
        <extensions>
          <ns3:TrackPointExtension>
            <ns3:hr>135</ns3:hr>
          </ns3:TrackPointExtension>
        </extensions>
      </trkpt>
      <trkpt lat="-25.51332771778106689453125" lon="-48.97858944721519947052001953125">
        <ele>1352.199951171875</ele>
        <time>2025-08-17T10:56:20.000Z</time>
        <extensions>
          <ns3:TrackPointExtension>
            <ns3:hr>132</ns3:hr>
          </ns3:TrackPointExtension>
        </extensions>
      </trkpt>
      <trkpt lat="-25.51332830451428890228271484375" lon="-48.97858760319650173187255859375">
        <ele>1352.199951171875</ele>
        <time>2025-08-17T10:56:23.000Z</time>
        <extensions>
          <ns3:TrackPointExtension>
            <ns3:hr>129</ns3:hr>
          </ns3:TrackPointExtension>
        </extensions>
      </trkpt>
      <trkpt lat="-25.51334003917872905731201171875" lon="-48.97858676500618457794189453125">
        <ele>1351.800048828125</ele>
        <time>2025-08-17T10:56:27.000Z</time>
        <extensions>
          <ns3:TrackPointExtension>
            <ns3:hr>127</ns3:hr>
          </ns3:TrackPointExtension>
        </extensions>
      </trkpt>
      <trkpt lat="-25.51334942691028118133544921875" lon="-48.97866890765726566314697265625">
        <ele>1352</ele>
        <time>2025-08-17T10:56:48.000Z</time>
        <extensions>
          <ns3:TrackPointExtension>
            <ns3:hr>127</ns3:hr>
          </ns3:TrackPointExtension>
        </extensions>
      </trkpt>
      <trkpt lat="-25.51335680298507213592529296875" lon="-48.9786736853420734405517578125">
        <ele>1351.800048828125</ele>
        <time>2025-08-17T10:56:53.000Z</time>
        <extensions>
          <ns3:TrackPointExtension>
            <ns3:hr>127</ns3:hr>
          </ns3:TrackPointExtension>
        </extensions>
      </trkpt>
      <trkpt lat="-25.5133480019867420196533203125" lon="-48.97865901701152324676513671875">
        <ele>1352</ele>
        <time>2025-08-17T10:56:57.000Z</time>
        <extensions>
          <ns3:TrackPointExtension>
            <ns3:hr>127</ns3:hr>
          </ns3:TrackPointExtension>
        </extensions>
      </trkpt>
      <trkpt lat="-25.51333936862647533416748046875" lon="-48.9786534011363983154296875">
        <ele>1352.199951171875</ele>
        <time>2025-08-17T10:57:03.000Z</time>
        <extensions>
          <ns3:TrackPointExtension>
            <ns3:hr>126</ns3:hr>
          </ns3:TrackPointExtension>
        </extensions>
      </trkpt>
      <trkpt lat="-25.51333484239876270294189453125" lon="-48.97865851409733295440673828125">
        <ele>1352.4000244140625</ele>
        <time>2025-08-17T10:57:09.000Z</time>
        <extensions>
          <ns3:TrackPointExtension>
            <ns3:hr>126</ns3:hr>
          </ns3:TrackPointExtension>
        </extensions>
      </trkpt>
      <trkpt lat="-25.51330626010894775390625" lon="-48.97867150604724884033203125">
        <ele>1353.5999755859375</ele>
        <time>2025-08-17T10:57:14.000Z</time>
        <extensions>
          <ns3:TrackPointExtension>
            <ns3:hr>125</ns3:hr>
          </ns3:TrackPointExtension>
        </extensions>
      </trkpt>
      <trkpt lat="-25.513292849063873291015625" lon="-48.97865784354507923126220703125">
        <ele>1354</ele>
        <time>2025-08-17T10:57:19.000Z</time>
        <extensions>
          <ns3:TrackPointExtension>
            <ns3:hr>124</ns3:hr>
          </ns3:TrackPointExtension>
        </extensions>
      </trkpt>
      <trkpt lat="-25.51326292566955089569091796875" lon="-48.978628925979137420654296875">
        <ele>1354.800048828125</ele>
        <time>2025-08-17T10:57:26.000Z</time>
        <extensions>
          <ns3:TrackPointExtension>
            <ns3:hr>124</ns3:hr>
          </ns3:TrackPointExtension>
        </extensions>
      </trkpt>
      <trkpt lat="-25.51325085572898387908935546875" lon="-48.97861325182020664215087890625">
        <ele>1355.199951171875</ele>
        <time>2025-08-17T10:57:32.000Z</time>
        <extensions>
          <ns3:TrackPointExtension>
            <ns3:hr>124</ns3:hr>
          </ns3:TrackPointExtension>
        </extensions>
      </trkpt>
      <trkpt lat="-25.5132205970585346221923828125" lon="-48.9786052890121936798095703125">
        <ele>1356.199951171875</ele>
        <time>2025-08-17T10:57:41.000Z</time>
        <extensions>
          <ns3:TrackPointExtension>
            <ns3:hr>124</ns3:hr>
          </ns3:TrackPointExtension>
        </extensions>
      </trkpt>
      <trkpt lat="-25.5131984688341617584228515625" lon="-48.97859933786094188690185546875">
        <ele>1357</ele>
        <time>2025-08-17T10:57:47.000Z</time>
        <extensions>
          <ns3:TrackPointExtension>
            <ns3:hr>126</ns3:hr>
          </ns3:TrackPointExtension>
        </extensions>
      </trkpt>
      <trkpt lat="-25.5131870694458484649658203125" lon="-48.97858860902488231658935546875">
        <ele>1357.199951171875</ele>
        <time>2025-08-17T10:57:54.000Z</time>
        <extensions>
          <ns3:TrackPointExtension>
            <ns3:hr>129</ns3:hr>
          </ns3:TrackPointExtension>
        </extensions>
      </trkpt>
      <trkpt lat="-25.51319067366421222686767578125" lon="-48.97858207114040851593017578125">
        <ele>1357.199951171875</ele>
        <time>2025-08-17T10:57:55.000Z</time>
        <extensions>
          <ns3:TrackPointExtension>
            <ns3:hr>129</ns3:hr>
          </ns3:TrackPointExtension>
        </extensions>
      </trkpt>
      <trkpt lat="-25.51318262703716754913330078125" lon="-48.9785782992839813232421875">
        <ele>1357.4000244140625</ele>
        <time>2025-08-17T10:57:59.000Z</time>
        <extensions>
          <ns3:TrackPointExtension>
            <ns3:hr>129</ns3:hr>
          </ns3:TrackPointExtension>
        </extensions>
      </trkpt>
      <trkpt lat="-25.51317139528691768646240234375" lon="-48.97859481163322925567626953125">
        <ele>1357.800048828125</ele>
        <time>2025-08-17T10:58:04.000Z</time>
        <extensions>
          <ns3:TrackPointExtension>
            <ns3:hr>128</ns3:hr>
          </ns3:TrackPointExtension>
        </extensions>
      </trkpt>
      <trkpt lat="-25.51313032396137714385986328125" lon="-48.97861928679049015045166015625">
        <ele>1359.5999755859375</ele>
        <time>2025-08-17T10:58:09.000Z</time>
        <extensions>
          <ns3:TrackPointExtension>
            <ns3:hr>127</ns3:hr>
          </ns3:TrackPointExtension>
        </extensions>
      </trkpt>
      <trkpt lat="-25.5131010711193084716796875" lon="-48.97865231148898601531982421875">
        <ele>1360.800048828125</ele>
        <time>2025-08-17T10:58:16.000Z</time>
        <extensions>
          <ns3:TrackPointExtension>
            <ns3:hr>126</ns3:hr>
          </ns3:TrackPointExtension>
        </extensions>
      </trkpt>
      <trkpt lat="-25.51309377886354923248291015625" lon="-48.978665806353092193603515625">
        <ele>1361.199951171875</ele>
        <time>2025-08-17T10:58:19.000Z</time>
        <extensions>
          <ns3:TrackPointExtension>
            <ns3:hr>130</ns3:hr>
          </ns3:TrackPointExtension>
        </extensions>
      </trkpt>
      <trkpt lat="-25.51310752518475055694580078125" lon="-48.97867343388497829437255859375">
        <ele>1360.800048828125</ele>
        <time>2025-08-17T10:58:21.000Z</time>
        <extensions>
          <ns3:TrackPointExtension>
            <ns3:hr>130</ns3:hr>
          </ns3:TrackPointExtension>
        </extensions>
      </trkpt>
      <trkpt lat="-25.5130995623767375946044921875" lon="-48.97868265397846698760986328125">
        <ele>1361.199951171875</ele>
        <time>2025-08-17T10:58:23.000Z</time>
        <extensions>
          <ns3:TrackPointExtension>
            <ns3:hr>133</ns3:hr>
          </ns3:TrackPointExtension>
        </extensions>
      </trkpt>
      <trkpt lat="-25.51309562288224697113037109375" lon="-48.978684581816196441650390625">
        <ele>1361.199951171875</ele>
        <time>2025-08-17T10:58:24.000Z</time>
        <extensions>
          <ns3:TrackPointExtension>
            <ns3:hr>135</ns3:hr>
          </ns3:TrackPointExtension>
        </extensions>
      </trkpt>
      <trkpt lat="-25.51309629343450069427490234375" lon="-48.97867494262754917144775390625">
        <ele>1361.199951171875</ele>
        <time>2025-08-17T10:58:29.000Z</time>
        <extensions>
          <ns3:TrackPointExtension>
            <ns3:hr>137</ns3:hr>
          </ns3:TrackPointExtension>
        </extensions>
      </trkpt>
      <trkpt lat="-25.513086654245853424072265625" lon="-48.97867142222821712493896484375">
        <ele>1361.4000244140625</ele>
        <time>2025-08-17T10:58:35.000Z</time>
        <extensions>
          <ns3:TrackPointExtension>
            <ns3:hr>138</ns3:hr>
          </ns3:TrackPointExtension>
        </extensions>
      </trkpt>
      <trkpt lat="-25.513081960380077362060546875" lon="-48.978667147457599639892578125">
        <ele>1361.5999755859375</ele>
        <time>2025-08-17T10:58:39.000Z</time>
        <extensions>
          <ns3:TrackPointExtension>
            <ns3:hr>139</ns3:hr>
          </ns3:TrackPointExtension>
        </extensions>
      </trkpt>
      <trkpt lat="-25.5130620114505290985107421875" lon="-48.97865097038447856903076171875">
        <ele>1362.199951171875</ele>
        <time>2025-08-17T10:58:45.000Z</time>
        <extensions>
          <ns3:TrackPointExtension>
            <ns3:hr>137</ns3:hr>
          </ns3:TrackPointExtension>
        </extensions>
      </trkpt>
      <trkpt lat="-25.5130541324615478515625" lon="-48.97866086103022098541259765625">
        <ele>1362.4000244140625</ele>
        <time>2025-08-17T10:58:50.000Z</time>
        <extensions>
          <ns3:TrackPointExtension>
            <ns3:hr>137</ns3:hr>
          </ns3:TrackPointExtension>
        </extensions>
      </trkpt>
      <trkpt lat="-25.51304918713867664337158203125" lon="-48.97866706363856792449951171875">
        <ele>1362.5999755859375</ele>
        <time>2025-08-17T10:58:59.000Z</time>
        <extensions>
          <ns3:TrackPointExtension>
            <ns3:hr>136</ns3:hr>
          </ns3:TrackPointExtension>
        </extensions>
      </trkpt>
      <trkpt lat="-25.51304080523550510406494140625" lon="-48.97867494262754917144775390625">
        <ele>1362.800048828125</ele>
        <time>2025-08-17T10:59:15.000Z</time>
        <extensions>
          <ns3:TrackPointExtension>
            <ns3:hr>133</ns3:hr>
          </ns3:TrackPointExtension>
        </extensions>
      </trkpt>
      <trkpt lat="-25.51301733590662479400634765625" lon="-48.9786834083497524261474609375">
        <ele>1363</ele>
        <time>2025-08-17T10:59:23.000Z</time>
        <extensions>
          <ns3:TrackPointExtension>
            <ns3:hr>136</ns3:hr>
          </ns3:TrackPointExtension>
        </extensions>
      </trkpt>
      <trkpt lat="-25.51301733590662479400634765625" lon="-48.978684246540069580078125">
        <ele>1363</ele>
        <time>2025-08-17T10:59:27.000Z</time>
        <extensions>
          <ns3:TrackPointExtension>
            <ns3:hr>139</ns3:hr>
          </ns3:TrackPointExtension>
        </extensions>
      </trkpt>
      <trkpt lat="-25.51301456987857818603515625" lon="-48.97871836088597774505615234375">
        <ele>1363.5999755859375</ele>
        <time>2025-08-17T11:00:04.000Z</time>
        <extensions>
          <ns3:TrackPointExtension>
            <ns3:hr>137</ns3:hr>
          </ns3:TrackPointExtension>
        </extensions>
      </trkpt>
      <trkpt lat="-25.51301456987857818603515625" lon="-48.97871836088597774505615234375">
        <ele>1363.5999755859375</ele>
        <time>2025-08-17T11:00:07.000Z</time>
        <extensions>
          <ns3:TrackPointExtension>
            <ns3:hr>134</ns3:hr>
          </ns3:TrackPointExtension>
        </extensions>
      </trkpt>
      <trkpt lat="-25.51301599480211734771728515625" lon="-48.97871970199048519134521484375">
        <ele>1363.4000244140625</ele>
        <time>2025-08-17T11:00:11.000Z</time>
        <extensions>
          <ns3:TrackPointExtension>
            <ns3:hr>131</ns3:hr>
          </ns3:TrackPointExtension>
        </extensions>
      </trkpt>
      <trkpt lat="-25.51301917992532253265380859375" lon="-48.97872489877045154571533203125">
        <ele>1363.5999755859375</ele>
        <time>2025-08-17T11:00:14.000Z</time>
        <extensions>
          <ns3:TrackPointExtension>
            <ns3:hr>130</ns3:hr>
          </ns3:TrackPointExtension>
        </extensions>
      </trkpt>
      <trkpt lat="-25.5130284838378429412841796875" lon="-48.97873294539749622344970703125">
        <ele>1363.4000244140625</ele>
        <time>2025-08-17T11:00:21.000Z</time>
        <extensions>
          <ns3:TrackPointExtension>
            <ns3:hr>129</ns3:hr>
          </ns3:TrackPointExtension>
        </extensions>
      </trkpt>
      <trkpt lat="-25.51301725208759307861328125" lon="-48.978737890720367431640625">
        <ele>1363.800048828125</ele>
        <time>2025-08-17T11:00:30.000Z</time>
        <extensions>
          <ns3:TrackPointExtension>
            <ns3:hr>130</ns3:hr>
          </ns3:TrackPointExtension>
        </extensions>
      </trkpt>
      <trkpt lat="-25.5129745043814182281494140625" lon="-48.9787454344332218170166015625">
        <ele>1364.800048828125</ele>
        <time>2025-08-17T11:01:03.000Z</time>
        <extensions>
          <ns3:TrackPointExtension>
            <ns3:hr>128</ns3:hr>
          </ns3:TrackPointExtension>
        </extensions>
      </trkpt>
      <trkpt lat="-25.512926392257213592529296875" lon="-48.97875758819282054901123046875">
        <ele>1365.800048828125</ele>
        <time>2025-08-17T11:01:08.000Z</time>
        <extensions>
          <ns3:TrackPointExtension>
            <ns3:hr>129</ns3:hr>
          </ns3:TrackPointExtension>
        </extensions>
      </trkpt>
      <trkpt lat="-25.51284827291965484619140625" lon="-48.97873009555041790008544921875">
        <ele>1367.4000244140625</ele>
        <time>2025-08-17T11:01:17.000Z</time>
        <extensions>
          <ns3:TrackPointExtension>
            <ns3:hr>131</ns3:hr>
          </ns3:TrackPointExtension>
        </extensions>
      </trkpt>
      <trkpt lat="-25.512806363403797149658203125" lon="-48.97872380912303924560546875">
        <ele>1368</ele>
        <time>2025-08-17T11:01:25.000Z</time>
        <extensions>
          <ns3:TrackPointExtension>
            <ns3:hr>132</ns3:hr>
          </ns3:TrackPointExtension>
        </extensions>
      </trkpt>
      <trkpt lat="-25.5128068663179874420166015625" lon="-48.97871517576277256011962890625">
        <ele>1368</ele>
        <time>2025-08-17T11:01:30.000Z</time>
        <extensions>
          <ns3:TrackPointExtension>
            <ns3:hr>129</ns3:hr>
          </ns3:TrackPointExtension>
        </extensions>
      </trkpt>
      <trkpt lat="-25.51280912943184375762939453125" lon="-48.9787124097347259521484375">
        <ele>1367.800048828125</ele>
        <time>2025-08-17T11:01:32.000Z</time>
        <extensions>
          <ns3:TrackPointExtension>
            <ns3:hr>129</ns3:hr>
          </ns3:TrackPointExtension>
        </extensions>
      </trkpt>
      <trkpt lat="-25.51281097345054149627685546875" lon="-48.97869589738547801971435546875">
        <ele>1367.4000244140625</ele>
        <time>2025-08-17T11:01:42.000Z</time>
        <extensions>
          <ns3:TrackPointExtension>
            <ns3:hr>126</ns3:hr>
          </ns3:TrackPointExtension>
        </extensions>
      </trkpt>
      <trkpt lat="-25.512815415859222412109375" lon="-48.978685922920703887939453125">
        <ele>1367.199951171875</ele>
        <time>2025-08-17T11:01:44.000Z</time>
        <extensions>
          <ns3:TrackPointExtension>
            <ns3:hr>128</ns3:hr>
          </ns3:TrackPointExtension>
        </extensions>
      </trkpt>
      <trkpt lat="-25.51282555796205997467041015625" lon="-48.97867494262754917144775390625">
        <ele>1366.800048828125</ele>
        <time>2025-08-17T11:01:52.000Z</time>
        <extensions>
          <ns3:TrackPointExtension>
            <ns3:hr>129</ns3:hr>
          </ns3:TrackPointExtension>
        </extensions>
      </trkpt>
      <trkpt lat="-25.5128249712288379669189453125" lon="-48.97864334285259246826171875">
        <ele>1366.199951171875</ele>
        <time>2025-08-17T11:02:13.000Z</time>
        <extensions>
          <ns3:TrackPointExtension>
            <ns3:hr>132</ns3:hr>
          </ns3:TrackPointExtension>
        </extensions>
      </trkpt>
      <trkpt lat="-25.5128249712288379669189453125" lon="-48.9786384813487529754638671875">
        <ele>1366.199951171875</ele>
        <time>2025-08-17T11:02:18.000Z</time>
        <extensions>
          <ns3:TrackPointExtension>
            <ns3:hr>129</ns3:hr>
          </ns3:TrackPointExtension>
        </extensions>
      </trkpt>
      <trkpt lat="-25.51282270811498165130615234375" lon="-48.9786364696919918060302734375">
        <ele>1366.199951171875</ele>
        <time>2025-08-17T11:02:19.000Z</time>
        <extensions>
          <ns3:TrackPointExtension>
            <ns3:hr>133</ns3:hr>
          </ns3:TrackPointExtension>
        </extensions>
      </trkpt>
      <trkpt lat="-25.5128115601837635040283203125" lon="-48.9786294288933277130126953125">
        <ele>1366.199951171875</ele>
        <time>2025-08-17T11:02:21.000Z</time>
        <extensions>
          <ns3:TrackPointExtension>
            <ns3:hr>136</ns3:hr>
          </ns3:TrackPointExtension>
        </extensions>
      </trkpt>
      <trkpt lat="-25.51274643279612064361572265625" lon="-48.97857201285660266876220703125">
        <ele>1365.800048828125</ele>
        <time>2025-08-17T11:02:47.000Z</time>
        <extensions>
          <ns3:TrackPointExtension>
            <ns3:hr>133</ns3:hr>
          </ns3:TrackPointExtension>
        </extensions>
      </trkpt>
      <trkpt lat="-25.512722544372081756591796875" lon="-48.9785667322576045989990234375">
        <ele>1365.5999755859375</ele>
        <time>2025-08-17T11:02:53.000Z</time>
        <extensions>
          <ns3:TrackPointExtension>
            <ns3:hr>130</ns3:hr>
          </ns3:TrackPointExtension>
        </extensions>
      </trkpt>
      <trkpt lat="-25.5127036012709140777587890625" lon="-48.97856664843857288360595703125">
        <ele>1365.5999755859375</ele>
        <time>2025-08-17T11:03:01.000Z</time>
        <extensions>
          <ns3:TrackPointExtension>
            <ns3:hr>127</ns3:hr>
          </ns3:TrackPointExtension>
        </extensions>
      </trkpt>
      <trkpt lat="-25.5126372165977954864501953125" lon="-48.97858676500618457794189453125">
        <ele>1365.5999755859375</ele>
        <time>2025-08-17T11:03:21.000Z</time>
        <extensions>
          <ns3:TrackPointExtension>
            <ns3:hr>130</ns3:hr>
          </ns3:TrackPointExtension>
        </extensions>
      </trkpt>
      <trkpt lat="-25.512625984847545623779296875" lon="-48.97862431593239307403564453125">
        <ele>1366.199951171875</ele>
        <time>2025-08-17T11:03:36.000Z</time>
        <extensions>
          <ns3:TrackPointExtension>
            <ns3:hr>127</ns3:hr>
          </ns3:TrackPointExtension>
        </extensions>
      </trkpt>
      <trkpt lat="-25.5126254819333553314208984375" lon="-48.97862699814140796661376953125">
        <ele>1366.199951171875</ele>
        <time>2025-08-17T11:03:42.000Z</time>
        <extensions>
          <ns3:TrackPointExtension>
            <ns3:hr>124</ns3:hr>
          </ns3:TrackPointExtension>
        </extensions>
      </trkpt>
      <trkpt lat="-25.51262523047626018524169921875" lon="-48.9786327816545963287353515625">
        <ele>1366.199951171875</ele>
        <time>2025-08-17T11:03:47.000Z</time>
        <extensions>
          <ns3:TrackPointExtension>
            <ns3:hr>121</ns3:hr>
          </ns3:TrackPointExtension>
        </extensions>
      </trkpt>
      <trkpt lat="-25.5126251466572284698486328125" lon="-48.97863839752972126007080078125">
        <ele>1366.4000244140625</ele>
        <time>2025-08-17T11:03:55.000Z</time>
        <extensions>
          <ns3:TrackPointExtension>
            <ns3:hr>124</ns3:hr>
          </ns3:TrackPointExtension>
        </extensions>
      </trkpt>
      <trkpt lat="-25.51252800039947032928466796875" lon="-48.97872406058013439178466796875">
        <ele>1366.800048828125</ele>
        <time>2025-08-17T11:04:25.000Z</time>
        <extensions>
          <ns3:TrackPointExtension>
            <ns3:hr>121</ns3:hr>
          </ns3:TrackPointExtension>
        </extensions>
      </trkpt>
      <trkpt lat="-25.51250302232801914215087890625" lon="-48.97872707806527614593505859375">
        <ele>1366.800048828125</ele>
        <time>2025-08-17T11:04:28.000Z</time>
        <extensions>
          <ns3:TrackPointExtension>
            <ns3:hr>122</ns3:hr>
          </ns3:TrackPointExtension>
        </extensions>
      </trkpt>
      <trkpt lat="-25.5124819837510585784912109375" lon="-48.9787352085113525390625">
        <ele>1366.5999755859375</ele>
        <time>2025-08-17T11:04:37.000Z</time>
        <extensions>
          <ns3:TrackPointExtension>
            <ns3:hr>121</ns3:hr>
          </ns3:TrackPointExtension>
        </extensions>
      </trkpt>
      <trkpt lat="-25.51248793490231037139892578125" lon="-48.978736214339733123779296875">
        <ele>1366.5999755859375</ele>
        <time>2025-08-17T11:04:40.000Z</time>
        <extensions>
          <ns3:TrackPointExtension>
            <ns3:hr>118</ns3:hr>
          </ns3:TrackPointExtension>
        </extensions>
      </trkpt>
      <trkpt lat="-25.5124890245497226715087890625" lon="-48.97874032147228717803955078125">
        <ele>1366.800048828125</ele>
        <time>2025-08-17T11:04:47.000Z</time>
        <extensions>
          <ns3:TrackPointExtension>
            <ns3:hr>116</ns3:hr>
          </ns3:TrackPointExtension>
        </extensions>
      </trkpt>
      <trkpt lat="-25.5124890245497226715087890625" lon="-48.97874032147228717803955078125">
        <ele>1366.800048828125</ele>
        <time>2025-08-17T11:04:55.000Z</time>
        <extensions>
          <ns3:TrackPointExtension>
            <ns3:hr>113</ns3:hr>
          </ns3:TrackPointExtension>
        </extensions>
      </trkpt>
      <trkpt lat="-25.5124890245497226715087890625" lon="-48.97874032147228717803955078125">
        <ele>1366.800048828125</ele>
        <time>2025-08-17T11:04:58.000Z</time>
        <extensions>
          <ns3:TrackPointExtension>
            <ns3:hr>110</ns3:hr>
          </ns3:TrackPointExtension>
        </extensions>
      </trkpt>
      <trkpt lat="-25.5124943889677524566650390625" lon="-48.97874082438647747039794921875">
        <ele>1366.800048828125</ele>
        <time>2025-08-17T11:05:04.000Z</time>
        <extensions>
          <ns3:TrackPointExtension>
            <ns3:hr>107</ns3:hr>
          </ns3:TrackPointExtension>
        </extensions>
      </trkpt>
      <trkpt lat="-25.5124420858919620513916015625" lon="-48.97878055460751056671142578125">
        <ele>1366.199951171875</ele>
        <time>2025-08-17T11:05:36.000Z</time>
        <extensions>
          <ns3:TrackPointExtension>
            <ns3:hr>110</ns3:hr>
          </ns3:TrackPointExtension>
        </extensions>
      </trkpt>
      <trkpt lat="-25.5124296806752681732177734375" lon="-48.97881366312503814697265625">
        <ele>1366.199951171875</ele>
        <time>2025-08-17T11:05:41.000Z</time>
        <extensions>
          <ns3:TrackPointExtension>
            <ns3:hr>114</ns3:hr>
          </ns3:TrackPointExtension>
        </extensions>
      </trkpt>
      <trkpt lat="-25.5124296806752681732177734375" lon="-48.9788279123604297637939453125">
        <ele>1366.199951171875</ele>
        <time>2025-08-17T11:05:44.000Z</time>
        <extensions>
          <ns3:TrackPointExtension>
            <ns3:hr>117</ns3:hr>
          </ns3:TrackPointExtension>
        </extensions>
      </trkpt>
      <trkpt lat="-25.5124296806752681732177734375" lon="-48.97883453406393527984619140625">
        <ele>1366.199951171875</ele>
        <time>2025-08-17T11:05:48.000Z</time>
        <extensions>
          <ns3:TrackPointExtension>
            <ns3:hr>120</ns3:hr>
          </ns3:TrackPointExtension>
        </extensions>
      </trkpt>
      <trkpt lat="-25.5124296806752681732177734375" lon="-48.97884526289999485015869140625">
        <ele>1366.4000244140625</ele>
        <time>2025-08-17T11:05:53.000Z</time>
        <extensions>
          <ns3:TrackPointExtension>
            <ns3:hr>123</ns3:hr>
          </ns3:TrackPointExtension>
        </extensions>
      </trkpt>
      <trkpt lat="-25.51244703121483325958251953125" lon="-48.9788986556231975555419921875">
        <ele>1366.800048828125</ele>
        <time>2025-08-17T11:06:08.000Z</time>
        <extensions>
          <ns3:TrackPointExtension>
            <ns3:hr>120</ns3:hr>
          </ns3:TrackPointExtension>
        </extensions>
      </trkpt>
      <trkpt lat="-25.512487851083278656005859375" lon="-48.97898088209331035614013671875">
        <ele>1367.5999755859375</ele>
        <time>2025-08-17T11:06:25.000Z</time>
        <extensions>
          <ns3:TrackPointExtension>
            <ns3:hr>121</ns3:hr>
          </ns3:TrackPointExtension>
        </extensions>
      </trkpt>
      <trkpt lat="-25.51251760683953762054443359375" lon="-48.979021199047565460205078125">
        <ele>1368</ele>
        <time>2025-08-17T11:06:31.000Z</time>
        <extensions>
          <ns3:TrackPointExtension>
            <ns3:hr>121</ns3:hr>
          </ns3:TrackPointExtension>
        </extensions>
      </trkpt>
      <trkpt lat="-25.5125128291547298431396484375" lon="-48.9790408127009868621826171875">
        <ele>1367.5999755859375</ele>
        <time>2025-08-17T11:06:37.000Z</time>
        <extensions>
          <ns3:TrackPointExtension>
            <ns3:hr>120</ns3:hr>
          </ns3:TrackPointExtension>
        </extensions>
      </trkpt>
      <trkpt lat="-25.5125124938786029815673828125" lon="-48.97905598394572734832763671875">
        <ele>1367.4000244140625</ele>
        <time>2025-08-17T11:06:40.000Z</time>
        <extensions>
          <ns3:TrackPointExtension>
            <ns3:hr>117</ns3:hr>
          </ns3:TrackPointExtension>
        </extensions>
      </trkpt>
      <trkpt lat="-25.5125148408114910125732421875" lon="-48.9790733344852924346923828125">
        <ele>1367.199951171875</ele>
        <time>2025-08-17T11:06:42.000Z</time>
        <extensions>
          <ns3:TrackPointExtension>
            <ns3:hr>119</ns3:hr>
          </ns3:TrackPointExtension>
        </extensions>
      </trkpt>
      <trkpt lat="-25.512518696486949920654296875" lon="-48.9791031740605831146240234375">
        <ele>1366.800048828125</ele>
        <time>2025-08-17T11:06:48.000Z</time>
        <extensions>
          <ns3:TrackPointExtension>
            <ns3:hr>117</ns3:hr>
          </ns3:TrackPointExtension>
        </extensions>
      </trkpt>
      <trkpt lat="-25.51251391880214214324951171875" lon="-48.97911599837243556976318359375">
        <ele>1366.5999755859375</ele>
        <time>2025-08-17T11:06:54.000Z</time>
        <extensions>
          <ns3:TrackPointExtension>
            <ns3:hr>116</ns3:hr>
          </ns3:TrackPointExtension>
        </extensions>
      </trkpt>
      <trkpt lat="-25.51251442171633243560791015625" lon="-48.979110382497310638427734375">
        <ele>1366.5999755859375</ele>
        <time>2025-08-17T11:06:59.000Z</time>
        <extensions>
          <ns3:TrackPointExtension>
            <ns3:hr>113</ns3:hr>
          </ns3:TrackPointExtension>
        </extensions>
      </trkpt>
      <trkpt lat="-25.51251442171633243560791015625" lon="-48.979110382497310638427734375">
        <ele>1366.5999755859375</ele>
        <time>2025-08-17T11:07:03.000Z</time>
        <extensions>
          <ns3:TrackPointExtension>
            <ns3:hr>113</ns3:hr>
          </ns3:TrackPointExtension>
        </extensions>
      </trkpt>
      <trkpt lat="-25.5125202052295207977294921875" lon="-48.97913712076842784881591796875">
        <ele>1366.199951171875</ele>
        <time>2025-08-17T11:07:23.000Z</time>
        <extensions>
          <ns3:TrackPointExtension>
            <ns3:hr>110</ns3:hr>
          </ns3:TrackPointExtension>
        </extensions>
      </trkpt>
      <trkpt lat="-25.5125208757817745208740234375" lon="-48.9791481010615825653076171875">
        <ele>1366</ele>
        <time>2025-08-17T11:07:24.000Z</time>
        <extensions>
          <ns3:TrackPointExtension>
            <ns3:hr>113</ns3:hr>
          </ns3:TrackPointExtension>
        </extensions>
      </trkpt>
      <trkpt lat="-25.51252364180982112884521484375" lon="-48.9791549742221832275390625">
        <ele>1366</ele>
        <time>2025-08-17T11:07:25.000Z</time>
        <extensions>
          <ns3:TrackPointExtension>
            <ns3:hr>113</ns3:hr>
          </ns3:TrackPointExtension>
        </extensions>
      </trkpt>
      <trkpt lat="-25.51253990270197391510009765625" lon="-48.97918305359780788421630859375">
        <ele>1365.4000244140625</ele>
        <time>2025-08-17T11:07:30.000Z</time>
        <extensions>
          <ns3:TrackPointExtension>
            <ns3:hr>113</ns3:hr>
          </ns3:TrackPointExtension>
        </extensions>
      </trkpt>
      <trkpt lat="-25.51254929043352603912353515625" lon="-48.97919663228094577789306640625">
        <ele>1365.199951171875</ele>
        <time>2025-08-17T11:07:35.000Z</time>
        <extensions>
          <ns3:TrackPointExtension>
            <ns3:hr>113</ns3:hr>
          </ns3:TrackPointExtension>
        </extensions>
      </trkpt>
      <trkpt lat="-25.51255457103252410888671875" lon="-48.97919780574738979339599609375">
        <ele>1365.199951171875</ele>
        <time>2025-08-17T11:07:40.000Z</time>
        <extensions>
          <ns3:TrackPointExtension>
            <ns3:hr>111</ns3:hr>
          </ns3:TrackPointExtension>
        </extensions>
      </trkpt>
      <trkpt lat="-25.51255314610898494720458984375" lon="-48.9792005717754364013671875">
        <ele>1365</ele>
        <time>2025-08-17T11:07:48.000Z</time>
        <extensions>
          <ns3:TrackPointExtension>
            <ns3:hr>108</ns3:hr>
          </ns3:TrackPointExtension>
        </extensions>
      </trkpt>
      <trkpt lat="-25.51255314610898494720458984375" lon="-48.9792005717754364013671875">
        <ele>1365</ele>
        <time>2025-08-17T11:07:50.000Z</time>
        <extensions>
          <ns3:TrackPointExtension>
            <ns3:hr>104</ns3:hr>
          </ns3:TrackPointExtension>
        </extensions>
      </trkpt>
      <trkpt lat="-25.51255314610898494720458984375" lon="-48.9792005717754364013671875">
        <ele>1365</ele>
        <time>2025-08-17T11:07:52.000Z</time>
        <extensions>
          <ns3:TrackPointExtension>
            <ns3:hr>101</ns3:hr>
          </ns3:TrackPointExtension>
        </extensions>
      </trkpt>
      <trkpt lat="-25.51255314610898494720458984375" lon="-48.9792005717754364013671875">
        <ele>1365</ele>
        <time>2025-08-17T11:07:59.000Z</time>
        <extensions>
          <ns3:TrackPointExtension>
            <ns3:hr>100</ns3:hr>
          </ns3:TrackPointExtension>
        </extensions>
      </trkpt>
      <trkpt lat="-25.512543506920337677001953125" lon="-48.97928413935005664825439453125">
        <ele>1364</ele>
        <time>2025-08-17T11:08:04.000Z</time>
        <extensions>
          <ns3:TrackPointExtension>
            <ns3:hr>102</ns3:hr>
          </ns3:TrackPointExtension>
        </extensions>
      </trkpt>
      <trkpt lat="-25.51254107616841793060302734375" lon="-48.97933040745556354522705078125">
        <ele>1362.5999755859375</ele>
        <time>2025-08-17T11:08:09.000Z</time>
        <extensions>
          <ns3:TrackPointExtension>
            <ns3:hr>104</ns3:hr>
          </ns3:TrackPointExtension>
        </extensions>
      </trkpt>
      <trkpt lat="-25.512534789741039276123046875" lon="-48.979334346950054168701171875">
        <ele>1362.5999755859375</ele>
        <time>2025-08-17T11:08:17.000Z</time>
        <extensions>
          <ns3:TrackPointExtension>
            <ns3:hr>105</ns3:hr>
          </ns3:TrackPointExtension>
        </extensions>
      </trkpt>
      <trkpt lat="-25.5125409923493862152099609375" lon="-48.9793553017079830169677734375">
        <ele>1362</ele>
        <time>2025-08-17T11:08:25.000Z</time>
        <extensions>
          <ns3:TrackPointExtension>
            <ns3:hr>108</ns3:hr>
          </ns3:TrackPointExtension>
        </extensions>
      </trkpt>
      <trkpt lat="-25.5125470273196697235107421875" lon="-48.97936292923986911773681640625">
        <ele>1361.5999755859375</ele>
        <time>2025-08-17T11:08:26.000Z</time>
        <extensions>
          <ns3:TrackPointExtension>
            <ns3:hr>107</ns3:hr>
          </ns3:TrackPointExtension>
        </extensions>
      </trkpt>
      <trkpt lat="-25.51256286911666393280029296875" lon="-48.9794240333139896392822265625">
        <ele>1359.800048828125</ele>
        <time>2025-08-17T11:08:33.000Z</time>
        <extensions>
          <ns3:TrackPointExtension>
            <ns3:hr>107</ns3:hr>
          </ns3:TrackPointExtension>
        </extensions>
      </trkpt>
      <trkpt lat="-25.51256454549729824066162109375" lon="-48.9794290624558925628662109375">
        <ele>1359.5999755859375</ele>
        <time>2025-08-17T11:08:34.000Z</time>
        <extensions>
          <ns3:TrackPointExtension>
            <ns3:hr>110</ns3:hr>
          </ns3:TrackPointExtension>
        </extensions>
      </trkpt>
      <trkpt lat="-25.5125855840742588043212890625" lon="-48.97946015931665897369384765625">
        <ele>1358.4000244140625</ele>
        <time>2025-08-17T11:08:40.000Z</time>
        <extensions>
          <ns3:TrackPointExtension>
            <ns3:hr>111</ns3:hr>
          </ns3:TrackPointExtension>
        </extensions>
      </trkpt>
      <trkpt lat="-25.51258415915071964263916015625" lon="-48.97947021760046482086181640625">
        <ele>1358.199951171875</ele>
        <time>2025-08-17T11:08:41.000Z</time>
        <extensions>
          <ns3:TrackPointExtension>
            <ns3:hr>108</ns3:hr>
          </ns3:TrackPointExtension>
        </extensions>
      </trkpt>
      <trkpt lat="-25.5125829018652439117431640625" lon="-48.97947323508560657501220703125">
        <ele>1358.199951171875</ele>
        <time>2025-08-17T11:08:42.000Z</time>
        <extensions>
          <ns3:TrackPointExtension>
            <ns3:hr>111</ns3:hr>
          </ns3:TrackPointExtension>
        </extensions>
      </trkpt>
      <trkpt lat="-25.5125738494098186492919921875" lon="-48.97948312573134899139404296875">
        <ele>1358.199951171875</ele>
        <time>2025-08-17T11:08:45.000Z</time>
        <extensions>
          <ns3:TrackPointExtension>
            <ns3:hr>114</ns3:hr>
          </ns3:TrackPointExtension>
        </extensions>
      </trkpt>
      <trkpt lat="-25.51257242448627948760986328125" lon="-48.979483880102634429931640625">
        <ele>1358.199951171875</ele>
        <time>2025-08-17T11:08:46.000Z</time>
        <extensions>
          <ns3:TrackPointExtension>
            <ns3:hr>113</ns3:hr>
          </ns3:TrackPointExtension>
        </extensions>
      </trkpt>
      <trkpt lat="-25.51257510669529438018798828125" lon="-48.9794954471290111541748046875">
        <ele>1357.800048828125</ele>
        <time>2025-08-17T11:08:48.000Z</time>
        <extensions>
          <ns3:TrackPointExtension>
            <ns3:hr>116</ns3:hr>
          </ns3:TrackPointExtension>
        </extensions>
      </trkpt>
      <trkpt lat="-25.51258583553135395050048828125" lon="-48.97951011545956134796142578125">
        <ele>1357.199951171875</ele>
        <time>2025-08-17T11:08:52.000Z</time>
        <extensions>
          <ns3:TrackPointExtension>
            <ns3:hr>117</ns3:hr>
          </ns3:TrackPointExtension>
        </extensions>
      </trkpt>
      <trkpt lat="-25.51256655715405941009521484375" lon="-48.97954246960580348968505859375">
        <ele>1356.800048828125</ele>
        <time>2025-08-17T11:08:58.000Z</time>
        <extensions>
          <ns3:TrackPointExtension>
            <ns3:hr>120</ns3:hr>
          </ns3:TrackPointExtension>
        </extensions>
      </trkpt>
      <trkpt lat="-25.51255415193736553192138671875" lon="-48.97954263724386692047119140625">
        <ele>1357</ele>
        <time>2025-08-17T11:09:04.000Z</time>
        <extensions>
          <ns3:TrackPointExtension>
            <ns3:hr>120</ns3:hr>
          </ns3:TrackPointExtension>
        </extensions>
      </trkpt>
      <trkpt lat="-25.5125356279313564300537109375" lon="-48.97953358478844165802001953125">
        <ele>1357.5999755859375</ele>
        <time>2025-08-17T11:09:10.000Z</time>
        <extensions>
          <ns3:TrackPointExtension>
            <ns3:hr>119</ns3:hr>
          </ns3:TrackPointExtension>
        </extensions>
      </trkpt>
      <trkpt lat="-25.51252783276140689849853515625" lon="-48.97953207604587078094482421875">
        <ele>1357.800048828125</ele>
        <time>2025-08-17T11:09:16.000Z</time>
        <extensions>
          <ns3:TrackPointExtension>
            <ns3:hr>119</ns3:hr>
          </ns3:TrackPointExtension>
        </extensions>
      </trkpt>
      <trkpt lat="-25.51251165568828582763671875" lon="-48.97951983846724033355712890625">
        <ele>1358.4000244140625</ele>
        <time>2025-08-17T11:09:26.000Z</time>
        <extensions>
          <ns3:TrackPointExtension>
            <ns3:hr>120</ns3:hr>
          </ns3:TrackPointExtension>
        </extensions>
      </trkpt>
      <trkpt lat="-25.512461699545383453369140625" lon="-48.97951682098209857940673828125">
        <ele>1358.5999755859375</ele>
        <time>2025-08-17T11:10:01.000Z</time>
        <extensions>
          <ns3:TrackPointExtension>
            <ns3:hr>116</ns3:hr>
          </ns3:TrackPointExtension>
        </extensions>
      </trkpt>
      <trkpt lat="-25.51238902844488620758056640625" lon="-48.97953995503485202789306640625">
        <ele>1359.800048828125</ele>
        <time>2025-08-17T11:10:14.000Z</time>
        <extensions>
          <ns3:TrackPointExtension>
            <ns3:hr>119</ns3:hr>
          </ns3:TrackPointExtension>
        </extensions>
      </trkpt>
      <trkpt lat="-25.51236807368695735931396484375" lon="-48.9795420505106449127197265625">
        <ele>1360.199951171875</ele>
        <time>2025-08-17T11:10:20.000Z</time>
        <extensions>
          <ns3:TrackPointExtension>
            <ns3:hr>116</ns3:hr>
          </ns3:TrackPointExtension>
        </extensions>
      </trkpt>
      <trkpt lat="-25.512329600751399993896484375" lon="-48.9795490913093090057373046875">
        <ele>1361</ele>
        <time>2025-08-17T11:10:28.000Z</time>
        <extensions>
          <ns3:TrackPointExtension>
            <ns3:hr>119</ns3:hr>
          </ns3:TrackPointExtension>
        </extensions>
      </trkpt>
      <trkpt lat="-25.51227017305791378021240234375" lon="-48.97956979461014270782470703125">
        <ele>1362</ele>
        <time>2025-08-17T11:10:40.000Z</time>
        <extensions>
          <ns3:TrackPointExtension>
            <ns3:hr>116</ns3:hr>
          </ns3:TrackPointExtension>
        </extensions>
      </trkpt>
      <trkpt lat="-25.5122643895447254180908203125" lon="-48.97958203218877315521240234375">
        <ele>1362</ele>
        <time>2025-08-17T11:10:51.000Z</time>
        <extensions>
          <ns3:TrackPointExtension>
            <ns3:hr>113</ns3:hr>
          </ns3:TrackPointExtension>
        </extensions>
      </trkpt>
      <trkpt lat="-25.5121426843106746673583984375" lon="-48.97960097528994083404541015625">
        <ele>1363</ele>
        <time>2025-08-17T11:11:50.000Z</time>
        <extensions>
          <ns3:TrackPointExtension>
            <ns3:hr>116</ns3:hr>
          </ns3:TrackPointExtension>
        </extensions>
      </trkpt>
      <trkpt lat="-25.5121275968849658966064453125" lon="-48.97960114292800426483154296875">
        <ele>1363</ele>
        <time>2025-08-17T11:11:53.000Z</time>
        <extensions>
          <ns3:TrackPointExtension>
            <ns3:hr>119</ns3:hr>
          </ns3:TrackPointExtension>
        </extensions>
      </trkpt>
      <trkpt lat="-25.512112677097320556640625" lon="-48.97960030473768711090087890625">
        <ele>1363.199951171875</ele>
        <time>2025-08-17T11:11:57.000Z</time>
        <extensions>
          <ns3:TrackPointExtension>
            <ns3:hr>122</ns3:hr>
          </ns3:TrackPointExtension>
        </extensions>
      </trkpt>
      <trkpt lat="-25.512021146714687347412109375" lon="-48.97958320565521717071533203125">
        <ele>1364.4000244140625</ele>
        <time>2025-08-17T11:12:04.000Z</time>
        <extensions>
          <ns3:TrackPointExtension>
            <ns3:hr>125</ns3:hr>
          </ns3:TrackPointExtension>
        </extensions>
      </trkpt>
      <trkpt lat="-25.51190279424190521240234375" lon="-48.97958672605454921722412109375">
        <ele>1364.800048828125</ele>
        <time>2025-08-17T11:12:10.000Z</time>
        <extensions>
          <ns3:TrackPointExtension>
            <ns3:hr>125</ns3:hr>
          </ns3:TrackPointExtension>
        </extensions>
      </trkpt>
      <trkpt lat="-25.51186616532504558563232421875" lon="-48.97954699583351612091064453125">
        <ele>1365</ele>
        <time>2025-08-17T11:12:15.000Z</time>
        <extensions>
          <ns3:TrackPointExtension>
            <ns3:hr>125</ns3:hr>
          </ns3:TrackPointExtension>
        </extensions>
      </trkpt>
      <trkpt lat="-25.51181201823055744171142578125" lon="-48.9795506000518798828125">
        <ele>1365</ele>
        <time>2025-08-17T11:12:22.000Z</time>
        <extensions>
          <ns3:TrackPointExtension>
            <ns3:hr>128</ns3:hr>
          </ns3:TrackPointExtension>
        </extensions>
      </trkpt>
      <trkpt lat="-25.5118067376315593719482421875" lon="-48.97955252788960933685302734375">
        <ele>1365</ele>
        <time>2025-08-17T11:12:24.000Z</time>
        <extensions>
          <ns3:TrackPointExtension>
            <ns3:hr>124</ns3:hr>
          </ns3:TrackPointExtension>
        </extensions>
      </trkpt>
      <trkpt lat="-25.5117963440716266632080078125" lon="-48.97954967804253101348876953125">
        <ele>1365</ele>
        <time>2025-08-17T11:12:28.000Z</time>
        <extensions>
          <ns3:TrackPointExtension>
            <ns3:hr>127</ns3:hr>
          </ns3:TrackPointExtension>
        </extensions>
      </trkpt>
      <trkpt lat="-25.51179206930100917816162109375" lon="-48.97955068387091159820556640625">
        <ele>1365</ele>
        <time>2025-08-17T11:12:29.000Z</time>
        <extensions>
          <ns3:TrackPointExtension>
            <ns3:hr>127</ns3:hr>
          </ns3:TrackPointExtension>
        </extensions>
      </trkpt>
      <trkpt lat="-25.51175954751670360565185546875" lon="-48.9795635081827640533447265625">
        <ele>1365</ele>
        <time>2025-08-17T11:12:38.000Z</time>
        <extensions>
          <ns3:TrackPointExtension>
            <ns3:hr>128</ns3:hr>
          </ns3:TrackPointExtension>
        </extensions>
      </trkpt>
      <trkpt lat="-25.51175988279283046722412109375" lon="-48.9795626699924468994140625">
        <ele>1365</ele>
        <time>2025-08-17T11:12:42.000Z</time>
        <extensions>
          <ns3:TrackPointExtension>
            <ns3:hr>132</ns3:hr>
          </ns3:TrackPointExtension>
        </extensions>
      </trkpt>
      <trkpt lat="-25.51175669766962528228759765625" lon="-48.97956468164920806884765625">
        <ele>1365</ele>
        <time>2025-08-17T11:12:43.000Z</time>
        <extensions>
          <ns3:TrackPointExtension>
            <ns3:hr>134</ns3:hr>
          </ns3:TrackPointExtension>
        </extensions>
      </trkpt>
      <trkpt lat="-25.51175921224057674407958984375" lon="-48.9795668609440326690673828125">
        <ele>1365</ele>
        <time>2025-08-17T11:12:46.000Z</time>
        <extensions>
          <ns3:TrackPointExtension>
            <ns3:hr>131</ns3:hr>
          </ns3:TrackPointExtension>
        </extensions>
      </trkpt>
      <trkpt lat="-25.511755608022212982177734375" lon="-48.97955839522182941436767578125">
        <ele>1365</ele>
        <time>2025-08-17T11:12:49.000Z</time>
        <extensions>
          <ns3:TrackPointExtension>
            <ns3:hr>128</ns3:hr>
          </ns3:TrackPointExtension>
        </extensions>
      </trkpt>
      <trkpt lat="-25.511756949126720428466796875" lon="-48.979561328887939453125">
        <ele>1365</ele>
        <time>2025-08-17T11:12:55.000Z</time>
        <extensions>
          <ns3:TrackPointExtension>
            <ns3:hr>127</ns3:hr>
          </ns3:TrackPointExtension>
        </extensions>
      </trkpt>
      <trkpt lat="-25.51175602711737155914306640625" lon="-48.9795614965260028839111328125">
        <ele>1365</ele>
        <time>2025-08-17T11:13:04.000Z</time>
        <extensions>
          <ns3:TrackPointExtension>
            <ns3:hr>130</ns3:hr>
          </ns3:TrackPointExtension>
        </extensions>
      </trkpt>
      <trkpt lat="-25.51175602711737155914306640625" lon="-48.9795614965260028839111328125">
        <ele>1365</ele>
        <time>2025-08-17T11:13:10.000Z</time>
        <extensions>
          <ns3:TrackPointExtension>
            <ns3:hr>131</ns3:hr>
          </ns3:TrackPointExtension>
        </extensions>
      </trkpt>
      <trkpt lat="-25.5117296241223812103271484375" lon="-48.97955906577408313751220703125">
        <ele>1365</ele>
        <time>2025-08-17T11:13:23.000Z</time>
        <extensions>
          <ns3:TrackPointExtension>
            <ns3:hr>134</ns3:hr>
          </ns3:TrackPointExtension>
        </extensions>
      </trkpt>
      <trkpt lat="-25.511722080409526824951171875" lon="-48.97955822758376598358154296875">
        <ele>1365</ele>
        <time>2025-08-17T11:13:26.000Z</time>
        <extensions>
          <ns3:TrackPointExtension>
            <ns3:hr>137</ns3:hr>
          </ns3:TrackPointExtension>
        </extensions>
      </trkpt>
      <trkpt lat="-25.511679835617542266845703125" lon="-48.9795460738241672515869140625">
        <ele>1365</ele>
        <time>2025-08-17T11:13:39.000Z</time>
        <extensions>
          <ns3:TrackPointExtension>
            <ns3:hr>140</ns3:hr>
          </ns3:TrackPointExtension>
        </extensions>
      </trkpt>
      <trkpt lat="-25.5116124451160430908203125" lon="-48.97954934276640415191650390625">
        <ele>1364.5999755859375</ele>
        <time>2025-08-17T11:14:00.000Z</time>
        <extensions>
          <ns3:TrackPointExtension>
            <ns3:hr>137</ns3:hr>
          </ns3:TrackPointExtension>
        </extensions>
      </trkpt>
      <trkpt lat="-25.5116012133657932281494140625" lon="-48.97955018095672130584716796875">
        <ele>1364.5999755859375</ele>
        <time>2025-08-17T11:14:02.000Z</time>
        <extensions>
          <ns3:TrackPointExtension>
            <ns3:hr>134</ns3:hr>
          </ns3:TrackPointExtension>
        </extensions>
      </trkpt>
      <trkpt lat="-25.51158973015844821929931640625" lon="-48.9795504324138164520263671875">
        <ele>1364.5999755859375</ele>
        <time>2025-08-17T11:14:04.000Z</time>
        <extensions>
          <ns3:TrackPointExtension>
            <ns3:hr>131</ns3:hr>
          </ns3:TrackPointExtension>
        </extensions>
      </trkpt>
      <trkpt lat="-25.5115775763988494873046875" lon="-48.9795507676899433135986328125">
        <ele>1364.5999755859375</ele>
        <time>2025-08-17T11:14:06.000Z</time>
        <extensions>
          <ns3:TrackPointExtension>
            <ns3:hr>128</ns3:hr>
          </ns3:TrackPointExtension>
        </extensions>
      </trkpt>
      <trkpt lat="-25.51155251450836658477783203125" lon="-48.9795506000518798828125">
        <ele>1364.4000244140625</ele>
        <time>2025-08-17T11:14:18.000Z</time>
        <extensions>
          <ns3:TrackPointExtension>
            <ns3:hr>131</ns3:hr>
          </ns3:TrackPointExtension>
        </extensions>
      </trkpt>
      <trkpt lat="-25.511542372405529022216796875" lon="-48.979550264775753021240234375">
        <ele>1364.4000244140625</ele>
        <time>2025-08-17T11:14:22.000Z</time>
        <extensions>
          <ns3:TrackPointExtension>
            <ns3:hr>134</ns3:hr>
          </ns3:TrackPointExtension>
        </extensions>
      </trkpt>
      <trkpt lat="-25.5115220881998538970947265625" lon="-48.97954280488193035125732421875">
        <ele>1364.4000244140625</ele>
        <time>2025-08-17T11:14:35.000Z</time>
        <extensions>
          <ns3:TrackPointExtension>
            <ns3:hr>130</ns3:hr>
          </ns3:TrackPointExtension>
        </extensions>
      </trkpt>
      <trkpt lat="-25.51150373183190822601318359375" lon="-48.97950232028961181640625">
        <ele>1364.199951171875</ele>
        <time>2025-08-17T11:15:31.000Z</time>
        <extensions>
          <ns3:TrackPointExtension>
            <ns3:hr>127</ns3:hr>
          </ns3:TrackPointExtension>
        </extensions>
      </trkpt>
      <trkpt lat="-25.51145930774509906768798828125" lon="-48.9794823713600635528564453125">
        <ele>1363.800048828125</ele>
        <time>2025-08-17T11:15:51.000Z</time>
        <extensions>
          <ns3:TrackPointExtension>
            <ns3:hr>130</ns3:hr>
          </ns3:TrackPointExtension>
        </extensions>
      </trkpt>
      <trkpt lat="-25.51144187338650226593017578125" lon="-48.97948689758777618408203125">
        <ele>1363.800048828125</ele>
        <time>2025-08-17T11:16:05.000Z</time>
        <extensions>
          <ns3:TrackPointExtension>
            <ns3:hr>133</ns3:hr>
          </ns3:TrackPointExtension>
        </extensions>
      </trkpt>
      <trkpt lat="-25.511441119015216827392578125" lon="-48.97948882542550563812255859375">
        <ele>1363.800048828125</ele>
        <time>2025-08-17T11:16:28.000Z</time>
        <extensions>
          <ns3:TrackPointExtension>
            <ns3:hr>130</ns3:hr>
          </ns3:TrackPointExtension>
        </extensions>
      </trkpt>
      <trkpt lat="-25.51144103519618511199951171875" lon="-48.9794887416064739227294921875">
        <ele>1363.800048828125</ele>
        <time>2025-08-17T11:16:33.000Z</time>
        <extensions>
          <ns3:TrackPointExtension>
            <ns3:hr>127</ns3:hr>
          </ns3:TrackPointExtension>
        </extensions>
      </trkpt>
      <trkpt lat="-25.5114409513771533966064453125" lon="-48.979488573968410491943359375">
        <ele>1363.800048828125</ele>
        <time>2025-08-17T11:16:41.000Z</time>
        <extensions>
          <ns3:TrackPointExtension>
            <ns3:hr>124</ns3:hr>
          </ns3:TrackPointExtension>
        </extensions>
      </trkpt>
      <trkpt lat="-25.51144086755812168121337890625" lon="-48.97948849014937877655029296875">
        <ele>1363.800048828125</ele>
        <time>2025-08-17T11:16:43.000Z</time>
        <extensions>
          <ns3:TrackPointExtension>
            <ns3:hr>120</ns3:hr>
          </ns3:TrackPointExtension>
        </extensions>
      </trkpt>
      <trkpt lat="-25.51144069992005825042724609375" lon="-48.979488573968410491943359375">
        <ele>1363.800048828125</ele>
        <time>2025-08-17T11:16:52.000Z</time>
        <extensions>
          <ns3:TrackPointExtension>
            <ns3:hr>117</ns3:hr>
          </ns3:TrackPointExtension>
        </extensions>
      </trkpt>
      <trkpt lat="-25.5114407837390899658203125" lon="-48.97948865778744220733642578125">
        <ele>1363.800048828125</ele>
        <time>2025-08-17T11:16:57.000Z</time>
        <extensions>
          <ns3:TrackPointExtension>
            <ns3:hr>114</ns3:hr>
          </ns3:TrackPointExtension>
        </extensions>
      </trkpt>
      <trkpt lat="-25.5114407837390899658203125" lon="-48.9794887416064739227294921875">
        <ele>1363.800048828125</ele>
        <time>2025-08-17T11:17:01.000Z</time>
        <extensions>
          <ns3:TrackPointExtension>
            <ns3:hr>111</ns3:hr>
          </ns3:TrackPointExtension>
        </extensions>
      </trkpt>
      <trkpt lat="-25.5114407837390899658203125" lon="-48.9794887416064739227294921875">
        <ele>1363.800048828125</ele>
        <time>2025-08-17T11:17:04.000Z</time>
        <extensions>
          <ns3:TrackPointExtension>
            <ns3:hr>108</ns3:hr>
          </ns3:TrackPointExtension>
        </extensions>
      </trkpt>
      <trkpt lat="-25.5114407837390899658203125" lon="-48.9794887416064739227294921875">
        <ele>1363.800048828125</ele>
        <time>2025-08-17T11:17:06.000Z</time>
        <extensions>
          <ns3:TrackPointExtension>
            <ns3:hr>105</ns3:hr>
          </ns3:TrackPointExtension>
        </extensions>
      </trkpt>
      <trkpt lat="-25.5114406161010265350341796875" lon="-48.97948865778744220733642578125">
        <ele>1363.800048828125</ele>
        <time>2025-08-17T11:17:08.000Z</time>
        <extensions>
          <ns3:TrackPointExtension>
            <ns3:hr>102</ns3:hr>
          </ns3:TrackPointExtension>
        </extensions>
      </trkpt>
      <trkpt lat="-25.51144036464393138885498046875" lon="-48.979488573968410491943359375">
        <ele>1363.800048828125</ele>
        <time>2025-08-17T11:17:19.000Z</time>
        <extensions>
          <ns3:TrackPointExtension>
            <ns3:hr>99</ns3:hr>
          </ns3:TrackPointExtension>
        </extensions>
      </trkpt>
      <trkpt lat="-25.51144019700586795806884765625" lon="-48.979488573968410491943359375">
        <ele>1363.800048828125</ele>
        <time>2025-08-17T11:17:23.000Z</time>
        <extensions>
          <ns3:TrackPointExtension>
            <ns3:hr>95</ns3:hr>
          </ns3:TrackPointExtension>
        </extensions>
      </trkpt>
      <trkpt lat="-25.51144019700586795806884765625" lon="-48.97948849014937877655029296875">
        <ele>1363.800048828125</ele>
        <time>2025-08-17T11:17:27.000Z</time>
        <extensions>
          <ns3:TrackPointExtension>
            <ns3:hr>92</ns3:hr>
          </ns3:TrackPointExtension>
        </extensions>
      </trkpt>
      <trkpt lat="-25.51144019700586795806884765625" lon="-48.9794884063303470611572265625">
        <ele>1363.800048828125</ele>
        <time>2025-08-17T11:17:50.000Z</time>
        <extensions>
          <ns3:TrackPointExtension>
            <ns3:hr>89</ns3:hr>
          </ns3:TrackPointExtension>
        </extensions>
      </trkpt>
      <trkpt lat="-25.51144002936780452728271484375" lon="-48.97948849014937877655029296875">
        <ele>1363.800048828125</ele>
        <time>2025-08-17T11:17:59.000Z</time>
        <extensions>
          <ns3:TrackPointExtension>
            <ns3:hr>92</ns3:hr>
          </ns3:TrackPointExtension>
        </extensions>
      </trkpt>
      <trkpt lat="-25.511439777910709381103515625" lon="-48.97948815487325191497802734375">
        <ele>1363.800048828125</ele>
        <time>2025-08-17T11:18:11.000Z</time>
        <extensions>
          <ns3:TrackPointExtension>
            <ns3:hr>89</ns3:hr>
          </ns3:TrackPointExtension>
        </extensions>
      </trkpt>
      <trkpt lat="-25.51143935881555080413818359375" lon="-48.979487903416156768798828125">
        <ele>1363.800048828125</ele>
        <time>2025-08-17T11:18:32.000Z</time>
        <extensions>
          <ns3:TrackPointExtension>
            <ns3:hr>86</ns3:hr>
          </ns3:TrackPointExtension>
        </extensions>
      </trkpt>
      <trkpt lat="-25.51143902353942394256591796875" lon="-48.97948781959712505340576171875">
        <ele>1363.800048828125</ele>
        <time>2025-08-17T11:18:41.000Z</time>
        <extensions>
          <ns3:TrackPointExtension>
            <ns3:hr>89</ns3:hr>
          </ns3:TrackPointExtension>
        </extensions>
      </trkpt>
      <trkpt lat="-25.51143835298717021942138671875" lon="-48.97948815487325191497802734375">
        <ele>1363.800048828125</ele>
        <time>2025-08-17T11:19:06.000Z</time>
        <extensions>
          <ns3:TrackPointExtension>
            <ns3:hr>92</ns3:hr>
          </ns3:TrackPointExtension>
        </extensions>
      </trkpt>
      <trkpt lat="-25.5114382691681385040283203125" lon="-48.979487903416156768798828125">
        <ele>1363.800048828125</ele>
        <time>2025-08-17T11:19:26.000Z</time>
        <extensions>
          <ns3:TrackPointExtension>
            <ns3:hr>89</ns3:hr>
          </ns3:TrackPointExtension>
        </extensions>
      </trkpt>
      <trkpt lat="-25.5114382691681385040283203125" lon="-48.97948781959712505340576171875">
        <ele>1363.800048828125</ele>
        <time>2025-08-17T11:19:39.000Z</time>
        <extensions>
          <ns3:TrackPointExtension>
            <ns3:hr>86</ns3:hr>
          </ns3:TrackPointExtension>
        </extensions>
      </trkpt>
      <trkpt lat="-25.5114382691681385040283203125" lon="-48.97948781959712505340576171875">
        <ele>1363.800048828125</ele>
        <time>2025-08-17T11:19:41.000Z</time>
        <extensions>
          <ns3:TrackPointExtension>
            <ns3:hr>83</ns3:hr>
          </ns3:TrackPointExtension>
        </extensions>
      </trkpt>
      <trkpt lat="-25.51143818534910678863525390625" lon="-48.97948781959712505340576171875">
        <ele>1363.800048828125</ele>
        <time>2025-08-17T11:19:44.000Z</time>
        <extensions>
          <ns3:TrackPointExtension>
            <ns3:hr>80</ns3:hr>
          </ns3:TrackPointExtension>
        </extensions>
      </trkpt>
      <trkpt lat="-25.5114379338920116424560546875" lon="-48.97948798723518848419189453125">
        <ele>1363.800048828125</ele>
        <time>2025-08-17T11:20:10.000Z</time>
        <extensions>
          <ns3:TrackPointExtension>
            <ns3:hr>83</ns3:hr>
          </ns3:TrackPointExtension>
        </extensions>
      </trkpt>
      <trkpt lat="-25.511437766253948211669921875" lon="-48.97948798723518848419189453125">
        <ele>1363.800048828125</ele>
        <time>2025-08-17T11:20:13.000Z</time>
        <extensions>
          <ns3:TrackPointExtension>
            <ns3:hr>86</ns3:hr>
          </ns3:TrackPointExtension>
        </extensions>
      </trkpt>
      <trkpt lat="-25.5114375986158847808837890625" lon="-48.9794880710542201995849609375">
        <ele>1363.800048828125</ele>
        <time>2025-08-17T11:20:38.000Z</time>
        <extensions>
          <ns3:TrackPointExtension>
            <ns3:hr>89</ns3:hr>
          </ns3:TrackPointExtension>
        </extensions>
      </trkpt>
      <trkpt lat="-25.51143743097782135009765625" lon="-48.97948815487325191497802734375">
        <ele>1363.800048828125</ele>
        <time>2025-08-17T11:20:46.000Z</time>
        <extensions>
          <ns3:TrackPointExtension>
            <ns3:hr>86</ns3:hr>
          </ns3:TrackPointExtension>
        </extensions>
      </trkpt>
      <trkpt lat="-25.51143701188266277313232421875" lon="-48.9794884063303470611572265625">
        <ele>1363.800048828125</ele>
        <time>2025-08-17T11:21:13.000Z</time>
        <extensions>
          <ns3:TrackPointExtension>
            <ns3:hr>83</ns3:hr>
          </ns3:TrackPointExtension>
        </extensions>
      </trkpt>
      <trkpt lat="-25.51143667660653591156005859375" lon="-48.9794884063303470611572265625">
        <ele>1363.800048828125</ele>
        <time>2025-08-17T11:21:45.000Z</time>
        <extensions>
          <ns3:TrackPointExtension>
            <ns3:hr>80</ns3:hr>
          </ns3:TrackPointExtension>
        </extensions>
      </trkpt>
      <trkpt lat="-25.51143667660653591156005859375" lon="-48.97948849014937877655029296875">
        <ele>1363.800048828125</ele>
        <time>2025-08-17T11:21:54.000Z</time>
        <extensions>
          <ns3:TrackPointExtension>
            <ns3:hr>83</ns3:hr>
          </ns3:TrackPointExtension>
        </extensions>
      </trkpt>
      <trkpt lat="-25.51143650896847248077392578125" lon="-48.97948832251131534576416015625">
        <ele>1363.800048828125</ele>
        <time>2025-08-17T11:22:10.000Z</time>
        <extensions>
          <ns3:TrackPointExtension>
            <ns3:hr>80</ns3:hr>
          </ns3:TrackPointExtension>
        </extensions>
      </trkpt>
      <trkpt lat="-25.51143634133040904998779296875" lon="-48.97948849014937877655029296875">
        <ele>1363.800048828125</ele>
        <time>2025-08-17T11:22:17.000Z</time>
        <extensions>
          <ns3:TrackPointExtension>
            <ns3:hr>83</ns3:hr>
          </ns3:TrackPointExtension>
        </extensions>
      </trkpt>
      <trkpt lat="-25.5114359222352504730224609375" lon="-48.9794884063303470611572265625">
        <ele>1363.800048828125</ele>
        <time>2025-08-17T11:22:34.000Z</time>
        <extensions>
          <ns3:TrackPointExtension>
            <ns3:hr>86</ns3:hr>
          </ns3:TrackPointExtension>
        </extensions>
      </trkpt>
      <trkpt lat="-25.51143583841621875762939453125" lon="-48.97948832251131534576416015625">
        <ele>1363.800048828125</ele>
        <time>2025-08-17T11:22:49.000Z</time>
        <extensions>
          <ns3:TrackPointExtension>
            <ns3:hr>89</ns3:hr>
          </ns3:TrackPointExtension>
        </extensions>
      </trkpt>
      <trkpt lat="-25.511435754597187042236328125" lon="-48.97948823869228363037109375">
        <ele>1363.800048828125</ele>
        <time>2025-08-17T11:22:54.000Z</time>
        <extensions>
          <ns3:TrackPointExtension>
            <ns3:hr>86</ns3:hr>
          </ns3:TrackPointExtension>
        </extensions>
      </trkpt>
      <trkpt lat="-25.51143567077815532684326171875" lon="-48.97948823869228363037109375">
        <ele>1363.800048828125</ele>
        <time>2025-08-17T11:22:59.000Z</time>
        <extensions>
          <ns3:TrackPointExtension>
            <ns3:hr>83</ns3:hr>
          </ns3:TrackPointExtension>
        </extensions>
      </trkpt>
      <trkpt lat="-25.5114355869591236114501953125" lon="-48.97948815487325191497802734375">
        <ele>1363.800048828125</ele>
        <time>2025-08-17T11:23:25.000Z</time>
        <extensions>
          <ns3:TrackPointExtension>
            <ns3:hr>86</ns3:hr>
          </ns3:TrackPointExtension>
        </extensions>
      </trkpt>
      <trkpt lat="-25.51143550314009189605712890625" lon="-48.97948823869228363037109375">
        <ele>1363.800048828125</ele>
        <time>2025-08-17T11:23:31.000Z</time>
        <extensions>
          <ns3:TrackPointExtension>
            <ns3:hr>90</ns3:hr>
          </ns3:TrackPointExtension>
        </extensions>
      </trkpt>
      <trkpt lat="-25.5114352516829967498779296875" lon="-48.97948823869228363037109375">
        <ele>1363.800048828125</ele>
        <time>2025-08-17T11:23:40.000Z</time>
        <extensions>
          <ns3:TrackPointExtension>
            <ns3:hr>93</ns3:hr>
          </ns3:TrackPointExtension>
        </extensions>
      </trkpt>
      <trkpt lat="-25.5114349164068698883056640625" lon="-48.97948781959712505340576171875">
        <ele>1363.800048828125</ele>
        <time>2025-08-17T11:24:19.000Z</time>
        <extensions>
          <ns3:TrackPointExtension>
            <ns3:hr>90</ns3:hr>
          </ns3:TrackPointExtension>
        </extensions>
      </trkpt>
      <trkpt lat="-25.5114349164068698883056640625" lon="-48.979487903416156768798828125">
        <ele>1363.800048828125</ele>
        <time>2025-08-17T11:24:24.000Z</time>
        <extensions>
          <ns3:TrackPointExtension>
            <ns3:hr>86</ns3:hr>
          </ns3:TrackPointExtension>
        </extensions>
      </trkpt>
      <trkpt lat="-25.51143474876880645751953125" lon="-48.979487903416156768798828125">
        <ele>1363.800048828125</ele>
        <time>2025-08-17T11:24:29.000Z</time>
        <extensions>
          <ns3:TrackPointExtension>
            <ns3:hr>83</ns3:hr>
          </ns3:TrackPointExtension>
        </extensions>
      </trkpt>
      <trkpt lat="-25.51143483258783817291259765625" lon="-48.979487903416156768798828125">
        <ele>1363.800048828125</ele>
        <time>2025-08-17T11:24:52.000Z</time>
        <extensions>
          <ns3:TrackPointExtension>
            <ns3:hr>80</ns3:hr>
          </ns3:TrackPointExtension>
        </extensions>
      </trkpt>
      <trkpt lat="-25.51143466494977474212646484375" lon="-48.979487903416156768798828125">
        <ele>1363.800048828125</ele>
        <time>2025-08-17T11:25:20.000Z</time>
        <extensions>
          <ns3:TrackPointExtension>
            <ns3:hr>83</ns3:hr>
          </ns3:TrackPointExtension>
        </extensions>
      </trkpt>
      <trkpt lat="-25.51143432967364788055419921875" lon="-48.97948781959712505340576171875">
        <ele>1363.800048828125</ele>
        <time>2025-08-17T11:25:36.000Z</time>
        <extensions>
          <ns3:TrackPointExtension>
            <ns3:hr>86</ns3:hr>
          </ns3:TrackPointExtension>
        </extensions>
      </trkpt>
      <trkpt lat="-25.51143432967364788055419921875" lon="-48.9794877357780933380126953125">
        <ele>1363.800048828125</ele>
        <time>2025-08-17T11:25:40.000Z</time>
        <extensions>
          <ns3:TrackPointExtension>
            <ns3:hr>89</ns3:hr>
          </ns3:TrackPointExtension>
        </extensions>
      </trkpt>
      <trkpt lat="-25.51143416203558444976806640625" lon="-48.9794875681400299072265625">
        <ele>1363.800048828125</ele>
        <time>2025-08-17T11:25:48.000Z</time>
        <extensions>
          <ns3:TrackPointExtension>
            <ns3:hr>85</ns3:hr>
          </ns3:TrackPointExtension>
        </extensions>
      </trkpt>
      <trkpt lat="-25.511434078216552734375" lon="-48.9794875681400299072265625">
        <ele>1363.800048828125</ele>
        <time>2025-08-17T11:25:51.000Z</time>
        <extensions>
          <ns3:TrackPointExtension>
            <ns3:hr>82</ns3:hr>
          </ns3:TrackPointExtension>
        </extensions>
      </trkpt>
      <trkpt lat="-25.51143399439752101898193359375" lon="-48.97948748432099819183349609375">
        <ele>1363.800048828125</ele>
        <time>2025-08-17T11:25:57.000Z</time>
        <extensions>
          <ns3:TrackPointExtension>
            <ns3:hr>78</ns3:hr>
          </ns3:TrackPointExtension>
        </extensions>
      </trkpt>
      <trkpt lat="-25.5114335753023624420166015625" lon="-48.97948765195906162261962890625">
        <ele>1363.800048828125</ele>
        <time>2025-08-17T11:26:26.000Z</time>
        <extensions>
          <ns3:TrackPointExtension>
            <ns3:hr>75</ns3:hr>
          </ns3:TrackPointExtension>
        </extensions>
      </trkpt>
      <trkpt lat="-25.5114332400262355804443359375" lon="-48.97948781959712505340576171875">
        <ele>1363.800048828125</ele>
        <time>2025-08-17T11:26:43.000Z</time>
        <extensions>
          <ns3:TrackPointExtension>
            <ns3:hr>78</ns3:hr>
          </ns3:TrackPointExtension>
        </extensions>
      </trkpt>
      <trkpt lat="-25.51143315620720386505126953125" lon="-48.979487903416156768798828125">
        <ele>1363.800048828125</ele>
        <time>2025-08-17T11:26:57.000Z</time>
        <extensions>
          <ns3:TrackPointExtension>
            <ns3:hr>81</ns3:hr>
          </ns3:TrackPointExtension>
        </extensions>
      </trkpt>
      <trkpt lat="-25.5114332400262355804443359375" lon="-48.979487903416156768798828125">
        <ele>1363.800048828125</ele>
        <time>2025-08-17T11:27:06.000Z</time>
        <extensions>
          <ns3:TrackPointExtension>
            <ns3:hr>84</ns3:hr>
          </ns3:TrackPointExtension>
        </extensions>
      </trkpt>
      <trkpt lat="-25.51143332384526729583740234375" lon="-48.9794880710542201995849609375">
        <ele>1363.800048828125</ele>
        <time>2025-08-17T11:27:16.000Z</time>
        <extensions>
          <ns3:TrackPointExtension>
            <ns3:hr>87</ns3:hr>
          </ns3:TrackPointExtension>
        </extensions>
      </trkpt>
      <trkpt lat="-25.51143332384526729583740234375" lon="-48.97948815487325191497802734375">
        <ele>1363.800048828125</ele>
        <time>2025-08-17T11:27:21.000Z</time>
        <extensions>
          <ns3:TrackPointExtension>
            <ns3:hr>90</ns3:hr>
          </ns3:TrackPointExtension>
        </extensions>
      </trkpt>
      <trkpt lat="-25.51143332384526729583740234375" lon="-48.97948823869228363037109375">
        <ele>1363.800048828125</ele>
        <time>2025-08-17T11:27:24.000Z</time>
        <extensions>
          <ns3:TrackPointExtension>
            <ns3:hr>93</ns3:hr>
          </ns3:TrackPointExtension>
        </extensions>
      </trkpt>
      <trkpt lat="-25.51143332384526729583740234375" lon="-48.97948832251131534576416015625">
        <ele>1363.800048828125</ele>
        <time>2025-08-17T11:27:35.000Z</time>
        <extensions>
          <ns3:TrackPointExtension>
            <ns3:hr>97</ns3:hr>
          </ns3:TrackPointExtension>
        </extensions>
      </trkpt>
      <trkpt lat="-25.51143332384526729583740234375" lon="-48.9794884063303470611572265625">
        <ele>1363.800048828125</ele>
        <time>2025-08-17T11:27:42.000Z</time>
        <extensions>
          <ns3:TrackPointExtension>
            <ns3:hr>94</ns3:hr>
          </ns3:TrackPointExtension>
        </extensions>
      </trkpt>
      <trkpt lat="-25.51143340766429901123046875" lon="-48.9794884063303470611572265625">
        <ele>1363.800048828125</ele>
        <time>2025-08-17T11:27:48.000Z</time>
        <extensions>
          <ns3:TrackPointExtension>
            <ns3:hr>91</ns3:hr>
          </ns3:TrackPointExtension>
        </extensions>
      </trkpt>
      <trkpt lat="-25.5114332400262355804443359375" lon="-48.9794884063303470611572265625">
        <ele>1363.800048828125</ele>
        <time>2025-08-17T11:28:02.000Z</time>
        <extensions>
          <ns3:TrackPointExtension>
            <ns3:hr>88</ns3:hr>
          </ns3:TrackPointExtension>
        </extensions>
      </trkpt>
      <trkpt lat="-25.51143298856914043426513671875" lon="-48.97948849014937877655029296875">
        <ele>1363.800048828125</ele>
        <time>2025-08-17T11:28:21.000Z</time>
        <extensions>
          <ns3:TrackPointExtension>
            <ns3:hr>85</ns3:hr>
          </ns3:TrackPointExtension>
        </extensions>
      </trkpt>
      <trkpt lat="-25.51143282093107700347900390625" lon="-48.97948849014937877655029296875">
        <ele>1363.800048828125</ele>
        <time>2025-08-17T11:28:29.000Z</time>
        <extensions>
          <ns3:TrackPointExtension>
            <ns3:hr>88</ns3:hr>
          </ns3:TrackPointExtension>
        </extensions>
      </trkpt>
      <trkpt lat="-25.51143265329301357269287109375" lon="-48.9794884063303470611572265625">
        <ele>1363.800048828125</ele>
        <time>2025-08-17T11:28:55.000Z</time>
        <extensions>
          <ns3:TrackPointExtension>
            <ns3:hr>85</ns3:hr>
          </ns3:TrackPointExtension>
        </extensions>
      </trkpt>
      <trkpt lat="-25.51143265329301357269287109375" lon="-48.9794884063303470611572265625">
        <ele>1363.800048828125</ele>
        <time>2025-08-17T11:28:56.000Z</time>
        <extensions>
          <ns3:TrackPointExtension>
            <ns3:hr>88</ns3:hr>
          </ns3:TrackPointExtension>
        </extensions>
      </trkpt>
      <trkpt lat="-25.51143231801688671112060546875" lon="-48.9794884063303470611572265625">
        <ele>1363.800048828125</ele>
        <time>2025-08-17T11:29:52.000Z</time>
        <extensions>
          <ns3:TrackPointExtension>
            <ns3:hr>85</ns3:hr>
          </ns3:TrackPointExtension>
        </extensions>
      </trkpt>
      <trkpt lat="-25.5114322341978549957275390625" lon="-48.97948832251131534576416015625">
        <ele>1363.800048828125</ele>
        <time>2025-08-17T11:30:00.000Z</time>
        <extensions>
          <ns3:TrackPointExtension>
            <ns3:hr>92</ns3:hr>
          </ns3:TrackPointExtension>
        </extensions>
      </trkpt>
      <trkpt lat="-25.5114322341978549957275390625" lon="-48.97948832251131534576416015625">
        <ele>1363.800048828125</ele>
        <time>2025-08-17T11:30:01.000Z</time>
        <extensions>
          <ns3:TrackPointExtension>
            <ns3:hr>92</ns3:hr>
          </ns3:TrackPointExtension>
        </extensions>
      </trkpt>
      <trkpt lat="-25.5114322341978549957275390625" lon="-48.97948832251131534576416015625">
        <ele>1363.800048828125</ele>
        <time>2025-08-17T11:30:03.000Z</time>
        <extensions>
          <ns3:TrackPointExtension>
            <ns3:hr>97</ns3:hr>
          </ns3:TrackPointExtension>
        </extensions>
      </trkpt>
      <trkpt lat="-25.51143215037882328033447265625" lon="-48.97948832251131534576416015625">
        <ele>1363.800048828125</ele>
        <time>2025-08-17T11:30:05.000Z</time>
        <extensions>
          <ns3:TrackPointExtension>
            <ns3:hr>101</ns3:hr>
          </ns3:TrackPointExtension>
        </extensions>
      </trkpt>
      <trkpt lat="-25.511431396007537841796875" lon="-48.9794875681400299072265625">
        <ele>1363.800048828125</ele>
        <time>2025-08-17T11:30:36.000Z</time>
        <extensions>
          <ns3:TrackPointExtension>
            <ns3:hr>104</ns3:hr>
          </ns3:TrackPointExtension>
        </extensions>
      </trkpt>
      <trkpt lat="-25.51143131218850612640380859375" lon="-48.97948748432099819183349609375">
        <ele>1363.800048828125</ele>
        <time>2025-08-17T11:30:37.000Z</time>
        <extensions>
          <ns3:TrackPointExtension>
            <ns3:hr>101</ns3:hr>
          </ns3:TrackPointExtension>
        </extensions>
      </trkpt>
      <trkpt lat="-25.51143072545528411865234375" lon="-48.979486562311649322509765625">
        <ele>1363.800048828125</ele>
        <time>2025-08-17T11:30:51.000Z</time>
        <extensions>
          <ns3:TrackPointExtension>
            <ns3:hr>105</ns3:hr>
          </ns3:TrackPointExtension>
        </extensions>
      </trkpt>
      <trkpt lat="-25.5114305578172206878662109375" lon="-48.97948631085455417633056640625">
        <ele>1363.800048828125</ele>
        <time>2025-08-17T11:30:54.000Z</time>
        <extensions>
          <ns3:TrackPointExtension>
            <ns3:hr>108</ns3:hr>
          </ns3:TrackPointExtension>
        </extensions>
      </trkpt>
      <trkpt lat="-25.5114298872649669647216796875" lon="-48.97948555648326873779296875">
        <ele>1363.800048828125</ele>
        <time>2025-08-17T11:31:06.000Z</time>
        <extensions>
          <ns3:TrackPointExtension>
            <ns3:hr>105</ns3:hr>
          </ns3:TrackPointExtension>
        </extensions>
      </trkpt>
      <trkpt lat="-25.51142946816980838775634765625" lon="-48.9794850535690784454345703125">
        <ele>1363.800048828125</ele>
        <time>2025-08-17T11:31:13.000Z</time>
        <extensions>
          <ns3:TrackPointExtension>
            <ns3:hr>102</ns3:hr>
          </ns3:TrackPointExtension>
        </extensions>
      </trkpt>
      <trkpt lat="-25.51142879761755466461181640625" lon="-48.979484550654888153076171875">
        <ele>1363.800048828125</ele>
        <time>2025-08-17T11:31:20.000Z</time>
        <extensions>
          <ns3:TrackPointExtension>
            <ns3:hr>99</ns3:hr>
          </ns3:TrackPointExtension>
        </extensions>
      </trkpt>
      <trkpt lat="-25.51142862997949123382568359375" lon="-48.9794843830168247222900390625">
        <ele>1363.800048828125</ele>
        <time>2025-08-17T11:31:23.000Z</time>
        <extensions>
          <ns3:TrackPointExtension>
            <ns3:hr>96</ns3:hr>
          </ns3:TrackPointExtension>
        </extensions>
      </trkpt>
      <trkpt lat="-25.5113785900175571441650390625" lon="-48.9794283919036388397216796875">
        <ele>1363.199951171875</ele>
        <time>2025-08-17T11:31:37.000Z</time>
        <extensions>
          <ns3:TrackPointExtension>
            <ns3:hr>95</ns3:hr>
          </ns3:TrackPointExtension>
        </extensions>
      </trkpt>
      <trkpt lat="-25.51131798885762691497802734375" lon="-48.9793695509433746337890625">
        <ele>1362</ele>
        <time>2025-08-17T11:31:42.000Z</time>
        <extensions>
          <ns3:TrackPointExtension>
            <ns3:hr>95</ns3:hr>
          </ns3:TrackPointExtension>
        </extensions>
      </trkpt>
      <trkpt lat="-25.5112790130078792572021484375" lon="-48.9793402142822742462158203125">
        <ele>1361.199951171875</ele>
        <time>2025-08-17T11:31:48.000Z</time>
        <extensions>
          <ns3:TrackPointExtension>
            <ns3:hr>95</ns3:hr>
          </ns3:TrackPointExtension>
        </extensions>
      </trkpt>
      <trkpt lat="-25.51126283593475818634033203125" lon="-48.9793599955737590789794921875">
        <ele>1360.800048828125</ele>
        <time>2025-08-17T11:31:55.000Z</time>
        <extensions>
          <ns3:TrackPointExtension>
            <ns3:hr>95</ns3:hr>
          </ns3:TrackPointExtension>
        </extensions>
      </trkpt>
      <trkpt lat="-25.51124632358551025390625" lon="-48.9793653599917888641357421875">
        <ele>1360.5999755859375</ele>
        <time>2025-08-17T11:32:01.000Z</time>
        <extensions>
          <ns3:TrackPointExtension>
            <ns3:hr>95</ns3:hr>
          </ns3:TrackPointExtension>
        </extensions>
      </trkpt>
      <trkpt lat="-25.51120801828801631927490234375" lon="-48.97936896421015262603759765625">
        <ele>1360</ele>
        <time>2025-08-17T11:32:06.000Z</time>
        <extensions>
          <ns3:TrackPointExtension>
            <ns3:hr>97</ns3:hr>
          </ns3:TrackPointExtension>
        </extensions>
      </trkpt>
      <trkpt lat="-25.51116694696247577667236328125" lon="-48.97936125285923480987548828125">
        <ele>1359.199951171875</ele>
        <time>2025-08-17T11:32:13.000Z</time>
        <extensions>
          <ns3:TrackPointExtension>
            <ns3:hr>96</ns3:hr>
          </ns3:TrackPointExtension>
        </extensions>
      </trkpt>
      <trkpt lat="-25.51115714013576507568359375" lon="-48.97937483154237270355224609375">
        <ele>1359</ele>
        <time>2025-08-17T11:32:19.000Z</time>
        <extensions>
          <ns3:TrackPointExtension>
            <ns3:hr>95</ns3:hr>
          </ns3:TrackPointExtension>
        </extensions>
      </trkpt>
      <trkpt lat="-25.5111537873744964599609375" lon="-48.97937399335205554962158203125">
        <ele>1358.800048828125</ele>
        <time>2025-08-17T11:32:25.000Z</time>
        <extensions>
          <ns3:TrackPointExtension>
            <ns3:hr>96</ns3:hr>
          </ns3:TrackPointExtension>
        </extensions>
      </trkpt>
      <trkpt lat="-25.51114917732775211334228515625" lon="-48.9793737418949604034423828125">
        <ele>1358.800048828125</ele>
        <time>2025-08-17T11:32:27.000Z</time>
        <extensions>
          <ns3:TrackPointExtension>
            <ns3:hr>93</ns3:hr>
          </ns3:TrackPointExtension>
        </extensions>
      </trkpt>
      <trkpt lat="-25.511139370501041412353515625" lon="-48.9793722331523895263671875">
        <ele>1358.5999755859375</ele>
        <time>2025-08-17T11:32:31.000Z</time>
        <extensions>
          <ns3:TrackPointExtension>
            <ns3:hr>96</ns3:hr>
          </ns3:TrackPointExtension>
        </extensions>
      </trkpt>
      <trkpt lat="-25.511133670806884765625" lon="-48.97937064059078693389892578125">
        <ele>1358.4000244140625</ele>
        <time>2025-08-17T11:32:33.000Z</time>
        <extensions>
          <ns3:TrackPointExtension>
            <ns3:hr>95</ns3:hr>
          </ns3:TrackPointExtension>
        </extensions>
      </trkpt>
      <trkpt lat="-25.51112956367433071136474609375" lon="-48.97937181405723094940185546875">
        <ele>1358.4000244140625</ele>
        <time>2025-08-17T11:32:41.000Z</time>
        <extensions>
          <ns3:TrackPointExtension>
            <ns3:hr>95</ns3:hr>
          </ns3:TrackPointExtension>
        </extensions>
      </trkpt>
      <trkpt lat="-25.51108631305396556854248046875" lon="-48.9793988876044750213623046875">
        <ele>1357.4000244140625</ele>
        <time>2025-08-17T11:33:22.000Z</time>
        <extensions>
          <ns3:TrackPointExtension>
            <ns3:hr>98</ns3:hr>
          </ns3:TrackPointExtension>
        </extensions>
      </trkpt>
      <trkpt lat="-25.5110706388950347900390625" lon="-48.97940299473702907562255859375">
        <ele>1357.199951171875</ele>
        <time>2025-08-17T11:33:31.000Z</time>
        <extensions>
          <ns3:TrackPointExtension>
            <ns3:hr>94</ns3:hr>
          </ns3:TrackPointExtension>
        </extensions>
      </trkpt>
      <trkpt lat="-25.51106669940054416656494140625" lon="-48.97940500639379024505615234375">
        <ele>1357.199951171875</ele>
        <time>2025-08-17T11:33:34.000Z</time>
        <extensions>
          <ns3:TrackPointExtension>
            <ns3:hr>97</ns3:hr>
          </ns3:TrackPointExtension>
        </extensions>
      </trkpt>
      <trkpt lat="-25.51104289479553699493408203125" lon="-48.97943668998777866363525390625">
        <ele>1356.800048828125</ele>
        <time>2025-08-17T11:33:51.000Z</time>
        <extensions>
          <ns3:TrackPointExtension>
            <ns3:hr>98</ns3:hr>
          </ns3:TrackPointExtension>
        </extensions>
      </trkpt>
      <trkpt lat="-25.5110496841371059417724609375" lon="-48.9794672839343547821044921875">
        <ele>1356.800048828125</ele>
        <time>2025-08-17T11:33:58.000Z</time>
        <extensions>
          <ns3:TrackPointExtension>
            <ns3:hr>96</ns3:hr>
          </ns3:TrackPointExtension>
        </extensions>
      </trkpt>
      <trkpt lat="-25.51105245016515254974365234375" lon="-48.97946401499211788177490234375">
        <ele>1356.800048828125</ele>
        <time>2025-08-17T11:34:01.000Z</time>
        <extensions>
          <ns3:TrackPointExtension>
            <ns3:hr>99</ns3:hr>
          </ns3:TrackPointExtension>
        </extensions>
      </trkpt>
      <trkpt lat="-25.51105446182191371917724609375" lon="-48.97946770302951335906982421875">
        <ele>1357</ele>
        <time>2025-08-17T11:34:04.000Z</time>
        <extensions>
          <ns3:TrackPointExtension>
            <ns3:hr>98</ns3:hr>
          </ns3:TrackPointExtension>
        </extensions>
      </trkpt>
      <trkpt lat="-25.51104180514812469482421875" lon="-48.97950491867959499359130859375">
        <ele>1356.5999755859375</ele>
        <time>2025-08-17T11:34:09.000Z</time>
        <extensions>
          <ns3:TrackPointExtension>
            <ns3:hr>94</ns3:hr>
          </ns3:TrackPointExtension>
        </extensions>
      </trkpt>
      <trkpt lat="-25.51103535108268260955810546875" lon="-48.979504667222499847412109375">
        <ele>1356.5999755859375</ele>
        <time>2025-08-17T11:34:10.000Z</time>
        <extensions>
          <ns3:TrackPointExtension>
            <ns3:hr>97</ns3:hr>
          </ns3:TrackPointExtension>
        </extensions>
      </trkpt>
      <trkpt lat="-25.51102864556014537811279296875" lon="-48.9795051701366901397705078125">
        <ele>1356.4000244140625</ele>
        <time>2025-08-17T11:34:17.000Z</time>
        <extensions>
          <ns3:TrackPointExtension>
            <ns3:hr>99</ns3:hr>
          </ns3:TrackPointExtension>
        </extensions>
      </trkpt>
      <trkpt lat="-25.5110329203307628631591796875" lon="-48.9795095287263393402099609375">
        <ele>1356.4000244140625</ele>
        <time>2025-08-17T11:34:24.000Z</time>
        <extensions>
          <ns3:TrackPointExtension>
            <ns3:hr>98</ns3:hr>
          </ns3:TrackPointExtension>
        </extensions>
      </trkpt>
      <trkpt lat="-25.511018671095371246337890625" lon="-48.979521095752716064453125">
        <ele>1356</ele>
        <time>2025-08-17T11:34:29.000Z</time>
        <extensions>
          <ns3:TrackPointExtension>
            <ns3:hr>102</ns3:hr>
          </ns3:TrackPointExtension>
        </extensions>
      </trkpt>
      <trkpt lat="-25.51101691089570522308349609375" lon="-48.9795205928385257720947265625">
        <ele>1356</ele>
        <time>2025-08-17T11:34:30.000Z</time>
        <extensions>
          <ns3:TrackPointExtension>
            <ns3:hr>104</ns3:hr>
          </ns3:TrackPointExtension>
        </extensions>
      </trkpt>
      <trkpt lat="-25.511004924774169921875" lon="-48.97953526116907596588134765625">
        <ele>1355.5999755859375</ele>
        <time>2025-08-17T11:34:36.000Z</time>
        <extensions>
          <ns3:TrackPointExtension>
            <ns3:hr>105</ns3:hr>
          </ns3:TrackPointExtension>
        </extensions>
      </trkpt>
      <trkpt lat="-25.5109901726245880126953125" lon="-48.97955152206122875213623046875">
        <ele>1355</ele>
        <time>2025-08-17T11:34:40.000Z</time>
        <extensions>
          <ns3:TrackPointExtension>
            <ns3:hr>110</ns3:hr>
          </ns3:TrackPointExtension>
        </extensions>
      </trkpt>
      <trkpt lat="-25.5109859816730022430419921875" lon="-48.9795420505106449127197265625">
        <ele>1355</ele>
        <time>2025-08-17T11:34:42.000Z</time>
        <extensions>
          <ns3:TrackPointExtension>
            <ns3:hr>113</ns3:hr>
          </ns3:TrackPointExtension>
        </extensions>
      </trkpt>
      <trkpt lat="-25.51098321564495563507080078125" lon="-48.979527465999126434326171875">
        <ele>1355</ele>
        <time>2025-08-17T11:34:46.000Z</time>
        <extensions>
          <ns3:TrackPointExtension>
            <ns3:hr>115</ns3:hr>
          </ns3:TrackPointExtension>
        </extensions>
      </trkpt>
      <trkpt lat="-25.51097969524562358856201171875" lon="-48.97952788509428501129150390625">
        <ele>1355</ele>
        <time>2025-08-17T11:34:52.000Z</time>
        <extensions>
          <ns3:TrackPointExtension>
            <ns3:hr>115</ns3:hr>
          </ns3:TrackPointExtension>
        </extensions>
      </trkpt>
      <trkpt lat="-25.51097969524562358856201171875" lon="-48.97952788509428501129150390625">
        <ele>1355</ele>
        <time>2025-08-17T11:34:58.000Z</time>
        <extensions>
          <ns3:TrackPointExtension>
            <ns3:hr>112</ns3:hr>
          </ns3:TrackPointExtension>
        </extensions>
      </trkpt>
      <trkpt lat="-25.5109816230833530426025390625" lon="-48.97959443740546703338623046875">
        <ele>1354.199951171875</ele>
        <time>2025-08-17T11:35:16.000Z</time>
        <extensions>
          <ns3:TrackPointExtension>
            <ns3:hr>112</ns3:hr>
          </ns3:TrackPointExtension>
        </extensions>
      </trkpt>
      <trkpt lat="-25.5109775997698307037353515625" lon="-48.979612626135349273681640625">
        <ele>1353.5999755859375</ele>
        <time>2025-08-17T11:35:19.000Z</time>
        <extensions>
          <ns3:TrackPointExtension>
            <ns3:hr>111</ns3:hr>
          </ns3:TrackPointExtension>
        </extensions>
      </trkpt>
      <trkpt lat="-25.5109765939414501190185546875" lon="-48.97960449568927288055419921875">
        <ele>1353.800048828125</ele>
        <time>2025-08-17T11:35:25.000Z</time>
        <extensions>
          <ns3:TrackPointExtension>
            <ns3:hr>113</ns3:hr>
          </ns3:TrackPointExtension>
        </extensions>
      </trkpt>
      <trkpt lat="-25.51098086871206760406494140625" lon="-48.97961539216339588165283203125">
        <ele>1353.5999755859375</ele>
        <time>2025-08-17T11:35:30.000Z</time>
        <extensions>
          <ns3:TrackPointExtension>
            <ns3:hr>114</ns3:hr>
          </ns3:TrackPointExtension>
        </extensions>
      </trkpt>
      <trkpt lat="-25.5109735764563083648681640625" lon="-48.97960533387959003448486328125">
        <ele>1353.800048828125</ele>
        <time>2025-08-17T11:35:34.000Z</time>
        <extensions>
          <ns3:TrackPointExtension>
            <ns3:hr>112</ns3:hr>
          </ns3:TrackPointExtension>
        </extensions>
      </trkpt>
      <trkpt lat="-25.510971061885356903076171875" lon="-48.979596197605133056640625">
        <ele>1354</ele>
        <time>2025-08-17T11:35:40.000Z</time>
        <extensions>
          <ns3:TrackPointExtension>
            <ns3:hr>112</ns3:hr>
          </ns3:TrackPointExtension>
        </extensions>
      </trkpt>
      <trkpt lat="-25.51097114570438861846923828125" lon="-48.97959913127124309539794921875">
        <ele>1353.800048828125</ele>
        <time>2025-08-17T11:35:47.000Z</time>
        <extensions>
          <ns3:TrackPointExtension>
            <ns3:hr>109</ns3:hr>
          </ns3:TrackPointExtension>
        </extensions>
      </trkpt>
      <trkpt lat="-25.51097114570438861846923828125" lon="-48.97959913127124309539794921875">
        <ele>1353.800048828125</ele>
        <time>2025-08-17T11:35:54.000Z</time>
        <extensions>
          <ns3:TrackPointExtension>
            <ns3:hr>106</ns3:hr>
          </ns3:TrackPointExtension>
        </extensions>
      </trkpt>
      <trkpt lat="-25.51095756702125072479248046875" lon="-48.9795903302729129791259765625">
        <ele>1353.800048828125</ele>
        <time>2025-08-17T11:36:21.000Z</time>
        <extensions>
          <ns3:TrackPointExtension>
            <ns3:hr>108</ns3:hr>
          </ns3:TrackPointExtension>
        </extensions>
      </trkpt>
      <trkpt lat="-25.51095639355480670928955078125" lon="-48.97958940826356410980224609375">
        <ele>1353.800048828125</ele>
        <time>2025-08-17T11:36:23.000Z</time>
        <extensions>
          <ns3:TrackPointExtension>
            <ns3:hr>105</ns3:hr>
          </ns3:TrackPointExtension>
        </extensions>
      </trkpt>
      <trkpt lat="-25.510955639183521270751953125" lon="-48.9795876480638980865478515625">
        <ele>1353.800048828125</ele>
        <time>2025-08-17T11:36:27.000Z</time>
        <extensions>
          <ns3:TrackPointExtension>
            <ns3:hr>102</ns3:hr>
          </ns3:TrackPointExtension>
        </extensions>
      </trkpt>
      <trkpt lat="-25.510954968631267547607421875" lon="-48.97957817651331424713134765625">
        <ele>1354</ele>
        <time>2025-08-17T11:36:38.000Z</time>
        <extensions>
          <ns3:TrackPointExtension>
            <ns3:hr>98</ns3:hr>
          </ns3:TrackPointExtension>
        </extensions>
      </trkpt>
      <trkpt lat="-25.510956980288028717041015625" lon="-48.97958052344620227813720703125">
        <ele>1354</ele>
        <time>2025-08-17T11:36:54.000Z</time>
        <extensions>
          <ns3:TrackPointExtension>
            <ns3:hr>95</ns3:hr>
          </ns3:TrackPointExtension>
        </extensions>
      </trkpt>
      <trkpt lat="-25.51095664501190185546875" lon="-48.9795883186161518096923828125">
        <ele>1353.800048828125</ele>
        <time>2025-08-17T11:37:07.000Z</time>
        <extensions>
          <ns3:TrackPointExtension>
            <ns3:hr>98</ns3:hr>
          </ns3:TrackPointExtension>
        </extensions>
      </trkpt>
      <trkpt lat="-25.5109561420977115631103515625" lon="-48.9795910008251667022705078125">
        <ele>1353.5999755859375</ele>
        <time>2025-08-17T11:37:15.000Z</time>
        <extensions>
          <ns3:TrackPointExtension>
            <ns3:hr>102</ns3:hr>
          </ns3:TrackPointExtension>
        </extensions>
      </trkpt>
      <trkpt lat="-25.51095589064061641693115234375" lon="-48.97959141992032527923583984375">
        <ele>1353.5999755859375</ele>
        <time>2025-08-17T11:37:19.000Z</time>
        <extensions>
          <ns3:TrackPointExtension>
            <ns3:hr>105</ns3:hr>
          </ns3:TrackPointExtension>
        </extensions>
      </trkpt>
      <trkpt lat="-25.510953962802886962890625" lon="-48.979592509567737579345703125">
        <ele>1353.5999755859375</ele>
        <time>2025-08-17T11:37:30.000Z</time>
        <extensions>
          <ns3:TrackPointExtension>
            <ns3:hr>108</ns3:hr>
          </ns3:TrackPointExtension>
        </extensions>
      </trkpt>
      <trkpt lat="-25.510954298079013824462890625" lon="-48.97959225811064243316650390625">
        <ele>1353.5999755859375</ele>
        <time>2025-08-17T11:37:32.000Z</time>
        <extensions>
          <ns3:TrackPointExtension>
            <ns3:hr>111</ns3:hr>
          </ns3:TrackPointExtension>
        </extensions>
      </trkpt>
      <trkpt lat="-25.510954968631267547607421875" lon="-48.979591839015483856201171875">
        <ele>1353.5999755859375</ele>
        <time>2025-08-17T11:37:38.000Z</time>
        <extensions>
          <ns3:TrackPointExtension>
            <ns3:hr>108</ns3:hr>
          </ns3:TrackPointExtension>
        </extensions>
      </trkpt>
      <trkpt lat="-25.51095656119287014007568359375" lon="-48.9796020649373531341552734375">
        <ele>1353.4000244140625</ele>
        <time>2025-08-17T11:38:21.000Z</time>
        <extensions>
          <ns3:TrackPointExtension>
            <ns3:hr>107</ns3:hr>
          </ns3:TrackPointExtension>
        </extensions>
      </trkpt>
      <trkpt lat="-25.51097483374178409576416015625" lon="-48.97962964139878749847412109375">
        <ele>1353.199951171875</ele>
        <time>2025-08-17T11:38:27.000Z</time>
        <extensions>
          <ns3:TrackPointExtension>
            <ns3:hr>107</ns3:hr>
          </ns3:TrackPointExtension>
        </extensions>
      </trkpt>
      <trkpt lat="-25.51098346710205078125" lon="-48.97964355535805225372314453125">
        <ele>1353</ele>
        <time>2025-08-17T11:38:32.000Z</time>
        <extensions>
          <ns3:TrackPointExtension>
            <ns3:hr>107</ns3:hr>
          </ns3:TrackPointExtension>
        </extensions>
      </trkpt>
      <trkpt lat="-25.5109752528369426727294921875" lon="-48.97964891977608203887939453125">
        <ele>1352.800048828125</ele>
        <time>2025-08-17T11:38:39.000Z</time>
        <extensions>
          <ns3:TrackPointExtension>
            <ns3:hr>108</ns3:hr>
          </ns3:TrackPointExtension>
        </extensions>
      </trkpt>
      <trkpt lat="-25.5109752528369426727294921875" lon="-48.97964891977608203887939453125">
        <ele>1352.800048828125</ele>
        <time>2025-08-17T11:38:46.000Z</time>
        <extensions>
          <ns3:TrackPointExtension>
            <ns3:hr>111</ns3:hr>
          </ns3:TrackPointExtension>
        </extensions>
      </trkpt>
      <trkpt lat="-25.51098103635013103485107421875" lon="-48.979647159576416015625">
        <ele>1352.800048828125</ele>
        <time>2025-08-17T11:39:09.000Z</time>
        <extensions>
          <ns3:TrackPointExtension>
            <ns3:hr>108</ns3:hr>
          </ns3:TrackPointExtension>
        </extensions>
      </trkpt>
      <trkpt lat="-25.51097474992275238037109375" lon="-48.9796493388712406158447265625">
        <ele>1352.5999755859375</ele>
        <time>2025-08-17T11:39:14.000Z</time>
        <extensions>
          <ns3:TrackPointExtension>
            <ns3:hr>107</ns3:hr>
          </ns3:TrackPointExtension>
        </extensions>
      </trkpt>
      <trkpt lat="-25.510971061885356903076171875" lon="-48.9796342514455318450927734375">
        <ele>1353</ele>
        <time>2025-08-17T11:39:21.000Z</time>
        <extensions>
          <ns3:TrackPointExtension>
            <ns3:hr>109</ns3:hr>
          </ns3:TrackPointExtension>
        </extensions>
      </trkpt>
      <trkpt lat="-25.5109692178666591644287109375" lon="-48.979636095464229583740234375">
        <ele>1352.800048828125</ele>
        <time>2025-08-17T11:39:29.000Z</time>
        <extensions>
          <ns3:TrackPointExtension>
            <ns3:hr>111</ns3:hr>
          </ns3:TrackPointExtension>
        </extensions>
      </trkpt>
      <trkpt lat="-25.5109692178666591644287109375" lon="-48.979636095464229583740234375">
        <ele>1352.800048828125</ele>
        <time>2025-08-17T11:39:32.000Z</time>
        <extensions>
          <ns3:TrackPointExtension>
            <ns3:hr>108</ns3:hr>
          </ns3:TrackPointExtension>
        </extensions>
      </trkpt>
      <trkpt lat="-25.51096712239086627960205078125" lon="-48.9796422980725765228271484375">
        <ele>1352.5999755859375</ele>
        <time>2025-08-17T11:39:42.000Z</time>
        <extensions>
          <ns3:TrackPointExtension>
            <ns3:hr>104</ns3:hr>
          </ns3:TrackPointExtension>
        </extensions>
      </trkpt>
      <trkpt lat="-25.5109524540603160858154296875" lon="-48.9796511828899383544921875">
        <ele>1352</ele>
        <time>2025-08-17T11:40:13.000Z</time>
        <extensions>
          <ns3:TrackPointExtension>
            <ns3:hr>101</ns3:hr>
          </ns3:TrackPointExtension>
        </extensions>
      </trkpt>
      <trkpt lat="-25.51094817928969860076904296875" lon="-48.97965881042182445526123046875">
        <ele>1351.800048828125</ele>
        <time>2025-08-17T11:40:22.000Z</time>
        <extensions>
          <ns3:TrackPointExtension>
            <ns3:hr>98</ns3:hr>
          </ns3:TrackPointExtension>
        </extensions>
      </trkpt>
      <trkpt lat="-25.510938204824924468994140625" lon="-48.97967976517975330352783203125">
        <ele>1351</ele>
        <time>2025-08-17T11:40:43.000Z</time>
        <extensions>
          <ns3:TrackPointExtension>
            <ns3:hr>101</ns3:hr>
          </ns3:TrackPointExtension>
        </extensions>
      </trkpt>
      <trkpt lat="-25.51093895919620990753173828125" lon="-48.97968244738876819610595703125">
        <ele>1351</ele>
        <time>2025-08-17T11:40:50.000Z</time>
        <extensions>
          <ns3:TrackPointExtension>
            <ns3:hr>98</ns3:hr>
          </ns3:TrackPointExtension>
        </extensions>
      </trkpt>
      <trkpt lat="-25.51093895919620990753173828125" lon="-48.9796828664839267730712890625">
        <ele>1351</ele>
        <time>2025-08-17T11:40:51.000Z</time>
        <extensions>
          <ns3:TrackPointExtension>
            <ns3:hr>101</ns3:hr>
          </ns3:TrackPointExtension>
        </extensions>
      </trkpt>
      <trkpt lat="-25.510936863720417022705078125" lon="-48.97968529723584651947021484375">
        <ele>1350.800048828125</ele>
        <time>2025-08-17T11:41:01.000Z</time>
        <extensions>
          <ns3:TrackPointExtension>
            <ns3:hr>104</ns3:hr>
          </ns3:TrackPointExtension>
        </extensions>
      </trkpt>
      <trkpt lat="-25.5109279789030551910400390625" lon="-48.97968764416873455047607421875">
        <ele>1350.5999755859375</ele>
        <time>2025-08-17T11:41:05.000Z</time>
        <extensions>
          <ns3:TrackPointExtension>
            <ns3:hr>108</ns3:hr>
          </ns3:TrackPointExtension>
        </extensions>
      </trkpt>
      <trkpt lat="-25.5109259672462940216064453125" lon="-48.9796892367303371429443359375">
        <ele>1350.4000244140625</ele>
        <time>2025-08-17T11:41:08.000Z</time>
        <extensions>
          <ns3:TrackPointExtension>
            <ns3:hr>111</ns3:hr>
          </ns3:TrackPointExtension>
        </extensions>
      </trkpt>
      <trkpt lat="-25.51092135719954967498779296875" lon="-48.97969099693000316619873046875">
        <ele>1350.199951171875</ele>
        <time>2025-08-17T11:41:27.000Z</time>
        <extensions>
          <ns3:TrackPointExtension>
            <ns3:hr>107</ns3:hr>
          </ns3:TrackPointExtension>
        </extensions>
      </trkpt>
      <trkpt lat="-25.5109212733805179595947265625" lon="-48.9796909131109714508056640625">
        <ele>1350.199951171875</ele>
        <time>2025-08-17T11:41:33.000Z</time>
        <extensions>
          <ns3:TrackPointExtension>
            <ns3:hr>104</ns3:hr>
          </ns3:TrackPointExtension>
        </extensions>
      </trkpt>
      <trkpt lat="-25.51092085428535938262939453125" lon="-48.97969049401581287384033203125">
        <ele>1350.199951171875</ele>
        <time>2025-08-17T11:41:35.000Z</time>
        <extensions>
          <ns3:TrackPointExtension>
            <ns3:hr>101</ns3:hr>
          </ns3:TrackPointExtension>
        </extensions>
      </trkpt>
      <trkpt lat="-25.5109206028282642364501953125" lon="-48.97969015873968601226806640625">
        <ele>1350.199951171875</ele>
        <time>2025-08-17T11:41:37.000Z</time>
        <extensions>
          <ns3:TrackPointExtension>
            <ns3:hr>97</ns3:hr>
          </ns3:TrackPointExtension>
        </extensions>
      </trkpt>
      <trkpt lat="-25.5109204351902008056640625" lon="-48.97969015873968601226806640625">
        <ele>1350.199951171875</ele>
        <time>2025-08-17T11:41:38.000Z</time>
        <extensions>
          <ns3:TrackPointExtension>
            <ns3:hr>94</ns3:hr>
          </ns3:TrackPointExtension>
        </extensions>
      </trkpt>
      <trkpt lat="-25.51092001609504222869873046875" lon="-48.97968999110162258148193359375">
        <ele>1350.199951171875</ele>
        <time>2025-08-17T11:41:41.000Z</time>
        <extensions>
          <ns3:TrackPointExtension>
            <ns3:hr>91</ns3:hr>
          </ns3:TrackPointExtension>
        </extensions>
      </trkpt>
      <trkpt lat="-25.51091951318085193634033203125" lon="-48.97968999110162258148193359375">
        <ele>1350.199951171875</ele>
        <time>2025-08-17T11:41:48.000Z</time>
        <extensions>
          <ns3:TrackPointExtension>
            <ns3:hr>95</ns3:hr>
          </ns3:TrackPointExtension>
        </extensions>
      </trkpt>
      <trkpt lat="-25.51091347821056842803955078125" lon="-48.979695104062557220458984375">
        <ele>1350</ele>
        <time>2025-08-17T11:41:57.000Z</time>
        <extensions>
          <ns3:TrackPointExtension>
            <ns3:hr>98</ns3:hr>
          </ns3:TrackPointExtension>
        </extensions>
      </trkpt>
      <trkpt lat="-25.5109095387160778045654296875" lon="-48.97969954647123813629150390625">
        <ele>1349.800048828125</ele>
        <time>2025-08-17T11:42:03.000Z</time>
        <extensions>
          <ns3:TrackPointExtension>
            <ns3:hr>101</ns3:hr>
          </ns3:TrackPointExtension>
        </extensions>
      </trkpt>
      <trkpt lat="-25.51090509630739688873291015625" lon="-48.97970105521380901336669921875">
        <ele>1349.5999755859375</ele>
        <time>2025-08-17T11:42:09.000Z</time>
        <extensions>
          <ns3:TrackPointExtension>
            <ns3:hr>104</ns3:hr>
          </ns3:TrackPointExtension>
        </extensions>
      </trkpt>
      <trkpt lat="-25.51084759645164012908935546875" lon="-48.97970507852733135223388671875">
        <ele>1348</ele>
        <time>2025-08-17T11:42:35.000Z</time>
        <extensions>
          <ns3:TrackPointExtension>
            <ns3:hr>106</ns3:hr>
          </ns3:TrackPointExtension>
        </extensions>
      </trkpt>
      <trkpt lat="-25.5108193494379520416259765625" lon="-48.9797046594321727752685546875">
        <ele>1347.5999755859375</ele>
        <time>2025-08-17T11:42:38.000Z</time>
        <extensions>
          <ns3:TrackPointExtension>
            <ns3:hr>106</ns3:hr>
          </ns3:TrackPointExtension>
        </extensions>
      </trkpt>
      <trkpt lat="-25.5107895098626613616943359375" lon="-48.97969879209995269775390625">
        <ele>1347.5999755859375</ele>
        <time>2025-08-17T11:42:44.000Z</time>
        <extensions>
          <ns3:TrackPointExtension>
            <ns3:hr>106</ns3:hr>
          </ns3:TrackPointExtension>
        </extensions>
      </trkpt>
      <trkpt lat="-25.51081591285765171051025390625" lon="-48.97969015873968601226806640625">
        <ele>1348</ele>
        <time>2025-08-17T11:42:54.000Z</time>
        <extensions>
          <ns3:TrackPointExtension>
            <ns3:hr>106</ns3:hr>
          </ns3:TrackPointExtension>
        </extensions>
      </trkpt>
      <trkpt lat="-25.51083301194012165069580078125" lon="-48.97968269884586334228515625">
        <ele>1348.4000244140625</ele>
        <time>2025-08-17T11:43:00.000Z</time>
        <extensions>
          <ns3:TrackPointExtension>
            <ns3:hr>106</ns3:hr>
          </ns3:TrackPointExtension>
        </extensions>
      </trkpt>
      <trkpt lat="-25.510854385793209075927734375" lon="-48.97972536273300647735595703125">
        <ele>1347.800048828125</ele>
        <time>2025-08-17T11:43:05.000Z</time>
        <extensions>
          <ns3:TrackPointExtension>
            <ns3:hr>107</ns3:hr>
          </ns3:TrackPointExtension>
        </extensions>
      </trkpt>
      <trkpt lat="-25.510865785181522369384765625" lon="-48.9797398634254932403564453125">
        <ele>1347.5999755859375</ele>
        <time>2025-08-17T11:43:10.000Z</time>
        <extensions>
          <ns3:TrackPointExtension>
            <ns3:hr>106</ns3:hr>
          </ns3:TrackPointExtension>
        </extensions>
      </trkpt>
      <trkpt lat="-25.51087056286633014678955078125" lon="-48.97974573075771331787109375">
        <ele>1347.5999755859375</ele>
        <time>2025-08-17T11:43:15.000Z</time>
        <extensions>
          <ns3:TrackPointExtension>
            <ns3:hr>107</ns3:hr>
          </ns3:TrackPointExtension>
        </extensions>
      </trkpt>
      <trkpt lat="-25.51087341271340847015380859375" lon="-48.97975302301347255706787109375">
        <ele>1347.5999755859375</ele>
        <time>2025-08-17T11:43:20.000Z</time>
        <extensions>
          <ns3:TrackPointExtension>
            <ns3:hr>110</ns3:hr>
          </ns3:TrackPointExtension>
        </extensions>
      </trkpt>
      <trkpt lat="-25.5108726583421230316162109375" lon="-48.979752101004123687744140625">
        <ele>1347.5999755859375</ele>
        <time>2025-08-17T11:43:23.000Z</time>
        <extensions>
          <ns3:TrackPointExtension>
            <ns3:hr>112</ns3:hr>
          </ns3:TrackPointExtension>
        </extensions>
      </trkpt>
      <trkpt lat="-25.51086536608636379241943359375" lon="-48.97975738160312175750732421875">
        <ele>1347.199951171875</ele>
        <time>2025-08-17T11:43:29.000Z</time>
        <extensions>
          <ns3:TrackPointExtension>
            <ns3:hr>115</ns3:hr>
          </ns3:TrackPointExtension>
        </extensions>
      </trkpt>
      <trkpt lat="-25.51086620427668094635009765625" lon="-48.97975738160312175750732421875">
        <ele>1347.199951171875</ele>
        <time>2025-08-17T11:43:33.000Z</time>
        <extensions>
          <ns3:TrackPointExtension>
            <ns3:hr>118</ns3:hr>
          </ns3:TrackPointExtension>
        </extensions>
      </trkpt>
      <trkpt lat="-25.51086620427668094635009765625" lon="-48.97975914180278778076171875">
        <ele>1347.199951171875</ele>
        <time>2025-08-17T11:43:42.000Z</time>
        <extensions>
          <ns3:TrackPointExtension>
            <ns3:hr>116</ns3:hr>
          </ns3:TrackPointExtension>
        </extensions>
      </trkpt>
      <trkpt lat="-25.5108347721397876739501953125" lon="-48.979789651930332183837890625">
        <ele>1345.5999755859375</ele>
        <time>2025-08-17T11:43:58.000Z</time>
        <extensions>
          <ns3:TrackPointExtension>
            <ns3:hr>119</ns3:hr>
          </ns3:TrackPointExtension>
        </extensions>
      </trkpt>
      <trkpt lat="-25.51066135056316852569580078125" lon="-48.97977280430495738983154296875">
        <ele>1345.4000244140625</ele>
        <time>2025-08-17T11:44:41.000Z</time>
        <extensions>
          <ns3:TrackPointExtension>
            <ns3:hr>122</ns3:hr>
          </ns3:TrackPointExtension>
        </extensions>
      </trkpt>
      <trkpt lat="-25.5106119811534881591796875" lon="-48.979722596704959869384765625">
        <ele>1346.4000244140625</ele>
        <time>2025-08-17T11:44:52.000Z</time>
        <extensions>
          <ns3:TrackPointExtension>
            <ns3:hr>119</ns3:hr>
          </ns3:TrackPointExtension>
        </extensions>
      </trkpt>
      <trkpt lat="-25.51060988567769527435302734375" lon="-48.97970994003117084503173828125">
        <ele>1346.5999755859375</ele>
        <time>2025-08-17T11:44:55.000Z</time>
        <extensions>
          <ns3:TrackPointExtension>
            <ns3:hr>122</ns3:hr>
          </ns3:TrackPointExtension>
        </extensions>
      </trkpt>
      <trkpt lat="-25.5106178484857082366943359375" lon="-48.97965864278376102447509765625">
        <ele>1347.5999755859375</ele>
        <time>2025-08-17T11:44:59.000Z</time>
        <extensions>
          <ns3:TrackPointExtension>
            <ns3:hr>120</ns3:hr>
          </ns3:TrackPointExtension>
        </extensions>
      </trkpt>
      <trkpt lat="-25.51063620485365390777587890625" lon="-48.9795537851750850677490234375">
        <ele>1349.800048828125</ele>
        <time>2025-08-17T11:45:07.000Z</time>
        <extensions>
          <ns3:TrackPointExtension>
            <ns3:hr>119</ns3:hr>
          </ns3:TrackPointExtension>
        </extensions>
      </trkpt>
      <trkpt lat="-25.51061055622994899749755859375" lon="-48.97948178462684154510498046875">
        <ele>1350</ele>
        <time>2025-08-17T11:45:15.000Z</time>
        <extensions>
          <ns3:TrackPointExtension>
            <ns3:hr>119</ns3:hr>
          </ns3:TrackPointExtension>
        </extensions>
      </trkpt>
      <trkpt lat="-25.51060418598353862762451171875" lon="-48.97946007549762725830078125">
        <ele>1350.199951171875</ele>
        <time>2025-08-17T11:45:19.000Z</time>
        <extensions>
          <ns3:TrackPointExtension>
            <ns3:hr>116</ns3:hr>
          </ns3:TrackPointExtension>
        </extensions>
      </trkpt>
      <trkpt lat="-25.51060200668871402740478515625" lon="-48.9794525317847728729248046875">
        <ele>1350.199951171875</ele>
        <time>2025-08-17T11:45:21.000Z</time>
        <extensions>
          <ns3:TrackPointExtension>
            <ns3:hr>117</ns3:hr>
          </ns3:TrackPointExtension>
        </extensions>
      </trkpt>
      <trkpt lat="-25.5105849914252758026123046875" lon="-48.97943886928260326385498046875">
        <ele>1350.199951171875</ele>
        <time>2025-08-17T11:45:25.000Z</time>
        <extensions>
          <ns3:TrackPointExtension>
            <ns3:hr>114</ns3:hr>
          </ns3:TrackPointExtension>
        </extensions>
      </trkpt>
      <trkpt lat="-25.51057535223662853240966796875" lon="-48.979426212608814239501953125">
        <ele>1350.199951171875</ele>
        <time>2025-08-17T11:45:28.000Z</time>
        <extensions>
          <ns3:TrackPointExtension>
            <ns3:hr>112</ns3:hr>
          </ns3:TrackPointExtension>
        </extensions>
      </trkpt>
      <trkpt lat="-25.5105360411107540130615234375" lon="-48.97940752096474170684814453125">
        <ele>1350</ele>
        <time>2025-08-17T11:45:35.000Z</time>
        <extensions>
          <ns3:TrackPointExtension>
            <ns3:hr>112</ns3:hr>
          </ns3:TrackPointExtension>
        </extensions>
      </trkpt>
      <trkpt lat="-25.5105046927928924560546875" lon="-48.979386650025844573974609375">
        <ele>1349.800048828125</ele>
        <time>2025-08-17T11:45:43.000Z</time>
        <extensions>
          <ns3:TrackPointExtension>
            <ns3:hr>110</ns3:hr>
          </ns3:TrackPointExtension>
        </extensions>
      </trkpt>
      <trkpt lat="-25.51047862507402896881103515625" lon="-48.97935521788895130157470703125">
        <ele>1349.800048828125</ele>
        <time>2025-08-17T11:45:51.000Z</time>
        <extensions>
          <ns3:TrackPointExtension>
            <ns3:hr>111</ns3:hr>
          </ns3:TrackPointExtension>
        </extensions>
      </trkpt>
      <trkpt lat="-25.51047309301793575286865234375" lon="-48.97935203276574611663818359375">
        <ele>1349.800048828125</ele>
        <time>2025-08-17T11:45:53.000Z</time>
        <extensions>
          <ns3:TrackPointExtension>
            <ns3:hr>108</ns3:hr>
          </ns3:TrackPointExtension>
        </extensions>
      </trkpt>
      <trkpt lat="-25.51047359593212604522705078125" lon="-48.97935236804187297821044921875">
        <ele>1349.800048828125</ele>
        <time>2025-08-17T11:45:59.000Z</time>
        <extensions>
          <ns3:TrackPointExtension>
            <ns3:hr>111</ns3:hr>
          </ns3:TrackPointExtension>
        </extensions>
      </trkpt>
      <trkpt lat="-25.51047359593212604522705078125" lon="-48.97935236804187297821044921875">
        <ele>1349.800048828125</ele>
        <time>2025-08-17T11:46:00.000Z</time>
        <extensions>
          <ns3:TrackPointExtension>
            <ns3:hr>111</ns3:hr>
          </ns3:TrackPointExtension>
        </extensions>
      </trkpt>
      <trkpt lat="-25.51047359593212604522705078125" lon="-48.97935236804187297821044921875">
        <ele>1349.800048828125</ele>
        <time>2025-08-17T11:46:08.000Z</time>
        <extensions>
          <ns3:TrackPointExtension>
            <ns3:hr>108</ns3:hr>
          </ns3:TrackPointExtension>
        </extensions>
      </trkpt>
      <trkpt lat="-25.51047326065599918365478515625" lon="-48.97935236804187297821044921875">
        <ele>1349.800048828125</ele>
        <time>2025-08-17T11:46:11.000Z</time>
        <extensions>
          <ns3:TrackPointExtension>
            <ns3:hr>111</ns3:hr>
          </ns3:TrackPointExtension>
        </extensions>
      </trkpt>
      <trkpt lat="-25.51047292537987232208251953125" lon="-48.97935236804187297821044921875">
        <ele>1349.5999755859375</ele>
        <time>2025-08-17T11:46:14.000Z</time>
        <extensions>
          <ns3:TrackPointExtension>
            <ns3:hr>114</ns3:hr>
          </ns3:TrackPointExtension>
        </extensions>
      </trkpt>
      <trkpt lat="-25.51047275774180889129638671875" lon="-48.97935236804187297821044921875">
        <ele>1349.5999755859375</ele>
        <time>2025-08-17T11:46:16.000Z</time>
        <extensions>
          <ns3:TrackPointExtension>
            <ns3:hr>117</ns3:hr>
          </ns3:TrackPointExtension>
        </extensions>
      </trkpt>
      <trkpt lat="-25.51047057844698429107666015625" lon="-48.97935220040380954742431640625">
        <ele>1349.5999755859375</ele>
        <time>2025-08-17T11:46:23.000Z</time>
        <extensions>
          <ns3:TrackPointExtension>
            <ns3:hr>120</ns3:hr>
          </ns3:TrackPointExtension>
        </extensions>
      </trkpt>
      <trkpt lat="-25.51047007553279399871826171875" lon="-48.9793435670435428619384765625">
        <ele>1349.800048828125</ele>
        <time>2025-08-17T11:46:40.000Z</time>
        <extensions>
          <ns3:TrackPointExtension>
            <ns3:hr>116</ns3:hr>
          </ns3:TrackPointExtension>
        </extensions>
      </trkpt>
      <trkpt lat="-25.51047007553279399871826171875" lon="-48.979343064129352569580078125">
        <ele>1349.800048828125</ele>
        <time>2025-08-17T11:46:43.000Z</time>
        <extensions>
          <ns3:TrackPointExtension>
            <ns3:hr>112</ns3:hr>
          </ns3:TrackPointExtension>
        </extensions>
      </trkpt>
      <trkpt lat="-25.51047007553279399871826171875" lon="-48.97934348322451114654541015625">
        <ele>1349.800048828125</ele>
        <time>2025-08-17T11:46:47.000Z</time>
        <extensions>
          <ns3:TrackPointExtension>
            <ns3:hr>108</ns3:hr>
          </ns3:TrackPointExtension>
        </extensions>
      </trkpt>
      <trkpt lat="-25.51047007553279399871826171875" lon="-48.97934348322451114654541015625">
        <ele>1349.800048828125</ele>
        <time>2025-08-17T11:46:49.000Z</time>
        <extensions>
          <ns3:TrackPointExtension>
            <ns3:hr>105</ns3:hr>
          </ns3:TrackPointExtension>
        </extensions>
      </trkpt>
      <trkpt lat="-25.51047007553279399871826171875" lon="-48.97934298031032085418701171875">
        <ele>1349.800048828125</ele>
        <time>2025-08-17T11:46:52.000Z</time>
        <extensions>
          <ns3:TrackPointExtension>
            <ns3:hr>102</ns3:hr>
          </ns3:TrackPointExtension>
        </extensions>
      </trkpt>
      <trkpt lat="-25.5104666389524936676025390625" lon="-48.979349434375762939453125">
        <ele>1349.5999755859375</ele>
        <time>2025-08-17T11:47:21.000Z</time>
        <extensions>
          <ns3:TrackPointExtension>
            <ns3:hr>105</ns3:hr>
          </ns3:TrackPointExtension>
        </extensions>
      </trkpt>
      <trkpt lat="-25.510466136038303375244140625" lon="-48.97935018874704837799072265625">
        <ele>1349.5999755859375</ele>
        <time>2025-08-17T11:47:29.000Z</time>
        <extensions>
          <ns3:TrackPointExtension>
            <ns3:hr>102</ns3:hr>
          </ns3:TrackPointExtension>
        </extensions>
      </trkpt>
      <trkpt lat="-25.51046638749539852142333984375" lon="-48.97935018874704837799072265625">
        <ele>1349.5999755859375</ele>
        <time>2025-08-17T11:47:46.000Z</time>
        <extensions>
          <ns3:TrackPointExtension>
            <ns3:hr>106</ns3:hr>
          </ns3:TrackPointExtension>
        </extensions>
      </trkpt>
      <trkpt lat="-25.51043822430074214935302734375" lon="-48.9793884940445423126220703125">
        <ele>1349</ele>
        <time>2025-08-17T11:48:01.000Z</time>
        <extensions>
          <ns3:TrackPointExtension>
            <ns3:hr>105</ns3:hr>
          </ns3:TrackPointExtension>
        </extensions>
      </trkpt>
      <trkpt lat="-25.510427914559841156005859375" lon="-48.97942428477108478546142578125">
        <ele>1348.5999755859375</ele>
        <time>2025-08-17T11:48:08.000Z</time>
        <extensions>
          <ns3:TrackPointExtension>
            <ns3:hr>105</ns3:hr>
          </ns3:TrackPointExtension>
        </extensions>
      </trkpt>
      <trkpt lat="-25.5104277469217777252197265625" lon="-48.97942512296140193939208984375">
        <ele>1348.5999755859375</ele>
        <time>2025-08-17T11:48:11.000Z</time>
        <extensions>
          <ns3:TrackPointExtension>
            <ns3:hr>108</ns3:hr>
          </ns3:TrackPointExtension>
        </extensions>
      </trkpt>
      <trkpt lat="-25.5104277469217777252197265625" lon="-48.97942512296140193939208984375">
        <ele>1348.5999755859375</ele>
        <time>2025-08-17T11:48:14.000Z</time>
        <extensions>
          <ns3:TrackPointExtension>
            <ns3:hr>105</ns3:hr>
          </ns3:TrackPointExtension>
        </extensions>
      </trkpt>
      <trkpt lat="-25.5104277469217777252197265625" lon="-48.97942512296140193939208984375">
        <ele>1348.5999755859375</ele>
        <time>2025-08-17T11:48:19.000Z</time>
        <extensions>
          <ns3:TrackPointExtension>
            <ns3:hr>108</ns3:hr>
          </ns3:TrackPointExtension>
        </extensions>
      </trkpt>
      <trkpt lat="-25.51042783074080944061279296875" lon="-48.97942512296140193939208984375">
        <ele>1348.5999755859375</ele>
        <time>2025-08-17T11:48:25.000Z</time>
        <extensions>
          <ns3:TrackPointExtension>
            <ns3:hr>105</ns3:hr>
          </ns3:TrackPointExtension>
        </extensions>
      </trkpt>
      <trkpt lat="-25.51040637306869029998779296875" lon="-48.9794862270355224609375">
        <ele>1348.199951171875</ele>
        <time>2025-08-17T11:48:34.000Z</time>
        <extensions>
          <ns3:TrackPointExtension>
            <ns3:hr>105</ns3:hr>
          </ns3:TrackPointExtension>
        </extensions>
      </trkpt>
      <trkpt lat="-25.51034669391810894012451171875" lon="-48.97955286316573619842529296875">
        <ele>1347.5999755859375</ele>
        <time>2025-08-17T11:48:40.000Z</time>
        <extensions>
          <ns3:TrackPointExtension>
            <ns3:hr>101</ns3:hr>
          </ns3:TrackPointExtension>
        </extensions>
      </trkpt>
      <trkpt lat="-25.51033747382462024688720703125" lon="-48.979553617537021636962890625">
        <ele>1347.4000244140625</ele>
        <time>2025-08-17T11:48:41.000Z</time>
        <extensions>
          <ns3:TrackPointExtension>
            <ns3:hr>104</ns3:hr>
          </ns3:TrackPointExtension>
        </extensions>
      </trkpt>
      <trkpt lat="-25.5103288404643535614013671875" lon="-48.979554958641529083251953125">
        <ele>1347.4000244140625</ele>
        <time>2025-08-17T11:48:42.000Z</time>
        <extensions>
          <ns3:TrackPointExtension>
            <ns3:hr>106</ns3:hr>
          </ns3:TrackPointExtension>
        </extensions>
      </trkpt>
      <trkpt lat="-25.51030151546001434326171875" lon="-48.97955923341214656829833984375">
        <ele>1347.199951171875</ele>
        <time>2025-08-17T11:48:49.000Z</time>
        <extensions>
          <ns3:TrackPointExtension>
            <ns3:hr>105</ns3:hr>
          </ns3:TrackPointExtension>
        </extensions>
      </trkpt>
      <trkpt lat="-25.5102976597845554351806640625" lon="-48.97957163862884044647216796875">
        <ele>1347.199951171875</ele>
        <time>2025-08-17T11:48:52.000Z</time>
        <extensions>
          <ns3:TrackPointExtension>
            <ns3:hr>108</ns3:hr>
          </ns3:TrackPointExtension>
        </extensions>
      </trkpt>
      <trkpt lat="-25.5102939717471599578857421875" lon="-48.9795772545039653778076171875">
        <ele>1347</ele>
        <time>2025-08-17T11:48:53.000Z</time>
        <extensions>
          <ns3:TrackPointExtension>
            <ns3:hr>105</ns3:hr>
          </ns3:TrackPointExtension>
        </extensions>
      </trkpt>
      <trkpt lat="-25.5102819018065929412841796875" lon="-48.979588486254215240478515625">
        <ele>1346.800048828125</ele>
        <time>2025-08-17T11:48:56.000Z</time>
        <extensions>
          <ns3:TrackPointExtension>
            <ns3:hr>108</ns3:hr>
          </ns3:TrackPointExtension>
        </extensions>
      </trkpt>
      <trkpt lat="-25.5102701671421527862548828125" lon="-48.979590833187103271484375">
        <ele>1346.4000244140625</ele>
        <time>2025-08-17T11:48:58.000Z</time>
        <extensions>
          <ns3:TrackPointExtension>
            <ns3:hr>109</ns3:hr>
          </ns3:TrackPointExtension>
        </extensions>
      </trkpt>
      <trkpt lat="-25.5102527327835559844970703125" lon="-48.979601226747035980224609375">
        <ele>1345.5999755859375</ele>
        <time>2025-08-17T11:49:02.000Z</time>
        <extensions>
          <ns3:TrackPointExtension>
            <ns3:hr>112</ns3:hr>
          </ns3:TrackPointExtension>
        </extensions>
      </trkpt>
      <trkpt lat="-25.51025231368839740753173828125" lon="-48.979602567851543426513671875">
        <ele>1345.5999755859375</ele>
        <time>2025-08-17T11:49:05.000Z</time>
        <extensions>
          <ns3:TrackPointExtension>
            <ns3:hr>114</ns3:hr>
          </ns3:TrackPointExtension>
        </extensions>
      </trkpt>
      <trkpt lat="-25.510230772197246551513671875" lon="-48.979616649448871612548828125">
        <ele>1344.800048828125</ele>
        <time>2025-08-17T11:49:09.000Z</time>
        <extensions>
          <ns3:TrackPointExtension>
            <ns3:hr>118</ns3:hr>
          </ns3:TrackPointExtension>
        </extensions>
      </trkpt>
      <trkpt lat="-25.51020688377320766448974609375" lon="-48.97962796501815319061279296875">
        <ele>1343.800048828125</ele>
        <time>2025-08-17T11:49:12.000Z</time>
        <extensions>
          <ns3:TrackPointExtension>
            <ns3:hr>120</ns3:hr>
          </ns3:TrackPointExtension>
        </extensions>
      </trkpt>
      <trkpt lat="-25.51019162870943546295166015625" lon="-48.97964338771998882293701171875">
        <ele>1343</ele>
        <time>2025-08-17T11:49:19.000Z</time>
        <extensions>
          <ns3:TrackPointExtension>
            <ns3:hr>122</ns3:hr>
          </ns3:TrackPointExtension>
        </extensions>
      </trkpt>
      <trkpt lat="-25.510190539062023162841796875" lon="-48.97964489646255970001220703125">
        <ele>1343</ele>
        <time>2025-08-17T11:49:25.000Z</time>
        <extensions>
          <ns3:TrackPointExtension>
            <ns3:hr>125</ns3:hr>
          </ns3:TrackPointExtension>
        </extensions>
      </trkpt>
      <trkpt lat="-25.5101900361478328704833984375" lon="-48.979647494852542877197265625">
        <ele>1342.800048828125</ele>
        <time>2025-08-17T11:49:33.000Z</time>
        <extensions>
          <ns3:TrackPointExtension>
            <ns3:hr>122</ns3:hr>
          </ns3:TrackPointExtension>
        </extensions>
      </trkpt>
      <trkpt lat="-25.5101900361478328704833984375" lon="-48.979647494852542877197265625">
        <ele>1342.800048828125</ele>
        <time>2025-08-17T11:49:35.000Z</time>
        <extensions>
          <ns3:TrackPointExtension>
            <ns3:hr>121</ns3:hr>
          </ns3:TrackPointExtension>
        </extensions>
      </trkpt>
      <trkpt lat="-25.5101897008717060089111328125" lon="-48.97964657284319400787353515625">
        <ele>1342.800048828125</ele>
        <time>2025-08-17T11:49:44.000Z</time>
        <extensions>
          <ns3:TrackPointExtension>
            <ns3:hr>118</ns3:hr>
          </ns3:TrackPointExtension>
        </extensions>
      </trkpt>
      <trkpt lat="-25.51018944941461086273193359375" lon="-48.97964648902416229248046875">
        <ele>1342.800048828125</ele>
        <time>2025-08-17T11:49:53.000Z</time>
        <extensions>
          <ns3:TrackPointExtension>
            <ns3:hr>114</ns3:hr>
          </ns3:TrackPointExtension>
        </extensions>
      </trkpt>
      <trkpt lat="-25.51018944941461086273193359375" lon="-48.97964648902416229248046875">
        <ele>1342.800048828125</ele>
        <time>2025-08-17T11:49:55.000Z</time>
        <extensions>
          <ns3:TrackPointExtension>
            <ns3:hr>111</ns3:hr>
          </ns3:TrackPointExtension>
        </extensions>
      </trkpt>
      <trkpt lat="-25.51018944941461086273193359375" lon="-48.979646153748035430908203125">
        <ele>1342.800048828125</ele>
        <time>2025-08-17T11:50:03.000Z</time>
        <extensions>
          <ns3:TrackPointExtension>
            <ns3:hr>108</ns3:hr>
          </ns3:TrackPointExtension>
        </extensions>
      </trkpt>
      <trkpt lat="-25.510189533233642578125" lon="-48.97964606992900371551513671875">
        <ele>1342.800048828125</ele>
        <time>2025-08-17T11:50:05.000Z</time>
        <extensions>
          <ns3:TrackPointExtension>
            <ns3:hr>102</ns3:hr>
          </ns3:TrackPointExtension>
        </extensions>
      </trkpt>
      <trkpt lat="-25.51019020378589630126953125" lon="-48.9796458184719085693359375">
        <ele>1343</ele>
        <time>2025-08-17T11:50:08.000Z</time>
        <extensions>
          <ns3:TrackPointExtension>
            <ns3:hr>97</ns3:hr>
          </ns3:TrackPointExtension>
        </extensions>
      </trkpt>
      <trkpt lat="-25.51020068116486072540283203125" lon="-48.97963307797908782958984375">
        <ele>1343.5999755859375</ele>
        <time>2025-08-17T11:50:22.000Z</time>
        <extensions>
          <ns3:TrackPointExtension>
            <ns3:hr>94</ns3:hr>
          </ns3:TrackPointExtension>
        </extensions>
      </trkpt>
      <trkpt lat="-25.51019749604165554046630859375" lon="-48.97963148541748523712158203125">
        <ele>1343.4000244140625</ele>
        <time>2025-08-17T11:50:43.000Z</time>
        <extensions>
          <ns3:TrackPointExtension>
            <ns3:hr>91</ns3:hr>
          </ns3:TrackPointExtension>
        </extensions>
      </trkpt>
      <trkpt lat="-25.51019565202295780181884765625" lon="-48.97963148541748523712158203125">
        <ele>1343.4000244140625</ele>
        <time>2025-08-17T11:50:46.000Z</time>
        <extensions>
          <ns3:TrackPointExtension>
            <ns3:hr>88</ns3:hr>
          </ns3:TrackPointExtension>
        </extensions>
      </trkpt>
      <trkpt lat="-25.51019850187003612518310546875" lon="-48.97963433526456356048583984375">
        <ele>1343.4000244140625</ele>
        <time>2025-08-17T11:51:27.000Z</time>
        <extensions>
          <ns3:TrackPointExtension>
            <ns3:hr>91</ns3:hr>
          </ns3:TrackPointExtension>
        </extensions>
      </trkpt>
      <trkpt lat="-25.5101947300136089324951171875" lon="-48.97963215596973896026611328125">
        <ele>1343.4000244140625</ele>
        <time>2025-08-17T11:51:41.000Z</time>
        <extensions>
          <ns3:TrackPointExtension>
            <ns3:hr>94</ns3:hr>
          </ns3:TrackPointExtension>
        </extensions>
      </trkpt>
      <trkpt lat="-25.510194562375545501708984375" lon="-48.97963182069361209869384765625">
        <ele>1343.4000244140625</ele>
        <time>2025-08-17T11:51:46.000Z</time>
        <extensions>
          <ns3:TrackPointExtension>
            <ns3:hr>91</ns3:hr>
          </ns3:TrackPointExtension>
        </extensions>
      </trkpt>
      <trkpt lat="-25.5101947300136089324951171875" lon="-48.9796298928558826446533203125">
        <ele>1343.4000244140625</ele>
        <time>2025-08-17T11:51:55.000Z</time>
        <extensions>
          <ns3:TrackPointExtension>
            <ns3:hr>88</ns3:hr>
          </ns3:TrackPointExtension>
        </extensions>
      </trkpt>
      <trkpt lat="-25.510195232927799224853515625" lon="-48.97962905466556549072265625">
        <ele>1343.4000244140625</ele>
        <time>2025-08-17T11:52:02.000Z</time>
        <extensions>
          <ns3:TrackPointExtension>
            <ns3:hr>84</ns3:hr>
          </ns3:TrackPointExtension>
        </extensions>
      </trkpt>
      <trkpt lat="-25.51019514910876750946044921875" lon="-48.9796305634081363677978515625">
        <ele>1343.4000244140625</ele>
        <time>2025-08-17T11:52:24.000Z</time>
        <extensions>
          <ns3:TrackPointExtension>
            <ns3:hr>87</ns3:hr>
          </ns3:TrackPointExtension>
        </extensions>
      </trkpt>
      <trkpt lat="-25.51019498147070407867431640625" lon="-48.97963106632232666015625">
        <ele>1343.4000244140625</ele>
        <time>2025-08-17T11:52:29.000Z</time>
        <extensions>
          <ns3:TrackPointExtension>
            <ns3:hr>84</ns3:hr>
          </ns3:TrackPointExtension>
        </extensions>
      </trkpt>
      <trkpt lat="-25.5101940594613552093505859375" lon="-48.979634754359722137451171875">
        <ele>1343.199951171875</ele>
        <time>2025-08-17T11:52:43.000Z</time>
        <extensions>
          <ns3:TrackPointExtension>
            <ns3:hr>81</ns3:hr>
          </ns3:TrackPointExtension>
        </extensions>
      </trkpt>
      <trkpt lat="-25.51019397564232349395751953125" lon="-48.9796362631022930145263671875">
        <ele>1343.199951171875</ele>
        <time>2025-08-17T11:52:50.000Z</time>
        <extensions>
          <ns3:TrackPointExtension>
            <ns3:hr>84</ns3:hr>
          </ns3:TrackPointExtension>
        </extensions>
      </trkpt>
      <trkpt lat="-25.51019414328038692474365234375" lon="-48.97963634692132472991943359375">
        <ele>1343.199951171875</ele>
        <time>2025-08-17T11:52:52.000Z</time>
        <extensions>
          <ns3:TrackPointExtension>
            <ns3:hr>80</ns3:hr>
          </ns3:TrackPointExtension>
        </extensions>
      </trkpt>
      <trkpt lat="-25.51019422709941864013671875" lon="-48.97963651455938816070556640625">
        <ele>1343.199951171875</ele>
        <time>2025-08-17T11:52:53.000Z</time>
        <extensions>
          <ns3:TrackPointExtension>
            <ns3:hr>83</ns3:hr>
          </ns3:TrackPointExtension>
        </extensions>
      </trkpt>
      <trkpt lat="-25.5101943947374820709228515625" lon="-48.9796365983784198760986328125">
        <ele>1343.199951171875</ele>
        <time>2025-08-17T11:52:55.000Z</time>
        <extensions>
          <ns3:TrackPointExtension>
            <ns3:hr>80</ns3:hr>
          </ns3:TrackPointExtension>
        </extensions>
      </trkpt>
      <trkpt lat="-25.510194562375545501708984375" lon="-48.97963668219745159149169921875">
        <ele>1343.199951171875</ele>
        <time>2025-08-17T11:52:57.000Z</time>
        <extensions>
          <ns3:TrackPointExtension>
            <ns3:hr>83</ns3:hr>
          </ns3:TrackPointExtension>
        </extensions>
      </trkpt>
      <trkpt lat="-25.5101950652897357940673828125" lon="-48.97963701747357845306396484375">
        <ele>1343.199951171875</ele>
        <time>2025-08-17T11:53:04.000Z</time>
        <extensions>
          <ns3:TrackPointExtension>
            <ns3:hr>79</ns3:hr>
          </ns3:TrackPointExtension>
        </extensions>
      </trkpt>
      <trkpt lat="-25.51019514910876750946044921875" lon="-48.9796369336545467376708984375">
        <ele>1343.199951171875</ele>
        <time>2025-08-17T11:53:06.000Z</time>
        <extensions>
          <ns3:TrackPointExtension>
            <ns3:hr>82</ns3:hr>
          </ns3:TrackPointExtension>
        </extensions>
      </trkpt>
      <trkpt lat="-25.51019565202295780181884765625" lon="-48.9796376042068004608154296875">
        <ele>1343.199951171875</ele>
        <time>2025-08-17T11:53:22.000Z</time>
        <extensions>
          <ns3:TrackPointExtension>
            <ns3:hr>86</ns3:hr>
          </ns3:TrackPointExtension>
        </extensions>
      </trkpt>
      <trkpt lat="-25.51019565202295780181884765625" lon="-48.9796379394829273223876953125">
        <ele>1343.199951171875</ele>
        <time>2025-08-17T11:53:25.000Z</time>
        <extensions>
          <ns3:TrackPointExtension>
            <ns3:hr>83</ns3:hr>
          </ns3:TrackPointExtension>
        </extensions>
      </trkpt>
      <trkpt lat="-25.51019556820392608642578125" lon="-48.9796382747590541839599609375">
        <ele>1343.199951171875</ele>
        <time>2025-08-17T11:53:29.000Z</time>
        <extensions>
          <ns3:TrackPointExtension>
            <ns3:hr>88</ns3:hr>
          </ns3:TrackPointExtension>
        </extensions>
      </trkpt>
      <trkpt lat="-25.51019531674683094024658203125" lon="-48.97963919676840305328369140625">
        <ele>1343.199951171875</ele>
        <time>2025-08-17T11:53:35.000Z</time>
        <extensions>
          <ns3:TrackPointExtension>
            <ns3:hr>85</ns3:hr>
          </ns3:TrackPointExtension>
        </extensions>
      </trkpt>
      <trkpt lat="-25.51019514910876750946044921875" lon="-48.9796399511396884918212890625">
        <ele>1343.199951171875</ele>
        <time>2025-08-17T11:53:39.000Z</time>
        <extensions>
          <ns3:TrackPointExtension>
            <ns3:hr>88</ns3:hr>
          </ns3:TrackPointExtension>
        </extensions>
      </trkpt>
      <trkpt lat="-25.510132201015949249267578125" lon="-48.97976852953433990478515625">
        <ele>1338.800048828125</ele>
        <time>2025-08-17T11:53:51.000Z</time>
        <extensions>
          <ns3:TrackPointExtension>
            <ns3:hr>91</ns3:hr>
          </ns3:TrackPointExtension>
        </extensions>
      </trkpt>
      <trkpt lat="-25.51011736504733562469482421875" lon="-48.979771547019481658935546875">
        <ele>1338.4000244140625</ele>
        <time>2025-08-17T11:53:57.000Z</time>
        <extensions>
          <ns3:TrackPointExtension>
            <ns3:hr>95</ns3:hr>
          </ns3:TrackPointExtension>
        </extensions>
      </trkpt>
      <trkpt lat="-25.51011736504733562469482421875" lon="-48.979771547019481658935546875">
        <ele>1338.4000244140625</ele>
        <time>2025-08-17T11:53:59.000Z</time>
        <extensions>
          <ns3:TrackPointExtension>
            <ns3:hr>96</ns3:hr>
          </ns3:TrackPointExtension>
        </extensions>
      </trkpt>
      <trkpt lat="-25.51011736504733562469482421875" lon="-48.979771547019481658935546875">
        <ele>1338.4000244140625</ele>
        <time>2025-08-17T11:54:00.000Z</time>
        <extensions>
          <ns3:TrackPointExtension>
            <ns3:hr>99</ns3:hr>
          </ns3:TrackPointExtension>
        </extensions>
      </trkpt>
      <trkpt lat="-25.510118789970874786376953125" lon="-48.979771547019481658935546875">
        <ele>1338.4000244140625</ele>
        <time>2025-08-17T11:54:07.000Z</time>
        <extensions>
          <ns3:TrackPointExtension>
            <ns3:hr>103</ns3:hr>
          </ns3:TrackPointExtension>
        </extensions>
      </trkpt>
      <trkpt lat="-25.51012641750276088714599609375" lon="-48.97977163083851337432861328125">
        <ele>1338.5999755859375</ele>
        <time>2025-08-17T11:54:11.000Z</time>
        <extensions>
          <ns3:TrackPointExtension>
            <ns3:hr>100</ns3:hr>
          </ns3:TrackPointExtension>
        </extensions>
      </trkpt>
      <trkpt lat="-25.510142929852008819580078125" lon="-48.97977389395236968994140625">
        <ele>1339</ele>
        <time>2025-08-17T11:54:18.000Z</time>
        <extensions>
          <ns3:TrackPointExtension>
            <ns3:hr>103</ns3:hr>
          </ns3:TrackPointExtension>
        </extensions>
      </trkpt>
      <trkpt lat="-25.51010814495384693145751953125" lon="-48.97977850399911403656005859375">
        <ele>1338</ele>
        <time>2025-08-17T11:54:45.000Z</time>
        <extensions>
          <ns3:TrackPointExtension>
            <ns3:hr>100</ns3:hr>
          </ns3:TrackPointExtension>
        </extensions>
      </trkpt>
      <trkpt lat="-25.51009498536586761474609375" lon="-48.97982225753366947174072265625">
        <ele>1337</ele>
        <time>2025-08-17T11:55:08.000Z</time>
        <extensions>
          <ns3:TrackPointExtension>
            <ns3:hr>103</ns3:hr>
          </ns3:TrackPointExtension>
        </extensions>
      </trkpt>
      <trkpt lat="-25.5099804885685443878173828125" lon="-48.97986869327723979949951171875">
        <ele>1333</ele>
        <time>2025-08-17T11:55:48.000Z</time>
        <extensions>
          <ns3:TrackPointExtension>
            <ns3:hr>100</ns3:hr>
          </ns3:TrackPointExtension>
        </extensions>
      </trkpt>
      <trkpt lat="-25.509945787489414215087890625" lon="-48.97990590892732143402099609375">
        <ele>1330.800048828125</ele>
        <time>2025-08-17T11:56:06.000Z</time>
        <extensions>
          <ns3:TrackPointExtension>
            <ns3:hr>104</ns3:hr>
          </ns3:TrackPointExtension>
        </extensions>
      </trkpt>
      <trkpt lat="-25.5099436081945896148681640625" lon="-48.979929797351360321044921875">
        <ele>1330.199951171875</ele>
        <time>2025-08-17T11:56:11.000Z</time>
        <extensions>
          <ns3:TrackPointExtension>
            <ns3:hr>101</ns3:hr>
          </ns3:TrackPointExtension>
        </extensions>
      </trkpt>
      <trkpt lat="-25.50994268618524074554443359375" lon="-48.97994027473032474517822265625">
        <ele>1330</ele>
        <time>2025-08-17T11:56:14.000Z</time>
        <extensions>
          <ns3:TrackPointExtension>
            <ns3:hr>98</ns3:hr>
          </ns3:TrackPointExtension>
        </extensions>
      </trkpt>
      <trkpt lat="-25.5099387466907501220703125" lon="-48.97995955310761928558349609375">
        <ele>1329.4000244140625</ele>
        <time>2025-08-17T11:56:25.000Z</time>
        <extensions>
          <ns3:TrackPointExtension>
            <ns3:hr>102</ns3:hr>
          </ns3:TrackPointExtension>
        </extensions>
      </trkpt>
      <trkpt lat="-25.50993564538657665252685546875" lon="-48.9799628220498561859130859375">
        <ele>1329.199951171875</ele>
        <time>2025-08-17T11:56:27.000Z</time>
        <extensions>
          <ns3:TrackPointExtension>
            <ns3:hr>99</ns3:hr>
          </ns3:TrackPointExtension>
        </extensions>
      </trkpt>
      <trkpt lat="-25.50991670228540897369384765625" lon="-48.9799940027296543121337890625">
        <ele>1327.800048828125</ele>
        <time>2025-08-17T11:56:45.000Z</time>
        <extensions>
          <ns3:TrackPointExtension>
            <ns3:hr>96</ns3:hr>
          </ns3:TrackPointExtension>
        </extensions>
      </trkpt>
      <trkpt lat="-25.50990798510611057281494140625" lon="-48.98000028915703296661376953125">
        <ele>1327.199951171875</ele>
        <time>2025-08-17T11:56:58.000Z</time>
        <extensions>
          <ns3:TrackPointExtension>
            <ns3:hr>93</ns3:hr>
          </ns3:TrackPointExtension>
        </extensions>
      </trkpt>
      <trkpt lat="-25.5099040456116199493408203125" lon="-48.98000263608992099761962890625">
        <ele>1327</ele>
        <time>2025-08-17T11:57:08.000Z</time>
        <extensions>
          <ns3:TrackPointExtension>
            <ns3:hr>90</ns3:hr>
          </ns3:TrackPointExtension>
        </extensions>
      </trkpt>
      <trkpt lat="-25.509901531040668487548828125" lon="-48.98000867106020450592041015625">
        <ele>1326.800048828125</ele>
        <time>2025-08-17T11:57:29.000Z</time>
        <extensions>
          <ns3:TrackPointExtension>
            <ns3:hr>94</ns3:hr>
          </ns3:TrackPointExtension>
        </extensions>
      </trkpt>
      <trkpt lat="-25.50990144722163677215576171875" lon="-48.98000883869826793670654296875">
        <ele>1326.800048828125</ele>
        <time>2025-08-17T11:57:30.000Z</time>
        <extensions>
          <ns3:TrackPointExtension>
            <ns3:hr>91</ns3:hr>
          </ns3:TrackPointExtension>
        </extensions>
      </trkpt>
      <trkpt lat="-25.50984813831746578216552734375" lon="-48.98009433411061763763427734375">
        <ele>1323.4000244140625</ele>
        <time>2025-08-17T11:57:44.000Z</time>
        <extensions>
          <ns3:TrackPointExtension>
            <ns3:hr>92</ns3:hr>
          </ns3:TrackPointExtension>
        </extensions>
      </trkpt>
      <trkpt lat="-25.509834475815296173095703125" lon="-48.98013238795101642608642578125">
        <ele>1322.199951171875</ele>
        <time>2025-08-17T11:57:51.000Z</time>
        <extensions>
          <ns3:TrackPointExtension>
            <ns3:hr>90</ns3:hr>
          </ns3:TrackPointExtension>
        </extensions>
      </trkpt>
      <trkpt lat="-25.50981628708541393280029296875" lon="-48.98013624362647533416748046875">
        <ele>1321.5999755859375</ele>
        <time>2025-08-17T11:57:55.000Z</time>
        <extensions>
          <ns3:TrackPointExtension>
            <ns3:hr>93</ns3:hr>
          </ns3:TrackPointExtension>
        </extensions>
      </trkpt>
      <trkpt lat="-25.509806983172893524169921875" lon="-48.9801297895610332489013671875">
        <ele>1321.4000244140625</ele>
        <time>2025-08-17T11:57:59.000Z</time>
        <extensions>
          <ns3:TrackPointExtension>
            <ns3:hr>94</ns3:hr>
          </ns3:TrackPointExtension>
        </extensions>
      </trkpt>
      <trkpt lat="-25.50978653132915496826171875" lon="-48.98014060221612453460693359375">
        <ele>1320.5999755859375</ele>
        <time>2025-08-17T11:58:04.000Z</time>
        <extensions>
          <ns3:TrackPointExtension>
            <ns3:hr>91</ns3:hr>
          </ns3:TrackPointExtension>
        </extensions>
      </trkpt>
      <trkpt lat="-25.50977990962564945220947265625" lon="-48.980153761804103851318359375">
        <ele>1319.800048828125</ele>
        <time>2025-08-17T11:58:07.000Z</time>
        <extensions>
          <ns3:TrackPointExtension>
            <ns3:hr>91</ns3:hr>
          </ns3:TrackPointExtension>
        </extensions>
      </trkpt>
      <trkpt lat="-25.509775467216968536376953125" lon="-48.980161137878894805908203125">
        <ele>1319.4000244140625</ele>
        <time>2025-08-17T11:58:09.000Z</time>
        <extensions>
          <ns3:TrackPointExtension>
            <ns3:hr>88</ns3:hr>
          </ns3:TrackPointExtension>
        </extensions>
      </trkpt>
      <trkpt lat="-25.50976909697055816650390625" lon="-48.98017111234366893768310546875">
        <ele>1319</ele>
        <time>2025-08-17T11:58:12.000Z</time>
        <extensions>
          <ns3:TrackPointExtension>
            <ns3:hr>91</ns3:hr>
          </ns3:TrackPointExtension>
        </extensions>
      </trkpt>
      <trkpt lat="-25.50976415164768695831298828125" lon="-48.98017848841845989227294921875">
        <ele>1318.5999755859375</ele>
        <time>2025-08-17T11:58:14.000Z</time>
        <extensions>
          <ns3:TrackPointExtension>
            <ns3:hr>88</ns3:hr>
          </ns3:TrackPointExtension>
        </extensions>
      </trkpt>
      <trkpt lat="-25.50976146943867206573486328125" lon="-48.98018083535134792327880859375">
        <ele>1318.5999755859375</ele>
        <time>2025-08-17T11:58:15.000Z</time>
        <extensions>
          <ns3:TrackPointExtension>
            <ns3:hr>91</ns3:hr>
          </ns3:TrackPointExtension>
        </extensions>
      </trkpt>
      <trkpt lat="-25.5097536742687225341796875" lon="-48.98018821142613887786865234375">
        <ele>1318.199951171875</ele>
        <time>2025-08-17T11:58:19.000Z</time>
        <extensions>
          <ns3:TrackPointExtension>
            <ns3:hr>94</ns3:hr>
          </ns3:TrackPointExtension>
        </extensions>
      </trkpt>
      <trkpt lat="-25.50975308753550052642822265625" lon="-48.98018972016870975494384765625">
        <ele>1318.199951171875</ele>
        <time>2025-08-17T11:58:20.000Z</time>
        <extensions>
          <ns3:TrackPointExtension>
            <ns3:hr>91</ns3:hr>
          </ns3:TrackPointExtension>
        </extensions>
      </trkpt>
      <trkpt lat="-25.50975258462131023406982421875" lon="-48.9801921509206295013427734375">
        <ele>1318.199951171875</ele>
        <time>2025-08-17T11:58:25.000Z</time>
        <extensions>
          <ns3:TrackPointExtension>
            <ns3:hr>88</ns3:hr>
          </ns3:TrackPointExtension>
        </extensions>
      </trkpt>
      <trkpt lat="-25.50975258462131023406982421875" lon="-48.9801921509206295013427734375">
        <ele>1318.199951171875</ele>
        <time>2025-08-17T11:58:31.000Z</time>
        <extensions>
          <ns3:TrackPointExtension>
            <ns3:hr>89</ns3:hr>
          </ns3:TrackPointExtension>
        </extensions>
      </trkpt>
      <trkpt lat="-25.50975258462131023406982421875" lon="-48.9801921509206295013427734375">
        <ele>1318.199951171875</ele>
        <time>2025-08-17T11:58:33.000Z</time>
        <extensions>
          <ns3:TrackPointExtension>
            <ns3:hr>96</ns3:hr>
          </ns3:TrackPointExtension>
        </extensions>
      </trkpt>
      <trkpt lat="-25.50975258462131023406982421875" lon="-48.9801921509206295013427734375">
        <ele>1318.199951171875</ele>
        <time>2025-08-17T11:58:34.000Z</time>
        <extensions>
          <ns3:TrackPointExtension>
            <ns3:hr>95</ns3:hr>
          </ns3:TrackPointExtension>
        </extensions>
      </trkpt>
      <trkpt lat="-25.5097508244216442108154296875" lon="-48.9801971800625324249267578125">
        <ele>1318</ele>
        <time>2025-08-17T11:58:42.000Z</time>
        <extensions>
          <ns3:TrackPointExtension>
            <ns3:hr>98</ns3:hr>
          </ns3:TrackPointExtension>
        </extensions>
      </trkpt>
      <trkpt lat="-25.50974889658391475677490234375" lon="-48.980198688805103302001953125">
        <ele>1318</ele>
        <time>2025-08-17T11:58:45.000Z</time>
        <extensions>
          <ns3:TrackPointExtension>
            <ns3:hr>101</ns3:hr>
          </ns3:TrackPointExtension>
        </extensions>
      </trkpt>
      <trkpt lat="-25.509683601558208465576171875" lon="-48.980202376842498779296875">
        <ele>1316.4000244140625</ele>
        <time>2025-08-17T11:58:53.000Z</time>
        <extensions>
          <ns3:TrackPointExtension>
            <ns3:hr>100</ns3:hr>
          </ns3:TrackPointExtension>
        </extensions>
      </trkpt>
      <trkpt lat="-25.50965501926839351654052734375" lon="-48.98019877262413501739501953125">
        <ele>1315.800048828125</ele>
        <time>2025-08-17T11:59:01.000Z</time>
        <extensions>
          <ns3:TrackPointExtension>
            <ns3:hr>100</ns3:hr>
          </ns3:TrackPointExtension>
        </extensions>
      </trkpt>
      <trkpt lat="-25.50963708199560642242431640625" lon="-48.980204723775386810302734375">
        <ele>1315.199951171875</ele>
        <time>2025-08-17T11:59:09.000Z</time>
        <extensions>
          <ns3:TrackPointExtension>
            <ns3:hr>97</ns3:hr>
          </ns3:TrackPointExtension>
        </extensions>
      </trkpt>
      <trkpt lat="-25.509623587131500244140625" lon="-48.98022391833364963531494140625">
        <ele>1314.4000244140625</ele>
        <time>2025-08-17T11:59:13.000Z</time>
        <extensions>
          <ns3:TrackPointExtension>
            <ns3:hr>94</ns3:hr>
          </ns3:TrackPointExtension>
        </extensions>
      </trkpt>
      <trkpt lat="-25.509613864123821258544921875" lon="-48.9802508242428302764892578125">
        <ele>1313.5999755859375</ele>
        <time>2025-08-17T11:59:19.000Z</time>
        <extensions>
          <ns3:TrackPointExtension>
            <ns3:hr>95</ns3:hr>
          </ns3:TrackPointExtension>
        </extensions>
      </trkpt>
      <trkpt lat="-25.509622581303119659423828125" lon="-48.98027722723782062530517578125">
        <ele>1313.4000244140625</ele>
        <time>2025-08-17T11:59:25.000Z</time>
        <extensions>
          <ns3:TrackPointExtension>
            <ns3:hr>94</ns3:hr>
          </ns3:TrackPointExtension>
        </extensions>
      </trkpt>
      <trkpt lat="-25.5096063204109668731689453125" lon="-48.98033707402646541595458984375">
        <ele>1311.800048828125</ele>
        <time>2025-08-17T11:59:32.000Z</time>
        <extensions>
          <ns3:TrackPointExtension>
            <ns3:hr>95</ns3:hr>
          </ns3:TrackPointExtension>
        </extensions>
      </trkpt>
      <trkpt lat="-25.50960388965904712677001953125" lon="-48.9803913049399852752685546875">
        <ele>1310.800048828125</ele>
        <time>2025-08-17T11:59:42.000Z</time>
        <extensions>
          <ns3:TrackPointExtension>
            <ns3:hr>97</ns3:hr>
          </ns3:TrackPointExtension>
        </extensions>
      </trkpt>
      <trkpt lat="-25.50959651358425617218017578125" lon="-48.98040697909891605377197265625">
        <ele>1310.4000244140625</ele>
        <time>2025-08-17T11:59:47.000Z</time>
        <extensions>
          <ns3:TrackPointExtension>
            <ns3:hr>100</ns3:hr>
          </ns3:TrackPointExtension>
        </extensions>
      </trkpt>
      <trkpt lat="-25.5095868743956089019775390625" lon="-48.980419635772705078125">
        <ele>1309.800048828125</ele>
        <time>2025-08-17T11:59:53.000Z</time>
        <extensions>
          <ns3:TrackPointExtension>
            <ns3:hr>98</ns3:hr>
          </ns3:TrackPointExtension>
        </extensions>
      </trkpt>
      <trkpt lat="-25.50955762155354022979736328125" lon="-48.980459868907928466796875">
        <ele>1308</ele>
        <time>2025-08-17T12:00:05.000Z</time>
        <extensions>
          <ns3:TrackPointExtension>
            <ns3:hr>96</ns3:hr>
          </ns3:TrackPointExtension>
        </extensions>
      </trkpt>
      <trkpt lat="-25.50955292768776416778564453125" lon="-48.9805006049573421478271484375">
        <ele>1306.800048828125</ele>
        <time>2025-08-17T12:00:12.000Z</time>
        <extensions>
          <ns3:TrackPointExtension>
            <ns3:hr>99</ns3:hr>
          </ns3:TrackPointExtension>
        </extensions>
      </trkpt>
      <trkpt lat="-25.5095644108951091766357421875" lon="-48.98051544092595577239990234375">
        <ele>1306.5999755859375</ele>
        <time>2025-08-17T12:00:17.000Z</time>
        <extensions>
          <ns3:TrackPointExtension>
            <ns3:hr>98</ns3:hr>
          </ns3:TrackPointExtension>
        </extensions>
      </trkpt>
      <trkpt lat="-25.5095851980149745941162109375" lon="-48.98056472651660442352294921875">
        <ele>1305.800048828125</ele>
        <time>2025-08-17T12:00:24.000Z</time>
        <extensions>
          <ns3:TrackPointExtension>
            <ns3:hr>96</ns3:hr>
          </ns3:TrackPointExtension>
        </extensions>
      </trkpt>
      <trkpt lat="-25.50954689271748065948486328125" lon="-48.98060160689055919647216796875">
        <ele>1304.5999755859375</ele>
        <time>2025-08-17T12:00:29.000Z</time>
        <extensions>
          <ns3:TrackPointExtension>
            <ns3:hr>93</ns3:hr>
          </ns3:TrackPointExtension>
        </extensions>
      </trkpt>
      <trkpt lat="-25.5095406062901020050048828125" lon="-48.98060915060341358184814453125">
        <ele>1304.4000244140625</ele>
        <time>2025-08-17T12:00:30.000Z</time>
        <extensions>
          <ns3:TrackPointExtension>
            <ns3:hr>92</ns3:hr>
          </ns3:TrackPointExtension>
        </extensions>
      </trkpt>
      <trkpt lat="-25.5095255188643932342529296875" lon="-48.9806176163256168365478515625">
        <ele>1304.199951171875</ele>
        <time>2025-08-17T12:00:36.000Z</time>
        <extensions>
          <ns3:TrackPointExtension>
            <ns3:hr>91</ns3:hr>
          </ns3:TrackPointExtension>
        </extensions>
      </trkpt>
      <trkpt lat="-25.50952367484569549560546875" lon="-48.98062356747686862945556640625">
        <ele>1304</ele>
        <time>2025-08-17T12:00:38.000Z</time>
        <extensions>
          <ns3:TrackPointExtension>
            <ns3:hr>94</ns3:hr>
          </ns3:TrackPointExtension>
        </extensions>
      </trkpt>
      <trkpt lat="-25.50951604731380939483642578125" lon="-48.98063865490257740020751953125">
        <ele>1303.5999755859375</ele>
        <time>2025-08-17T12:00:44.000Z</time>
        <extensions>
          <ns3:TrackPointExtension>
            <ns3:hr>93</ns3:hr>
          </ns3:TrackPointExtension>
        </extensions>
      </trkpt>
      <trkpt lat="-25.50949559547007083892822265625" lon="-48.980670087039470672607421875">
        <ele>1302.800048828125</ele>
        <time>2025-08-17T12:00:52.000Z</time>
        <extensions>
          <ns3:TrackPointExtension>
            <ns3:hr>93</ns3:hr>
          </ns3:TrackPointExtension>
        </extensions>
      </trkpt>
      <trkpt lat="-25.5094950087368488311767578125" lon="-48.9806793071329593658447265625">
        <ele>1302.5999755859375</ele>
        <time>2025-08-17T12:00:54.000Z</time>
        <extensions>
          <ns3:TrackPointExtension>
            <ns3:hr>97</ns3:hr>
          </ns3:TrackPointExtension>
        </extensions>
      </trkpt>
      <trkpt lat="-25.5094956792891025543212890625" lon="-48.98068249225616455078125">
        <ele>1302.5999755859375</ele>
        <time>2025-08-17T12:00:55.000Z</time>
        <extensions>
          <ns3:TrackPointExtension>
            <ns3:hr>94</ns3:hr>
          </ns3:TrackPointExtension>
        </extensions>
      </trkpt>
      <trkpt lat="-25.5094960145652294158935546875" lon="-48.98070470429956912994384765625">
        <ele>1302</ele>
        <time>2025-08-17T12:01:00.000Z</time>
        <extensions>
          <ns3:TrackPointExtension>
            <ns3:hr>91</ns3:hr>
          </ns3:TrackPointExtension>
        </extensions>
      </trkpt>
      <trkpt lat="-25.50949358381330966949462890625" lon="-48.98071157746016979217529296875">
        <ele>1301.5999755859375</ele>
        <time>2025-08-17T12:01:01.000Z</time>
        <extensions>
          <ns3:TrackPointExtension>
            <ns3:hr>94</ns3:hr>
          </ns3:TrackPointExtension>
        </extensions>
      </trkpt>
      <trkpt lat="-25.50947866402566432952880859375" lon="-48.98073680698871612548828125">
        <ele>1300.800048828125</ele>
        <time>2025-08-17T12:01:06.000Z</time>
        <extensions>
          <ns3:TrackPointExtension>
            <ns3:hr>93</ns3:hr>
          </ns3:TrackPointExtension>
        </extensions>
      </trkpt>
      <trkpt lat="-25.50946156494319438934326171875" lon="-48.980752564966678619384765625">
        <ele>1300.199951171875</ele>
        <time>2025-08-17T12:01:12.000Z</time>
        <extensions>
          <ns3:TrackPointExtension>
            <ns3:hr>95</ns3:hr>
          </ns3:TrackPointExtension>
        </extensions>
      </trkpt>
      <trkpt lat="-25.50945620052516460418701171875" lon="-48.9807537384331226348876953125">
        <ele>1300.199951171875</ele>
        <time>2025-08-17T12:01:15.000Z</time>
        <extensions>
          <ns3:TrackPointExtension>
            <ns3:hr>99</ns3:hr>
          </ns3:TrackPointExtension>
        </extensions>
      </trkpt>
      <trkpt lat="-25.50944899208843708038330078125" lon="-48.980752564966678619384765625">
        <ele>1300.199951171875</ele>
        <time>2025-08-17T12:01:19.000Z</time>
        <extensions>
          <ns3:TrackPointExtension>
            <ns3:hr>97</ns3:hr>
          </ns3:TrackPointExtension>
        </extensions>
      </trkpt>
      <trkpt lat="-25.509444214403629302978515625" lon="-48.98079045116901397705078125">
        <ele>1299</ele>
        <time>2025-08-17T12:01:25.000Z</time>
        <extensions>
          <ns3:TrackPointExtension>
            <ns3:hr>94</ns3:hr>
          </ns3:TrackPointExtension>
        </extensions>
      </trkpt>
      <trkpt lat="-25.5094425380229949951171875" lon="-48.98079757578670978546142578125">
        <ele>1298.800048828125</ele>
        <time>2025-08-17T12:01:26.000Z</time>
        <extensions>
          <ns3:TrackPointExtension>
            <ns3:hr>96</ns3:hr>
          </ns3:TrackPointExtension>
        </extensions>
      </trkpt>
      <trkpt lat="-25.5094237625598907470703125" lon="-48.9808533154428005218505859375">
        <ele>1296.800048828125</ele>
        <time>2025-08-17T12:01:32.000Z</time>
        <extensions>
          <ns3:TrackPointExtension>
            <ns3:hr>97</ns3:hr>
          </ns3:TrackPointExtension>
        </extensions>
      </trkpt>
      <trkpt lat="-25.5094232596457004547119140625" lon="-48.9808653853833675384521484375">
        <ele>1296.4000244140625</ele>
        <time>2025-08-17T12:01:33.000Z</time>
        <extensions>
          <ns3:TrackPointExtension>
            <ns3:hr>95</ns3:hr>
          </ns3:TrackPointExtension>
        </extensions>
      </trkpt>
      <trkpt lat="-25.50941563211381435394287109375" lon="-48.98090570233762264251708984375">
        <ele>1295.199951171875</ele>
        <time>2025-08-17T12:01:39.000Z</time>
        <extensions>
          <ns3:TrackPointExtension>
            <ns3:hr>95</ns3:hr>
          </ns3:TrackPointExtension>
        </extensions>
      </trkpt>
      <trkpt lat="-25.50941261462867259979248046875" lon="-48.98092933930456638336181640625">
        <ele>1294.4000244140625</ele>
        <time>2025-08-17T12:01:45.000Z</time>
        <extensions>
          <ns3:TrackPointExtension>
            <ns3:hr>96</ns3:hr>
          </ns3:TrackPointExtension>
        </extensions>
      </trkpt>
      <trkpt lat="-25.5094296298921108245849609375" lon="-48.98094677366316318511962890625">
        <ele>1294.199951171875</ele>
        <time>2025-08-17T12:01:49.000Z</time>
        <extensions>
          <ns3:TrackPointExtension>
            <ns3:hr>93</ns3:hr>
          </ns3:TrackPointExtension>
        </extensions>
      </trkpt>
      <trkpt lat="-25.50943893380463123321533203125" lon="-48.98094627074897289276123046875">
        <ele>1294.4000244140625</ele>
        <time>2025-08-17T12:01:52.000Z</time>
        <extensions>
          <ns3:TrackPointExtension>
            <ns3:hr>93</ns3:hr>
          </ns3:TrackPointExtension>
        </extensions>
      </trkpt>
      <trkpt lat="-25.50944245420396327972412109375" lon="-48.98099119774997234344482421875">
        <ele>1293.199951171875</ele>
        <time>2025-08-17T12:01:59.000Z</time>
        <extensions>
          <ns3:TrackPointExtension>
            <ns3:hr>93</ns3:hr>
          </ns3:TrackPointExtension>
        </extensions>
      </trkpt>
      <trkpt lat="-25.50943843089044094085693359375" lon="-48.9810440875589847564697265625">
        <ele>1291.5999755859375</ele>
        <time>2025-08-17T12:02:06.000Z</time>
        <extensions>
          <ns3:TrackPointExtension>
            <ns3:hr>94</ns3:hr>
          </ns3:TrackPointExtension>
        </extensions>
      </trkpt>
      <trkpt lat="-25.5094246007502079010009765625" lon="-48.98106445558369159698486328125">
        <ele>1291</ele>
        <time>2025-08-17T12:02:12.000Z</time>
        <extensions>
          <ns3:TrackPointExtension>
            <ns3:hr>94</ns3:hr>
          </ns3:TrackPointExtension>
        </extensions>
      </trkpt>
      <trkpt lat="-25.50942040979862213134765625" lon="-48.9811000786721706390380859375">
        <ele>1289.800048828125</ele>
        <time>2025-08-17T12:02:18.000Z</time>
        <extensions>
          <ns3:TrackPointExtension>
            <ns3:hr>95</ns3:hr>
          </ns3:TrackPointExtension>
        </extensions>
      </trkpt>
      <trkpt lat="-25.5094316415488719940185546875" lon="-48.9811124838888645172119140625">
        <ele>1289.5999755859375</ele>
        <time>2025-08-17T12:02:24.000Z</time>
        <extensions>
          <ns3:TrackPointExtension>
            <ns3:hr>95</ns3:hr>
          </ns3:TrackPointExtension>
        </extensions>
      </trkpt>
      <trkpt lat="-25.50942015834152698516845703125" lon="-48.98112882860004901885986328125">
        <ele>1289</ele>
        <time>2025-08-17T12:02:29.000Z</time>
        <extensions>
          <ns3:TrackPointExtension>
            <ns3:hr>94</ns3:hr>
          </ns3:TrackPointExtension>
        </extensions>
      </trkpt>
      <trkpt lat="-25.50941948778927326202392578125" lon="-48.98113503120839595794677734375">
        <ele>1288.800048828125</ele>
        <time>2025-08-17T12:02:32.000Z</time>
        <extensions>
          <ns3:TrackPointExtension>
            <ns3:hr>97</ns3:hr>
          </ns3:TrackPointExtension>
        </extensions>
      </trkpt>
      <trkpt lat="-25.5094165541231632232666015625" lon="-48.981151878833770751953125">
        <ele>1288.4000244140625</ele>
        <time>2025-08-17T12:02:40.000Z</time>
        <extensions>
          <ns3:TrackPointExtension>
            <ns3:hr>97</ns3:hr>
          </ns3:TrackPointExtension>
        </extensions>
      </trkpt>
      <trkpt lat="-25.50942485220730304718017578125" lon="-48.98114039562642574310302734375">
        <ele>1288.800048828125</ele>
        <time>2025-08-17T12:02:50.000Z</time>
        <extensions>
          <ns3:TrackPointExtension>
            <ns3:hr>95</ns3:hr>
          </ns3:TrackPointExtension>
        </extensions>
      </trkpt>
      <trkpt lat="-25.50942485220730304718017578125" lon="-48.98114039562642574310302734375">
        <ele>1288.800048828125</ele>
        <time>2025-08-17T12:02:52.000Z</time>
        <extensions>
          <ns3:TrackPointExtension>
            <ns3:hr>98</ns3:hr>
          </ns3:TrackPointExtension>
        </extensions>
      </trkpt>
      <trkpt lat="-25.50942485220730304718017578125" lon="-48.98114039562642574310302734375">
        <ele>1288.800048828125</ele>
        <time>2025-08-17T12:02:57.000Z</time>
        <extensions>
          <ns3:TrackPointExtension>
            <ns3:hr>95</ns3:hr>
          </ns3:TrackPointExtension>
        </extensions>
      </trkpt>
      <trkpt lat="-25.50943382084369659423828125" lon="-48.98109463043510913848876953125">
        <ele>1290.199951171875</ele>
        <time>2025-08-17T12:03:17.000Z</time>
        <extensions>
          <ns3:TrackPointExtension>
            <ns3:hr>92</ns3:hr>
          </ns3:TrackPointExtension>
        </extensions>
      </trkpt>
      <trkpt lat="-25.50946039147675037384033203125" lon="-48.9810933731496334075927734375">
        <ele>1290.4000244140625</ele>
        <time>2025-08-17T12:03:40.000Z</time>
        <extensions>
          <ns3:TrackPointExtension>
            <ns3:hr>89</ns3:hr>
          </ns3:TrackPointExtension>
        </extensions>
      </trkpt>
      <trkpt lat="-25.5094799213111400604248046875" lon="-48.98111022077500820159912109375">
        <ele>1289.800048828125</ele>
        <time>2025-08-17T12:04:01.000Z</time>
        <extensions>
          <ns3:TrackPointExtension>
            <ns3:hr>92</ns3:hr>
          </ns3:TrackPointExtension>
        </extensions>
      </trkpt>
      <trkpt lat="-25.50948612391948699951171875" lon="-48.9811156690120697021484375">
        <ele>1289.800048828125</ele>
        <time>2025-08-17T12:04:10.000Z</time>
        <extensions>
          <ns3:TrackPointExtension>
            <ns3:hr>95</ns3:hr>
          </ns3:TrackPointExtension>
        </extensions>
      </trkpt>
      <trkpt lat="-25.50948637537658214569091796875" lon="-48.981134109199047088623046875">
        <ele>1289.199951171875</ele>
        <time>2025-08-17T12:04:13.000Z</time>
        <extensions>
          <ns3:TrackPointExtension>
            <ns3:hr>98</ns3:hr>
          </ns3:TrackPointExtension>
        </extensions>
      </trkpt>
      <trkpt lat="-25.5094862915575504302978515625" lon="-48.98116067983210086822509765625">
        <ele>1288.4000244140625</ele>
        <time>2025-08-17T12:04:17.000Z</time>
        <extensions>
          <ns3:TrackPointExtension>
            <ns3:hr>101</ns3:hr>
          </ns3:TrackPointExtension>
        </extensions>
      </trkpt>
      <trkpt lat="-25.50948503427207469940185546875" lon="-48.9811845682561397552490234375">
        <ele>1287.800048828125</ele>
        <time>2025-08-17T12:04:31.000Z</time>
        <extensions>
          <ns3:TrackPointExtension>
            <ns3:hr>104</ns3:hr>
          </ns3:TrackPointExtension>
        </extensions>
      </trkpt>
      <trkpt lat="-25.5094814300537109375" lon="-48.98120057769119739532470703125">
        <ele>1287.199951171875</ele>
        <time>2025-08-17T12:04:34.000Z</time>
        <extensions>
          <ns3:TrackPointExtension>
            <ns3:hr>107</ns3:hr>
          </ns3:TrackPointExtension>
        </extensions>
      </trkpt>
      <trkpt lat="-25.50947162322700023651123046875" lon="-48.98122823797166347503662109375">
        <ele>1286.4000244140625</ele>
        <time>2025-08-17T12:04:39.000Z</time>
        <extensions>
          <ns3:TrackPointExtension>
            <ns3:hr>110</ns3:hr>
          </ns3:TrackPointExtension>
        </extensions>
      </trkpt>
      <trkpt lat="-25.5094480700790882110595703125" lon="-48.98124986328184604644775390625">
        <ele>1285.800048828125</ele>
        <time>2025-08-17T12:04:48.000Z</time>
        <extensions>
          <ns3:TrackPointExtension>
            <ns3:hr>111</ns3:hr>
          </ns3:TrackPointExtension>
        </extensions>
      </trkpt>
      <trkpt lat="-25.50943356938660144805908203125" lon="-48.9812559820711612701416015625">
        <ele>1285.4000244140625</ele>
        <time>2025-08-17T12:04:52.000Z</time>
        <extensions>
          <ns3:TrackPointExtension>
            <ns3:hr>110</ns3:hr>
          </ns3:TrackPointExtension>
        </extensions>
      </trkpt>
      <trkpt lat="-25.50941102206707000732421875" lon="-48.9812864921987056732177734375">
        <ele>1284.199951171875</ele>
        <time>2025-08-17T12:04:56.000Z</time>
        <extensions>
          <ns3:TrackPointExtension>
            <ns3:hr>108</ns3:hr>
          </ns3:TrackPointExtension>
        </extensions>
      </trkpt>
      <trkpt lat="-25.5093890614807605743408203125" lon="-48.98129940032958984375">
        <ele>1283.5999755859375</ele>
        <time>2025-08-17T12:05:03.000Z</time>
        <extensions>
          <ns3:TrackPointExtension>
            <ns3:hr>110</ns3:hr>
          </ns3:TrackPointExtension>
        </extensions>
      </trkpt>
      <trkpt lat="-25.50938822329044342041015625" lon="-48.9813009090721607208251953125">
        <ele>1283.5999755859375</ele>
        <time>2025-08-17T12:05:06.000Z</time>
        <extensions>
          <ns3:TrackPointExtension>
            <ns3:hr>107</ns3:hr>
          </ns3:TrackPointExtension>
        </extensions>
      </trkpt>
      <trkpt lat="-25.50938822329044342041015625" lon="-48.9813009090721607208251953125">
        <ele>1283.5999755859375</ele>
        <time>2025-08-17T12:05:12.000Z</time>
        <extensions>
          <ns3:TrackPointExtension>
            <ns3:hr>104</ns3:hr>
          </ns3:TrackPointExtension>
        </extensions>
      </trkpt>
      <trkpt lat="-25.50938822329044342041015625" lon="-48.9813009090721607208251953125">
        <ele>1283.5999755859375</ele>
        <time>2025-08-17T12:05:14.000Z</time>
        <extensions>
          <ns3:TrackPointExtension>
            <ns3:hr>103</ns3:hr>
          </ns3:TrackPointExtension>
        </extensions>
      </trkpt>
      <trkpt lat="-25.5093810148537158966064453125" lon="-48.98134290240705013275146484375">
        <ele>1282.199951171875</ele>
        <time>2025-08-17T12:05:29.000Z</time>
        <extensions>
          <ns3:TrackPointExtension>
            <ns3:hr>107</ns3:hr>
          </ns3:TrackPointExtension>
        </extensions>
      </trkpt>
      <trkpt lat="-25.50937875173985958099365234375" lon="-48.981360755860805511474609375">
        <ele>1281.5999755859375</ele>
        <time>2025-08-17T12:05:35.000Z</time>
        <extensions>
          <ns3:TrackPointExtension>
            <ns3:hr>110</ns3:hr>
          </ns3:TrackPointExtension>
        </extensions>
      </trkpt>
      <trkpt lat="-25.509368441998958587646484375" lon="-48.9814705587923526763916015625">
        <ele>1278.5999755859375</ele>
        <time>2025-08-17T12:06:03.000Z</time>
        <extensions>
          <ns3:TrackPointExtension>
            <ns3:hr>107</ns3:hr>
          </ns3:TrackPointExtension>
        </extensions>
      </trkpt>
      <trkpt lat="-25.50936550833284854888916015625" lon="-48.98148170672357082366943359375">
        <ele>1278.199951171875</ele>
        <time>2025-08-17T12:06:09.000Z</time>
        <extensions>
          <ns3:TrackPointExtension>
            <ns3:hr>104</ns3:hr>
          </ns3:TrackPointExtension>
        </extensions>
      </trkpt>
      <trkpt lat="-25.5093451403081417083740234375" lon="-48.98160307668149471282958984375">
        <ele>1275.5999755859375</ele>
        <time>2025-08-17T12:06:28.000Z</time>
        <extensions>
          <ns3:TrackPointExtension>
            <ns3:hr>101</ns3:hr>
          </ns3:TrackPointExtension>
        </extensions>
      </trkpt>
      <trkpt lat="-25.50932426936924457550048828125" lon="-48.981661163270473480224609375">
        <ele>1274.199951171875</ele>
        <time>2025-08-17T12:06:34.000Z</time>
        <extensions>
          <ns3:TrackPointExtension>
            <ns3:hr>101</ns3:hr>
          </ns3:TrackPointExtension>
        </extensions>
      </trkpt>
      <trkpt lat="-25.50931773148477077484130859375" lon="-48.98166409693658351898193359375">
        <ele>1274</ele>
        <time>2025-08-17T12:06:37.000Z</time>
        <extensions>
          <ns3:TrackPointExtension>
            <ns3:hr>98</ns3:hr>
          </ns3:TrackPointExtension>
        </extensions>
      </trkpt>
      <trkpt lat="-25.5093156360089778900146484375" lon="-48.98166610859334468841552734375">
        <ele>1274</ele>
        <time>2025-08-17T12:06:38.000Z</time>
        <extensions>
          <ns3:TrackPointExtension>
            <ns3:hr>101</ns3:hr>
          </ns3:TrackPointExtension>
        </extensions>
      </trkpt>
      <trkpt lat="-25.50930851139128208160400390625" lon="-48.9816777594387531280517578125">
        <ele>1273.800048828125</ele>
        <time>2025-08-17T12:06:43.000Z</time>
        <extensions>
          <ns3:TrackPointExtension>
            <ns3:hr>99</ns3:hr>
          </ns3:TrackPointExtension>
        </extensions>
      </trkpt>
      <trkpt lat="-25.5093153007328510284423828125" lon="-48.981664516031742095947265625">
        <ele>1274</ele>
        <time>2025-08-17T12:06:50.000Z</time>
        <extensions>
          <ns3:TrackPointExtension>
            <ns3:hr>100</ns3:hr>
          </ns3:TrackPointExtension>
        </extensions>
      </trkpt>
      <trkpt lat="-25.50929694436490535736083984375" lon="-48.9816891588270664215087890625">
        <ele>1273.800048828125</ele>
        <time>2025-08-17T12:06:56.000Z</time>
        <extensions>
          <ns3:TrackPointExtension>
            <ns3:hr>100</ns3:hr>
          </ns3:TrackPointExtension>
        </extensions>
      </trkpt>
      <trkpt lat="-25.50929945893585681915283203125" lon="-48.98168739862740039825439453125">
        <ele>1273.800048828125</ele>
        <time>2025-08-17T12:07:04.000Z</time>
        <extensions>
          <ns3:TrackPointExtension>
            <ns3:hr>102</ns3:hr>
          </ns3:TrackPointExtension>
        </extensions>
      </trkpt>
      <trkpt lat="-25.50928772427141666412353515625" lon="-48.98171044886112213134765625">
        <ele>1273.5999755859375</ele>
        <time>2025-08-17T12:07:11.000Z</time>
        <extensions>
          <ns3:TrackPointExtension>
            <ns3:hr>103</ns3:hr>
          </ns3:TrackPointExtension>
        </extensions>
      </trkpt>
      <trkpt lat="-25.509280264377593994140625" lon="-48.98172075860202312469482421875">
        <ele>1273.4000244140625</ele>
        <time>2025-08-17T12:07:26.000Z</time>
        <extensions>
          <ns3:TrackPointExtension>
            <ns3:hr>104</ns3:hr>
          </ns3:TrackPointExtension>
        </extensions>
      </trkpt>
      <trkpt lat="-25.509258471429347991943359375" lon="-48.98175738751888275146484375">
        <ele>1273.199951171875</ele>
        <time>2025-08-17T12:07:32.000Z</time>
        <extensions>
          <ns3:TrackPointExtension>
            <ns3:hr>104</ns3:hr>
          </ns3:TrackPointExtension>
        </extensions>
      </trkpt>
      <trkpt lat="-25.50925537012517452239990234375" lon="-48.98175210691988468170166015625">
        <ele>1273.199951171875</ele>
        <time>2025-08-17T12:07:37.000Z</time>
        <extensions>
          <ns3:TrackPointExtension>
            <ns3:hr>104</ns3:hr>
          </ns3:TrackPointExtension>
        </extensions>
      </trkpt>
      <trkpt lat="-25.50925469957292079925537109375" lon="-48.98175009526312351226806640625">
        <ele>1273.199951171875</ele>
        <time>2025-08-17T12:07:42.000Z</time>
        <extensions>
          <ns3:TrackPointExtension>
            <ns3:hr>107</ns3:hr>
          </ns3:TrackPointExtension>
        </extensions>
      </trkpt>
      <trkpt lat="-25.50925268791615962982177734375" lon="-48.98175026290118694305419921875">
        <ele>1273.199951171875</ele>
        <time>2025-08-17T12:07:43.000Z</time>
        <extensions>
          <ns3:TrackPointExtension>
            <ns3:hr>104</ns3:hr>
          </ns3:TrackPointExtension>
        </extensions>
      </trkpt>
      <trkpt lat="-25.50924782641232013702392578125" lon="-48.98175143636763095855712890625">
        <ele>1273.199951171875</ele>
        <time>2025-08-17T12:07:45.000Z</time>
        <extensions>
          <ns3:TrackPointExtension>
            <ns3:hr>103</ns3:hr>
          </ns3:TrackPointExtension>
        </extensions>
      </trkpt>
      <trkpt lat="-25.509242378175258636474609375" lon="-48.9817609079182147979736328125">
        <ele>1273.199951171875</ele>
        <time>2025-08-17T12:07:47.000Z</time>
        <extensions>
          <ns3:TrackPointExtension>
            <ns3:hr>106</ns3:hr>
          </ns3:TrackPointExtension>
        </extensions>
      </trkpt>
      <trkpt lat="-25.50924162380397319793701171875" lon="-48.98177943192422389984130859375">
        <ele>1273</ele>
        <time>2025-08-17T12:07:52.000Z</time>
        <extensions>
          <ns3:TrackPointExtension>
            <ns3:hr>109</ns3:hr>
          </ns3:TrackPointExtension>
        </extensions>
      </trkpt>
      <trkpt lat="-25.509247072041034698486328125" lon="-48.981779851019382476806640625">
        <ele>1273</ele>
        <time>2025-08-17T12:07:54.000Z</time>
        <extensions>
          <ns3:TrackPointExtension>
            <ns3:hr>113</ns3:hr>
          </ns3:TrackPointExtension>
        </extensions>
      </trkpt>
      <trkpt lat="-25.50924195908010005950927734375" lon="-48.98177976720035076141357421875">
        <ele>1273</ele>
        <time>2025-08-17T12:07:59.000Z</time>
        <extensions>
          <ns3:TrackPointExtension>
            <ns3:hr>118</ns3:hr>
          </ns3:TrackPointExtension>
        </extensions>
      </trkpt>
      <trkpt lat="-25.50924195908010005950927734375" lon="-48.98177976720035076141357421875">
        <ele>1273</ele>
        <time>2025-08-17T12:08:02.000Z</time>
        <extensions>
          <ns3:TrackPointExtension>
            <ns3:hr>121</ns3:hr>
          </ns3:TrackPointExtension>
        </extensions>
      </trkpt>
      <trkpt lat="-25.509226955473423004150390625" lon="-48.9818098582327365875244140625">
        <ele>1272.5999755859375</ele>
        <time>2025-08-17T12:08:14.000Z</time>
        <extensions>
          <ns3:TrackPointExtension>
            <ns3:hr>123</ns3:hr>
          </ns3:TrackPointExtension>
        </extensions>
      </trkpt>
      <trkpt lat="-25.50919585861265659332275390625" lon="-48.98186123929917812347412109375">
        <ele>1272.5999755859375</ele>
        <time>2025-08-17T12:08:19.000Z</time>
        <extensions>
          <ns3:TrackPointExtension>
            <ns3:hr>120</ns3:hr>
          </ns3:TrackPointExtension>
        </extensions>
      </trkpt>
      <trkpt lat="-25.5091661028563976287841796875" lon="-48.98189325816929340362548828125">
        <ele>1273.4000244140625</ele>
        <time>2025-08-17T12:08:27.000Z</time>
        <extensions>
          <ns3:TrackPointExtension>
            <ns3:hr>119</ns3:hr>
          </ns3:TrackPointExtension>
        </extensions>
      </trkpt>
      <trkpt lat="-25.50915814004838466644287109375" lon="-48.9819084294140338897705078125">
        <ele>1273.4000244140625</ele>
        <time>2025-08-17T12:08:33.000Z</time>
        <extensions>
          <ns3:TrackPointExtension>
            <ns3:hr>117</ns3:hr>
          </ns3:TrackPointExtension>
        </extensions>
      </trkpt>
      <trkpt lat="-25.50914347171783447265625" lon="-48.9819111116230487823486328125">
        <ele>1273.4000244140625</ele>
        <time>2025-08-17T12:08:39.000Z</time>
        <extensions>
          <ns3:TrackPointExtension>
            <ns3:hr>114</ns3:hr>
          </ns3:TrackPointExtension>
        </extensions>
      </trkpt>
      <trkpt lat="-25.5091392807662487030029296875" lon="-48.98191102780401706695556640625">
        <ele>1273.199951171875</ele>
        <time>2025-08-17T12:08:45.000Z</time>
        <extensions>
          <ns3:TrackPointExtension>
            <ns3:hr>111</ns3:hr>
          </ns3:TrackPointExtension>
        </extensions>
      </trkpt>
      <trkpt lat="-25.5091335810720920562744140625" lon="-48.9819141291081905364990234375">
        <ele>1273.199951171875</ele>
        <time>2025-08-17T12:08:47.000Z</time>
        <extensions>
          <ns3:TrackPointExtension>
            <ns3:hr>111</ns3:hr>
          </ns3:TrackPointExtension>
        </extensions>
      </trkpt>
      <trkpt lat="-25.50910835154354572296142578125" lon="-48.9819318987429141998291015625">
        <ele>1273.199951171875</ele>
        <time>2025-08-17T12:08:50.000Z</time>
        <extensions>
          <ns3:TrackPointExtension>
            <ns3:hr>115</ns3:hr>
          </ns3:TrackPointExtension>
        </extensions>
      </trkpt>
      <trkpt lat="-25.509088151156902313232421875" lon="-48.981926701962947845458984375">
        <ele>1273.199951171875</ele>
        <time>2025-08-17T12:08:53.000Z</time>
        <extensions>
          <ns3:TrackPointExtension>
            <ns3:hr>116</ns3:hr>
          </ns3:TrackPointExtension>
        </extensions>
      </trkpt>
      <trkpt lat="-25.5090497620403766632080078125" lon="-48.98190281353890895843505859375">
        <ele>1273</ele>
        <time>2025-08-17T12:09:00.000Z</time>
        <extensions>
          <ns3:TrackPointExtension>
            <ns3:hr>116</ns3:hr>
          </ns3:TrackPointExtension>
        </extensions>
      </trkpt>
      <trkpt lat="-25.50904221832752227783203125" lon="-48.98190616630017757415771484375">
        <ele>1273</ele>
        <time>2025-08-17T12:09:04.000Z</time>
        <extensions>
          <ns3:TrackPointExtension>
            <ns3:hr>113</ns3:hr>
          </ns3:TrackPointExtension>
        </extensions>
      </trkpt>
      <trkpt lat="-25.509029142558574676513671875" lon="-48.981921672821044921875">
        <ele>1273</ele>
        <time>2025-08-17T12:09:08.000Z</time>
        <extensions>
          <ns3:TrackPointExtension>
            <ns3:hr>112</ns3:hr>
          </ns3:TrackPointExtension>
        </extensions>
      </trkpt>
      <trkpt lat="-25.5090279690921306610107421875" lon="-48.98196852765977382659912109375">
        <ele>1273.4000244140625</ele>
        <time>2025-08-17T12:09:17.000Z</time>
        <extensions>
          <ns3:TrackPointExtension>
            <ns3:hr>111</ns3:hr>
          </ns3:TrackPointExtension>
        </extensions>
      </trkpt>
      <trkpt lat="-25.508998297154903411865234375" lon="-48.9820116944611072540283203125">
        <ele>1273.800048828125</ele>
        <time>2025-08-17T12:09:27.000Z</time>
        <extensions>
          <ns3:TrackPointExtension>
            <ns3:hr>113</ns3:hr>
          </ns3:TrackPointExtension>
        </extensions>
      </trkpt>
      <trkpt lat="-25.50896418280899524688720703125" lon="-48.98202535696327686309814453125">
        <ele>1274.199951171875</ele>
        <time>2025-08-17T12:09:36.000Z</time>
        <extensions>
          <ns3:TrackPointExtension>
            <ns3:hr>114</ns3:hr>
          </ns3:TrackPointExtension>
        </extensions>
      </trkpt>
      <trkpt lat="-25.50891942344605922698974609375" lon="-48.98205854929983615875244140625">
        <ele>1274.5999755859375</ele>
        <time>2025-08-17T12:09:43.000Z</time>
        <extensions>
          <ns3:TrackPointExtension>
            <ns3:hr>113</ns3:hr>
          </ns3:TrackPointExtension>
        </extensions>
      </trkpt>
      <trkpt lat="-25.50891808234155178070068359375" lon="-48.98210582323372364044189453125">
        <ele>1274.800048828125</ele>
        <time>2025-08-17T12:09:50.000Z</time>
        <extensions>
          <ns3:TrackPointExtension>
            <ns3:hr>110</ns3:hr>
          </ns3:TrackPointExtension>
        </extensions>
      </trkpt>
      <trkpt lat="-25.50892193801701068878173828125" lon="-48.98211219348013401031494140625">
        <ele>1274.800048828125</ele>
        <time>2025-08-17T12:09:55.000Z</time>
        <extensions>
          <ns3:TrackPointExtension>
            <ns3:hr>108</ns3:hr>
          </ns3:TrackPointExtension>
        </extensions>
      </trkpt>
      <trkpt lat="-25.50893048755824565887451171875" lon="-48.9821146242320537567138671875">
        <ele>1274.800048828125</ele>
        <time>2025-08-17T12:10:00.000Z</time>
        <extensions>
          <ns3:TrackPointExtension>
            <ns3:hr>108</ns3:hr>
          </ns3:TrackPointExtension>
        </extensions>
      </trkpt>
      <trkpt lat="-25.50892730243504047393798828125" lon="-48.9821183122694492340087890625">
        <ele>1274.800048828125</ele>
        <time>2025-08-17T12:10:06.000Z</time>
        <extensions>
          <ns3:TrackPointExtension>
            <ns3:hr>105</ns3:hr>
          </ns3:TrackPointExtension>
        </extensions>
      </trkpt>
      <trkpt lat="-25.50892730243504047393798828125" lon="-48.9821183122694492340087890625">
        <ele>1274.800048828125</ele>
        <time>2025-08-17T12:10:08.000Z</time>
        <extensions>
          <ns3:TrackPointExtension>
            <ns3:hr>106</ns3:hr>
          </ns3:TrackPointExtension>
        </extensions>
      </trkpt>
      <trkpt lat="-25.50892730243504047393798828125" lon="-48.98214270360767841339111328125">
        <ele>1275</ele>
        <time>2025-08-17T12:10:22.000Z</time>
        <extensions>
          <ns3:TrackPointExtension>
            <ns3:hr>109</ns3:hr>
          </ns3:TrackPointExtension>
        </extensions>
      </trkpt>
      <trkpt lat="-25.50893534906208515167236328125" lon="-48.9821984432637691497802734375">
        <ele>1275.199951171875</ele>
        <time>2025-08-17T12:10:28.000Z</time>
        <extensions>
          <ns3:TrackPointExtension>
            <ns3:hr>108</ns3:hr>
          </ns3:TrackPointExtension>
        </extensions>
      </trkpt>
      <trkpt lat="-25.5089136399328708648681640625" lon="-48.98223205469548702239990234375">
        <ele>1275.800048828125</ele>
        <time>2025-08-17T12:10:34.000Z</time>
        <extensions>
          <ns3:TrackPointExtension>
            <ns3:hr>109</ns3:hr>
          </ns3:TrackPointExtension>
        </extensions>
      </trkpt>
      <trkpt lat="-25.5089099518954753875732421875" lon="-48.982235826551914215087890625">
        <ele>1275.800048828125</ele>
        <time>2025-08-17T12:10:36.000Z</time>
        <extensions>
          <ns3:TrackPointExtension>
            <ns3:hr>112</ns3:hr>
          </ns3:TrackPointExtension>
        </extensions>
      </trkpt>
      <trkpt lat="-25.50890986807644367218017578125" lon="-48.98224747739732265472412109375">
        <ele>1276</ele>
        <time>2025-08-17T12:10:39.000Z</time>
        <extensions>
          <ns3:TrackPointExtension>
            <ns3:hr>113</ns3:hr>
          </ns3:TrackPointExtension>
        </extensions>
      </trkpt>
      <trkpt lat="-25.50889142788946628570556640625" lon="-48.982235155999660491943359375">
        <ele>1276.199951171875</ele>
        <time>2025-08-17T12:10:46.000Z</time>
        <extensions>
          <ns3:TrackPointExtension>
            <ns3:hr>114</ns3:hr>
          </ns3:TrackPointExtension>
        </extensions>
      </trkpt>
      <trkpt lat="-25.508888661861419677734375" lon="-48.982223756611347198486328125">
        <ele>1276</ele>
        <time>2025-08-17T12:10:51.000Z</time>
        <extensions>
          <ns3:TrackPointExtension>
            <ns3:hr>114</ns3:hr>
          </ns3:TrackPointExtension>
        </extensions>
      </trkpt>
      <trkpt lat="-25.508875586092472076416015625" lon="-48.9822138659656047821044921875">
        <ele>1275.5999755859375</ele>
        <time>2025-08-17T12:10:57.000Z</time>
        <extensions>
          <ns3:TrackPointExtension>
            <ns3:hr>114</ns3:hr>
          </ns3:TrackPointExtension>
        </extensions>
      </trkpt>
      <trkpt lat="-25.50888153724372386932373046875" lon="-48.982219733297824859619140625">
        <ele>1275.800048828125</ele>
        <time>2025-08-17T12:11:04.000Z</time>
        <extensions>
          <ns3:TrackPointExtension>
            <ns3:hr>115</ns3:hr>
          </ns3:TrackPointExtension>
        </extensions>
      </trkpt>
      <trkpt lat="-25.50888975150883197784423828125" lon="-48.98223088122904300689697265625">
        <ele>1276</ele>
        <time>2025-08-17T12:11:07.000Z</time>
        <extensions>
          <ns3:TrackPointExtension>
            <ns3:hr>118</ns3:hr>
          </ns3:TrackPointExtension>
        </extensions>
      </trkpt>
      <trkpt lat="-25.50888757221400737762451171875" lon="-48.98224948905408382415771484375">
        <ele>1276.199951171875</ele>
        <time>2025-08-17T12:11:13.000Z</time>
        <extensions>
          <ns3:TrackPointExtension>
            <ns3:hr>120</ns3:hr>
          </ns3:TrackPointExtension>
        </extensions>
      </trkpt>
      <trkpt lat="-25.508885644376277923583984375" lon="-48.98226642049849033355712890625">
        <ele>1276.199951171875</ele>
        <time>2025-08-17T12:11:19.000Z</time>
        <extensions>
          <ns3:TrackPointExtension>
            <ns3:hr>123</ns3:hr>
          </ns3:TrackPointExtension>
        </extensions>
      </trkpt>
      <trkpt lat="-25.5088734067976474761962890625" lon="-48.98227916099131107330322265625">
        <ele>1276.199951171875</ele>
        <time>2025-08-17T12:11:21.000Z</time>
        <extensions>
          <ns3:TrackPointExtension>
            <ns3:hr>124</ns3:hr>
          </ns3:TrackPointExtension>
        </extensions>
      </trkpt>
      <trkpt lat="-25.5088673718273639678955078125" lon="-48.98228720761835575103759765625">
        <ele>1276</ele>
        <time>2025-08-17T12:11:22.000Z</time>
        <extensions>
          <ns3:TrackPointExtension>
            <ns3:hr>124</ns3:hr>
          </ns3:TrackPointExtension>
        </extensions>
      </trkpt>
      <trkpt lat="-25.508874244987964630126953125" lon="-48.98228620178997516632080078125">
        <ele>1276.199951171875</ele>
        <time>2025-08-17T12:11:26.000Z</time>
        <extensions>
          <ns3:TrackPointExtension>
            <ns3:hr>127</ns3:hr>
          </ns3:TrackPointExtension>
        </extensions>
      </trkpt>
      <trkpt lat="-25.50887717865407466888427734375" lon="-48.982286117970943450927734375">
        <ele>1276.199951171875</ele>
        <time>2025-08-17T12:11:27.000Z</time>
        <extensions>
          <ns3:TrackPointExtension>
            <ns3:hr>126</ns3:hr>
          </ns3:TrackPointExtension>
        </extensions>
      </trkpt>
      <trkpt lat="-25.50887784920632839202880859375" lon="-48.98228502832353115081787109375">
        <ele>1276.199951171875</ele>
        <time>2025-08-17T12:11:34.000Z</time>
        <extensions>
          <ns3:TrackPointExtension>
            <ns3:hr>124</ns3:hr>
          </ns3:TrackPointExtension>
        </extensions>
      </trkpt>
      <trkpt lat="-25.5088777653872966766357421875" lon="-48.98228821344673633575439453125">
        <ele>1276.199951171875</ele>
        <time>2025-08-17T12:11:47.000Z</time>
        <extensions>
          <ns3:TrackPointExtension>
            <ns3:hr>121</ns3:hr>
          </ns3:TrackPointExtension>
        </extensions>
      </trkpt>
      <trkpt lat="-25.5088781006634235382080078125" lon="-48.98228972218930721282958984375">
        <ele>1276.199951171875</ele>
        <time>2025-08-17T12:11:51.000Z</time>
        <extensions>
          <ns3:TrackPointExtension>
            <ns3:hr>122</ns3:hr>
          </ns3:TrackPointExtension>
        </extensions>
      </trkpt>
      <trkpt lat="-25.5088781006634235382080078125" lon="-48.98229910992085933685302734375">
        <ele>1276.4000244140625</ele>
        <time>2025-08-17T12:11:54.000Z</time>
        <extensions>
          <ns3:TrackPointExtension>
            <ns3:hr>119</ns3:hr>
          </ns3:TrackPointExtension>
        </extensions>
      </trkpt>
      <trkpt lat="-25.50885840319097042083740234375" lon="-48.98234889842569828033447265625">
        <ele>1276.199951171875</ele>
        <time>2025-08-17T12:12:01.000Z</time>
        <extensions>
          <ns3:TrackPointExtension>
            <ns3:hr>117</ns3:hr>
          </ns3:TrackPointExtension>
        </extensions>
      </trkpt>
      <trkpt lat="-25.50883627496659755706787109375" lon="-48.98239172995090484619140625">
        <ele>1275.4000244140625</ele>
        <time>2025-08-17T12:12:08.000Z</time>
        <extensions>
          <ns3:TrackPointExtension>
            <ns3:hr>117</ns3:hr>
          </ns3:TrackPointExtension>
        </extensions>
      </trkpt>
      <trkpt lat="-25.5088251270353794097900390625" lon="-48.98237857036292552947998046875">
        <ele>1275.4000244140625</ele>
        <time>2025-08-17T12:12:18.000Z</time>
        <extensions>
          <ns3:TrackPointExtension>
            <ns3:hr>117</ns3:hr>
          </ns3:TrackPointExtension>
        </extensions>
      </trkpt>
      <trkpt lat="-25.5088174156844615936279296875" lon="-48.9823771454393863677978515625">
        <ele>1275.199951171875</ele>
        <time>2025-08-17T12:12:35.000Z</time>
        <extensions>
          <ns3:TrackPointExtension>
            <ns3:hr>114</ns3:hr>
          </ns3:TrackPointExtension>
        </extensions>
      </trkpt>
      <trkpt lat="-25.5088127218186855316162109375" lon="-48.98237504996359348297119140625">
        <ele>1275</ele>
        <time>2025-08-17T12:12:44.000Z</time>
        <extensions>
          <ns3:TrackPointExtension>
            <ns3:hr>117</ns3:hr>
          </ns3:TrackPointExtension>
        </extensions>
      </trkpt>
      <trkpt lat="-25.5087827146053314208984375" lon="-48.9824338071048259735107421875">
        <ele>1273.800048828125</ele>
        <time>2025-08-17T12:13:01.000Z</time>
        <extensions>
          <ns3:TrackPointExtension>
            <ns3:hr>117</ns3:hr>
          </ns3:TrackPointExtension>
        </extensions>
      </trkpt>
      <trkpt lat="-25.5087664537131786346435546875" lon="-48.98247999139130115509033203125">
        <ele>1273</ele>
        <time>2025-08-17T12:13:06.000Z</time>
        <extensions>
          <ns3:TrackPointExtension>
            <ns3:hr>115</ns3:hr>
          </ns3:TrackPointExtension>
        </extensions>
      </trkpt>
      <trkpt lat="-25.50878179259598255157470703125" lon="-48.98247747682034969329833984375">
        <ele>1273.4000244140625</ele>
        <time>2025-08-17T12:13:12.000Z</time>
        <extensions>
          <ns3:TrackPointExtension>
            <ns3:hr>118</ns3:hr>
          </ns3:TrackPointExtension>
        </extensions>
      </trkpt>
      <trkpt lat="-25.5087778531014919281005859375" lon="-48.9824790693819522857666015625">
        <ele>1273.199951171875</ele>
        <time>2025-08-17T12:13:31.000Z</time>
        <extensions>
          <ns3:TrackPointExtension>
            <ns3:hr>120</ns3:hr>
          </ns3:TrackPointExtension>
        </extensions>
      </trkpt>
      <trkpt lat="-25.508776344358921051025390625" lon="-48.98248569108545780181884765625">
        <ele>1273.199951171875</ele>
        <time>2025-08-17T12:13:37.000Z</time>
        <extensions>
          <ns3:TrackPointExtension>
            <ns3:hr>123</ns3:hr>
          </ns3:TrackPointExtension>
        </extensions>
      </trkpt>
      <trkpt lat="-25.50877592526376247406005859375" lon="-48.98248837329447269439697265625">
        <ele>1273</ele>
        <time>2025-08-17T12:13:49.000Z</time>
        <extensions>
          <ns3:TrackPointExtension>
            <ns3:hr>120</ns3:hr>
          </ns3:TrackPointExtension>
        </extensions>
      </trkpt>
      <trkpt lat="-25.50877391360700130462646484375" lon="-48.98249306716024875640869140625">
        <ele>1273</ele>
        <time>2025-08-17T12:13:59.000Z</time>
        <extensions>
          <ns3:TrackPointExtension>
            <ns3:hr>116</ns3:hr>
          </ns3:TrackPointExtension>
        </extensions>
      </trkpt>
      <trkpt lat="-25.50877357833087444305419921875" lon="-48.9824931509792804718017578125">
        <ele>1273</ele>
        <time>2025-08-17T12:14:02.000Z</time>
        <extensions>
          <ns3:TrackPointExtension>
            <ns3:hr>112</ns3:hr>
          </ns3:TrackPointExtension>
        </extensions>
      </trkpt>
      <trkpt lat="-25.50877274014055728912353515625" lon="-48.9824931509792804718017578125">
        <ele>1273</ele>
        <time>2025-08-17T12:14:04.000Z</time>
        <extensions>
          <ns3:TrackPointExtension>
            <ns3:hr>109</ns3:hr>
          </ns3:TrackPointExtension>
        </extensions>
      </trkpt>
      <trkpt lat="-25.50876796245574951171875" lon="-48.9824931509792804718017578125">
        <ele>1272.800048828125</ele>
        <time>2025-08-17T12:14:06.000Z</time>
        <extensions>
          <ns3:TrackPointExtension>
            <ns3:hr>102</ns3:hr>
          </ns3:TrackPointExtension>
        </extensions>
      </trkpt>
      <trkpt lat="-25.5087654478847980499267578125" lon="-48.9824931509792804718017578125">
        <ele>1272.800048828125</ele>
        <time>2025-08-17T12:14:07.000Z</time>
        <extensions>
          <ns3:TrackPointExtension>
            <ns3:hr>99</ns3:hr>
          </ns3:TrackPointExtension>
        </extensions>
      </trkpt>
      <trkpt lat="-25.5087631009519100189208984375" lon="-48.9824931509792804718017578125">
        <ele>1272.800048828125</ele>
        <time>2025-08-17T12:14:08.000Z</time>
        <extensions>
          <ns3:TrackPointExtension>
            <ns3:hr>99</ns3:hr>
          </ns3:TrackPointExtension>
        </extensions>
      </trkpt>
      <trkpt lat="-25.50875212065875530242919921875" lon="-48.982493989169597625732421875">
        <ele>1272.5999755859375</ele>
        <time>2025-08-17T12:14:15.000Z</time>
        <extensions>
          <ns3:TrackPointExtension>
            <ns3:hr>102</ns3:hr>
          </ns3:TrackPointExtension>
        </extensions>
      </trkpt>
      <trkpt lat="-25.5087470076978206634521484375" lon="-48.9825077354907989501953125">
        <ele>1272.5999755859375</ele>
        <time>2025-08-17T12:14:36.000Z</time>
        <extensions>
          <ns3:TrackPointExtension>
            <ns3:hr>101</ns3:hr>
          </ns3:TrackPointExtension>
        </extensions>
      </trkpt>
      <trkpt lat="-25.5087446607649326324462890625" lon="-48.98251318372786045074462890625">
        <ele>1272.5999755859375</ele>
        <time>2025-08-17T12:14:38.000Z</time>
        <extensions>
          <ns3:TrackPointExtension>
            <ns3:hr>98</ns3:hr>
          </ns3:TrackPointExtension>
        </extensions>
      </trkpt>
      <trkpt lat="-25.508742816746234893798828125" lon="-48.9825157821178436279296875">
        <ele>1272.5999755859375</ele>
        <time>2025-08-17T12:14:39.000Z</time>
        <extensions>
          <ns3:TrackPointExtension>
            <ns3:hr>95</ns3:hr>
          </ns3:TrackPointExtension>
        </extensions>
      </trkpt>
      <trkpt lat="-25.508760921657085418701171875" lon="-48.9825266785919666290283203125">
        <ele>1272.5999755859375</ele>
        <time>2025-08-17T12:14:43.000Z</time>
        <extensions>
          <ns3:TrackPointExtension>
            <ns3:hr>94</ns3:hr>
          </ns3:TrackPointExtension>
        </extensions>
      </trkpt>
      <trkpt lat="-25.5087761767208576202392578125" lon="-48.98254059255123138427734375">
        <ele>1272.800048828125</ele>
        <time>2025-08-17T12:14:48.000Z</time>
        <extensions>
          <ns3:TrackPointExtension>
            <ns3:hr>96</ns3:hr>
          </ns3:TrackPointExtension>
        </extensions>
      </trkpt>
      <trkpt lat="-25.50876863300800323486328125" lon="-48.98255668580532073974609375">
        <ele>1272.800048828125</ele>
        <time>2025-08-17T12:14:54.000Z</time>
        <extensions>
          <ns3:TrackPointExtension>
            <ns3:hr>97</ns3:hr>
          </ns3:TrackPointExtension>
        </extensions>
      </trkpt>
      <trkpt lat="-25.50876385532319545745849609375" lon="-48.9825776405632495880126953125">
        <ele>1272.800048828125</ele>
        <time>2025-08-17T12:14:59.000Z</time>
        <extensions>
          <ns3:TrackPointExtension>
            <ns3:hr>97</ns3:hr>
          </ns3:TrackPointExtension>
        </extensions>
      </trkpt>
      <trkpt lat="-25.5087550543248653411865234375" lon="-48.98259557783603668212890625">
        <ele>1272.800048828125</ele>
        <time>2025-08-17T12:15:04.000Z</time>
        <extensions>
          <ns3:TrackPointExtension>
            <ns3:hr>97</ns3:hr>
          </ns3:TrackPointExtension>
        </extensions>
      </trkpt>
      <trkpt lat="-25.508723370730876922607421875" lon="-48.98262650705873966217041015625">
        <ele>1272.800048828125</ele>
        <time>2025-08-17T12:15:09.000Z</time>
        <extensions>
          <ns3:TrackPointExtension>
            <ns3:hr>97</ns3:hr>
          </ns3:TrackPointExtension>
        </extensions>
      </trkpt>
      <trkpt lat="-25.50874105654656887054443359375" lon="-48.982684426009654998779296875">
        <ele>1272</ele>
        <time>2025-08-17T12:15:16.000Z</time>
        <extensions>
          <ns3:TrackPointExtension>
            <ns3:hr>95</ns3:hr>
          </ns3:TrackPointExtension>
        </extensions>
      </trkpt>
      <trkpt lat="-25.5087466724216938018798828125" lon="-48.98268719203770160675048828125">
        <ele>1272</ele>
        <time>2025-08-17T12:15:17.000Z</time>
        <extensions>
          <ns3:TrackPointExtension>
            <ns3:hr>98</ns3:hr>
          </ns3:TrackPointExtension>
        </extensions>
      </trkpt>
      <trkpt lat="-25.5087376199662685394287109375" lon="-48.98268803022801876068115234375">
        <ele>1272</ele>
        <time>2025-08-17T12:15:22.000Z</time>
        <extensions>
          <ns3:TrackPointExtension>
            <ns3:hr>97</ns3:hr>
          </ns3:TrackPointExtension>
        </extensions>
      </trkpt>
      <trkpt lat="-25.50875010900199413299560546875" lon="-48.98268082179129123687744140625">
        <ele>1272.199951171875</ele>
        <time>2025-08-17T12:15:24.000Z</time>
        <extensions>
          <ns3:TrackPointExtension>
            <ns3:hr>100</ns3:hr>
          </ns3:TrackPointExtension>
        </extensions>
      </trkpt>
      <trkpt lat="-25.50874910317361354827880859375" lon="-48.982679061591625213623046875">
        <ele>1272.199951171875</ele>
        <time>2025-08-17T12:15:28.000Z</time>
        <extensions>
          <ns3:TrackPointExtension>
            <ns3:hr>98</ns3:hr>
          </ns3:TrackPointExtension>
        </extensions>
      </trkpt>
      <trkpt lat="-25.50873686559498310089111328125" lon="-48.9826715178787708282470703125">
        <ele>1272.199951171875</ele>
        <time>2025-08-17T12:15:33.000Z</time>
        <extensions>
          <ns3:TrackPointExtension>
            <ns3:hr>96</ns3:hr>
          </ns3:TrackPointExtension>
        </extensions>
      </trkpt>
      <trkpt lat="-25.50873686559498310089111328125" lon="-48.9826715178787708282470703125">
        <ele>1272.199951171875</ele>
        <time>2025-08-17T12:15:38.000Z</time>
        <extensions>
          <ns3:TrackPointExtension>
            <ns3:hr>99</ns3:hr>
          </ns3:TrackPointExtension>
        </extensions>
      </trkpt>
      <trkpt lat="-25.50873686559498310089111328125" lon="-48.98267411626875400543212890625">
        <ele>1272.199951171875</ele>
        <time>2025-08-17T12:15:43.000Z</time>
        <extensions>
          <ns3:TrackPointExtension>
            <ns3:hr>96</ns3:hr>
          </ns3:TrackPointExtension>
        </extensions>
      </trkpt>
      <trkpt lat="-25.50874424166977405548095703125" lon="-48.98269590921700000762939453125">
        <ele>1271.800048828125</ele>
        <time>2025-08-17T12:15:51.000Z</time>
        <extensions>
          <ns3:TrackPointExtension>
            <ns3:hr>96</ns3:hr>
          </ns3:TrackPointExtension>
        </extensions>
      </trkpt>
      <trkpt lat="-25.50874046981334686279296875" lon="-48.98271921090781688690185546875">
        <ele>1271.4000244140625</ele>
        <time>2025-08-17T12:15:54.000Z</time>
        <extensions>
          <ns3:TrackPointExtension>
            <ns3:hr>93</ns3:hr>
          </ns3:TrackPointExtension>
        </extensions>
      </trkpt>
      <trkpt lat="-25.50873904488980770111083984375" lon="-48.98274268023669719696044921875">
        <ele>1271</ele>
        <time>2025-08-17T12:15:57.000Z</time>
        <extensions>
          <ns3:TrackPointExtension>
            <ns3:hr>93</ns3:hr>
          </ns3:TrackPointExtension>
        </extensions>
      </trkpt>
      <trkpt lat="-25.5087325908243656158447265625" lon="-48.98274553008377552032470703125">
        <ele>1270.800048828125</ele>
        <time>2025-08-17T12:16:02.000Z</time>
        <extensions>
          <ns3:TrackPointExtension>
            <ns3:hr>97</ns3:hr>
          </ns3:TrackPointExtension>
        </extensions>
      </trkpt>
      <trkpt lat="-25.508729405701160430908203125" lon="-48.98274569772183895111083984375">
        <ele>1270.800048828125</ele>
        <time>2025-08-17T12:16:05.000Z</time>
        <extensions>
          <ns3:TrackPointExtension>
            <ns3:hr>94</ns3:hr>
          </ns3:TrackPointExtension>
        </extensions>
      </trkpt>
      <trkpt lat="-25.50873116590082645416259765625" lon="-48.982745446264743804931640625">
        <ele>1270.800048828125</ele>
        <time>2025-08-17T12:16:16.000Z</time>
        <extensions>
          <ns3:TrackPointExtension>
            <ns3:hr>92</ns3:hr>
          </ns3:TrackPointExtension>
        </extensions>
      </trkpt>
      <trkpt lat="-25.50873116590082645416259765625" lon="-48.982745446264743804931640625">
        <ele>1270.800048828125</ele>
        <time>2025-08-17T12:16:17.000Z</time>
        <extensions>
          <ns3:TrackPointExtension>
            <ns3:hr>95</ns3:hr>
          </ns3:TrackPointExtension>
        </extensions>
      </trkpt>
      <trkpt lat="-25.50873116590082645416259765625" lon="-48.982745446264743804931640625">
        <ele>1270.800048828125</ele>
        <time>2025-08-17T12:16:30.000Z</time>
        <extensions>
          <ns3:TrackPointExtension>
            <ns3:hr>98</ns3:hr>
          </ns3:TrackPointExtension>
        </extensions>
      </trkpt>
      <trkpt lat="-25.50873116590082645416259765625" lon="-48.982745446264743804931640625">
        <ele>1270.800048828125</ele>
        <time>2025-08-17T12:16:31.000Z</time>
        <extensions>
          <ns3:TrackPointExtension>
            <ns3:hr>95</ns3:hr>
          </ns3:TrackPointExtension>
        </extensions>
      </trkpt>
      <trkpt lat="-25.508742816746234893798828125" lon="-48.98274603299796581268310546875">
        <ele>1271</ele>
        <time>2025-08-17T12:16:43.000Z</time>
        <extensions>
          <ns3:TrackPointExtension>
            <ns3:hr>90</ns3:hr>
          </ns3:TrackPointExtension>
        </extensions>
      </trkpt>
      <trkpt lat="-25.50874407403171062469482421875" lon="-48.98274703882634639739990234375">
        <ele>1271</ele>
        <time>2025-08-17T12:16:45.000Z</time>
        <extensions>
          <ns3:TrackPointExtension>
            <ns3:hr>94</ns3:hr>
          </ns3:TrackPointExtension>
        </extensions>
      </trkpt>
      <trkpt lat="-25.50874591805040836334228515625" lon="-48.98275139741599559783935546875">
        <ele>1270.800048828125</ele>
        <time>2025-08-17T12:16:51.000Z</time>
        <extensions>
          <ns3:TrackPointExtension>
            <ns3:hr>98</ns3:hr>
          </ns3:TrackPointExtension>
        </extensions>
      </trkpt>
      <trkpt lat="-25.5087693035602569580078125" lon="-48.98274972103536128997802734375">
        <ele>1271</ele>
        <time>2025-08-17T12:17:02.000Z</time>
        <extensions>
          <ns3:TrackPointExtension>
            <ns3:hr>101</ns3:hr>
          </ns3:TrackPointExtension>
        </extensions>
      </trkpt>
      <trkpt lat="-25.50878648646175861358642578125" lon="-48.9827127568423748016357421875">
        <ele>1271.800048828125</ele>
        <time>2025-08-17T12:17:07.000Z</time>
        <extensions>
          <ns3:TrackPointExtension>
            <ns3:hr>99</ns3:hr>
          </ns3:TrackPointExtension>
        </extensions>
      </trkpt>
      <trkpt lat="-25.508838705718517303466796875" lon="-48.98267713375389575958251953125">
        <ele>1272.800048828125</ele>
        <time>2025-08-17T12:17:13.000Z</time>
        <extensions>
          <ns3:TrackPointExtension>
            <ns3:hr>99</ns3:hr>
          </ns3:TrackPointExtension>
        </extensions>
      </trkpt>
      <trkpt lat="-25.50883225165307521820068359375" lon="-48.98266271688044071197509765625">
        <ele>1273</ele>
        <time>2025-08-17T12:17:16.000Z</time>
        <extensions>
          <ns3:TrackPointExtension>
            <ns3:hr>96</ns3:hr>
          </ns3:TrackPointExtension>
        </extensions>
      </trkpt>
      <trkpt lat="-25.50882638432085514068603515625" lon="-48.9826517365872859954833984375">
        <ele>1273.199951171875</ele>
        <time>2025-08-17T12:17:18.000Z</time>
        <extensions>
          <ns3:TrackPointExtension>
            <ns3:hr>99</ns3:hr>
          </ns3:TrackPointExtension>
        </extensions>
      </trkpt>
      <trkpt lat="-25.50882487557828426361083984375" lon="-48.98263581097126007080078125">
        <ele>1273.4000244140625</ele>
        <time>2025-08-17T12:17:21.000Z</time>
        <extensions>
          <ns3:TrackPointExtension>
            <ns3:hr>101</ns3:hr>
          </ns3:TrackPointExtension>
        </extensions>
      </trkpt>
      <trkpt lat="-25.5088194273412227630615234375" lon="-48.982620052993297576904296875">
        <ele>1273.4000244140625</ele>
        <time>2025-08-17T12:17:27.000Z</time>
        <extensions>
          <ns3:TrackPointExtension>
            <ns3:hr>100</ns3:hr>
          </ns3:TrackPointExtension>
        </extensions>
      </trkpt>
      <trkpt lat="-25.50883426330983638763427734375" lon="-48.98260303772985935211181640625">
        <ele>1273.4000244140625</ele>
        <time>2025-08-17T12:17:38.000Z</time>
        <extensions>
          <ns3:TrackPointExtension>
            <ns3:hr>101</ns3:hr>
          </ns3:TrackPointExtension>
        </extensions>
      </trkpt>
      <trkpt lat="-25.508835017681121826171875" lon="-48.982589207589626312255859375">
        <ele>1273.4000244140625</ele>
        <time>2025-08-17T12:17:42.000Z</time>
        <extensions>
          <ns3:TrackPointExtension>
            <ns3:hr>97</ns3:hr>
          </ns3:TrackPointExtension>
        </extensions>
      </trkpt>
      <trkpt lat="-25.5088368616998195648193359375" lon="-48.98258459754288196563720703125">
        <ele>1273.4000244140625</ele>
        <time>2025-08-17T12:17:44.000Z</time>
        <extensions>
          <ns3:TrackPointExtension>
            <ns3:hr>99</ns3:hr>
          </ns3:TrackPointExtension>
        </extensions>
      </trkpt>
      <trkpt lat="-25.508836023509502410888671875" lon="-48.98257420398294925689697265625">
        <ele>1273.4000244140625</ele>
        <time>2025-08-17T12:17:53.000Z</time>
        <extensions>
          <ns3:TrackPointExtension>
            <ns3:hr>98</ns3:hr>
          </ns3:TrackPointExtension>
        </extensions>
      </trkpt>
      <trkpt lat="-25.508836023509502410888671875" lon="-48.98257420398294925689697265625">
        <ele>1273.4000244140625</ele>
        <time>2025-08-17T12:18:00.000Z</time>
        <extensions>
          <ns3:TrackPointExtension>
            <ns3:hr>103</ns3:hr>
          </ns3:TrackPointExtension>
        </extensions>
      </trkpt>
      <trkpt lat="-25.508836023509502410888671875" lon="-48.98257420398294925689697265625">
        <ele>1273.4000244140625</ele>
        <time>2025-08-17T12:18:02.000Z</time>
        <extensions>
          <ns3:TrackPointExtension>
            <ns3:hr>107</ns3:hr>
          </ns3:TrackPointExtension>
        </extensions>
      </trkpt>
      <trkpt lat="-25.508836023509502410888671875" lon="-48.98257420398294925689697265625">
        <ele>1273.4000244140625</ele>
        <time>2025-08-17T12:18:04.000Z</time>
        <extensions>
          <ns3:TrackPointExtension>
            <ns3:hr>103</ns3:hr>
          </ns3:TrackPointExtension>
        </extensions>
      </trkpt>
      <trkpt lat="-25.5088358558714389801025390625" lon="-48.98257420398294925689697265625">
        <ele>1273.4000244140625</ele>
        <time>2025-08-17T12:18:05.000Z</time>
        <extensions>
          <ns3:TrackPointExtension>
            <ns3:hr>106</ns3:hr>
          </ns3:TrackPointExtension>
        </extensions>
      </trkpt>
      <trkpt lat="-25.5088338442146778106689453125" lon="-48.98257202468812465667724609375">
        <ele>1273.4000244140625</ele>
        <time>2025-08-17T12:18:15.000Z</time>
        <extensions>
          <ns3:TrackPointExtension>
            <ns3:hr>109</ns3:hr>
          </ns3:TrackPointExtension>
        </extensions>
      </trkpt>
      <trkpt lat="-25.50883376039564609527587890625" lon="-48.98257135413587093353271484375">
        <ele>1273.4000244140625</ele>
        <time>2025-08-17T12:18:17.000Z</time>
        <extensions>
          <ns3:TrackPointExtension>
            <ns3:hr>105</ns3:hr>
          </ns3:TrackPointExtension>
        </extensions>
      </trkpt>
      <trkpt lat="-25.50883300602436065673828125" lon="-48.98257118649780750274658203125">
        <ele>1273.4000244140625</ele>
        <time>2025-08-17T12:18:21.000Z</time>
        <extensions>
          <ns3:TrackPointExtension>
            <ns3:hr>101</ns3:hr>
          </ns3:TrackPointExtension>
        </extensions>
      </trkpt>
      <trkpt lat="-25.50883233547210693359375" lon="-48.9825702644884586334228515625">
        <ele>1273.4000244140625</ele>
        <time>2025-08-17T12:18:29.000Z</time>
        <extensions>
          <ns3:TrackPointExtension>
            <ns3:hr>98</ns3:hr>
          </ns3:TrackPointExtension>
        </extensions>
      </trkpt>
      <trkpt lat="-25.50883091054856777191162109375" lon="-48.982565738260746002197265625">
        <ele>1273.4000244140625</ele>
        <time>2025-08-17T12:18:44.000Z</time>
        <extensions>
          <ns3:TrackPointExtension>
            <ns3:hr>101</ns3:hr>
          </ns3:TrackPointExtension>
        </extensions>
      </trkpt>
      <trkpt lat="-25.50883158110082149505615234375" lon="-48.98256062529981136322021484375">
        <ele>1273.5999755859375</ele>
        <time>2025-08-17T12:18:52.000Z</time>
        <extensions>
          <ns3:TrackPointExtension>
            <ns3:hr>104</ns3:hr>
          </ns3:TrackPointExtension>
        </extensions>
      </trkpt>
      <trkpt lat="-25.50883124582469463348388671875" lon="-48.9825598709285259246826171875">
        <ele>1273.5999755859375</ele>
        <time>2025-08-17T12:18:56.000Z</time>
        <extensions>
          <ns3:TrackPointExtension>
            <ns3:hr>101</ns3:hr>
          </ns3:TrackPointExtension>
        </extensions>
      </trkpt>
      <trkpt lat="-25.5088309943675994873046875" lon="-48.9825581945478916168212890625">
        <ele>1273.5999755859375</ele>
        <time>2025-08-17T12:19:01.000Z</time>
        <extensions>
          <ns3:TrackPointExtension>
            <ns3:hr>98</ns3:hr>
          </ns3:TrackPointExtension>
        </extensions>
      </trkpt>
      <trkpt lat="-25.5088308267295360565185546875" lon="-48.98255559615790843963623046875">
        <ele>1273.5999755859375</ele>
        <time>2025-08-17T12:19:07.000Z</time>
        <extensions>
          <ns3:TrackPointExtension>
            <ns3:hr>102</ns3:hr>
          </ns3:TrackPointExtension>
        </extensions>
      </trkpt>
      <trkpt lat="-25.50883057527244091033935546875" lon="-48.98255559615790843963623046875">
        <ele>1273.5999755859375</ele>
        <time>2025-08-17T12:19:10.000Z</time>
        <extensions>
          <ns3:TrackPointExtension>
            <ns3:hr>99</ns3:hr>
          </ns3:TrackPointExtension>
        </extensions>
      </trkpt>
      <trkpt lat="-25.50882990472018718719482421875" lon="-48.9825598709285259246826171875">
        <ele>1273.4000244140625</ele>
        <time>2025-08-17T12:19:30.000Z</time>
        <extensions>
          <ns3:TrackPointExtension>
            <ns3:hr>94</ns3:hr>
          </ns3:TrackPointExtension>
        </extensions>
      </trkpt>
      <trkpt lat="-25.5088318325579166412353515625" lon="-48.9825608767569065093994140625">
        <ele>1273.5999755859375</ele>
        <time>2025-08-17T12:19:38.000Z</time>
        <extensions>
          <ns3:TrackPointExtension>
            <ns3:hr>97</ns3:hr>
          </ns3:TrackPointExtension>
        </extensions>
      </trkpt>
      <trkpt lat="-25.50883308984339237213134765625" lon="-48.98256096057593822479248046875">
        <ele>1273.5999755859375</ele>
        <time>2025-08-17T12:19:40.000Z</time>
        <extensions>
          <ns3:TrackPointExtension>
            <ns3:hr>94</ns3:hr>
          </ns3:TrackPointExtension>
        </extensions>
      </trkpt>
      <trkpt lat="-25.5088371969759464263916015625" lon="-48.9825615473091602325439453125">
        <ele>1273.5999755859375</ele>
        <time>2025-08-17T12:19:50.000Z</time>
        <extensions>
          <ns3:TrackPointExtension>
            <ns3:hr>97</ns3:hr>
          </ns3:TrackPointExtension>
        </extensions>
      </trkpt>
      <trkpt lat="-25.50883837044239044189453125" lon="-48.9825635589659214019775390625">
        <ele>1273.5999755859375</ele>
        <time>2025-08-17T12:20:01.000Z</time>
        <extensions>
          <ns3:TrackPointExtension>
            <ns3:hr>94</ns3:hr>
          </ns3:TrackPointExtension>
        </extensions>
      </trkpt>
      <trkpt lat="-25.5088335089385509490966796875" lon="-48.98257051594555377960205078125">
        <ele>1273.4000244140625</ele>
        <time>2025-08-17T12:20:24.000Z</time>
        <extensions>
          <ns3:TrackPointExtension>
            <ns3:hr>91</ns3:hr>
          </ns3:TrackPointExtension>
        </extensions>
      </trkpt>
      <trkpt lat="-25.50883208401501178741455078125" lon="-48.98257076740264892578125">
        <ele>1273.4000244140625</ele>
        <time>2025-08-17T12:20:26.000Z</time>
        <extensions>
          <ns3:TrackPointExtension>
            <ns3:hr>94</ns3:hr>
          </ns3:TrackPointExtension>
        </extensions>
      </trkpt>
      <trkpt lat="-25.5088308267295360565185546875" lon="-48.98257101885974407196044921875">
        <ele>1273.4000244140625</ele>
        <time>2025-08-17T12:20:28.000Z</time>
        <extensions>
          <ns3:TrackPointExtension>
            <ns3:hr>91</ns3:hr>
          </ns3:TrackPointExtension>
        </extensions>
      </trkpt>
      <trkpt lat="-25.5088284797966480255126953125" lon="-48.98257202468812465667724609375">
        <ele>1273.4000244140625</ele>
        <time>2025-08-17T12:20:39.000Z</time>
        <extensions>
          <ns3:TrackPointExtension>
            <ns3:hr>88</ns3:hr>
          </ns3:TrackPointExtension>
        </extensions>
      </trkpt>
      <trkpt lat="-25.50882839597761631011962890625" lon="-48.9825721085071563720703125">
        <ele>1273.4000244140625</ele>
        <time>2025-08-17T12:20:40.000Z</time>
        <extensions>
          <ns3:TrackPointExtension>
            <ns3:hr>91</ns3:hr>
          </ns3:TrackPointExtension>
        </extensions>
      </trkpt>
      <trkpt lat="-25.50882839597761631011962890625" lon="-48.9825739525258541107177734375">
        <ele>1273.4000244140625</ele>
        <time>2025-08-17T12:21:01.000Z</time>
        <extensions>
          <ns3:TrackPointExtension>
            <ns3:hr>94</ns3:hr>
          </ns3:TrackPointExtension>
        </extensions>
      </trkpt>
      <trkpt lat="-25.50883023999631404876708984375" lon="-48.98257403634488582611083984375">
        <ele>1273.4000244140625</ele>
        <time>2025-08-17T12:21:20.000Z</time>
        <extensions>
          <ns3:TrackPointExtension>
            <ns3:hr>91</ns3:hr>
          </ns3:TrackPointExtension>
        </extensions>
      </trkpt>
      <trkpt lat="-25.508831329643726348876953125" lon="-48.98257386870682239532470703125">
        <ele>1273.4000244140625</ele>
        <time>2025-08-17T12:21:30.000Z</time>
        <extensions>
          <ns3:TrackPointExtension>
            <ns3:hr>95</ns3:hr>
          </ns3:TrackPointExtension>
        </extensions>
      </trkpt>
      <trkpt lat="-25.5088318325579166412353515625" lon="-48.982573784887790679931640625">
        <ele>1273.4000244140625</ele>
        <time>2025-08-17T12:21:40.000Z</time>
        <extensions>
          <ns3:TrackPointExtension>
            <ns3:hr>91</ns3:hr>
          </ns3:TrackPointExtension>
        </extensions>
      </trkpt>
      <trkpt lat="-25.50883191637694835662841796875" lon="-48.98257370106875896453857421875">
        <ele>1273.4000244140625</ele>
        <time>2025-08-17T12:21:42.000Z</time>
        <extensions>
          <ns3:TrackPointExtension>
            <ns3:hr>94</ns3:hr>
          </ns3:TrackPointExtension>
        </extensions>
      </trkpt>
      <trkpt lat="-25.50883241929113864898681640625" lon="-48.9825736172497272491455078125">
        <ele>1273.4000244140625</ele>
        <time>2025-08-17T12:21:49.000Z</time>
        <extensions>
          <ns3:TrackPointExtension>
            <ns3:hr>97</ns3:hr>
          </ns3:TrackPointExtension>
        </extensions>
      </trkpt>
      <trkpt lat="-25.50883308984339237213134765625" lon="-48.9825732819736003875732421875">
        <ele>1273.4000244140625</ele>
        <time>2025-08-17T12:21:58.000Z</time>
        <extensions>
          <ns3:TrackPointExtension>
            <ns3:hr>94</ns3:hr>
          </ns3:TrackPointExtension>
        </extensions>
      </trkpt>
      <trkpt lat="-25.5088331736624240875244140625" lon="-48.98257336579263210296630859375">
        <ele>1273.4000244140625</ele>
        <time>2025-08-17T12:22:00.000Z</time>
        <extensions>
          <ns3:TrackPointExtension>
            <ns3:hr>98</ns3:hr>
          </ns3:TrackPointExtension>
        </extensions>
      </trkpt>
      <trkpt lat="-25.5088338442146778106689453125" lon="-48.98257286287844181060791015625">
        <ele>1273.4000244140625</ele>
        <time>2025-08-17T12:22:12.000Z</time>
        <extensions>
          <ns3:TrackPointExtension>
            <ns3:hr>95</ns3:hr>
          </ns3:TrackPointExtension>
        </extensions>
      </trkpt>
      <trkpt lat="-25.5088345147669315338134765625" lon="-48.98257235996425151824951171875">
        <ele>1273.4000244140625</ele>
        <time>2025-08-17T12:22:23.000Z</time>
        <extensions>
          <ns3:TrackPointExtension>
            <ns3:hr>92</ns3:hr>
          </ns3:TrackPointExtension>
        </extensions>
      </trkpt>
      <trkpt lat="-25.50883493386209011077880859375" lon="-48.9825722761452198028564453125">
        <ele>1273.4000244140625</ele>
        <time>2025-08-17T12:22:28.000Z</time>
        <extensions>
          <ns3:TrackPointExtension>
            <ns3:hr>95</ns3:hr>
          </ns3:TrackPointExtension>
        </extensions>
      </trkpt>
      <trkpt lat="-25.5088358558714389801025390625" lon="-48.98257219232618808746337890625">
        <ele>1273.4000244140625</ele>
        <time>2025-08-17T12:22:44.000Z</time>
        <extensions>
          <ns3:TrackPointExtension>
            <ns3:hr>99</ns3:hr>
          </ns3:TrackPointExtension>
        </extensions>
      </trkpt>
      <trkpt lat="-25.50883644260466098785400390625" lon="-48.9825722761452198028564453125">
        <ele>1273.4000244140625</ele>
        <time>2025-08-17T12:22:50.000Z</time>
        <extensions>
          <ns3:TrackPointExtension>
            <ns3:hr>102</ns3:hr>
          </ns3:TrackPointExtension>
        </extensions>
      </trkpt>
      <trkpt lat="-25.508840717375278472900390625" lon="-48.982571102678775787353515625">
        <ele>1273.5999755859375</ele>
        <time>2025-08-17T12:24:11.000Z</time>
        <extensions>
          <ns3:TrackPointExtension>
            <ns3:hr>99</ns3:hr>
          </ns3:TrackPointExtension>
        </extensions>
      </trkpt>
      <trkpt lat="-25.50884163938462734222412109375" lon="-48.98257118649780750274658203125">
        <ele>1273.5999755859375</ele>
        <time>2025-08-17T12:24:36.000Z</time>
        <extensions>
          <ns3:TrackPointExtension>
            <ns3:hr>96</ns3:hr>
          </ns3:TrackPointExtension>
        </extensions>
      </trkpt>
      <trkpt lat="-25.50884197466075420379638671875" lon="-48.98257118649780750274658203125">
        <ele>1273.5999755859375</ele>
        <time>2025-08-17T12:24:42.000Z</time>
        <extensions>
          <ns3:TrackPointExtension>
            <ns3:hr>100</ns3:hr>
          </ns3:TrackPointExtension>
        </extensions>
      </trkpt>
      <trkpt lat="-25.50884214229881763458251953125" lon="-48.982571102678775787353515625">
        <ele>1273.5999755859375</ele>
        <time>2025-08-17T12:24:43.000Z</time>
        <extensions>
          <ns3:TrackPointExtension>
            <ns3:hr>97</ns3:hr>
          </ns3:TrackPointExtension>
        </extensions>
      </trkpt>
      <trkpt lat="-25.50884230993688106536865234375" lon="-48.98257101885974407196044921875">
        <ele>1273.5999755859375</ele>
        <time>2025-08-17T12:24:50.000Z</time>
        <extensions>
          <ns3:TrackPointExtension>
            <ns3:hr>94</ns3:hr>
          </ns3:TrackPointExtension>
        </extensions>
      </trkpt>
      <trkpt lat="-25.50884264521300792694091796875" lon="-48.9825709350407123565673828125">
        <ele>1273.5999755859375</ele>
        <time>2025-08-17T12:24:55.000Z</time>
        <extensions>
          <ns3:TrackPointExtension>
            <ns3:hr>91</ns3:hr>
          </ns3:TrackPointExtension>
        </extensions>
      </trkpt>
      <trkpt lat="-25.50884306430816650390625" lon="-48.98257085122168064117431640625">
        <ele>1273.5999755859375</ele>
        <time>2025-08-17T12:25:00.000Z</time>
        <extensions>
          <ns3:TrackPointExtension>
            <ns3:hr>88</ns3:hr>
          </ns3:TrackPointExtension>
        </extensions>
      </trkpt>
      <trkpt lat="-25.5088445730507373809814453125" lon="-48.98257101885974407196044921875">
        <ele>1273.5999755859375</ele>
        <time>2025-08-17T12:25:25.000Z</time>
        <extensions>
          <ns3:TrackPointExtension>
            <ns3:hr>91</ns3:hr>
          </ns3:TrackPointExtension>
        </extensions>
      </trkpt>
      <trkpt lat="-25.50884507596492767333984375" lon="-48.9825709350407123565673828125">
        <ele>1273.5999755859375</ele>
        <time>2025-08-17T12:25:32.000Z</time>
        <extensions>
          <ns3:TrackPointExtension>
            <ns3:hr>94</ns3:hr>
          </ns3:TrackPointExtension>
        </extensions>
      </trkpt>
      <trkpt lat="-25.508846081793308258056640625" lon="-48.9825705997645854949951171875">
        <ele>1273.800048828125</ele>
        <time>2025-08-17T12:25:56.000Z</time>
        <extensions>
          <ns3:TrackPointExtension>
            <ns3:hr>91</ns3:hr>
          </ns3:TrackPointExtension>
        </extensions>
      </trkpt>
      <trkpt lat="-25.50884599797427654266357421875" lon="-48.9825705997645854949951171875">
        <ele>1273.800048828125</ele>
        <time>2025-08-17T12:26:02.000Z</time>
        <extensions>
          <ns3:TrackPointExtension>
            <ns3:hr>94</ns3:hr>
          </ns3:TrackPointExtension>
        </extensions>
      </trkpt>
      <trkpt lat="-25.508846081793308258056640625" lon="-48.98257068358361721038818359375">
        <ele>1273.800048828125</ele>
        <time>2025-08-17T12:26:24.000Z</time>
        <extensions>
          <ns3:TrackPointExtension>
            <ns3:hr>97</ns3:hr>
          </ns3:TrackPointExtension>
        </extensions>
      </trkpt>
      <trkpt lat="-25.50884784199297428131103515625" lon="-48.98257085122168064117431640625">
        <ele>1273.800048828125</ele>
        <time>2025-08-17T12:26:59.000Z</time>
        <extensions>
          <ns3:TrackPointExtension>
            <ns3:hr>94</ns3:hr>
          </ns3:TrackPointExtension>
        </extensions>
      </trkpt>
      <trkpt lat="-25.50884784199297428131103515625" lon="-48.9825709350407123565673828125">
        <ele>1273.800048828125</ele>
        <time>2025-08-17T12:27:01.000Z</time>
        <extensions>
          <ns3:TrackPointExtension>
            <ns3:hr>97</ns3:hr>
          </ns3:TrackPointExtension>
        </extensions>
      </trkpt>
      <trkpt lat="-25.5088479258120059967041015625" lon="-48.9825709350407123565673828125">
        <ele>1273.800048828125</ele>
        <time>2025-08-17T12:27:04.000Z</time>
        <extensions>
          <ns3:TrackPointExtension>
            <ns3:hr>94</ns3:hr>
          </ns3:TrackPointExtension>
        </extensions>
      </trkpt>
      <trkpt lat="-25.5088496021926403045654296875" lon="-48.98257051594555377960205078125">
        <ele>1273.800048828125</ele>
        <time>2025-08-17T12:27:52.000Z</time>
        <extensions>
          <ns3:TrackPointExtension>
            <ns3:hr>97</ns3:hr>
          </ns3:TrackPointExtension>
        </extensions>
      </trkpt>
      <trkpt lat="-25.5088496021926403045654296875" lon="-48.98257034830749034881591796875">
        <ele>1273.800048828125</ele>
        <time>2025-08-17T12:27:54.000Z</time>
        <extensions>
          <ns3:TrackPointExtension>
            <ns3:hr>101</ns3:hr>
          </ns3:TrackPointExtension>
        </extensions>
      </trkpt>
      <trkpt lat="-25.50884985364973545074462890625" lon="-48.98257018066942691802978515625">
        <ele>1273.800048828125</ele>
        <time>2025-08-17T12:28:02.000Z</time>
        <extensions>
          <ns3:TrackPointExtension>
            <ns3:hr>104</ns3:hr>
          </ns3:TrackPointExtension>
        </extensions>
      </trkpt>
      <trkpt lat="-25.50885002128779888153076171875" lon="-48.9825702644884586334228515625">
        <ele>1273.800048828125</ele>
        <time>2025-08-17T12:28:08.000Z</time>
        <extensions>
          <ns3:TrackPointExtension>
            <ns3:hr>101</ns3:hr>
          </ns3:TrackPointExtension>
        </extensions>
      </trkpt>
      <trkpt lat="-25.50885018892586231231689453125" lon="-48.9825702644884586334228515625">
        <ele>1273.800048828125</ele>
        <time>2025-08-17T12:28:20.000Z</time>
        <extensions>
          <ns3:TrackPointExtension>
            <ns3:hr>97</ns3:hr>
          </ns3:TrackPointExtension>
        </extensions>
      </trkpt>
      <trkpt lat="-25.5088502727448940277099609375" lon="-48.98257034830749034881591796875">
        <ele>1273.800048828125</ele>
        <time>2025-08-17T12:28:25.000Z</time>
        <extensions>
          <ns3:TrackPointExtension>
            <ns3:hr>94</ns3:hr>
          </ns3:TrackPointExtension>
        </extensions>
      </trkpt>
      <trkpt lat="-25.50885018892586231231689453125" lon="-48.9825702644884586334228515625">
        <ele>1273.800048828125</ele>
        <time>2025-08-17T12:28:32.000Z</time>
        <extensions>
          <ns3:TrackPointExtension>
            <ns3:hr>98</ns3:hr>
          </ns3:TrackPointExtension>
        </extensions>
      </trkpt>
      <trkpt lat="-25.50885018892586231231689453125" lon="-48.9825702644884586334228515625">
        <ele>1273.800048828125</ele>
        <time>2025-08-17T12:28:33.000Z</time>
        <extensions>
          <ns3:TrackPointExtension>
            <ns3:hr>94</ns3:hr>
          </ns3:TrackPointExtension>
        </extensions>
      </trkpt>
      <trkpt lat="-25.50885052420198917388916015625" lon="-48.9825702644884586334228515625">
        <ele>1273.800048828125</ele>
        <time>2025-08-17T12:28:58.000Z</time>
        <extensions>
          <ns3:TrackPointExtension>
            <ns3:hr>91</ns3:hr>
          </ns3:TrackPointExtension>
        </extensions>
      </trkpt>
      <trkpt lat="-25.50885085947811603546142578125" lon="-48.98257001303136348724365234375">
        <ele>1273.800048828125</ele>
        <time>2025-08-17T12:29:15.000Z</time>
        <extensions>
          <ns3:TrackPointExtension>
            <ns3:hr>88</ns3:hr>
          </ns3:TrackPointExtension>
        </extensions>
      </trkpt>
      <trkpt lat="-25.5088509432971477508544921875" lon="-48.98257001303136348724365234375">
        <ele>1273.800048828125</ele>
        <time>2025-08-17T12:29:19.000Z</time>
        <extensions>
          <ns3:TrackPointExtension>
            <ns3:hr>91</ns3:hr>
          </ns3:TrackPointExtension>
        </extensions>
      </trkpt>
      <trkpt lat="-25.5088519491255283355712890625" lon="-48.982569761574268341064453125">
        <ele>1273.800048828125</ele>
        <time>2025-08-17T12:29:45.000Z</time>
        <extensions>
          <ns3:TrackPointExtension>
            <ns3:hr>94</ns3:hr>
          </ns3:TrackPointExtension>
        </extensions>
      </trkpt>
      <trkpt lat="-25.508852116763591766357421875" lon="-48.98257001303136348724365234375">
        <ele>1273.800048828125</ele>
        <time>2025-08-17T12:30:22.000Z</time>
        <extensions>
          <ns3:TrackPointExtension>
            <ns3:hr>91</ns3:hr>
          </ns3:TrackPointExtension>
        </extensions>
      </trkpt>
      <trkpt lat="-25.50885203294456005096435546875" lon="-48.98257001303136348724365234375">
        <ele>1273.800048828125</ele>
        <time>2025-08-17T12:30:24.000Z</time>
        <extensions>
          <ns3:TrackPointExtension>
            <ns3:hr>88</ns3:hr>
          </ns3:TrackPointExtension>
        </extensions>
      </trkpt>
      <trkpt lat="-25.50885203294456005096435546875" lon="-48.98257001303136348724365234375">
        <ele>1273.800048828125</ele>
        <time>2025-08-17T12:30:28.000Z</time>
        <extensions>
          <ns3:TrackPointExtension>
            <ns3:hr>85</ns3:hr>
          </ns3:TrackPointExtension>
        </extensions>
      </trkpt>
      <trkpt lat="-25.508852116763591766357421875" lon="-48.98257009685039520263671875">
        <ele>1273.800048828125</ele>
        <time>2025-08-17T12:30:32.000Z</time>
        <extensions>
          <ns3:TrackPointExtension>
            <ns3:hr>82</ns3:hr>
          </ns3:TrackPointExtension>
        </extensions>
      </trkpt>
      <trkpt lat="-25.50885220058262348175048828125" lon="-48.98257018066942691802978515625">
        <ele>1273.800048828125</ele>
        <time>2025-08-17T12:30:42.000Z</time>
        <extensions>
          <ns3:TrackPointExtension>
            <ns3:hr>79</ns3:hr>
          </ns3:TrackPointExtension>
        </extensions>
      </trkpt>
      <trkpt lat="-25.50885236822068691253662109375" lon="-48.98257009685039520263671875">
        <ele>1273.800048828125</ele>
        <time>2025-08-17T12:31:01.000Z</time>
        <extensions>
          <ns3:TrackPointExtension>
            <ns3:hr>83</ns3:hr>
          </ns3:TrackPointExtension>
        </extensions>
      </trkpt>
      <trkpt lat="-25.5088522844016551971435546875" lon="-48.98257018066942691802978515625">
        <ele>1273.800048828125</ele>
        <time>2025-08-17T12:31:03.000Z</time>
        <extensions>
          <ns3:TrackPointExtension>
            <ns3:hr>86</ns3:hr>
          </ns3:TrackPointExtension>
        </extensions>
      </trkpt>
      <trkpt lat="-25.5088522844016551971435546875" lon="-48.98257018066942691802978515625">
        <ele>1273.800048828125</ele>
        <time>2025-08-17T12:31:05.000Z</time>
        <extensions>
          <ns3:TrackPointExtension>
            <ns3:hr>90</ns3:hr>
          </ns3:TrackPointExtension>
        </extensions>
      </trkpt>
      <trkpt lat="-25.5088522844016551971435546875" lon="-48.98257018066942691802978515625">
        <ele>1273.800048828125</ele>
        <time>2025-08-17T12:31:11.000Z</time>
        <extensions>
          <ns3:TrackPointExtension>
            <ns3:hr>93</ns3:hr>
          </ns3:TrackPointExtension>
        </extensions>
      </trkpt>
      <trkpt lat="-25.5088522844016551971435546875" lon="-48.9825702644884586334228515625">
        <ele>1273.800048828125</ele>
        <time>2025-08-17T12:31:26.000Z</time>
        <extensions>
          <ns3:TrackPointExtension>
            <ns3:hr>96</ns3:hr>
          </ns3:TrackPointExtension>
        </extensions>
      </trkpt>
      <trkpt lat="-25.5088526196777820587158203125" lon="-48.98257018066942691802978515625">
        <ele>1273.800048828125</ele>
        <time>2025-08-17T12:32:13.000Z</time>
        <extensions>
          <ns3:TrackPointExtension>
            <ns3:hr>93</ns3:hr>
          </ns3:TrackPointExtension>
        </extensions>
      </trkpt>
      <trkpt lat="-25.50885270349681377410888671875" lon="-48.98257018066942691802978515625">
        <ele>1273.800048828125</ele>
        <time>2025-08-17T12:32:21.000Z</time>
        <extensions>
          <ns3:TrackPointExtension>
            <ns3:hr>90</ns3:hr>
          </ns3:TrackPointExtension>
        </extensions>
      </trkpt>
      <trkpt lat="-25.50885270349681377410888671875" lon="-48.98257018066942691802978515625">
        <ele>1273.800048828125</ele>
        <time>2025-08-17T12:32:37.000Z</time>
        <extensions>
          <ns3:TrackPointExtension>
            <ns3:hr>93</ns3:hr>
          </ns3:TrackPointExtension>
        </extensions>
      </trkpt>
      <trkpt lat="-25.508852787315845489501953125" lon="-48.98257018066942691802978515625">
        <ele>1273.800048828125</ele>
        <time>2025-08-17T12:32:39.000Z</time>
        <extensions>
          <ns3:TrackPointExtension>
            <ns3:hr>90</ns3:hr>
          </ns3:TrackPointExtension>
        </extensions>
      </trkpt>
      <trkpt lat="-25.50885303877294063568115234375" lon="-48.98257001303136348724365234375">
        <ele>1273.800048828125</ele>
        <time>2025-08-17T12:32:47.000Z</time>
        <extensions>
          <ns3:TrackPointExtension>
            <ns3:hr>87</ns3:hr>
          </ns3:TrackPointExtension>
        </extensions>
      </trkpt>
      <trkpt lat="-25.50885312259197235107421875" lon="-48.9825699292123317718505859375">
        <ele>1273.800048828125</ele>
        <time>2025-08-17T12:32:57.000Z</time>
        <extensions>
          <ns3:TrackPointExtension>
            <ns3:hr>84</ns3:hr>
          </ns3:TrackPointExtension>
        </extensions>
      </trkpt>
      <trkpt lat="-25.508853457868099212646484375" lon="-48.9825699292123317718505859375">
        <ele>1273.800048828125</ele>
        <time>2025-08-17T12:33:11.000Z</time>
        <extensions>
          <ns3:TrackPointExtension>
            <ns3:hr>87</ns3:hr>
          </ns3:TrackPointExtension>
        </extensions>
      </trkpt>
      <trkpt lat="-25.50885337404906749725341796875" lon="-48.982569761574268341064453125">
        <ele>1273.800048828125</ele>
        <time>2025-08-17T12:33:17.000Z</time>
        <extensions>
          <ns3:TrackPointExtension>
            <ns3:hr>91</ns3:hr>
          </ns3:TrackPointExtension>
        </extensions>
      </trkpt>
      <trkpt lat="-25.50885354168713092803955078125" lon="-48.98256984539330005645751953125">
        <ele>1273.800048828125</ele>
        <time>2025-08-17T12:33:23.000Z</time>
        <extensions>
          <ns3:TrackPointExtension>
            <ns3:hr>88</ns3:hr>
          </ns3:TrackPointExtension>
        </extensions>
      </trkpt>
      <trkpt lat="-25.50885354168713092803955078125" lon="-48.9825699292123317718505859375">
        <ele>1273.800048828125</ele>
        <time>2025-08-17T12:33:25.000Z</time>
        <extensions>
          <ns3:TrackPointExtension>
            <ns3:hr>92</ns3:hr>
          </ns3:TrackPointExtension>
        </extensions>
      </trkpt>
      <trkpt lat="-25.5088536255061626434326171875" lon="-48.98257034830749034881591796875">
        <ele>1273.800048828125</ele>
        <time>2025-08-17T12:33:42.000Z</time>
        <extensions>
          <ns3:TrackPointExtension>
            <ns3:hr>95</ns3:hr>
          </ns3:TrackPointExtension>
        </extensions>
      </trkpt>
      <trkpt lat="-25.50885379314422607421875" lon="-48.98257051594555377960205078125">
        <ele>1273.800048828125</ele>
        <time>2025-08-17T12:33:58.000Z</time>
        <extensions>
          <ns3:TrackPointExtension>
            <ns3:hr>92</ns3:hr>
          </ns3:TrackPointExtension>
        </extensions>
      </trkpt>
      <trkpt lat="-25.50885387696325778961181640625" lon="-48.98257068358361721038818359375">
        <ele>1273.800048828125</ele>
        <time>2025-08-17T12:34:11.000Z</time>
        <extensions>
          <ns3:TrackPointExtension>
            <ns3:hr>89</ns3:hr>
          </ns3:TrackPointExtension>
        </extensions>
      </trkpt>
      <trkpt lat="-25.5088539607822895050048828125" lon="-48.98257068358361721038818359375">
        <ele>1273.800048828125</ele>
        <time>2025-08-17T12:34:21.000Z</time>
        <extensions>
          <ns3:TrackPointExtension>
            <ns3:hr>92</ns3:hr>
          </ns3:TrackPointExtension>
        </extensions>
      </trkpt>
      <trkpt lat="-25.50885404460132122039794921875" lon="-48.98257068358361721038818359375">
        <ele>1273.800048828125</ele>
        <time>2025-08-17T12:34:31.000Z</time>
        <extensions>
          <ns3:TrackPointExtension>
            <ns3:hr>95</ns3:hr>
          </ns3:TrackPointExtension>
        </extensions>
      </trkpt>
      <trkpt lat="-25.508854128420352935791015625" lon="-48.98257068358361721038818359375">
        <ele>1273.800048828125</ele>
        <time>2025-08-17T12:34:34.000Z</time>
        <extensions>
          <ns3:TrackPointExtension>
            <ns3:hr>92</ns3:hr>
          </ns3:TrackPointExtension>
        </extensions>
      </trkpt>
      <trkpt lat="-25.50885421223938465118408203125" lon="-48.98257076740264892578125">
        <ele>1273.800048828125</ele>
        <time>2025-08-17T12:34:39.000Z</time>
        <extensions>
          <ns3:TrackPointExtension>
            <ns3:hr>95</ns3:hr>
          </ns3:TrackPointExtension>
        </extensions>
      </trkpt>
      <trkpt lat="-25.5088542960584163665771484375" lon="-48.98257085122168064117431640625">
        <ele>1273.800048828125</ele>
        <time>2025-08-17T12:34:48.000Z</time>
        <extensions>
          <ns3:TrackPointExtension>
            <ns3:hr>98</ns3:hr>
          </ns3:TrackPointExtension>
        </extensions>
      </trkpt>
      <trkpt lat="-25.50885437987744808197021484375" lon="-48.98257076740264892578125">
        <ele>1273.800048828125</ele>
        <time>2025-08-17T12:34:53.000Z</time>
        <extensions>
          <ns3:TrackPointExtension>
            <ns3:hr>95</ns3:hr>
          </ns3:TrackPointExtension>
        </extensions>
      </trkpt>
      <trkpt lat="-25.50885437987744808197021484375" lon="-48.9825709350407123565673828125">
        <ele>1273.800048828125</ele>
        <time>2025-08-17T12:35:01.000Z</time>
        <extensions>
          <ns3:TrackPointExtension>
            <ns3:hr>92</ns3:hr>
          </ns3:TrackPointExtension>
        </extensions>
      </trkpt>
      <trkpt lat="-25.50885471515357494354248046875" lon="-48.9825709350407123565673828125">
        <ele>1273.800048828125</ele>
        <time>2025-08-17T12:35:21.000Z</time>
        <extensions>
          <ns3:TrackPointExtension>
            <ns3:hr>89</ns3:hr>
          </ns3:TrackPointExtension>
        </extensions>
      </trkpt>
      <trkpt lat="-25.508854798972606658935546875" lon="-48.98257118649780750274658203125">
        <ele>1273.800048828125</ele>
        <time>2025-08-17T12:35:35.000Z</time>
        <extensions>
          <ns3:TrackPointExtension>
            <ns3:hr>86</ns3:hr>
          </ns3:TrackPointExtension>
        </extensions>
      </trkpt>
      <trkpt lat="-25.508854798972606658935546875" lon="-48.9825712703168392181396484375">
        <ele>1273.800048828125</ele>
        <time>2025-08-17T12:35:36.000Z</time>
        <extensions>
          <ns3:TrackPointExtension>
            <ns3:hr>89</ns3:hr>
          </ns3:TrackPointExtension>
        </extensions>
      </trkpt>
      <trkpt lat="-25.50885521806776523590087890625" lon="-48.9825712703168392181396484375">
        <ele>1273.800048828125</ele>
        <time>2025-08-17T12:36:01.000Z</time>
        <extensions>
          <ns3:TrackPointExtension>
            <ns3:hr>86</ns3:hr>
          </ns3:TrackPointExtension>
        </extensions>
      </trkpt>
      <trkpt lat="-25.50885521806776523590087890625" lon="-48.98257135413587093353271484375">
        <ele>1273.800048828125</ele>
        <time>2025-08-17T12:36:05.000Z</time>
        <extensions>
          <ns3:TrackPointExtension>
            <ns3:hr>89</ns3:hr>
          </ns3:TrackPointExtension>
        </extensions>
      </trkpt>
      <trkpt lat="-25.5088553018867969512939453125" lon="-48.98257143795490264892578125">
        <ele>1273.800048828125</ele>
        <time>2025-08-17T12:36:19.000Z</time>
        <extensions>
          <ns3:TrackPointExtension>
            <ns3:hr>86</ns3:hr>
          </ns3:TrackPointExtension>
        </extensions>
      </trkpt>
      <trkpt lat="-25.5088553018867969512939453125" lon="-48.98257152177393436431884765625">
        <ele>1273.800048828125</ele>
        <time>2025-08-17T12:36:24.000Z</time>
        <extensions>
          <ns3:TrackPointExtension>
            <ns3:hr>89</ns3:hr>
          </ns3:TrackPointExtension>
        </extensions>
      </trkpt>
      <trkpt lat="-25.50885538570582866668701171875" lon="-48.98257152177393436431884765625">
        <ele>1273.800048828125</ele>
        <time>2025-08-17T12:36:32.000Z</time>
        <extensions>
          <ns3:TrackPointExtension>
            <ns3:hr>93</ns3:hr>
          </ns3:TrackPointExtension>
        </extensions>
      </trkpt>
      <trkpt lat="-25.508855469524860382080078125" lon="-48.98257143795490264892578125">
        <ele>1274</ele>
        <time>2025-08-17T12:36:52.000Z</time>
        <extensions>
          <ns3:TrackPointExtension>
            <ns3:hr>90</ns3:hr>
          </ns3:TrackPointExtension>
        </extensions>
      </trkpt>
      <trkpt lat="-25.50885555334389209747314453125" lon="-48.98257143795490264892578125">
        <ele>1274</ele>
        <time>2025-08-17T12:36:59.000Z</time>
        <extensions>
          <ns3:TrackPointExtension>
            <ns3:hr>93</ns3:hr>
          </ns3:TrackPointExtension>
        </extensions>
      </trkpt>
      <trkpt lat="-25.5088556371629238128662109375" lon="-48.98257143795490264892578125">
        <ele>1274</ele>
        <time>2025-08-17T12:37:06.000Z</time>
        <extensions>
          <ns3:TrackPointExtension>
            <ns3:hr>90</ns3:hr>
          </ns3:TrackPointExtension>
        </extensions>
      </trkpt>
      <trkpt lat="-25.50885588862001895904541015625" lon="-48.98257135413587093353271484375">
        <ele>1274</ele>
        <time>2025-08-17T12:37:16.000Z</time>
        <extensions>
          <ns3:TrackPointExtension>
            <ns3:hr>93</ns3:hr>
          </ns3:TrackPointExtension>
        </extensions>
      </trkpt>
      <trkpt lat="-25.5088559724390506744384765625" lon="-48.98257143795490264892578125">
        <ele>1274</ele>
        <time>2025-08-17T12:37:28.000Z</time>
        <extensions>
          <ns3:TrackPointExtension>
            <ns3:hr>90</ns3:hr>
          </ns3:TrackPointExtension>
        </extensions>
      </trkpt>
      <trkpt lat="-25.5088559724390506744384765625" lon="-48.98257143795490264892578125">
        <ele>1274</ele>
        <time>2025-08-17T12:37:29.000Z</time>
        <extensions>
          <ns3:TrackPointExtension>
            <ns3:hr>93</ns3:hr>
          </ns3:TrackPointExtension>
        </extensions>
      </trkpt>
      <trkpt lat="-25.508856140077114105224609375" lon="-48.98257143795490264892578125">
        <ele>1274</ele>
        <time>2025-08-17T12:37:40.000Z</time>
        <extensions>
          <ns3:TrackPointExtension>
            <ns3:hr>90</ns3:hr>
          </ns3:TrackPointExtension>
        </extensions>
      </trkpt>
      <trkpt lat="-25.50885622389614582061767578125" lon="-48.98257152177393436431884765625">
        <ele>1274</ele>
        <time>2025-08-17T12:38:03.000Z</time>
        <extensions>
          <ns3:TrackPointExtension>
            <ns3:hr>93</ns3:hr>
          </ns3:TrackPointExtension>
        </extensions>
      </trkpt>
      <trkpt lat="-25.50885622389614582061767578125" lon="-48.98257143795490264892578125">
        <ele>1274</ele>
        <time>2025-08-17T12:38:08.000Z</time>
        <extensions>
          <ns3:TrackPointExtension>
            <ns3:hr>96</ns3:hr>
          </ns3:TrackPointExtension>
        </extensions>
      </trkpt>
      <trkpt lat="-25.508856475353240966796875" lon="-48.9825716055929660797119140625">
        <ele>1274</ele>
        <time>2025-08-17T12:38:20.000Z</time>
        <extensions>
          <ns3:TrackPointExtension>
            <ns3:hr>99</ns3:hr>
          </ns3:TrackPointExtension>
        </extensions>
      </trkpt>
      <trkpt lat="-25.5088566429913043975830078125" lon="-48.98257152177393436431884765625">
        <ele>1274</ele>
        <time>2025-08-17T12:38:35.000Z</time>
        <extensions>
          <ns3:TrackPointExtension>
            <ns3:hr>102</ns3:hr>
          </ns3:TrackPointExtension>
        </extensions>
      </trkpt>
      <trkpt lat="-25.5088569782674312591552734375" lon="-48.98257152177393436431884765625">
        <ele>1274</ele>
        <time>2025-08-17T12:38:57.000Z</time>
        <extensions>
          <ns3:TrackPointExtension>
            <ns3:hr>99</ns3:hr>
          </ns3:TrackPointExtension>
        </extensions>
      </trkpt>
      <trkpt lat="-25.5088569782674312591552734375" lon="-48.98257152177393436431884765625">
        <ele>1274</ele>
        <time>2025-08-17T12:39:00.000Z</time>
        <extensions>
          <ns3:TrackPointExtension>
            <ns3:hr>96</ns3:hr>
          </ns3:TrackPointExtension>
        </extensions>
      </trkpt>
      <trkpt lat="-25.50885706208646297454833984375" lon="-48.98257152177393436431884765625">
        <ele>1274</ele>
        <time>2025-08-17T12:39:09.000Z</time>
        <extensions>
          <ns3:TrackPointExtension>
            <ns3:hr>93</ns3:hr>
          </ns3:TrackPointExtension>
        </extensions>
      </trkpt>
      <trkpt lat="-25.50885714590549468994140625" lon="-48.9825716055929660797119140625">
        <ele>1274</ele>
        <time>2025-08-17T12:39:15.000Z</time>
        <extensions>
          <ns3:TrackPointExtension>
            <ns3:hr>96</ns3:hr>
          </ns3:TrackPointExtension>
        </extensions>
      </trkpt>
      <trkpt lat="-25.50885714590549468994140625" lon="-48.98257168941199779510498046875">
        <ele>1274</ele>
        <time>2025-08-17T12:39:17.000Z</time>
        <extensions>
          <ns3:TrackPointExtension>
            <ns3:hr>99</ns3:hr>
          </ns3:TrackPointExtension>
        </extensions>
      </trkpt>
      <trkpt lat="-25.50885714590549468994140625" lon="-48.9825716055929660797119140625">
        <ele>1274</ele>
        <time>2025-08-17T12:39:20.000Z</time>
        <extensions>
          <ns3:TrackPointExtension>
            <ns3:hr>102</ns3:hr>
          </ns3:TrackPointExtension>
        </extensions>
      </trkpt>
      <trkpt lat="-25.50885722972452640533447265625" lon="-48.9825716055929660797119140625">
        <ele>1274</ele>
        <time>2025-08-17T12:39:23.000Z</time>
        <extensions>
          <ns3:TrackPointExtension>
            <ns3:hr>105</ns3:hr>
          </ns3:TrackPointExtension>
        </extensions>
      </trkpt>
      <trkpt lat="-25.50885722972452640533447265625" lon="-48.98257168941199779510498046875">
        <ele>1274</ele>
        <time>2025-08-17T12:39:41.000Z</time>
        <extensions>
          <ns3:TrackPointExtension>
            <ns3:hr>102</ns3:hr>
          </ns3:TrackPointExtension>
        </extensions>
      </trkpt>
      <trkpt lat="-25.50885722972452640533447265625" lon="-48.98257168941199779510498046875">
        <ele>1274</ele>
        <time>2025-08-17T12:39:44.000Z</time>
        <extensions>
          <ns3:TrackPointExtension>
            <ns3:hr>99</ns3:hr>
          </ns3:TrackPointExtension>
        </extensions>
      </trkpt>
      <trkpt lat="-25.5088573135435581207275390625" lon="-48.98257168941199779510498046875">
        <ele>1274</ele>
        <time>2025-08-17T12:39:46.000Z</time>
        <extensions>
          <ns3:TrackPointExtension>
            <ns3:hr>96</ns3:hr>
          </ns3:TrackPointExtension>
        </extensions>
      </trkpt>
      <trkpt lat="-25.5088573135435581207275390625" lon="-48.982571773231029510498046875">
        <ele>1274</ele>
        <time>2025-08-17T12:39:50.000Z</time>
        <extensions>
          <ns3:TrackPointExtension>
            <ns3:hr>93</ns3:hr>
          </ns3:TrackPointExtension>
        </extensions>
      </trkpt>
      <trkpt lat="-25.508857481181621551513671875" lon="-48.982571773231029510498046875">
        <ele>1274</ele>
        <time>2025-08-17T12:39:58.000Z</time>
        <extensions>
          <ns3:TrackPointExtension>
            <ns3:hr>96</ns3:hr>
          </ns3:TrackPointExtension>
        </extensions>
      </trkpt>
      <trkpt lat="-25.50885756500065326690673828125" lon="-48.98257168941199779510498046875">
        <ele>1274</ele>
        <time>2025-08-17T12:40:20.000Z</time>
        <extensions>
          <ns3:TrackPointExtension>
            <ns3:hr>99</ns3:hr>
          </ns3:TrackPointExtension>
        </extensions>
      </trkpt>
      <trkpt lat="-25.5088576488196849822998046875" lon="-48.982571773231029510498046875">
        <ele>1274</ele>
        <time>2025-08-17T12:40:54.000Z</time>
        <extensions>
          <ns3:TrackPointExtension>
            <ns3:hr>96</ns3:hr>
          </ns3:TrackPointExtension>
        </extensions>
      </trkpt>
      <trkpt lat="-25.50885773263871669769287109375" lon="-48.982571773231029510498046875">
        <ele>1274</ele>
        <time>2025-08-17T12:40:59.000Z</time>
        <extensions>
          <ns3:TrackPointExtension>
            <ns3:hr>93</ns3:hr>
          </ns3:TrackPointExtension>
        </extensions>
      </trkpt>
      <trkpt lat="-25.50885773263871669769287109375" lon="-48.982571773231029510498046875">
        <ele>1274</ele>
        <time>2025-08-17T12:41:01.000Z</time>
        <extensions>
          <ns3:TrackPointExtension>
            <ns3:hr>96</ns3:hr>
          </ns3:TrackPointExtension>
        </extensions>
      </trkpt>
      <trkpt lat="-25.50885790027678012847900390625" lon="-48.98257185705006122589111328125">
        <ele>1274</ele>
        <time>2025-08-17T12:41:11.000Z</time>
        <extensions>
          <ns3:TrackPointExtension>
            <ns3:hr>99</ns3:hr>
          </ns3:TrackPointExtension>
        </extensions>
      </trkpt>
      <trkpt lat="-25.5088579840958118438720703125" lon="-48.98257185705006122589111328125">
        <ele>1274</ele>
        <time>2025-08-17T12:41:14.000Z</time>
        <extensions>
          <ns3:TrackPointExtension>
            <ns3:hr>103</ns3:hr>
          </ns3:TrackPointExtension>
        </extensions>
      </trkpt>
      <trkpt lat="-25.50885806791484355926513671875" lon="-48.98257202468812465667724609375">
        <ele>1274</ele>
        <time>2025-08-17T12:41:32.000Z</time>
        <extensions>
          <ns3:TrackPointExtension>
            <ns3:hr>100</ns3:hr>
          </ns3:TrackPointExtension>
        </extensions>
      </trkpt>
      <trkpt lat="-25.50885806791484355926513671875" lon="-48.9825719408690929412841796875">
        <ele>1274</ele>
        <time>2025-08-17T12:41:34.000Z</time>
        <extensions>
          <ns3:TrackPointExtension>
            <ns3:hr>96</ns3:hr>
          </ns3:TrackPointExtension>
        </extensions>
      </trkpt>
      <trkpt lat="-25.508858151733875274658203125" lon="-48.98257202468812465667724609375">
        <ele>1274</ele>
        <time>2025-08-17T12:41:49.000Z</time>
        <extensions>
          <ns3:TrackPointExtension>
            <ns3:hr>99</ns3:hr>
          </ns3:TrackPointExtension>
        </extensions>
      </trkpt>
      <trkpt lat="-25.50885848701000213623046875" lon="-48.98257202468812465667724609375">
        <ele>1274</ele>
        <time>2025-08-17T12:42:25.000Z</time>
        <extensions>
          <ns3:TrackPointExtension>
            <ns3:hr>96</ns3:hr>
          </ns3:TrackPointExtension>
        </extensions>
      </trkpt>
      <trkpt lat="-25.50885857082903385162353515625" lon="-48.98257202468812465667724609375">
        <ele>1274</ele>
        <time>2025-08-17T12:42:30.000Z</time>
        <extensions>
          <ns3:TrackPointExtension>
            <ns3:hr>93</ns3:hr>
          </ns3:TrackPointExtension>
        </extensions>
      </trkpt>
      <trkpt lat="-25.50885848701000213623046875" lon="-48.98257202468812465667724609375">
        <ele>1274</ele>
        <time>2025-08-17T12:42:45.000Z</time>
        <extensions>
          <ns3:TrackPointExtension>
            <ns3:hr>96</ns3:hr>
          </ns3:TrackPointExtension>
        </extensions>
      </trkpt>
      <trkpt lat="-25.50885890610516071319580078125" lon="-48.9825721085071563720703125">
        <ele>1274</ele>
        <time>2025-08-17T12:43:08.000Z</time>
        <extensions>
          <ns3:TrackPointExtension>
            <ns3:hr>93</ns3:hr>
          </ns3:TrackPointExtension>
        </extensions>
      </trkpt>
      <trkpt lat="-25.50885890610516071319580078125" lon="-48.9825721085071563720703125">
        <ele>1274</ele>
        <time>2025-08-17T12:43:15.000Z</time>
        <extensions>
          <ns3:TrackPointExtension>
            <ns3:hr>96</ns3:hr>
          </ns3:TrackPointExtension>
        </extensions>
      </trkpt>
      <trkpt lat="-25.5088589899241924285888671875" lon="-48.98257202468812465667724609375">
        <ele>1274</ele>
        <time>2025-08-17T12:43:28.000Z</time>
        <extensions>
          <ns3:TrackPointExtension>
            <ns3:hr>93</ns3:hr>
          </ns3:TrackPointExtension>
        </extensions>
      </trkpt>
      <trkpt lat="-25.5088589899241924285888671875" lon="-48.9825721085071563720703125">
        <ele>1274</ele>
        <time>2025-08-17T12:43:41.000Z</time>
        <extensions>
          <ns3:TrackPointExtension>
            <ns3:hr>96</ns3:hr>
          </ns3:TrackPointExtension>
        </extensions>
      </trkpt>
      <trkpt lat="-25.50885907374322414398193359375" lon="-48.9825721085071563720703125">
        <ele>1274</ele>
        <time>2025-08-17T12:43:49.000Z</time>
        <extensions>
          <ns3:TrackPointExtension>
            <ns3:hr>99</ns3:hr>
          </ns3:TrackPointExtension>
        </extensions>
      </trkpt>
      <trkpt lat="-25.508859157562255859375" lon="-48.9825721085071563720703125">
        <ele>1274</ele>
        <time>2025-08-17T12:43:59.000Z</time>
        <extensions>
          <ns3:TrackPointExtension>
            <ns3:hr>102</ns3:hr>
          </ns3:TrackPointExtension>
        </extensions>
      </trkpt>
      <trkpt lat="-25.50885940901935100555419921875" lon="-48.98257219232618808746337890625">
        <ele>1274</ele>
        <time>2025-08-17T12:44:26.000Z</time>
        <extensions>
          <ns3:TrackPointExtension>
            <ns3:hr>99</ns3:hr>
          </ns3:TrackPointExtension>
        </extensions>
      </trkpt>
      <trkpt lat="-25.5088593252003192901611328125" lon="-48.98257219232618808746337890625">
        <ele>1274</ele>
        <time>2025-08-17T12:44:34.000Z</time>
        <extensions>
          <ns3:TrackPointExtension>
            <ns3:hr>96</ns3:hr>
          </ns3:TrackPointExtension>
        </extensions>
      </trkpt>
      <trkpt lat="-25.50885940901935100555419921875" lon="-48.98257219232618808746337890625">
        <ele>1274</ele>
        <time>2025-08-17T12:44:56.000Z</time>
        <extensions>
          <ns3:TrackPointExtension>
            <ns3:hr>91</ns3:hr>
          </ns3:TrackPointExtension>
        </extensions>
      </trkpt>
      <trkpt lat="-25.50885940901935100555419921875" lon="-48.9825721085071563720703125">
        <ele>1274</ele>
        <time>2025-08-17T12:44:58.000Z</time>
        <extensions>
          <ns3:TrackPointExtension>
            <ns3:hr>94</ns3:hr>
          </ns3:TrackPointExtension>
        </extensions>
      </trkpt>
      <trkpt lat="-25.508859492838382720947265625" lon="-48.98257219232618808746337890625">
        <ele>1274</ele>
        <time>2025-08-17T12:45:19.000Z</time>
        <extensions>
          <ns3:TrackPointExtension>
            <ns3:hr>91</ns3:hr>
          </ns3:TrackPointExtension>
        </extensions>
      </trkpt>
      <trkpt lat="-25.5088596604764461517333984375" lon="-48.9825721085071563720703125">
        <ele>1274</ele>
        <time>2025-08-17T12:45:46.000Z</time>
        <extensions>
          <ns3:TrackPointExtension>
            <ns3:hr>94</ns3:hr>
          </ns3:TrackPointExtension>
        </extensions>
      </trkpt>
      <trkpt lat="-25.50885974429547786712646484375" lon="-48.98257219232618808746337890625">
        <ele>1274</ele>
        <time>2025-08-17T12:45:50.000Z</time>
        <extensions>
          <ns3:TrackPointExtension>
            <ns3:hr>97</ns3:hr>
          </ns3:TrackPointExtension>
        </extensions>
      </trkpt>
      <trkpt lat="-25.50885974429547786712646484375" lon="-48.9825721085071563720703125">
        <ele>1274</ele>
        <time>2025-08-17T12:46:02.000Z</time>
        <extensions>
          <ns3:TrackPointExtension>
            <ns3:hr>94</ns3:hr>
          </ns3:TrackPointExtension>
        </extensions>
      </trkpt>
      <trkpt lat="-25.50885974429547786712646484375" lon="-48.98257202468812465667724609375">
        <ele>1274</ele>
        <time>2025-08-17T12:46:19.000Z</time>
        <extensions>
          <ns3:TrackPointExtension>
            <ns3:hr>91</ns3:hr>
          </ns3:TrackPointExtension>
        </extensions>
      </trkpt>
      <trkpt lat="-25.50885982811450958251953125" lon="-48.98257202468812465667724609375">
        <ele>1274</ele>
        <time>2025-08-17T12:46:28.000Z</time>
        <extensions>
          <ns3:TrackPointExtension>
            <ns3:hr>88</ns3:hr>
          </ns3:TrackPointExtension>
        </extensions>
      </trkpt>
      <trkpt lat="-25.50885991193354129791259765625" lon="-48.98257202468812465667724609375">
        <ele>1274</ele>
        <time>2025-08-17T12:46:44.000Z</time>
        <extensions>
          <ns3:TrackPointExtension>
            <ns3:hr>84</ns3:hr>
          </ns3:TrackPointExtension>
        </extensions>
      </trkpt>
      <trkpt lat="-25.50885991193354129791259765625" lon="-48.98257202468812465667724609375">
        <ele>1274</ele>
        <time>2025-08-17T12:46:45.000Z</time>
        <extensions>
          <ns3:TrackPointExtension>
            <ns3:hr>89</ns3:hr>
          </ns3:TrackPointExtension>
        </extensions>
      </trkpt>
      <trkpt lat="-25.5088599957525730133056640625" lon="-48.9825719408690929412841796875">
        <ele>1274</ele>
        <time>2025-08-17T12:46:57.000Z</time>
        <extensions>
          <ns3:TrackPointExtension>
            <ns3:hr>92</ns3:hr>
          </ns3:TrackPointExtension>
        </extensions>
      </trkpt>
      <trkpt lat="-25.508860163390636444091796875" lon="-48.98257202468812465667724609375">
        <ele>1274</ele>
        <time>2025-08-17T12:47:00.000Z</time>
        <extensions>
          <ns3:TrackPointExtension>
            <ns3:hr>95</ns3:hr>
          </ns3:TrackPointExtension>
        </extensions>
      </trkpt>
      <trkpt lat="-25.5088603310286998748779296875" lon="-48.98257202468812465667724609375">
        <ele>1274</ele>
        <time>2025-08-17T12:47:09.000Z</time>
        <extensions>
          <ns3:TrackPointExtension>
            <ns3:hr>98</ns3:hr>
          </ns3:TrackPointExtension>
        </extensions>
      </trkpt>
      <trkpt lat="-25.50886058248579502105712890625" lon="-48.9825721085071563720703125">
        <ele>1274</ele>
        <time>2025-08-17T12:47:53.000Z</time>
        <extensions>
          <ns3:TrackPointExtension>
            <ns3:hr>95</ns3:hr>
          </ns3:TrackPointExtension>
        </extensions>
      </trkpt>
      <trkpt lat="-25.5088606663048267364501953125" lon="-48.9825721085071563720703125">
        <ele>1274</ele>
        <time>2025-08-17T12:48:04.000Z</time>
        <extensions>
          <ns3:TrackPointExtension>
            <ns3:hr>92</ns3:hr>
          </ns3:TrackPointExtension>
        </extensions>
      </trkpt>
      <trkpt lat="-25.50886075012385845184326171875" lon="-48.98257202468812465667724609375">
        <ele>1274</ele>
        <time>2025-08-17T12:48:11.000Z</time>
        <extensions>
          <ns3:TrackPointExtension>
            <ns3:hr>95</ns3:hr>
          </ns3:TrackPointExtension>
        </extensions>
      </trkpt>
      <trkpt lat="-25.50886075012385845184326171875" lon="-48.98257202468812465667724609375">
        <ele>1274</ele>
        <time>2025-08-17T12:48:20.000Z</time>
        <extensions>
          <ns3:TrackPointExtension>
            <ns3:hr>92</ns3:hr>
          </ns3:TrackPointExtension>
        </extensions>
      </trkpt>
      <trkpt lat="-25.50886091776192188262939453125" lon="-48.9825721085071563720703125">
        <ele>1274</ele>
        <time>2025-08-17T12:48:42.000Z</time>
        <extensions>
          <ns3:TrackPointExtension>
            <ns3:hr>95</ns3:hr>
          </ns3:TrackPointExtension>
        </extensions>
      </trkpt>
      <trkpt lat="-25.5088610015809535980224609375" lon="-48.9825721085071563720703125">
        <ele>1274</ele>
        <time>2025-08-17T12:48:49.000Z</time>
        <extensions>
          <ns3:TrackPointExtension>
            <ns3:hr>92</ns3:hr>
          </ns3:TrackPointExtension>
        </extensions>
      </trkpt>
      <trkpt lat="-25.5088613368570804595947265625" lon="-48.98257235996425151824951171875">
        <ele>1274</ele>
        <time>2025-08-17T12:49:35.000Z</time>
        <extensions>
          <ns3:TrackPointExtension>
            <ns3:hr>95</ns3:hr>
          </ns3:TrackPointExtension>
        </extensions>
      </trkpt>
      <trkpt lat="-25.5088613368570804595947265625" lon="-48.98257235996425151824951171875">
        <ele>1274</ele>
        <time>2025-08-17T12:49:39.000Z</time>
        <extensions>
          <ns3:TrackPointExtension>
            <ns3:hr>98</ns3:hr>
          </ns3:TrackPointExtension>
        </extensions>
      </trkpt>
      <trkpt lat="-25.5088613368570804595947265625" lon="-48.982572443783283233642578125">
        <ele>1274</ele>
        <time>2025-08-17T12:50:01.000Z</time>
        <extensions>
          <ns3:TrackPointExtension>
            <ns3:hr>101</ns3:hr>
          </ns3:TrackPointExtension>
        </extensions>
      </trkpt>
      <trkpt lat="-25.50886142067611217498779296875" lon="-48.982572443783283233642578125">
        <ele>1274</ele>
        <time>2025-08-17T12:50:20.000Z</time>
        <extensions>
          <ns3:TrackPointExtension>
            <ns3:hr>98</ns3:hr>
          </ns3:TrackPointExtension>
        </extensions>
      </trkpt>
      <trkpt lat="-25.508861504495143890380859375" lon="-48.98257235996425151824951171875">
        <ele>1274</ele>
        <time>2025-08-17T12:51:07.000Z</time>
        <extensions>
          <ns3:TrackPointExtension>
            <ns3:hr>101</ns3:hr>
          </ns3:TrackPointExtension>
        </extensions>
      </trkpt>
      <trkpt lat="-25.50886158831417560577392578125" lon="-48.98257219232618808746337890625">
        <ele>1274</ele>
        <time>2025-08-17T12:51:27.000Z</time>
        <extensions>
          <ns3:TrackPointExtension>
            <ns3:hr>98</ns3:hr>
          </ns3:TrackPointExtension>
        </extensions>
      </trkpt>
      <trkpt lat="-25.50886158831417560577392578125" lon="-48.98257219232618808746337890625">
        <ele>1274</ele>
        <time>2025-08-17T12:51:30.000Z</time>
        <extensions>
          <ns3:TrackPointExtension>
            <ns3:hr>95</ns3:hr>
          </ns3:TrackPointExtension>
        </extensions>
      </trkpt>
      <trkpt lat="-25.50886175595223903656005859375" lon="-48.9825722761452198028564453125">
        <ele>1274</ele>
        <time>2025-08-17T12:51:46.000Z</time>
        <extensions>
          <ns3:TrackPointExtension>
            <ns3:hr>92</ns3:hr>
          </ns3:TrackPointExtension>
        </extensions>
      </trkpt>
      <trkpt lat="-25.50886175595223903656005859375" lon="-48.98257219232618808746337890625">
        <ele>1274</ele>
        <time>2025-08-17T12:51:52.000Z</time>
        <extensions>
          <ns3:TrackPointExtension>
            <ns3:hr>89</ns3:hr>
          </ns3:TrackPointExtension>
        </extensions>
      </trkpt>
      <trkpt lat="-25.50886192359030246734619140625" lon="-48.9825719408690929412841796875">
        <ele>1274</ele>
        <time>2025-08-17T12:52:14.000Z</time>
        <extensions>
          <ns3:TrackPointExtension>
            <ns3:hr>92</ns3:hr>
          </ns3:TrackPointExtension>
        </extensions>
      </trkpt>
      <trkpt lat="-25.508861839771270751953125" lon="-48.98257185705006122589111328125">
        <ele>1274</ele>
        <time>2025-08-17T12:52:19.000Z</time>
        <extensions>
          <ns3:TrackPointExtension>
            <ns3:hr>95</ns3:hr>
          </ns3:TrackPointExtension>
        </extensions>
      </trkpt>
      <trkpt lat="-25.50886192359030246734619140625" lon="-48.98257185705006122589111328125">
        <ele>1274</ele>
        <time>2025-08-17T12:52:40.000Z</time>
        <extensions>
          <ns3:TrackPointExtension>
            <ns3:hr>98</ns3:hr>
          </ns3:TrackPointExtension>
        </extensions>
      </trkpt>
      <trkpt lat="-25.5088620074093341827392578125" lon="-48.982571773231029510498046875">
        <ele>1274</ele>
        <time>2025-08-17T12:52:46.000Z</time>
        <extensions>
          <ns3:TrackPointExtension>
            <ns3:hr>101</ns3:hr>
          </ns3:TrackPointExtension>
        </extensions>
      </trkpt>
      <trkpt lat="-25.5088620074093341827392578125" lon="-48.98257143795490264892578125">
        <ele>1274</ele>
        <time>2025-08-17T12:53:24.000Z</time>
        <extensions>
          <ns3:TrackPointExtension>
            <ns3:hr>105</ns3:hr>
          </ns3:TrackPointExtension>
        </extensions>
      </trkpt>
      <trkpt lat="-25.50886209122836589813232421875" lon="-48.98257143795490264892578125">
        <ele>1274</ele>
        <time>2025-08-17T12:53:29.000Z</time>
        <extensions>
          <ns3:TrackPointExtension>
            <ns3:hr>109</ns3:hr>
          </ns3:TrackPointExtension>
        </extensions>
      </trkpt>
      <trkpt lat="-25.50886225886642932891845703125" lon="-48.9825712703168392181396484375">
        <ele>1274</ele>
        <time>2025-08-17T12:53:43.000Z</time>
        <extensions>
          <ns3:TrackPointExtension>
            <ns3:hr>106</ns3:hr>
          </ns3:TrackPointExtension>
        </extensions>
      </trkpt>
      <trkpt lat="-25.50886225886642932891845703125" lon="-48.9825712703168392181396484375">
        <ele>1274</ele>
        <time>2025-08-17T12:53:46.000Z</time>
        <extensions>
          <ns3:TrackPointExtension>
            <ns3:hr>101</ns3:hr>
          </ns3:TrackPointExtension>
        </extensions>
      </trkpt>
      <trkpt lat="-25.5088623426854610443115234375" lon="-48.98257118649780750274658203125">
        <ele>1274</ele>
        <time>2025-08-17T12:53:50.000Z</time>
        <extensions>
          <ns3:TrackPointExtension>
            <ns3:hr>98</ns3:hr>
          </ns3:TrackPointExtension>
        </extensions>
      </trkpt>
      <trkpt lat="-25.5088623426854610443115234375" lon="-48.98257118649780750274658203125">
        <ele>1274</ele>
        <time>2025-08-17T12:53:54.000Z</time>
        <extensions>
          <ns3:TrackPointExtension>
            <ns3:hr>95</ns3:hr>
          </ns3:TrackPointExtension>
        </extensions>
      </trkpt>
      <trkpt lat="-25.5088623426854610443115234375" lon="-48.98257118649780750274658203125">
        <ele>1274</ele>
        <time>2025-08-17T12:54:02.000Z</time>
        <extensions>
          <ns3:TrackPointExtension>
            <ns3:hr>92</ns3:hr>
          </ns3:TrackPointExtension>
        </extensions>
      </trkpt>
      <trkpt lat="-25.50886242650449275970458984375" lon="-48.98257101885974407196044921875">
        <ele>1274</ele>
        <time>2025-08-17T12:54:08.000Z</time>
        <extensions>
          <ns3:TrackPointExtension>
            <ns3:hr>96</ns3:hr>
          </ns3:TrackPointExtension>
        </extensions>
      </trkpt>
      <trkpt lat="-25.50886242650449275970458984375" lon="-48.9825709350407123565673828125">
        <ele>1274</ele>
        <time>2025-08-17T12:54:13.000Z</time>
        <extensions>
          <ns3:TrackPointExtension>
            <ns3:hr>92</ns3:hr>
          </ns3:TrackPointExtension>
        </extensions>
      </trkpt>
      <trkpt lat="-25.50886242650449275970458984375" lon="-48.9825709350407123565673828125">
        <ele>1274</ele>
        <time>2025-08-17T12:54:14.000Z</time>
        <extensions>
          <ns3:TrackPointExtension>
            <ns3:hr>95</ns3:hr>
          </ns3:TrackPointExtension>
        </extensions>
      </trkpt>
      <trkpt lat="-25.50886251032352447509765625" lon="-48.98257085122168064117431640625">
        <ele>1274</ele>
        <time>2025-08-17T12:54:23.000Z</time>
        <extensions>
          <ns3:TrackPointExtension>
            <ns3:hr>98</ns3:hr>
          </ns3:TrackPointExtension>
        </extensions>
      </trkpt>
      <trkpt lat="-25.50886251032352447509765625" lon="-48.98257076740264892578125">
        <ele>1274</ele>
        <time>2025-08-17T12:54:51.000Z</time>
        <extensions>
          <ns3:TrackPointExtension>
            <ns3:hr>95</ns3:hr>
          </ns3:TrackPointExtension>
        </extensions>
      </trkpt>
      <trkpt lat="-25.50886251032352447509765625" lon="-48.98257076740264892578125">
        <ele>1274</ele>
        <time>2025-08-17T12:54:56.000Z</time>
        <extensions>
          <ns3:TrackPointExtension>
            <ns3:hr>92</ns3:hr>
          </ns3:TrackPointExtension>
        </extensions>
      </trkpt>
      <trkpt lat="-25.50886259414255619049072265625" lon="-48.98257076740264892578125">
        <ele>1274</ele>
        <time>2025-08-17T12:55:01.000Z</time>
        <extensions>
          <ns3:TrackPointExtension>
            <ns3:hr>89</ns3:hr>
          </ns3:TrackPointExtension>
        </extensions>
      </trkpt>
      <trkpt lat="-25.508862845599651336669921875" lon="-48.98257034830749034881591796875">
        <ele>1274</ele>
        <time>2025-08-17T12:55:19.000Z</time>
        <extensions>
          <ns3:TrackPointExtension>
            <ns3:hr>86</ns3:hr>
          </ns3:TrackPointExtension>
        </extensions>
      </trkpt>
      <trkpt lat="-25.50886292941868305206298828125" lon="-48.98257034830749034881591796875">
        <ele>1274</ele>
        <time>2025-08-17T12:55:39.000Z</time>
        <extensions>
          <ns3:TrackPointExtension>
            <ns3:hr>83</ns3:hr>
          </ns3:TrackPointExtension>
        </extensions>
      </trkpt>
      <trkpt lat="-25.5088630132377147674560546875" lon="-48.9825702644884586334228515625">
        <ele>1274</ele>
        <time>2025-08-17T12:56:00.000Z</time>
        <extensions>
          <ns3:TrackPointExtension>
            <ns3:hr>86</ns3:hr>
          </ns3:TrackPointExtension>
        </extensions>
      </trkpt>
      <trkpt lat="-25.5088630132377147674560546875" lon="-48.98257018066942691802978515625">
        <ele>1274</ele>
        <time>2025-08-17T12:56:09.000Z</time>
        <extensions>
          <ns3:TrackPointExtension>
            <ns3:hr>89</ns3:hr>
          </ns3:TrackPointExtension>
        </extensions>
      </trkpt>
      <trkpt lat="-25.50886292941868305206298828125" lon="-48.98257009685039520263671875">
        <ele>1274</ele>
        <time>2025-08-17T12:57:20.000Z</time>
        <extensions>
          <ns3:TrackPointExtension>
            <ns3:hr>86</ns3:hr>
          </ns3:TrackPointExtension>
        </extensions>
      </trkpt>
      <trkpt lat="-25.50886292941868305206298828125" lon="-48.98257009685039520263671875">
        <ele>1274</ele>
        <time>2025-08-17T12:57:21.000Z</time>
        <extensions>
          <ns3:TrackPointExtension>
            <ns3:hr>89</ns3:hr>
          </ns3:TrackPointExtension>
        </extensions>
      </trkpt>
      <trkpt lat="-25.50886292941868305206298828125" lon="-48.98257009685039520263671875">
        <ele>1274</ele>
        <time>2025-08-17T12:57:25.000Z</time>
        <extensions>
          <ns3:TrackPointExtension>
            <ns3:hr>86</ns3:hr>
          </ns3:TrackPointExtension>
        </extensions>
      </trkpt>
      <trkpt lat="-25.50886292941868305206298828125" lon="-48.98257001303136348724365234375">
        <ele>1274</ele>
        <time>2025-08-17T12:57:27.000Z</time>
        <extensions>
          <ns3:TrackPointExtension>
            <ns3:hr>90</ns3:hr>
          </ns3:TrackPointExtension>
        </extensions>
      </trkpt>
      <trkpt lat="-25.50886292941868305206298828125" lon="-48.9825699292123317718505859375">
        <ele>1274</ele>
        <time>2025-08-17T12:57:39.000Z</time>
        <extensions>
          <ns3:TrackPointExtension>
            <ns3:hr>94</ns3:hr>
          </ns3:TrackPointExtension>
        </extensions>
      </trkpt>
      <trkpt lat="-25.50886292941868305206298828125" lon="-48.98256984539330005645751953125">
        <ele>1274</ele>
        <time>2025-08-17T12:57:41.000Z</time>
        <extensions>
          <ns3:TrackPointExtension>
            <ns3:hr>97</ns3:hr>
          </ns3:TrackPointExtension>
        </extensions>
      </trkpt>
      <trkpt lat="-25.50886292941868305206298828125" lon="-48.982569761574268341064453125">
        <ele>1274</ele>
        <time>2025-08-17T12:57:47.000Z</time>
        <extensions>
          <ns3:TrackPointExtension>
            <ns3:hr>100</ns3:hr>
          </ns3:TrackPointExtension>
        </extensions>
      </trkpt>
      <trkpt lat="-25.508862845599651336669921875" lon="-48.982569761574268341064453125">
        <ele>1274</ele>
        <time>2025-08-17T12:57:51.000Z</time>
        <extensions>
          <ns3:TrackPointExtension>
            <ns3:hr>103</ns3:hr>
          </ns3:TrackPointExtension>
        </extensions>
      </trkpt>
      <trkpt lat="-25.508862845599651336669921875" lon="-48.982569761574268341064453125">
        <ele>1274</ele>
        <time>2025-08-17T12:57:56.000Z</time>
        <extensions>
          <ns3:TrackPointExtension>
            <ns3:hr>106</ns3:hr>
          </ns3:TrackPointExtension>
        </extensions>
      </trkpt>
      <trkpt lat="-25.50886292941868305206298828125" lon="-48.982569761574268341064453125">
        <ele>1274</ele>
        <time>2025-08-17T12:58:09.000Z</time>
        <extensions>
          <ns3:TrackPointExtension>
            <ns3:hr>103</ns3:hr>
          </ns3:TrackPointExtension>
        </extensions>
      </trkpt>
      <trkpt lat="-25.50886292941868305206298828125" lon="-48.982569761574268341064453125">
        <ele>1274</ele>
        <time>2025-08-17T12:58:15.000Z</time>
        <extensions>
          <ns3:TrackPointExtension>
            <ns3:hr>100</ns3:hr>
          </ns3:TrackPointExtension>
        </extensions>
      </trkpt>
      <trkpt lat="-25.5088630132377147674560546875" lon="-48.982569761574268341064453125">
        <ele>1274</ele>
        <time>2025-08-17T12:58:26.000Z</time>
        <extensions>
          <ns3:TrackPointExtension>
            <ns3:hr>97</ns3:hr>
          </ns3:TrackPointExtension>
        </extensions>
      </trkpt>
      <trkpt lat="-25.5088630132377147674560546875" lon="-48.982569761574268341064453125">
        <ele>1274</ele>
        <time>2025-08-17T12:58:31.000Z</time>
        <extensions>
          <ns3:TrackPointExtension>
            <ns3:hr>100</ns3:hr>
          </ns3:TrackPointExtension>
        </extensions>
      </trkpt>
      <trkpt lat="-25.50886292941868305206298828125" lon="-48.982569761574268341064453125">
        <ele>1274</ele>
        <time>2025-08-17T12:58:32.000Z</time>
        <extensions>
          <ns3:TrackPointExtension>
            <ns3:hr>96</ns3:hr>
          </ns3:TrackPointExtension>
        </extensions>
      </trkpt>
      <trkpt lat="-25.5088630132377147674560546875" lon="-48.98256984539330005645751953125">
        <ele>1274</ele>
        <time>2025-08-17T12:58:47.000Z</time>
        <extensions>
          <ns3:TrackPointExtension>
            <ns3:hr>93</ns3:hr>
          </ns3:TrackPointExtension>
        </extensions>
      </trkpt>
      <trkpt lat="-25.50886309705674648284912109375" lon="-48.9825705997645854949951171875">
        <ele>1274</ele>
        <time>2025-08-17T12:59:19.000Z</time>
        <extensions>
          <ns3:TrackPointExtension>
            <ns3:hr>90</ns3:hr>
          </ns3:TrackPointExtension>
        </extensions>
      </trkpt>
      <trkpt lat="-25.50886309705674648284912109375" lon="-48.9825709350407123565673828125">
        <ele>1274</ele>
        <time>2025-08-17T12:59:26.000Z</time>
        <extensions>
          <ns3:TrackPointExtension>
            <ns3:hr>87</ns3:hr>
          </ns3:TrackPointExtension>
        </extensions>
      </trkpt>
      <trkpt lat="-25.50886309705674648284912109375" lon="-48.98257118649780750274658203125">
        <ele>1274</ele>
        <time>2025-08-17T12:59:31.000Z</time>
        <extensions>
          <ns3:TrackPointExtension>
            <ns3:hr>92</ns3:hr>
          </ns3:TrackPointExtension>
        </extensions>
      </trkpt>
      <trkpt lat="-25.5088631808757781982421875" lon="-48.98257135413587093353271484375">
        <ele>1274</ele>
        <time>2025-08-17T12:59:34.000Z</time>
        <extensions>
          <ns3:TrackPointExtension>
            <ns3:hr>89</ns3:hr>
          </ns3:TrackPointExtension>
        </extensions>
      </trkpt>
      <trkpt lat="-25.50886326469480991363525390625" lon="-48.98257168941199779510498046875">
        <ele>1274</ele>
        <time>2025-08-17T12:59:42.000Z</time>
        <extensions>
          <ns3:TrackPointExtension>
            <ns3:hr>93</ns3:hr>
          </ns3:TrackPointExtension>
        </extensions>
      </trkpt>
      <trkpt lat="-25.50886326469480991363525390625" lon="-48.982571773231029510498046875">
        <ele>1274</ele>
        <time>2025-08-17T12:59:45.000Z</time>
        <extensions>
          <ns3:TrackPointExtension>
            <ns3:hr>97</ns3:hr>
          </ns3:TrackPointExtension>
        </extensions>
      </trkpt>
      <trkpt lat="-25.50886326469480991363525390625" lon="-48.98257202468812465667724609375">
        <ele>1274</ele>
        <time>2025-08-17T12:59:48.000Z</time>
        <extensions>
          <ns3:TrackPointExtension>
            <ns3:hr>102</ns3:hr>
          </ns3:TrackPointExtension>
        </extensions>
      </trkpt>
      <trkpt lat="-25.5088633485138416290283203125" lon="-48.9825721085071563720703125">
        <ele>1274</ele>
        <time>2025-08-17T12:59:50.000Z</time>
        <extensions>
          <ns3:TrackPointExtension>
            <ns3:hr>98</ns3:hr>
          </ns3:TrackPointExtension>
        </extensions>
      </trkpt>
      <trkpt lat="-25.5088633485138416290283203125" lon="-48.98257219232618808746337890625">
        <ele>1274</ele>
        <time>2025-08-17T12:59:51.000Z</time>
        <extensions>
          <ns3:TrackPointExtension>
            <ns3:hr>103</ns3:hr>
          </ns3:TrackPointExtension>
        </extensions>
      </trkpt>
      <trkpt lat="-25.50882655195891857147216796875" lon="-48.98260630667209625244140625">
        <ele>1273.4000244140625</ele>
        <time>2025-08-17T13:00:04.000Z</time>
        <extensions>
          <ns3:TrackPointExtension>
            <ns3:hr>100</ns3:hr>
          </ns3:TrackPointExtension>
        </extensions>
      </trkpt>
      <trkpt lat="-25.5088164098560810089111328125" lon="-48.98261996917426586151123046875">
        <ele>1273.4000244140625</ele>
        <time>2025-08-17T13:00:05.000Z</time>
        <extensions>
          <ns3:TrackPointExtension>
            <ns3:hr>101</ns3:hr>
          </ns3:TrackPointExtension>
        </extensions>
      </trkpt>
      <trkpt lat="-25.5087882466614246368408203125" lon="-48.9826648123562335968017578125">
        <ele>1272.800048828125</ele>
        <time>2025-08-17T13:00:08.000Z</time>
        <extensions>
          <ns3:TrackPointExtension>
            <ns3:hr>98</ns3:hr>
          </ns3:TrackPointExtension>
        </extensions>
      </trkpt>
      <trkpt lat="-25.50878330133855342864990234375" lon="-48.98268048651516437530517578125">
        <ele>1272.4000244140625</ele>
        <time>2025-08-17T13:00:09.000Z</time>
        <extensions>
          <ns3:TrackPointExtension>
            <ns3:hr>101</ns3:hr>
          </ns3:TrackPointExtension>
        </extensions>
      </trkpt>
      <trkpt lat="-25.50877709873020648956298828125" lon="-48.9826966635882854461669921875">
        <ele>1272</ele>
        <time>2025-08-17T13:00:10.000Z</time>
        <extensions>
          <ns3:TrackPointExtension>
            <ns3:hr>100</ns3:hr>
          </ns3:TrackPointExtension>
        </extensions>
      </trkpt>
      <trkpt lat="-25.5087530426681041717529296875" lon="-48.98270362056791782379150390625">
        <ele>1271.800048828125</ele>
        <time>2025-08-17T13:00:20.000Z</time>
        <extensions>
          <ns3:TrackPointExtension>
            <ns3:hr>103</ns3:hr>
          </ns3:TrackPointExtension>
        </extensions>
      </trkpt>
      <trkpt lat="-25.5087478458881378173828125" lon="-48.982697837054729461669921875">
        <ele>1271.800048828125</ele>
        <time>2025-08-17T13:00:21.000Z</time>
        <extensions>
          <ns3:TrackPointExtension>
            <ns3:hr>103</ns3:hr>
          </ns3:TrackPointExtension>
        </extensions>
      </trkpt>
      <trkpt lat="-25.50870962440967559814453125" lon="-48.9826698414981365203857421875">
        <ele>1272</ele>
        <time>2025-08-17T13:00:28.000Z</time>
        <extensions>
          <ns3:TrackPointExtension>
            <ns3:hr>102</ns3:hr>
          </ns3:TrackPointExtension>
        </extensions>
      </trkpt>
      <trkpt lat="-25.5086980573832988739013671875" lon="-48.98265031166374683380126953125">
        <ele>1272.4000244140625</ele>
        <time>2025-08-17T13:00:37.000Z</time>
        <extensions>
          <ns3:TrackPointExtension>
            <ns3:hr>103</ns3:hr>
          </ns3:TrackPointExtension>
        </extensions>
      </trkpt>
      <trkpt lat="-25.5086930282413959503173828125" lon="-48.9826389960944652557373046875">
        <ele>1272.4000244140625</ele>
        <time>2025-08-17T13:00:40.000Z</time>
        <extensions>
          <ns3:TrackPointExtension>
            <ns3:hr>106</ns3:hr>
          </ns3:TrackPointExtension>
        </extensions>
      </trkpt>
      <trkpt lat="-25.5086920224130153656005859375" lon="-48.98263673298060894012451171875">
        <ele>1272.5999755859375</ele>
        <time>2025-08-17T13:00:41.000Z</time>
        <extensions>
          <ns3:TrackPointExtension>
            <ns3:hr>103</ns3:hr>
          </ns3:TrackPointExtension>
        </extensions>
      </trkpt>
      <trkpt lat="-25.50869059748947620391845703125" lon="-48.98263539187610149383544921875">
        <ele>1272.5999755859375</ele>
        <time>2025-08-17T13:00:42.000Z</time>
        <extensions>
          <ns3:TrackPointExtension>
            <ns3:hr>100</ns3:hr>
          </ns3:TrackPointExtension>
        </extensions>
      </trkpt>
      <trkpt lat="-25.50869177095592021942138671875" lon="-48.982632122933864593505859375">
        <ele>1272.5999755859375</ele>
        <time>2025-08-17T13:00:43.000Z</time>
        <extensions>
          <ns3:TrackPointExtension>
            <ns3:hr>104</ns3:hr>
          </ns3:TrackPointExtension>
        </extensions>
      </trkpt>
      <trkpt lat="-25.5086910165846347808837890625" lon="-48.9826235733926296234130859375">
        <ele>1272.5999755859375</ele>
        <time>2025-08-17T13:00:45.000Z</time>
        <extensions>
          <ns3:TrackPointExtension>
            <ns3:hr>105</ns3:hr>
          </ns3:TrackPointExtension>
        </extensions>
      </trkpt>
      <trkpt lat="-25.50868758000433444976806640625" lon="-48.98260496556758880615234375">
        <ele>1272.4000244140625</ele>
        <time>2025-08-17T13:00:54.000Z</time>
        <extensions>
          <ns3:TrackPointExtension>
            <ns3:hr>105</ns3:hr>
          </ns3:TrackPointExtension>
        </extensions>
      </trkpt>
      <trkpt lat="-25.5086995661258697509765625" lon="-48.98258308880031108856201171875">
        <ele>1272.4000244140625</ele>
        <time>2025-08-17T13:01:03.000Z</time>
        <extensions>
          <ns3:TrackPointExtension>
            <ns3:hr>109</ns3:hr>
          </ns3:TrackPointExtension>
        </extensions>
      </trkpt>
      <trkpt lat="-25.508701242506504058837890625" lon="-48.98256883956491947174072265625">
        <ele>1272.4000244140625</ele>
        <time>2025-08-17T13:01:06.000Z</time>
        <extensions>
          <ns3:TrackPointExtension>
            <ns3:hr>109</ns3:hr>
          </ns3:TrackPointExtension>
        </extensions>
      </trkpt>
      <trkpt lat="-25.5086997337639331817626953125" lon="-48.98256448097527027130126953125">
        <ele>1272.4000244140625</ele>
        <time>2025-08-17T13:01:10.000Z</time>
        <extensions>
          <ns3:TrackPointExtension>
            <ns3:hr>112</ns3:hr>
          </ns3:TrackPointExtension>
        </extensions>
      </trkpt>
      <trkpt lat="-25.5086997337639331817626953125" lon="-48.98256448097527027130126953125">
        <ele>1272.4000244140625</ele>
        <time>2025-08-17T13:01:14.000Z</time>
        <extensions>
          <ns3:TrackPointExtension>
            <ns3:hr>112</ns3:hr>
          </ns3:TrackPointExtension>
        </extensions>
      </trkpt>
      <trkpt lat="-25.5086997337639331817626953125" lon="-48.98256448097527027130126953125">
        <ele>1272.4000244140625</ele>
        <time>2025-08-17T13:01:22.000Z</time>
        <extensions>
          <ns3:TrackPointExtension>
            <ns3:hr>109</ns3:hr>
          </ns3:TrackPointExtension>
        </extensions>
      </trkpt>
      <trkpt lat="-25.50869881175458431243896484375" lon="-48.982563056051731109619140625">
        <ele>1272.4000244140625</ele>
        <time>2025-08-17T13:01:26.000Z</time>
        <extensions>
          <ns3:TrackPointExtension>
            <ns3:hr>106</ns3:hr>
          </ns3:TrackPointExtension>
        </extensions>
      </trkpt>
      <trkpt lat="-25.50869713537395000457763671875" lon="-48.98256079293787479400634765625">
        <ele>1272.4000244140625</ele>
        <time>2025-08-17T13:01:29.000Z</time>
        <extensions>
          <ns3:TrackPointExtension>
            <ns3:hr>103</ns3:hr>
          </ns3:TrackPointExtension>
        </extensions>
      </trkpt>
      <trkpt lat="-25.5086970515549182891845703125" lon="-48.98255945183336734771728515625">
        <ele>1272.4000244140625</ele>
        <time>2025-08-17T13:01:32.000Z</time>
        <extensions>
          <ns3:TrackPointExtension>
            <ns3:hr>100</ns3:hr>
          </ns3:TrackPointExtension>
        </extensions>
      </trkpt>
      <trkpt lat="-25.50869596190750598907470703125" lon="-48.98255526088178157806396484375">
        <ele>1272.4000244140625</ele>
        <time>2025-08-17T13:01:45.000Z</time>
        <extensions>
          <ns3:TrackPointExtension>
            <ns3:hr>97</ns3:hr>
          </ns3:TrackPointExtension>
        </extensions>
      </trkpt>
      <trkpt lat="-25.50869596190750598907470703125" lon="-48.98255056701600551605224609375">
        <ele>1272.199951171875</ele>
        <time>2025-08-17T13:01:52.000Z</time>
        <extensions>
          <ns3:TrackPointExtension>
            <ns3:hr>100</ns3:hr>
          </ns3:TrackPointExtension>
        </extensions>
      </trkpt>
      <trkpt lat="-25.50870023667812347412109375" lon="-48.98254369385540485382080078125">
        <ele>1272.199951171875</ele>
        <time>2025-08-17T13:01:58.000Z</time>
        <extensions>
          <ns3:TrackPointExtension>
            <ns3:hr>103</ns3:hr>
          </ns3:TrackPointExtension>
        </extensions>
      </trkpt>
      <trkpt lat="-25.50870216451585292816162109375" lon="-48.982541263103485107421875">
        <ele>1272.4000244140625</ele>
        <time>2025-08-17T13:01:59.000Z</time>
        <extensions>
          <ns3:TrackPointExtension>
            <ns3:hr>100</ns3:hr>
          </ns3:TrackPointExtension>
        </extensions>
      </trkpt>
      <trkpt lat="-25.50871792249381542205810546875" lon="-48.98253380320966243743896484375">
        <ele>1272.4000244140625</ele>
        <time>2025-08-17T13:02:21.000Z</time>
        <extensions>
          <ns3:TrackPointExtension>
            <ns3:hr>96</ns3:hr>
          </ns3:TrackPointExtension>
        </extensions>
      </trkpt>
      <trkpt lat="-25.5087178386747837066650390625" lon="-48.98252827115356922149658203125">
        <ele>1272.4000244140625</ele>
        <time>2025-08-17T13:02:37.000Z</time>
        <extensions>
          <ns3:TrackPointExtension>
            <ns3:hr>99</ns3:hr>
          </ns3:TrackPointExtension>
        </extensions>
      </trkpt>
      <trkpt lat="-25.50871926359832286834716796875" lon="-48.9825211465358734130859375">
        <ele>1272.4000244140625</ele>
        <time>2025-08-17T13:03:34.000Z</time>
        <extensions>
          <ns3:TrackPointExtension>
            <ns3:hr>96</ns3:hr>
          </ns3:TrackPointExtension>
        </extensions>
      </trkpt>
      <trkpt lat="-25.50871926359832286834716796875" lon="-48.9825211465358734130859375">
        <ele>1272.4000244140625</ele>
        <time>2025-08-17T13:03:39.000Z</time>
        <extensions>
          <ns3:TrackPointExtension>
            <ns3:hr>93</ns3:hr>
          </ns3:TrackPointExtension>
        </extensions>
      </trkpt>
      <trkpt lat="-25.50871976651251316070556640625" lon="-48.9825203083455562591552734375">
        <ele>1272.4000244140625</ele>
        <time>2025-08-17T13:03:47.000Z</time>
        <extensions>
          <ns3:TrackPointExtension>
            <ns3:hr>90</ns3:hr>
          </ns3:TrackPointExtension>
        </extensions>
      </trkpt>
      <trkpt lat="-25.50872026942670345306396484375" lon="-48.98251779377460479736328125">
        <ele>1272.4000244140625</ele>
        <time>2025-08-17T13:03:59.000Z</time>
        <extensions>
          <ns3:TrackPointExtension>
            <ns3:hr>93</ns3:hr>
          </ns3:TrackPointExtension>
        </extensions>
      </trkpt>
      <trkpt lat="-25.50872479565441608428955078125" lon="-48.98251242935657501220703125">
        <ele>1272.4000244140625</ele>
        <time>2025-08-17T13:04:31.000Z</time>
        <extensions>
          <ns3:TrackPointExtension>
            <ns3:hr>90</ns3:hr>
          </ns3:TrackPointExtension>
        </extensions>
      </trkpt>
      <trkpt lat="-25.50872798077762126922607421875" lon="-48.982513435184955596923828125">
        <ele>1272.4000244140625</ele>
        <time>2025-08-17T13:05:07.000Z</time>
        <extensions>
          <ns3:TrackPointExtension>
            <ns3:hr>87</ns3:hr>
          </ns3:TrackPointExtension>
        </extensions>
      </trkpt>
      <trkpt lat="-25.5087282322347164154052734375" lon="-48.98251351900398731231689453125">
        <ele>1272.4000244140625</ele>
        <time>2025-08-17T13:05:09.000Z</time>
        <extensions>
          <ns3:TrackPointExtension>
            <ns3:hr>91</ns3:hr>
          </ns3:TrackPointExtension>
        </extensions>
      </trkpt>
      <trkpt lat="-25.5087290704250335693359375" lon="-48.98251418955624103546142578125">
        <ele>1272.4000244140625</ele>
        <time>2025-08-17T13:05:20.000Z</time>
        <extensions>
          <ns3:TrackPointExtension>
            <ns3:hr>94</ns3:hr>
          </ns3:TrackPointExtension>
        </extensions>
      </trkpt>
      <trkpt lat="-25.50873066298663616180419921875" lon="-48.98251469247043132781982421875">
        <ele>1272.4000244140625</ele>
        <time>2025-08-17T13:05:37.000Z</time>
        <extensions>
          <ns3:TrackPointExtension>
            <ns3:hr>98</ns3:hr>
          </ns3:TrackPointExtension>
        </extensions>
      </trkpt>
      <trkpt lat="-25.50873108208179473876953125" lon="-48.98251469247043132781982421875">
        <ele>1272.4000244140625</ele>
        <time>2025-08-17T13:05:42.000Z</time>
        <extensions>
          <ns3:TrackPointExtension>
            <ns3:hr>95</ns3:hr>
          </ns3:TrackPointExtension>
        </extensions>
      </trkpt>
      <trkpt lat="-25.5087329261004924774169921875" lon="-48.98251536302268505096435546875">
        <ele>1272.4000244140625</ele>
        <time>2025-08-17T13:06:00.000Z</time>
        <extensions>
          <ns3:TrackPointExtension>
            <ns3:hr>98</ns3:hr>
          </ns3:TrackPointExtension>
        </extensions>
      </trkpt>
      <trkpt lat="-25.5087332613766193389892578125" lon="-48.9825156144797801971435546875">
        <ele>1272.4000244140625</ele>
        <time>2025-08-17T13:06:07.000Z</time>
        <extensions>
          <ns3:TrackPointExtension>
            <ns3:hr>95</ns3:hr>
          </ns3:TrackPointExtension>
        </extensions>
      </trkpt>
      <trkpt lat="-25.50873376429080963134765625" lon="-48.9825156144797801971435546875">
        <ele>1272.4000244140625</ele>
        <time>2025-08-17T13:06:17.000Z</time>
        <extensions>
          <ns3:TrackPointExtension>
            <ns3:hr>99</ns3:hr>
          </ns3:TrackPointExtension>
        </extensions>
      </trkpt>
      <trkpt lat="-25.5087339319288730621337890625" lon="-48.9825156144797801971435546875">
        <ele>1272.4000244140625</ele>
        <time>2025-08-17T13:06:18.000Z</time>
        <extensions>
          <ns3:TrackPointExtension>
            <ns3:hr>96</ns3:hr>
          </ns3:TrackPointExtension>
        </extensions>
      </trkpt>
      <trkpt lat="-25.508734099566936492919921875" lon="-48.98251553066074848175048828125">
        <ele>1272.4000244140625</ele>
        <time>2025-08-17T13:06:23.000Z</time>
        <extensions>
          <ns3:TrackPointExtension>
            <ns3:hr>91</ns3:hr>
          </ns3:TrackPointExtension>
        </extensions>
      </trkpt>
      <trkpt lat="-25.508734770119190216064453125" lon="-48.98251511156558990478515625">
        <ele>1272.4000244140625</ele>
        <time>2025-08-17T13:06:30.000Z</time>
        <extensions>
          <ns3:TrackPointExtension>
            <ns3:hr>95</ns3:hr>
          </ns3:TrackPointExtension>
        </extensions>
      </trkpt>
      <trkpt lat="-25.5087352730333805084228515625" lon="-48.98251536302268505096435546875">
        <ele>1272.4000244140625</ele>
        <time>2025-08-17T13:06:39.000Z</time>
        <extensions>
          <ns3:TrackPointExtension>
            <ns3:hr>91</ns3:hr>
          </ns3:TrackPointExtension>
        </extensions>
      </trkpt>
      <trkpt lat="-25.508735440671443939208984375" lon="-48.9825152792036533355712890625">
        <ele>1272.4000244140625</ele>
        <time>2025-08-17T13:06:41.000Z</time>
        <extensions>
          <ns3:TrackPointExtension>
            <ns3:hr>94</ns3:hr>
          </ns3:TrackPointExtension>
        </extensions>
      </trkpt>
      <trkpt lat="-25.5087356083095073699951171875" lon="-48.98251519538462162017822265625">
        <ele>1272.4000244140625</ele>
        <time>2025-08-17T13:06:45.000Z</time>
        <extensions>
          <ns3:TrackPointExtension>
            <ns3:hr>91</ns3:hr>
          </ns3:TrackPointExtension>
        </extensions>
      </trkpt>
      <trkpt lat="-25.50873577594757080078125" lon="-48.98251502774655818939208984375">
        <ele>1272.4000244140625</ele>
        <time>2025-08-17T13:06:47.000Z</time>
        <extensions>
          <ns3:TrackPointExtension>
            <ns3:hr>94</ns3:hr>
          </ns3:TrackPointExtension>
        </extensions>
      </trkpt>
      <trkpt lat="-25.50876989029347896575927734375" lon="-48.9824773930013179779052734375">
        <ele>1273</ele>
        <time>2025-08-17T13:06:52.000Z</time>
        <extensions>
          <ns3:TrackPointExtension>
            <ns3:hr>95</ns3:hr>
          </ns3:TrackPointExtension>
        </extensions>
      </trkpt>
      <trkpt lat="-25.50879218615591526031494140625" lon="-48.98241846822202205657958984375">
        <ele>1274.199951171875</ele>
        <time>2025-08-17T13:06:58.000Z</time>
        <extensions>
          <ns3:TrackPointExtension>
            <ns3:hr>92</ns3:hr>
          </ns3:TrackPointExtension>
        </extensions>
      </trkpt>
      <trkpt lat="-25.50879813730716705322265625" lon="-48.9824084937572479248046875">
        <ele>1274.4000244140625</ele>
        <time>2025-08-17T13:07:00.000Z</time>
        <extensions>
          <ns3:TrackPointExtension>
            <ns3:hr>92</ns3:hr>
          </ns3:TrackPointExtension>
        </extensions>
      </trkpt>
      <trkpt lat="-25.5088207684457302093505859375" lon="-48.982402123510837554931640625">
        <ele>1275</ele>
        <time>2025-08-17T13:07:06.000Z</time>
        <extensions>
          <ns3:TrackPointExtension>
            <ns3:hr>91</ns3:hr>
          </ns3:TrackPointExtension>
        </extensions>
      </trkpt>
      <trkpt lat="-25.5088281445205211639404296875" lon="-48.98240975104272365570068359375">
        <ele>1275</ele>
        <time>2025-08-17T13:07:12.000Z</time>
        <extensions>
          <ns3:TrackPointExtension>
            <ns3:hr>94</ns3:hr>
          </ns3:TrackPointExtension>
        </extensions>
      </trkpt>
      <trkpt lat="-25.50883141346275806427001953125" lon="-48.9823969267308712005615234375">
        <ele>1275.199951171875</ele>
        <time>2025-08-17T13:07:15.000Z</time>
        <extensions>
          <ns3:TrackPointExtension>
            <ns3:hr>93</ns3:hr>
          </ns3:TrackPointExtension>
        </extensions>
      </trkpt>
      <trkpt lat="-25.5088392086327075958251953125" lon="-48.9823865331709384918212890625">
        <ele>1275.5999755859375</ele>
        <time>2025-08-17T13:07:17.000Z</time>
        <extensions>
          <ns3:TrackPointExtension>
            <ns3:hr>90</ns3:hr>
          </ns3:TrackPointExtension>
        </extensions>
      </trkpt>
      <trkpt lat="-25.50885186530649662017822265625" lon="-48.98239307105541229248046875">
        <ele>1275.800048828125</ele>
        <time>2025-08-17T13:07:22.000Z</time>
        <extensions>
          <ns3:TrackPointExtension>
            <ns3:hr>92</ns3:hr>
          </ns3:TrackPointExtension>
        </extensions>
      </trkpt>
      <trkpt lat="-25.508856140077114105224609375" lon="-48.982392735779285430908203125">
        <ele>1275.800048828125</ele>
        <time>2025-08-17T13:07:30.000Z</time>
        <extensions>
          <ns3:TrackPointExtension>
            <ns3:hr>92</ns3:hr>
          </ns3:TrackPointExtension>
        </extensions>
      </trkpt>
      <trkpt lat="-25.50886997021734714508056640625" lon="-48.9823382534086704254150390625">
        <ele>1276.4000244140625</ele>
        <time>2025-08-17T13:07:57.000Z</time>
        <extensions>
          <ns3:TrackPointExtension>
            <ns3:hr>95</ns3:hr>
          </ns3:TrackPointExtension>
        </extensions>
      </trkpt>
      <trkpt lat="-25.50886997021734714508056640625" lon="-48.98233473300933837890625">
        <ele>1276.4000244140625</ele>
        <time>2025-08-17T13:08:00.000Z</time>
        <extensions>
          <ns3:TrackPointExtension>
            <ns3:hr>100</ns3:hr>
          </ns3:TrackPointExtension>
        </extensions>
      </trkpt>
      <trkpt lat="-25.5088697187602519989013671875" lon="-48.98233029060065746307373046875">
        <ele>1276.4000244140625</ele>
        <time>2025-08-17T13:08:01.000Z</time>
        <extensions>
          <ns3:TrackPointExtension>
            <ns3:hr>100</ns3:hr>
          </ns3:TrackPointExtension>
        </extensions>
      </trkpt>
      <trkpt lat="-25.50887214951217174530029296875" lon="-48.9823084138333797454833984375">
        <ele>1276.4000244140625</ele>
        <time>2025-08-17T13:08:04.000Z</time>
        <extensions>
          <ns3:TrackPointExtension>
            <ns3:hr>102</ns3:hr>
          </ns3:TrackPointExtension>
        </extensions>
      </trkpt>
      <trkpt lat="-25.5088841356337070465087890625" lon="-48.98227379657328128814697265625">
        <ele>1276.199951171875</ele>
        <time>2025-08-17T13:08:11.000Z</time>
        <extensions>
          <ns3:TrackPointExtension>
            <ns3:hr>104</ns3:hr>
          </ns3:TrackPointExtension>
        </extensions>
      </trkpt>
      <trkpt lat="-25.50889779813587665557861328125" lon="-48.982232473790645599365234375">
        <ele>1276</ele>
        <time>2025-08-17T13:08:18.000Z</time>
        <extensions>
          <ns3:TrackPointExtension>
            <ns3:hr>103</ns3:hr>
          </ns3:TrackPointExtension>
        </extensions>
      </trkpt>
      <trkpt lat="-25.50892596133053302764892578125" lon="-48.9822363294661045074462890625">
        <ele>1275.5999755859375</ele>
        <time>2025-08-17T13:08:22.000Z</time>
        <extensions>
          <ns3:TrackPointExtension>
            <ns3:hr>107</ns3:hr>
          </ns3:TrackPointExtension>
        </extensions>
      </trkpt>
      <trkpt lat="-25.50892688333988189697265625" lon="-48.98222501389682292938232421875">
        <ele>1275.5999755859375</ele>
        <time>2025-08-17T13:08:24.000Z</time>
        <extensions>
          <ns3:TrackPointExtension>
            <ns3:hr>109</ns3:hr>
          </ns3:TrackPointExtension>
        </extensions>
      </trkpt>
      <trkpt lat="-25.50895663909614086151123046875" lon="-48.98221747018396854400634765625">
        <ele>1275</ele>
        <time>2025-08-17T13:08:30.000Z</time>
        <extensions>
          <ns3:TrackPointExtension>
            <ns3:hr>111</ns3:hr>
          </ns3:TrackPointExtension>
        </extensions>
      </trkpt>
      <trkpt lat="-25.5089578963816165924072265625" lon="-48.9822209067642688751220703125">
        <ele>1275</ele>
        <time>2025-08-17T13:08:32.000Z</time>
        <extensions>
          <ns3:TrackPointExtension>
            <ns3:hr>108</ns3:hr>
          </ns3:TrackPointExtension>
        </extensions>
      </trkpt>
      <trkpt lat="-25.50892227329313755035400390625" lon="-48.98220305331051349639892578125">
        <ele>1275.4000244140625</ele>
        <time>2025-08-17T13:08:35.000Z</time>
        <extensions>
          <ns3:TrackPointExtension>
            <ns3:hr>109</ns3:hr>
          </ns3:TrackPointExtension>
        </extensions>
      </trkpt>
      <trkpt lat="-25.5088928528130054473876953125" lon="-48.98215510882437229156494140625">
        <ele>1275.5999755859375</ele>
        <time>2025-08-17T13:08:41.000Z</time>
        <extensions>
          <ns3:TrackPointExtension>
            <ns3:hr>107</ns3:hr>
          </ns3:TrackPointExtension>
        </extensions>
      </trkpt>
      <trkpt lat="-25.50890416838228702545166015625" lon="-48.98215410299599170684814453125">
        <ele>1275.4000244140625</ele>
        <time>2025-08-17T13:08:48.000Z</time>
        <extensions>
          <ns3:TrackPointExtension>
            <ns3:hr>105</ns3:hr>
          </ns3:TrackPointExtension>
        </extensions>
      </trkpt>
      <trkpt lat="-25.508896373212337493896484375" lon="-48.98217086680233478546142578125">
        <ele>1275.5999755859375</ele>
        <time>2025-08-17T13:08:54.000Z</time>
        <extensions>
          <ns3:TrackPointExtension>
            <ns3:hr>103</ns3:hr>
          </ns3:TrackPointExtension>
        </extensions>
      </trkpt>
      <trkpt lat="-25.5089582316577434539794921875" lon="-48.98221177048981189727783203125">
        <ele>1275</ele>
        <time>2025-08-17T13:09:03.000Z</time>
        <extensions>
          <ns3:TrackPointExtension>
            <ns3:hr>106</ns3:hr>
          </ns3:TrackPointExtension>
        </extensions>
      </trkpt>
      <trkpt lat="-25.508962757885456085205078125" lon="-48.9822155423462390899658203125">
        <ele>1275</ele>
        <time>2025-08-17T13:09:06.000Z</time>
        <extensions>
          <ns3:TrackPointExtension>
            <ns3:hr>101</ns3:hr>
          </ns3:TrackPointExtension>
        </extensions>
      </trkpt>
      <trkpt lat="-25.50897005014121532440185546875" lon="-48.98221277631819248199462890625">
        <ele>1274.800048828125</ele>
        <time>2025-08-17T13:09:08.000Z</time>
        <extensions>
          <ns3:TrackPointExtension>
            <ns3:hr>104</ns3:hr>
          </ns3:TrackPointExtension>
        </extensions>
      </trkpt>
      <trkpt lat="-25.50898195244371891021728515625" lon="-48.98220037110149860382080078125">
        <ele>1274.5999755859375</ele>
        <time>2025-08-17T13:09:15.000Z</time>
        <extensions>
          <ns3:TrackPointExtension>
            <ns3:hr>102</ns3:hr>
          </ns3:TrackPointExtension>
        </extensions>
      </trkpt>
      <trkpt lat="-25.50896585918962955474853515625" lon="-48.9821618981659412384033203125">
        <ele>1274.5999755859375</ele>
        <time>2025-08-17T13:09:21.000Z</time>
        <extensions>
          <ns3:TrackPointExtension>
            <ns3:hr>101</ns3:hr>
          </ns3:TrackPointExtension>
        </extensions>
      </trkpt>
      <trkpt lat="-25.50897038541734218597412109375" lon="-48.98213717155158519744873046875">
        <ele>1274.5999755859375</ele>
        <time>2025-08-17T13:09:27.000Z</time>
        <extensions>
          <ns3:TrackPointExtension>
            <ns3:hr>99</ns3:hr>
          </ns3:TrackPointExtension>
        </extensions>
      </trkpt>
      <trkpt lat="-25.5089957825839519500732421875" lon="-48.9821152947843074798583984375">
        <ele>1274.4000244140625</ele>
        <time>2025-08-17T13:09:32.000Z</time>
        <extensions>
          <ns3:TrackPointExtension>
            <ns3:hr>98</ns3:hr>
          </ns3:TrackPointExtension>
        </extensions>
      </trkpt>
      <trkpt lat="-25.509017407894134521484375" lon="-48.9820866286754608154296875">
        <ele>1274.5999755859375</ele>
        <time>2025-08-17T13:09:37.000Z</time>
        <extensions>
          <ns3:TrackPointExtension>
            <ns3:hr>98</ns3:hr>
          </ns3:TrackPointExtension>
        </extensions>
      </trkpt>
      <trkpt lat="-25.5090296454727649688720703125" lon="-48.98207430727779865264892578125">
        <ele>1274.4000244140625</ele>
        <time>2025-08-17T13:09:42.000Z</time>
        <extensions>
          <ns3:TrackPointExtension>
            <ns3:hr>96</ns3:hr>
          </ns3:TrackPointExtension>
        </extensions>
      </trkpt>
      <trkpt lat="-25.50902880728244781494140625" lon="-48.98207187652587890625">
        <ele>1274.4000244140625</ele>
        <time>2025-08-17T13:09:43.000Z</time>
        <extensions>
          <ns3:TrackPointExtension>
            <ns3:hr>99</ns3:hr>
          </ns3:TrackPointExtension>
        </extensions>
      </trkpt>
      <trkpt lat="-25.5090085230767726898193359375" lon="-48.981996439397335052490234375">
        <ele>1273.5999755859375</ele>
        <time>2025-08-17T13:09:51.000Z</time>
        <extensions>
          <ns3:TrackPointExtension>
            <ns3:hr>99</ns3:hr>
          </ns3:TrackPointExtension>
        </extensions>
      </trkpt>
      <trkpt lat="-25.5090373568236827850341796875" lon="-48.98197657428681850433349609375">
        <ele>1273.4000244140625</ele>
        <time>2025-08-17T13:09:58.000Z</time>
        <extensions>
          <ns3:TrackPointExtension>
            <ns3:hr>99</ns3:hr>
          </ns3:TrackPointExtension>
        </extensions>
      </trkpt>
      <trkpt lat="-25.5090965330600738525390625" lon="-48.98197120986878871917724609375">
        <ele>1273.4000244140625</ele>
        <time>2025-08-17T13:10:06.000Z</time>
        <extensions>
          <ns3:TrackPointExtension>
            <ns3:hr>98</ns3:hr>
          </ns3:TrackPointExtension>
        </extensions>
      </trkpt>
      <trkpt lat="-25.50913869403302669525146484375" lon="-48.98196735419332981109619140625">
        <ele>1273.4000244140625</ele>
        <time>2025-08-17T13:10:12.000Z</time>
        <extensions>
          <ns3:TrackPointExtension>
            <ns3:hr>99</ns3:hr>
          </ns3:TrackPointExtension>
        </extensions>
      </trkpt>
      <trkpt lat="-25.50915964879095554351806640625" lon="-48.98195578716695308685302734375">
        <ele>1273.5999755859375</ele>
        <time>2025-08-17T13:10:18.000Z</time>
        <extensions>
          <ns3:TrackPointExtension>
            <ns3:hr>100</ns3:hr>
          </ns3:TrackPointExtension>
        </extensions>
      </trkpt>
      <trkpt lat="-25.5091798491775989532470703125" lon="-48.9819473214447498321533203125">
        <ele>1273.199951171875</ele>
        <time>2025-08-17T13:10:25.000Z</time>
        <extensions>
          <ns3:TrackPointExtension>
            <ns3:hr>96</ns3:hr>
          </ns3:TrackPointExtension>
        </extensions>
      </trkpt>
      <trkpt lat="-25.50918227992951869964599609375" lon="-48.9819471538066864013671875">
        <ele>1273.199951171875</ele>
        <time>2025-08-17T13:10:26.000Z</time>
        <extensions>
          <ns3:TrackPointExtension>
            <ns3:hr>99</ns3:hr>
          </ns3:TrackPointExtension>
        </extensions>
      </trkpt>
      <trkpt lat="-25.5091885663568973541259765625" lon="-48.98195796646177768707275390625">
        <ele>1273.199951171875</ele>
        <time>2025-08-17T13:10:32.000Z</time>
        <extensions>
          <ns3:TrackPointExtension>
            <ns3:hr>98</ns3:hr>
          </ns3:TrackPointExtension>
        </extensions>
      </trkpt>
      <trkpt lat="-25.5091885663568973541259765625" lon="-48.98195796646177768707275390625">
        <ele>1273.199951171875</ele>
        <time>2025-08-17T13:10:43.000Z</time>
        <extensions>
          <ns3:TrackPointExtension>
            <ns3:hr>101</ns3:hr>
          </ns3:TrackPointExtension>
        </extensions>
      </trkpt>
      <trkpt lat="-25.5091904103755950927734375" lon="-48.9819580502808094024658203125">
        <ele>1273.199951171875</ele>
        <time>2025-08-17T13:10:49.000Z</time>
        <extensions>
          <ns3:TrackPointExtension>
            <ns3:hr>102</ns3:hr>
          </ns3:TrackPointExtension>
        </extensions>
      </trkpt>
      <trkpt lat="-25.50921094603836536407470703125" lon="-48.98195947520434856414794921875">
        <ele>1272.5999755859375</ele>
        <time>2025-08-17T13:10:56.000Z</time>
        <extensions>
          <ns3:TrackPointExtension>
            <ns3:hr>105</ns3:hr>
          </ns3:TrackPointExtension>
        </extensions>
      </trkpt>
      <trkpt lat="-25.50921429879963397979736328125" lon="-48.98195947520434856414794921875">
        <ele>1272.5999755859375</ele>
        <time>2025-08-17T13:10:59.000Z</time>
        <extensions>
          <ns3:TrackPointExtension>
            <ns3:hr>108</ns3:hr>
          </ns3:TrackPointExtension>
        </extensions>
      </trkpt>
      <trkpt lat="-25.50921429879963397979736328125" lon="-48.98195947520434856414794921875">
        <ele>1272.5999755859375</ele>
        <time>2025-08-17T13:11:04.000Z</time>
        <extensions>
          <ns3:TrackPointExtension>
            <ns3:hr>111</ns3:hr>
          </ns3:TrackPointExtension>
        </extensions>
      </trkpt>
      <trkpt lat="-25.509220249950885772705078125" lon="-48.98195947520434856414794921875">
        <ele>1272.4000244140625</ele>
        <time>2025-08-17T13:11:07.000Z</time>
        <extensions>
          <ns3:TrackPointExtension>
            <ns3:hr>114</ns3:hr>
          </ns3:TrackPointExtension>
        </extensions>
      </trkpt>
      <trkpt lat="-25.50922251306474208831787109375" lon="-48.9819593913853168487548828125">
        <ele>1272.4000244140625</ele>
        <time>2025-08-17T13:11:10.000Z</time>
        <extensions>
          <ns3:TrackPointExtension>
            <ns3:hr>117</ns3:hr>
          </ns3:TrackPointExtension>
        </extensions>
      </trkpt>
      <trkpt lat="-25.5092401988804340362548828125" lon="-48.98194648325443267822265625">
        <ele>1272</ele>
        <time>2025-08-17T13:11:28.000Z</time>
        <extensions>
          <ns3:TrackPointExtension>
            <ns3:hr>114</ns3:hr>
          </ns3:TrackPointExtension>
        </extensions>
      </trkpt>
      <trkpt lat="-25.5092655122280120849609375" lon="-48.98194137029349803924560546875">
        <ele>1271.4000244140625</ele>
        <time>2025-08-17T13:11:34.000Z</time>
        <extensions>
          <ns3:TrackPointExtension>
            <ns3:hr>111</ns3:hr>
          </ns3:TrackPointExtension>
        </extensions>
      </trkpt>
      <trkpt lat="-25.50930901430547237396240234375" lon="-48.98194019682705402374267578125">
        <ele>1270.4000244140625</ele>
        <time>2025-08-17T13:11:46.000Z</time>
        <extensions>
          <ns3:TrackPointExtension>
            <ns3:hr>107</ns3:hr>
          </ns3:TrackPointExtension>
        </extensions>
      </trkpt>
      <trkpt lat="-25.50931002013385295867919921875" lon="-48.98194069974124431610107421875">
        <ele>1270.4000244140625</ele>
        <time>2025-08-17T13:11:47.000Z</time>
        <extensions>
          <ns3:TrackPointExtension>
            <ns3:hr>111</ns3:hr>
          </ns3:TrackPointExtension>
        </extensions>
      </trkpt>
      <trkpt lat="-25.50934203900396823883056640625" lon="-48.981979675590991973876953125">
        <ele>1270</ele>
        <time>2025-08-17T13:12:05.000Z</time>
        <extensions>
          <ns3:TrackPointExtension>
            <ns3:hr>114</ns3:hr>
          </ns3:TrackPointExtension>
        </extensions>
      </trkpt>
      <trkpt lat="-25.50934396684169769287109375" lon="-48.98200389929115772247314453125">
        <ele>1270</ele>
        <time>2025-08-17T13:12:11.000Z</time>
        <extensions>
          <ns3:TrackPointExtension>
            <ns3:hr>117</ns3:hr>
          </ns3:TrackPointExtension>
        </extensions>
      </trkpt>
      <trkpt lat="-25.5093766562640666961669921875" lon="-48.98204681463539600372314453125">
        <ele>1269.4000244140625</ele>
        <time>2025-08-17T13:12:23.000Z</time>
        <extensions>
          <ns3:TrackPointExtension>
            <ns3:hr>120</ns3:hr>
          </ns3:TrackPointExtension>
        </extensions>
      </trkpt>
      <trkpt lat="-25.50945200957357883453369140625" lon="-48.9821803383529186248779296875">
        <ele>1266.4000244140625</ele>
        <time>2025-08-17T13:12:43.000Z</time>
        <extensions>
          <ns3:TrackPointExtension>
            <ns3:hr>118</ns3:hr>
          </ns3:TrackPointExtension>
        </extensions>
      </trkpt>
      <trkpt lat="-25.5094896443188190460205078125" lon="-48.9822182245552539825439453125">
        <ele>1265.4000244140625</ele>
        <time>2025-08-17T13:12:48.000Z</time>
        <extensions>
          <ns3:TrackPointExtension>
            <ns3:hr>117</ns3:hr>
          </ns3:TrackPointExtension>
        </extensions>
      </trkpt>
      <trkpt lat="-25.50950825214385986328125" lon="-48.982222080230712890625">
        <ele>1265</ele>
        <time>2025-08-17T13:12:52.000Z</time>
        <extensions>
          <ns3:TrackPointExtension>
            <ns3:hr>114</ns3:hr>
          </ns3:TrackPointExtension>
        </extensions>
      </trkpt>
      <trkpt lat="-25.50952392630279064178466796875" lon="-48.98222384043037891387939453125">
        <ele>1264.800048828125</ele>
        <time>2025-08-17T13:12:55.000Z</time>
        <extensions>
          <ns3:TrackPointExtension>
            <ns3:hr>114</ns3:hr>
          </ns3:TrackPointExtension>
        </extensions>
      </trkpt>
      <trkpt lat="-25.50956600345671176910400390625" lon="-48.9822366647422313690185546875">
        <ele>1264</ele>
        <time>2025-08-17T13:13:02.000Z</time>
        <extensions>
          <ns3:TrackPointExtension>
            <ns3:hr>116</ns3:hr>
          </ns3:TrackPointExtension>
        </extensions>
      </trkpt>
      <trkpt lat="-25.5095905624330043792724609375" lon="-48.98224010132253170013427734375">
        <ele>1263.5999755859375</ele>
        <time>2025-08-17T13:13:07.000Z</time>
        <extensions>
          <ns3:TrackPointExtension>
            <ns3:hr>119</ns3:hr>
          </ns3:TrackPointExtension>
        </extensions>
      </trkpt>
      <trkpt lat="-25.5095954239368438720703125" lon="-48.98224311880767345428466796875">
        <ele>1263.4000244140625</ele>
        <time>2025-08-17T13:13:08.000Z</time>
        <extensions>
          <ns3:TrackPointExtension>
            <ns3:hr>120</ns3:hr>
          </ns3:TrackPointExtension>
        </extensions>
      </trkpt>
      <trkpt lat="-25.50961495377123355865478515625" lon="-48.9822475612163543701171875">
        <ele>1263.199951171875</ele>
        <time>2025-08-17T13:13:14.000Z</time>
        <extensions>
          <ns3:TrackPointExtension>
            <ns3:hr>123</ns3:hr>
          </ns3:TrackPointExtension>
        </extensions>
      </trkpt>
      <trkpt lat="-25.50961352884769439697265625" lon="-48.9822403527796268463134765625">
        <ele>1263.199951171875</ele>
        <time>2025-08-17T13:13:15.000Z</time>
        <extensions>
          <ns3:TrackPointExtension>
            <ns3:hr>123</ns3:hr>
          </ns3:TrackPointExtension>
        </extensions>
      </trkpt>
      <trkpt lat="-25.50961998291313648223876953125" lon="-48.9822490699589252471923828125">
        <ele>1263</ele>
        <time>2025-08-17T13:13:20.000Z</time>
        <extensions>
          <ns3:TrackPointExtension>
            <ns3:hr>122</ns3:hr>
          </ns3:TrackPointExtension>
        </extensions>
      </trkpt>
      <trkpt lat="-25.509652756154537200927734375" lon="-48.98227144964039325714111328125">
        <ele>1262.199951171875</ele>
        <time>2025-08-17T13:13:28.000Z</time>
        <extensions>
          <ns3:TrackPointExtension>
            <ns3:hr>122</ns3:hr>
          </ns3:TrackPointExtension>
        </extensions>
      </trkpt>
      <trkpt lat="-25.509652756154537200927734375" lon="-48.98227144964039325714111328125">
        <ele>1262.199951171875</ele>
        <time>2025-08-17T13:13:32.000Z</time>
        <extensions>
          <ns3:TrackPointExtension>
            <ns3:hr>118</ns3:hr>
          </ns3:TrackPointExtension>
        </extensions>
      </trkpt>
      <trkpt lat="-25.509651415050029754638671875" lon="-48.98227144964039325714111328125">
        <ele>1262.199951171875</ele>
        <time>2025-08-17T13:13:35.000Z</time>
        <extensions>
          <ns3:TrackPointExtension>
            <ns3:hr>115</ns3:hr>
          </ns3:TrackPointExtension>
        </extensions>
      </trkpt>
      <trkpt lat="-25.50964898429811000823974609375" lon="-48.98227195255458354949951171875">
        <ele>1262.4000244140625</ele>
        <time>2025-08-17T13:13:41.000Z</time>
        <extensions>
          <ns3:TrackPointExtension>
            <ns3:hr>112</ns3:hr>
          </ns3:TrackPointExtension>
        </extensions>
      </trkpt>
      <trkpt lat="-25.50964898429811000823974609375" lon="-48.98227505385875701904296875">
        <ele>1262.199951171875</ele>
        <time>2025-08-17T13:13:43.000Z</time>
        <extensions>
          <ns3:TrackPointExtension>
            <ns3:hr>109</ns3:hr>
          </ns3:TrackPointExtension>
        </extensions>
      </trkpt>
      <trkpt lat="-25.5096489004790782928466796875" lon="-48.9822757244110107421875">
        <ele>1262.199951171875</ele>
        <time>2025-08-17T13:13:45.000Z</time>
        <extensions>
          <ns3:TrackPointExtension>
            <ns3:hr>106</ns3:hr>
          </ns3:TrackPointExtension>
        </extensions>
      </trkpt>
      <trkpt lat="-25.5096428655087947845458984375" lon="-48.98227798752486705780029296875">
        <ele>1262.4000244140625</ele>
        <time>2025-08-17T13:14:01.000Z</time>
        <extensions>
          <ns3:TrackPointExtension>
            <ns3:hr>103</ns3:hr>
          </ns3:TrackPointExtension>
        </extensions>
      </trkpt>
      <trkpt lat="-25.5096180550754070281982421875" lon="-48.9822782389819622039794921875">
        <ele>1262.5999755859375</ele>
        <time>2025-08-17T13:14:09.000Z</time>
        <extensions>
          <ns3:TrackPointExtension>
            <ns3:hr>101</ns3:hr>
          </ns3:TrackPointExtension>
        </extensions>
      </trkpt>
      <trkpt lat="-25.50960606895387172698974609375" lon="-48.98226910270750522613525390625">
        <ele>1263</ele>
        <time>2025-08-17T13:14:14.000Z</time>
        <extensions>
          <ns3:TrackPointExtension>
            <ns3:hr>102</ns3:hr>
          </ns3:TrackPointExtension>
        </extensions>
      </trkpt>
      <trkpt lat="-25.5096066556870937347412109375" lon="-48.98226910270750522613525390625">
        <ele>1263</ele>
        <time>2025-08-17T13:14:17.000Z</time>
        <extensions>
          <ns3:TrackPointExtension>
            <ns3:hr>99</ns3:hr>
          </ns3:TrackPointExtension>
        </extensions>
      </trkpt>
      <trkpt lat="-25.5096066556870937347412109375" lon="-48.98226910270750522613525390625">
        <ele>1263</ele>
        <time>2025-08-17T13:14:24.000Z</time>
        <extensions>
          <ns3:TrackPointExtension>
            <ns3:hr>97</ns3:hr>
          </ns3:TrackPointExtension>
        </extensions>
      </trkpt>
      <trkpt lat="-25.5096207372844219207763671875" lon="-48.9822748862206935882568359375">
        <ele>1262.5999755859375</ele>
        <time>2025-08-17T13:14:35.000Z</time>
        <extensions>
          <ns3:TrackPointExtension>
            <ns3:hr>100</ns3:hr>
          </ns3:TrackPointExtension>
        </extensions>
      </trkpt>
      <trkpt lat="-25.50963255576789379119873046875" lon="-48.982273377478122711181640625">
        <ele>1262.5999755859375</ele>
        <time>2025-08-17T13:14:57.000Z</time>
        <extensions>
          <ns3:TrackPointExtension>
            <ns3:hr>103</ns3:hr>
          </ns3:TrackPointExtension>
        </extensions>
      </trkpt>
      <trkpt lat="-25.5096965096890926361083984375" lon="-48.9823067374527454376220703125">
        <ele>1261.199951171875</ele>
        <time>2025-08-17T13:15:04.000Z</time>
        <extensions>
          <ns3:TrackPointExtension>
            <ns3:hr>103</ns3:hr>
          </ns3:TrackPointExtension>
        </extensions>
      </trkpt>
      <trkpt lat="-25.50974772311747074127197265625" lon="-48.98235820233821868896484375">
        <ele>1259.199951171875</ele>
        <time>2025-08-17T13:15:10.000Z</time>
        <extensions>
          <ns3:TrackPointExtension>
            <ns3:hr>101</ns3:hr>
          </ns3:TrackPointExtension>
        </extensions>
      </trkpt>
      <trkpt lat="-25.5097806639969348907470703125" lon="-48.982412852346897125244140625">
        <ele>1257.199951171875</ele>
        <time>2025-08-17T13:15:17.000Z</time>
        <extensions>
          <ns3:TrackPointExtension>
            <ns3:hr>101</ns3:hr>
          </ns3:TrackPointExtension>
        </extensions>
      </trkpt>
      <trkpt lat="-25.5097732879221439361572265625" lon="-48.98242819122970104217529296875">
        <ele>1257.199951171875</ele>
        <time>2025-08-17T13:15:21.000Z</time>
        <extensions>
          <ns3:TrackPointExtension>
            <ns3:hr>99</ns3:hr>
          </ns3:TrackPointExtension>
        </extensions>
      </trkpt>
      <trkpt lat="-25.509777478873729705810546875" lon="-48.98245166055858135223388671875">
        <ele>1256.5999755859375</ele>
        <time>2025-08-17T13:15:26.000Z</time>
        <extensions>
          <ns3:TrackPointExtension>
            <ns3:hr>97</ns3:hr>
          </ns3:TrackPointExtension>
        </extensions>
      </trkpt>
      <trkpt lat="-25.509776808321475982666015625" lon="-48.982470519840717315673828125">
        <ele>1256.199951171875</ele>
        <time>2025-08-17T13:15:30.000Z</time>
        <extensions>
          <ns3:TrackPointExtension>
            <ns3:hr>100</ns3:hr>
          </ns3:TrackPointExtension>
        </extensions>
      </trkpt>
      <trkpt lat="-25.509782172739505767822265625" lon="-48.9824730344116687774658203125">
        <ele>1256</ele>
        <time>2025-08-17T13:15:32.000Z</time>
        <extensions>
          <ns3:TrackPointExtension>
            <ns3:hr>100</ns3:hr>
          </ns3:TrackPointExtension>
        </extensions>
      </trkpt>
      <trkpt lat="-25.509798265993595123291015625" lon="-48.98249558173120021820068359375">
        <ele>1255.199951171875</ele>
        <time>2025-08-17T13:15:37.000Z</time>
        <extensions>
          <ns3:TrackPointExtension>
            <ns3:hr>100</ns3:hr>
          </ns3:TrackPointExtension>
        </extensions>
      </trkpt>
      <trkpt lat="-25.5098051391541957855224609375" lon="-48.9825023710727691650390625">
        <ele>1254.800048828125</ele>
        <time>2025-08-17T13:15:42.000Z</time>
        <extensions>
          <ns3:TrackPointExtension>
            <ns3:hr>98</ns3:hr>
          </ns3:TrackPointExtension>
        </extensions>
      </trkpt>
      <trkpt lat="-25.50980891101062297821044921875" lon="-48.9825390838086605072021484375">
        <ele>1254</ele>
        <time>2025-08-17T13:15:48.000Z</time>
        <extensions>
          <ns3:TrackPointExtension>
            <ns3:hr>99</ns3:hr>
          </ns3:TrackPointExtension>
        </extensions>
      </trkpt>
      <trkpt lat="-25.50980924628674983978271484375" lon="-48.9825524948537349700927734375">
        <ele>1253.800048828125</ele>
        <time>2025-08-17T13:15:54.000Z</time>
        <extensions>
          <ns3:TrackPointExtension>
            <ns3:hr>101</ns3:hr>
          </ns3:TrackPointExtension>
        </extensions>
      </trkpt>
      <trkpt lat="-25.509801618754863739013671875" lon="-48.98257437162101268768310546875">
        <ele>1253.5999755859375</ele>
        <time>2025-08-17T13:15:59.000Z</time>
        <extensions>
          <ns3:TrackPointExtension>
            <ns3:hr>103</ns3:hr>
          </ns3:TrackPointExtension>
        </extensions>
      </trkpt>
      <trkpt lat="-25.5098299495875835418701171875" lon="-48.98261368274688720703125">
        <ele>1252</ele>
        <time>2025-08-17T13:16:05.000Z</time>
        <extensions>
          <ns3:TrackPointExtension>
            <ns3:hr>100</ns3:hr>
          </ns3:TrackPointExtension>
        </extensions>
      </trkpt>
      <trkpt lat="-25.50985568203032016754150390625" lon="-48.98265534080564975738525390625">
        <ele>1250.199951171875</ele>
        <time>2025-08-17T13:16:12.000Z</time>
        <extensions>
          <ns3:TrackPointExtension>
            <ns3:hr>102</ns3:hr>
          </ns3:TrackPointExtension>
        </extensions>
      </trkpt>
      <trkpt lat="-25.50986791960895061492919921875" lon="-48.98266942240297794342041015625">
        <ele>1249.4000244140625</ele>
        <time>2025-08-17T13:16:18.000Z</time>
        <extensions>
          <ns3:TrackPointExtension>
            <ns3:hr>102</ns3:hr>
          </ns3:TrackPointExtension>
        </extensions>
      </trkpt>
      <trkpt lat="-25.5098904669284820556640625" lon="-48.98270127363502979278564453125">
        <ele>1247.800048828125</ele>
        <time>2025-08-17T13:16:27.000Z</time>
        <extensions>
          <ns3:TrackPointExtension>
            <ns3:hr>102</ns3:hr>
          </ns3:TrackPointExtension>
        </extensions>
      </trkpt>
      <trkpt lat="-25.50990144722163677215576171875" lon="-48.98271870799362659454345703125">
        <ele>1246.800048828125</ele>
        <time>2025-08-17T13:16:34.000Z</time>
        <extensions>
          <ns3:TrackPointExtension>
            <ns3:hr>102</ns3:hr>
          </ns3:TrackPointExtension>
        </extensions>
      </trkpt>
      <trkpt lat="-25.50989557988941669464111328125" lon="-48.9827261678874492645263671875">
        <ele>1246.800048828125</ele>
        <time>2025-08-17T13:16:41.000Z</time>
        <extensions>
          <ns3:TrackPointExtension>
            <ns3:hr>99</ns3:hr>
          </ns3:TrackPointExtension>
        </extensions>
      </trkpt>
      <trkpt lat="-25.50989557988941669464111328125" lon="-48.9827261678874492645263671875">
        <ele>1246.800048828125</ele>
        <time>2025-08-17T13:16:47.000Z</time>
        <extensions>
          <ns3:TrackPointExtension>
            <ns3:hr>96</ns3:hr>
          </ns3:TrackPointExtension>
        </extensions>
      </trkpt>
      <trkpt lat="-25.509897507727146148681640625" lon="-48.98272675462067127227783203125">
        <ele>1246.800048828125</ele>
        <time>2025-08-17T13:17:03.000Z</time>
        <extensions>
          <ns3:TrackPointExtension>
            <ns3:hr>100</ns3:hr>
          </ns3:TrackPointExtension>
        </extensions>
      </trkpt>
      <trkpt lat="-25.509897507727146148681640625" lon="-48.98272675462067127227783203125">
        <ele>1246.800048828125</ele>
        <time>2025-08-17T13:17:04.000Z</time>
        <extensions>
          <ns3:TrackPointExtension>
            <ns3:hr>105</ns3:hr>
          </ns3:TrackPointExtension>
        </extensions>
      </trkpt>
      <trkpt lat="-25.50989876501262187957763671875" lon="-48.98272675462067127227783203125">
        <ele>1246.5999755859375</ele>
        <time>2025-08-17T13:17:07.000Z</time>
        <extensions>
          <ns3:TrackPointExtension>
            <ns3:hr>108</ns3:hr>
          </ns3:TrackPointExtension>
        </extensions>
      </trkpt>
      <trkpt lat="-25.5099073983728885650634765625" lon="-48.98272432386875152587890625">
        <ele>1246.4000244140625</ele>
        <time>2025-08-17T13:17:14.000Z</time>
        <extensions>
          <ns3:TrackPointExtension>
            <ns3:hr>112</ns3:hr>
          </ns3:TrackPointExtension>
        </extensions>
      </trkpt>
      <trkpt lat="-25.5099119246006011962890625" lon="-48.9827228151261806488037109375">
        <ele>1246.4000244140625</ele>
        <time>2025-08-17T13:17:15.000Z</time>
        <extensions>
          <ns3:TrackPointExtension>
            <ns3:hr>109</ns3:hr>
          </ns3:TrackPointExtension>
        </extensions>
      </trkpt>
      <trkpt lat="-25.509931705892086029052734375" lon="-48.9827583543956279754638671875">
        <ele>1244.800048828125</ele>
        <time>2025-08-17T13:17:43.000Z</time>
        <extensions>
          <ns3:TrackPointExtension>
            <ns3:hr>106</ns3:hr>
          </ns3:TrackPointExtension>
        </extensions>
      </trkpt>
      <trkpt lat="-25.509931705892086029052734375" lon="-48.9827625453472137451171875">
        <ele>1244.5999755859375</ele>
        <time>2025-08-17T13:17:54.000Z</time>
        <extensions>
          <ns3:TrackPointExtension>
            <ns3:hr>109</ns3:hr>
          </ns3:TrackPointExtension>
        </extensions>
      </trkpt>
      <trkpt lat="-25.50993329845368862152099609375" lon="-48.9827600307762622833251953125">
        <ele>1244.5999755859375</ele>
        <time>2025-08-17T13:18:15.000Z</time>
        <extensions>
          <ns3:TrackPointExtension>
            <ns3:hr>106</ns3:hr>
          </ns3:TrackPointExtension>
        </extensions>
      </trkpt>
      <trkpt lat="-25.5099335499107837677001953125" lon="-48.9827593602240085601806640625">
        <ele>1244.5999755859375</ele>
        <time>2025-08-17T13:18:17.000Z</time>
        <extensions>
          <ns3:TrackPointExtension>
            <ns3:hr>103</ns3:hr>
          </ns3:TrackPointExtension>
        </extensions>
      </trkpt>
      <trkpt lat="-25.50993396900594234466552734375" lon="-48.9827590249478816986083984375">
        <ele>1244.5999755859375</ele>
        <time>2025-08-17T13:18:19.000Z</time>
        <extensions>
          <ns3:TrackPointExtension>
            <ns3:hr>100</ns3:hr>
          </ns3:TrackPointExtension>
        </extensions>
      </trkpt>
      <trkpt lat="-25.50993480719625949859619140625" lon="-48.98275894112884998321533203125">
        <ele>1244.5999755859375</ele>
        <time>2025-08-17T13:18:21.000Z</time>
        <extensions>
          <ns3:TrackPointExtension>
            <ns3:hr>97</ns3:hr>
          </ns3:TrackPointExtension>
        </extensions>
      </trkpt>
      <trkpt lat="-25.5099372379481792449951171875" lon="-48.9827727712690830230712890625">
        <ele>1244.199951171875</ele>
        <time>2025-08-17T13:18:37.000Z</time>
        <extensions>
          <ns3:TrackPointExtension>
            <ns3:hr>100</ns3:hr>
          </ns3:TrackPointExtension>
        </extensions>
      </trkpt>
      <trkpt lat="-25.509953834116458892822265625" lon="-48.98278794251382350921630859375">
        <ele>1243.199951171875</ele>
        <time>2025-08-17T13:18:45.000Z</time>
        <extensions>
          <ns3:TrackPointExtension>
            <ns3:hr>98</ns3:hr>
          </ns3:TrackPointExtension>
        </extensions>
      </trkpt>
      <trkpt lat="-25.509953834116458892822265625" lon="-48.98278794251382350921630859375">
        <ele>1243.199951171875</ele>
        <time>2025-08-17T13:18:49.000Z</time>
        <extensions>
          <ns3:TrackPointExtension>
            <ns3:hr>101</ns3:hr>
          </ns3:TrackPointExtension>
        </extensions>
      </trkpt>
      <trkpt lat="-25.51000705920159816741943359375" lon="-48.9828108251094818115234375">
        <ele>1240.800048828125</ele>
        <time>2025-08-17T13:18:53.000Z</time>
        <extensions>
          <ns3:TrackPointExtension>
            <ns3:hr>100</ns3:hr>
          </ns3:TrackPointExtension>
        </extensions>
      </trkpt>
      <trkpt lat="-25.5100384913384914398193359375" lon="-48.98283069021999835968017578125">
        <ele>1239.4000244140625</ele>
        <time>2025-08-17T13:18:55.000Z</time>
        <extensions>
          <ns3:TrackPointExtension>
            <ns3:hr>103</ns3:hr>
          </ns3:TrackPointExtension>
        </extensions>
      </trkpt>
      <trkpt lat="-25.51008366979658603668212890625" lon="-48.98285935632884502410888671875">
        <ele>1237.4000244140625</ele>
        <time>2025-08-17T13:18:58.000Z</time>
        <extensions>
          <ns3:TrackPointExtension>
            <ns3:hr>106</ns3:hr>
          </ns3:TrackPointExtension>
        </extensions>
      </trkpt>
      <trkpt lat="-25.5100924707949161529541015625" lon="-48.982865810394287109375">
        <ele>1237</ele>
        <time>2025-08-17T13:18:59.000Z</time>
        <extensions>
          <ns3:TrackPointExtension>
            <ns3:hr>110</ns3:hr>
          </ns3:TrackPointExtension>
        </extensions>
      </trkpt>
      <trkpt lat="-25.5100974999368190765380859375" lon="-48.982874862849712371826171875">
        <ele>1236.5999755859375</ele>
        <time>2025-08-17T13:19:00.000Z</time>
        <extensions>
          <ns3:TrackPointExtension>
            <ns3:hr>108</ns3:hr>
          </ns3:TrackPointExtension>
        </extensions>
      </trkpt>
      <trkpt lat="-25.5101005174219608306884765625" lon="-48.9829008467495441436767578125">
        <ele>1235.800048828125</ele>
        <time>2025-08-17T13:19:04.000Z</time>
        <extensions>
          <ns3:TrackPointExtension>
            <ns3:hr>112</ns3:hr>
          </ns3:TrackPointExtension>
        </extensions>
      </trkpt>
      <trkpt lat="-25.51010026596486568450927734375" lon="-48.98290847428143024444580078125">
        <ele>1235.5999755859375</ele>
        <time>2025-08-17T13:19:05.000Z</time>
        <extensions>
          <ns3:TrackPointExtension>
            <ns3:hr>111</ns3:hr>
          </ns3:TrackPointExtension>
        </extensions>
      </trkpt>
      <trkpt lat="-25.51009926013648509979248046875" lon="-48.98291668854653835296630859375">
        <ele>1235.4000244140625</ele>
        <time>2025-08-17T13:19:06.000Z</time>
        <extensions>
          <ns3:TrackPointExtension>
            <ns3:hr>114</ns3:hr>
          </ns3:TrackPointExtension>
        </extensions>
      </trkpt>
      <trkpt lat="-25.51011920906603336334228515625" lon="-48.9829353801906108856201171875">
        <ele>1234.4000244140625</ele>
        <time>2025-08-17T13:19:12.000Z</time>
        <extensions>
          <ns3:TrackPointExtension>
            <ns3:hr>112</ns3:hr>
          </ns3:TrackPointExtension>
        </extensions>
      </trkpt>
      <trkpt lat="-25.5101347155869007110595703125" lon="-48.98296396248042583465576171875">
        <ele>1233</ele>
        <time>2025-08-17T13:19:18.000Z</time>
        <extensions>
          <ns3:TrackPointExtension>
            <ns3:hr>112</ns3:hr>
          </ns3:TrackPointExtension>
        </extensions>
      </trkpt>
      <trkpt lat="-25.51012189127504825592041015625" lon="-48.98301727138459682464599609375">
        <ele>1231.5999755859375</ele>
        <time>2025-08-17T13:19:25.000Z</time>
        <extensions>
          <ns3:TrackPointExtension>
            <ns3:hr>115</ns3:hr>
          </ns3:TrackPointExtension>
        </extensions>
      </trkpt>
      <trkpt lat="-25.5101157724857330322265625" lon="-48.9830409921705722808837890625">
        <ele>1231</ele>
        <time>2025-08-17T13:19:31.000Z</time>
        <extensions>
          <ns3:TrackPointExtension>
            <ns3:hr>115</ns3:hr>
          </ns3:TrackPointExtension>
        </extensions>
      </trkpt>
      <trkpt lat="-25.510121472179889678955078125" lon="-48.983065299689769744873046875">
        <ele>1230</ele>
        <time>2025-08-17T13:19:36.000Z</time>
        <extensions>
          <ns3:TrackPointExtension>
            <ns3:hr>117</ns3:hr>
          </ns3:TrackPointExtension>
        </extensions>
      </trkpt>
      <trkpt lat="-25.51014670170843601226806640625" lon="-48.9831020124256610870361328125">
        <ele>1228.199951171875</ele>
        <time>2025-08-17T13:19:41.000Z</time>
        <extensions>
          <ns3:TrackPointExtension>
            <ns3:hr>117</ns3:hr>
          </ns3:TrackPointExtension>
        </extensions>
      </trkpt>
      <trkpt lat="-25.5101501382887363433837890625" lon="-48.98314802907407283782958984375">
        <ele>1226.5999755859375</ele>
        <time>2025-08-17T13:19:47.000Z</time>
        <extensions>
          <ns3:TrackPointExtension>
            <ns3:hr>118</ns3:hr>
          </ns3:TrackPointExtension>
        </extensions>
      </trkpt>
      <trkpt lat="-25.51014116965234279632568359375" lon="-48.983165211975574493408203125">
        <ele>1226.4000244140625</ele>
        <time>2025-08-17T13:19:55.000Z</time>
        <extensions>
          <ns3:TrackPointExtension>
            <ns3:hr>121</ns3:hr>
          </ns3:TrackPointExtension>
        </extensions>
      </trkpt>
      <trkpt lat="-25.51013865508139133453369140625" lon="-48.98316764272749423980712890625">
        <ele>1226.199951171875</ele>
        <time>2025-08-17T13:19:56.000Z</time>
        <extensions>
          <ns3:TrackPointExtension>
            <ns3:hr>121</ns3:hr>
          </ns3:TrackPointExtension>
        </extensions>
      </trkpt>
      <trkpt lat="-25.5101353861391544342041015625" lon="-48.98317066021263599395751953125">
        <ele>1226.199951171875</ele>
        <time>2025-08-17T13:19:59.000Z</time>
        <extensions>
          <ns3:TrackPointExtension>
            <ns3:hr>124</ns3:hr>
          </ns3:TrackPointExtension>
        </extensions>
      </trkpt>
      <trkpt lat="-25.51013245247304439544677734375" lon="-48.98319371044635772705078125">
        <ele>1225.5999755859375</ele>
        <time>2025-08-17T13:20:07.000Z</time>
        <extensions>
          <ns3:TrackPointExtension>
            <ns3:hr>124</ns3:hr>
          </ns3:TrackPointExtension>
        </extensions>
      </trkpt>
      <trkpt lat="-25.51014569588005542755126953125" lon="-48.9832274056971073150634765625">
        <ele>1223.5999755859375</ele>
        <time>2025-08-17T13:20:14.000Z</time>
        <extensions>
          <ns3:TrackPointExtension>
            <ns3:hr>124</ns3:hr>
          </ns3:TrackPointExtension>
        </extensions>
      </trkpt>
      <trkpt lat="-25.510153658688068389892578125" lon="-48.9832274056971073150634765625">
        <ele>1223.4000244140625</ele>
        <time>2025-08-17T13:20:18.000Z</time>
        <extensions>
          <ns3:TrackPointExtension>
            <ns3:hr>124</ns3:hr>
          </ns3:TrackPointExtension>
        </extensions>
      </trkpt>
      <trkpt lat="-25.51015290431678295135498046875" lon="-48.98324157111346721649169921875">
        <ele>1222.800048828125</ele>
        <time>2025-08-17T13:20:24.000Z</time>
        <extensions>
          <ns3:TrackPointExtension>
            <ns3:hr>126</ns3:hr>
          </ns3:TrackPointExtension>
        </extensions>
      </trkpt>
      <trkpt lat="-25.510154329240322113037109375" lon="-48.9832512103021144866943359375">
        <ele>1222.4000244140625</ele>
        <time>2025-08-17T13:20:31.000Z</time>
        <extensions>
          <ns3:TrackPointExtension>
            <ns3:hr>125</ns3:hr>
          </ns3:TrackPointExtension>
        </extensions>
      </trkpt>
      <trkpt lat="-25.51014955155551433563232421875" lon="-48.983257077634334564208984375">
        <ele>1222.199951171875</ele>
        <time>2025-08-17T13:20:41.000Z</time>
        <extensions>
          <ns3:TrackPointExtension>
            <ns3:hr>121</ns3:hr>
          </ns3:TrackPointExtension>
        </extensions>
      </trkpt>
      <trkpt lat="-25.51014955155551433563232421875" lon="-48.983257077634334564208984375">
        <ele>1222.199951171875</ele>
        <time>2025-08-17T13:20:45.000Z</time>
        <extensions>
          <ns3:TrackPointExtension>
            <ns3:hr>118</ns3:hr>
          </ns3:TrackPointExtension>
        </extensions>
      </trkpt>
      <trkpt lat="-25.51015357486903667449951171875" lon="-48.98329119198024272918701171875">
        <ele>1220.4000244140625</ele>
        <time>2025-08-17T13:20:49.000Z</time>
        <extensions>
          <ns3:TrackPointExtension>
            <ns3:hr>115</ns3:hr>
          </ns3:TrackPointExtension>
        </extensions>
      </trkpt>
      <trkpt lat="-25.51016044802963733673095703125" lon="-48.98329806514084339141845703125">
        <ele>1220</ele>
        <time>2025-08-17T13:20:50.000Z</time>
        <extensions>
          <ns3:TrackPointExtension>
            <ns3:hr>115</ns3:hr>
          </ns3:TrackPointExtension>
        </extensions>
      </trkpt>
      <trkpt lat="-25.51017142832279205322265625" lon="-48.98332572542130947113037109375">
        <ele>1218.4000244140625</ele>
        <time>2025-08-17T13:20:53.000Z</time>
        <extensions>
          <ns3:TrackPointExtension>
            <ns3:hr>112</ns3:hr>
          </ns3:TrackPointExtension>
        </extensions>
      </trkpt>
      <trkpt lat="-25.5101720988750457763671875" lon="-48.9833336882293224334716796875">
        <ele>1218</ele>
        <time>2025-08-17T13:20:54.000Z</time>
        <extensions>
          <ns3:TrackPointExtension>
            <ns3:hr>115</ns3:hr>
          </ns3:TrackPointExtension>
        </extensions>
      </trkpt>
      <trkpt lat="-25.5101774632930755615234375" lon="-48.9833672158420085906982421875">
        <ele>1216.199951171875</ele>
        <time>2025-08-17T13:20:57.000Z</time>
        <extensions>
          <ns3:TrackPointExtension>
            <ns3:hr>115</ns3:hr>
          </ns3:TrackPointExtension>
        </extensions>
      </trkpt>
      <trkpt lat="-25.51017922349274158477783203125" lon="-48.98340367712080478668212890625">
        <ele>1214.199951171875</ele>
        <time>2025-08-17T13:21:01.000Z</time>
        <extensions>
          <ns3:TrackPointExtension>
            <ns3:hr>111</ns3:hr>
          </ns3:TrackPointExtension>
        </extensions>
      </trkpt>
      <trkpt lat="-25.51018081605434417724609375" lon="-48.98341138847172260284423828125">
        <ele>1213.800048828125</ele>
        <time>2025-08-17T13:21:04.000Z</time>
        <extensions>
          <ns3:TrackPointExtension>
            <ns3:hr>110</ns3:hr>
          </ns3:TrackPointExtension>
        </extensions>
      </trkpt>
      <trkpt lat="-25.5101720988750457763671875" lon="-48.98341641761362552642822265625">
        <ele>1213.800048828125</ele>
        <time>2025-08-17T13:21:08.000Z</time>
        <extensions>
          <ns3:TrackPointExtension>
            <ns3:hr>107</ns3:hr>
          </ns3:TrackPointExtension>
        </extensions>
      </trkpt>
      <trkpt lat="-25.51017000339925289154052734375" lon="-48.983417339622974395751953125">
        <ele>1213.800048828125</ele>
        <time>2025-08-17T13:21:09.000Z</time>
        <extensions>
          <ns3:TrackPointExtension>
            <ns3:hr>107</ns3:hr>
          </ns3:TrackPointExtension>
        </extensions>
      </trkpt>
      <trkpt lat="-25.51016296260058879852294921875" lon="-48.98341608233749866485595703125">
        <ele>1213.800048828125</ele>
        <time>2025-08-17T13:21:11.000Z</time>
        <extensions>
          <ns3:TrackPointExtension>
            <ns3:hr>110</ns3:hr>
          </ns3:TrackPointExtension>
        </extensions>
      </trkpt>
      <trkpt lat="-25.51016782410442829132080078125" lon="-48.9834208600223064422607421875">
        <ele>1213.5999755859375</ele>
        <time>2025-08-17T13:21:15.000Z</time>
        <extensions>
          <ns3:TrackPointExtension>
            <ns3:hr>109</ns3:hr>
          </ns3:TrackPointExtension>
        </extensions>
      </trkpt>
      <trkpt lat="-25.5101648904383182525634765625" lon="-48.983419351279735565185546875">
        <ele>1213.5999755859375</ele>
        <time>2025-08-17T13:21:18.000Z</time>
        <extensions>
          <ns3:TrackPointExtension>
            <ns3:hr>112</ns3:hr>
          </ns3:TrackPointExtension>
        </extensions>
      </trkpt>
      <trkpt lat="-25.51016338169574737548828125" lon="-48.98342178203165531158447265625">
        <ele>1213.5999755859375</ele>
        <time>2025-08-17T13:21:20.000Z</time>
        <extensions>
          <ns3:TrackPointExtension>
            <ns3:hr>111</ns3:hr>
          </ns3:TrackPointExtension>
        </extensions>
      </trkpt>
      <trkpt lat="-25.5101752839982509613037109375" lon="-48.98343988694250583648681640625">
        <ele>1212.4000244140625</ele>
        <time>2025-08-17T13:21:30.000Z</time>
        <extensions>
          <ns3:TrackPointExtension>
            <ns3:hr>112</ns3:hr>
          </ns3:TrackPointExtension>
        </extensions>
      </trkpt>
      <trkpt lat="-25.51017545163631439208984375" lon="-48.9834409765899181365966796875">
        <ele>1212.4000244140625</ele>
        <time>2025-08-17T13:21:39.000Z</time>
        <extensions>
          <ns3:TrackPointExtension>
            <ns3:hr>115</ns3:hr>
          </ns3:TrackPointExtension>
        </extensions>
      </trkpt>
      <trkpt lat="-25.51018106751143932342529296875" lon="-48.9834518730640411376953125">
        <ele>1211.5999755859375</ele>
        <time>2025-08-17T13:21:43.000Z</time>
        <extensions>
          <ns3:TrackPointExtension>
            <ns3:hr>117</ns3:hr>
          </ns3:TrackPointExtension>
        </extensions>
      </trkpt>
      <trkpt lat="-25.51018794067203998565673828125" lon="-48.98345849476754665374755859375">
        <ele>1211.199951171875</ele>
        <time>2025-08-17T13:21:53.000Z</time>
        <extensions>
          <ns3:TrackPointExtension>
            <ns3:hr>118</ns3:hr>
          </ns3:TrackPointExtension>
        </extensions>
      </trkpt>
      <trkpt lat="-25.51019213162362575531005859375" lon="-48.98346503265202045440673828125">
        <ele>1210.800048828125</ele>
        <time>2025-08-17T13:22:06.000Z</time>
        <extensions>
          <ns3:TrackPointExtension>
            <ns3:hr>115</ns3:hr>
          </ns3:TrackPointExtension>
        </extensions>
      </trkpt>
      <trkpt lat="-25.5101923830807209014892578125" lon="-48.9834651164710521697998046875">
        <ele>1210.800048828125</ele>
        <time>2025-08-17T13:22:18.000Z</time>
        <extensions>
          <ns3:TrackPointExtension>
            <ns3:hr>111</ns3:hr>
          </ns3:TrackPointExtension>
        </extensions>
      </trkpt>
      <trkpt lat="-25.51018257625401020050048828125" lon="-48.98344583809375762939453125">
        <ele>1212</ele>
        <time>2025-08-17T13:23:03.000Z</time>
        <extensions>
          <ns3:TrackPointExtension>
            <ns3:hr>108</ns3:hr>
          </ns3:TrackPointExtension>
        </extensions>
      </trkpt>
      <trkpt lat="-25.5101826600730419158935546875" lon="-48.98344642482697963714599609375">
        <ele>1212</ele>
        <time>2025-08-17T13:23:09.000Z</time>
        <extensions>
          <ns3:TrackPointExtension>
            <ns3:hr>111</ns3:hr>
          </ns3:TrackPointExtension>
        </extensions>
      </trkpt>
      <trkpt lat="-25.51018274389207363128662109375" lon="-48.98344986140727996826171875">
        <ele>1211.800048828125</ele>
        <time>2025-08-17T13:23:12.000Z</time>
        <extensions>
          <ns3:TrackPointExtension>
            <ns3:hr>114</ns3:hr>
          </ns3:TrackPointExtension>
        </extensions>
      </trkpt>
      <trkpt lat="-25.51018559373915195465087890625" lon="-48.98346754722297191619873046875">
        <ele>1210.800048828125</ele>
        <time>2025-08-17T13:23:24.000Z</time>
        <extensions>
          <ns3:TrackPointExtension>
            <ns3:hr>117</ns3:hr>
          </ns3:TrackPointExtension>
        </extensions>
      </trkpt>
      <trkpt lat="-25.51019079051911830902099609375" lon="-48.98347358219325542449951171875">
        <ele>1210.199951171875</ele>
        <time>2025-08-17T13:23:27.000Z</time>
        <extensions>
          <ns3:TrackPointExtension>
            <ns3:hr>114</ns3:hr>
          </ns3:TrackPointExtension>
        </extensions>
      </trkpt>
      <trkpt lat="-25.51019749604165554046630859375" lon="-48.98348062299191951751708984375">
        <ele>1209.800048828125</ele>
        <time>2025-08-17T13:23:36.000Z</time>
        <extensions>
          <ns3:TrackPointExtension>
            <ns3:hr>117</ns3:hr>
          </ns3:TrackPointExtension>
        </extensions>
      </trkpt>
      <trkpt lat="-25.51019749604165554046630859375" lon="-48.98348062299191951751708984375">
        <ele>1209.800048828125</ele>
        <time>2025-08-17T13:23:40.000Z</time>
        <extensions>
          <ns3:TrackPointExtension>
            <ns3:hr>116</ns3:hr>
          </ns3:TrackPointExtension>
        </extensions>
      </trkpt>
      <trkpt lat="-25.510189868509769439697265625" lon="-48.98348607122898101806640625">
        <ele>1209.5999755859375</ele>
        <time>2025-08-17T13:23:45.000Z</time>
        <extensions>
          <ns3:TrackPointExtension>
            <ns3:hr>113</ns3:hr>
          </ns3:TrackPointExtension>
        </extensions>
      </trkpt>
      <trkpt lat="-25.51018861122429370880126953125" lon="-48.98350006900727748870849609375">
        <ele>1209</ele>
        <time>2025-08-17T13:23:49.000Z</time>
        <extensions>
          <ns3:TrackPointExtension>
            <ns3:hr>111</ns3:hr>
          </ns3:TrackPointExtension>
        </extensions>
      </trkpt>
      <trkpt lat="-25.5101893655955791473388671875" lon="-48.98351046256721019744873046875">
        <ele>1208.4000244140625</ele>
        <time>2025-08-17T13:23:59.000Z</time>
        <extensions>
          <ns3:TrackPointExtension>
            <ns3:hr>110</ns3:hr>
          </ns3:TrackPointExtension>
        </extensions>
      </trkpt>
      <trkpt lat="-25.51016832701861858367919921875" lon="-48.9835315011441707611083984375">
        <ele>1207.5999755859375</ele>
        <time>2025-08-17T13:24:04.000Z</time>
        <extensions>
          <ns3:TrackPointExtension>
            <ns3:hr>109</ns3:hr>
          </ns3:TrackPointExtension>
        </extensions>
      </trkpt>
      <trkpt lat="-25.510168410837650299072265625" lon="-48.983555138111114501953125">
        <ele>1206.199951171875</ele>
        <time>2025-08-17T13:24:09.000Z</time>
        <extensions>
          <ns3:TrackPointExtension>
            <ns3:hr>109</ns3:hr>
          </ns3:TrackPointExtension>
        </extensions>
      </trkpt>
      <trkpt lat="-25.51015374250710010528564453125" lon="-48.983603082597255706787109375">
        <ele>1204</ele>
        <time>2025-08-17T13:24:17.000Z</time>
        <extensions>
          <ns3:TrackPointExtension>
            <ns3:hr>110</ns3:hr>
          </ns3:TrackPointExtension>
        </extensions>
      </trkpt>
      <trkpt lat="-25.5101484619081020355224609375" lon="-48.9836357720196247100830078125">
        <ele>1202.4000244140625</ele>
        <time>2025-08-17T13:24:23.000Z</time>
        <extensions>
          <ns3:TrackPointExtension>
            <ns3:hr>111</ns3:hr>
          </ns3:TrackPointExtension>
        </extensions>
      </trkpt>
      <trkpt lat="-25.51014837808907032012939453125" lon="-48.9836662821471691131591796875">
        <ele>1200.800048828125</ele>
        <time>2025-08-17T13:24:26.000Z</time>
        <extensions>
          <ns3:TrackPointExtension>
            <ns3:hr>115</ns3:hr>
          </ns3:TrackPointExtension>
        </extensions>
      </trkpt>
      <trkpt lat="-25.5101461149752140045166015625" lon="-48.9836704730987548828125">
        <ele>1200.5999755859375</ele>
        <time>2025-08-17T13:24:27.000Z</time>
        <extensions>
          <ns3:TrackPointExtension>
            <ns3:hr>118</ns3:hr>
          </ns3:TrackPointExtension>
        </extensions>
      </trkpt>
      <trkpt lat="-25.51013999618589878082275390625" lon="-48.98367919027805328369140625">
        <ele>1200.4000244140625</ele>
        <time>2025-08-17T13:24:28.000Z</time>
        <extensions>
          <ns3:TrackPointExtension>
            <ns3:hr>121</ns3:hr>
          </ns3:TrackPointExtension>
        </extensions>
      </trkpt>
      <trkpt lat="-25.51014267839491367340087890625" lon="-48.9837068505585193634033203125">
        <ele>1199</ele>
        <time>2025-08-17T13:24:30.000Z</time>
        <extensions>
          <ns3:TrackPointExtension>
            <ns3:hr>124</ns3:hr>
          </ns3:TrackPointExtension>
        </extensions>
      </trkpt>
      <trkpt lat="-25.51013496704399585723876953125" lon="-48.9837085269391536712646484375">
        <ele>1199</ele>
        <time>2025-08-17T13:24:31.000Z</time>
        <extensions>
          <ns3:TrackPointExtension>
            <ns3:hr>127</ns3:hr>
          </ns3:TrackPointExtension>
        </extensions>
      </trkpt>
      <trkpt lat="-25.5101384036242961883544921875" lon="-48.9837165735661983489990234375">
        <ele>1198.5999755859375</ele>
        <time>2025-08-17T13:24:32.000Z</time>
        <extensions>
          <ns3:TrackPointExtension>
            <ns3:hr>127</ns3:hr>
          </ns3:TrackPointExtension>
        </extensions>
      </trkpt>
      <trkpt lat="-25.5101452767848968505859375" lon="-48.9837360195815563201904296875">
        <ele>1197.4000244140625</ele>
        <time>2025-08-17T13:24:34.000Z</time>
        <extensions>
          <ns3:TrackPointExtension>
            <ns3:hr>131</ns3:hr>
          </ns3:TrackPointExtension>
        </extensions>
      </trkpt>
      <trkpt lat="-25.510134212672710418701171875" lon="-48.98374230600893497467041015625">
        <ele>1197.4000244140625</ele>
        <time>2025-08-17T13:24:38.000Z</time>
        <extensions>
          <ns3:TrackPointExtension>
            <ns3:hr>134</ns3:hr>
          </ns3:TrackPointExtension>
        </extensions>
      </trkpt>
      <trkpt lat="-25.5101313628256320953369140625" lon="-48.98376862518489360809326171875">
        <ele>1196.199951171875</ele>
        <time>2025-08-17T13:24:44.000Z</time>
        <extensions>
          <ns3:TrackPointExtension>
            <ns3:hr>135</ns3:hr>
          </ns3:TrackPointExtension>
        </extensions>
      </trkpt>
      <trkpt lat="-25.510108061134815216064453125" lon="-48.9837809465825557708740234375">
        <ele>1196.199951171875</ele>
        <time>2025-08-17T13:24:49.000Z</time>
        <extensions>
          <ns3:TrackPointExtension>
            <ns3:hr>134</ns3:hr>
          </ns3:TrackPointExtension>
        </extensions>
      </trkpt>
      <trkpt lat="-25.51015659235417842864990234375" lon="-48.98380701430141925811767578125">
        <ele>1194</ele>
        <time>2025-08-17T13:24:55.000Z</time>
        <extensions>
          <ns3:TrackPointExtension>
            <ns3:hr>132</ns3:hr>
          </ns3:TrackPointExtension>
        </extensions>
      </trkpt>
      <trkpt lat="-25.51016497425734996795654296875" lon="-48.98381941951811313629150390625">
        <ele>1193.4000244140625</ele>
        <time>2025-08-17T13:25:00.000Z</time>
        <extensions>
          <ns3:TrackPointExtension>
            <ns3:hr>133</ns3:hr>
          </ns3:TrackPointExtension>
        </extensions>
      </trkpt>
      <trkpt lat="-25.510164387524127960205078125" lon="-48.98383216001093387603759765625">
        <ele>1192.800048828125</ele>
        <time>2025-08-17T13:25:07.000Z</time>
        <extensions>
          <ns3:TrackPointExtension>
            <ns3:hr>133</ns3:hr>
          </ns3:TrackPointExtension>
        </extensions>
      </trkpt>
      <trkpt lat="-25.510154329240322113037109375" lon="-48.983839116990566253662109375">
        <ele>1192.5999755859375</ele>
        <time>2025-08-17T13:25:13.000Z</time>
        <extensions>
          <ns3:TrackPointExtension>
            <ns3:hr>130</ns3:hr>
          </ns3:TrackPointExtension>
        </extensions>
      </trkpt>
      <trkpt lat="-25.5101521499454975128173828125" lon="-48.98384473286569118499755859375">
        <ele>1192.4000244140625</ele>
        <time>2025-08-17T13:25:15.000Z</time>
        <extensions>
          <ns3:TrackPointExtension>
            <ns3:hr>128</ns3:hr>
          </ns3:TrackPointExtension>
        </extensions>
      </trkpt>
      <trkpt lat="-25.51015106029808521270751953125" lon="-48.98386099375784397125244140625">
        <ele>1191.800048828125</ele>
        <time>2025-08-17T13:25:18.000Z</time>
        <extensions>
          <ns3:TrackPointExtension>
            <ns3:hr>125</ns3:hr>
          </ns3:TrackPointExtension>
        </extensions>
      </trkpt>
      <trkpt lat="-25.51015206612646579742431640625" lon="-48.98387993685901165008544921875">
        <ele>1191</ele>
        <time>2025-08-17T13:25:22.000Z</time>
        <extensions>
          <ns3:TrackPointExtension>
            <ns3:hr>122</ns3:hr>
          </ns3:TrackPointExtension>
        </extensions>
      </trkpt>
      <trkpt lat="-25.510152317583560943603515625" lon="-48.98388144560158252716064453125">
        <ele>1190.800048828125</ele>
        <time>2025-08-17T13:25:23.000Z</time>
        <extensions>
          <ns3:TrackPointExtension>
            <ns3:hr>121</ns3:hr>
          </ns3:TrackPointExtension>
        </extensions>
      </trkpt>
      <trkpt lat="-25.51013312302529811859130859375" lon="-48.9839106984436511993408203125">
        <ele>1190</ele>
        <time>2025-08-17T13:26:06.000Z</time>
        <extensions>
          <ns3:TrackPointExtension>
            <ns3:hr>118</ns3:hr>
          </ns3:TrackPointExtension>
        </extensions>
      </trkpt>
      <trkpt lat="-25.51013094373047351837158203125" lon="-48.983915559947490692138671875">
        <ele>1189.800048828125</ele>
        <time>2025-08-17T13:26:11.000Z</time>
        <extensions>
          <ns3:TrackPointExtension>
            <ns3:hr>115</ns3:hr>
          </ns3:TrackPointExtension>
        </extensions>
      </trkpt>
      <trkpt lat="-25.51012993790209293365478515625" lon="-48.98397163487970829010009765625">
        <ele>1187.199951171875</ele>
        <time>2025-08-17T13:26:53.000Z</time>
        <extensions>
          <ns3:TrackPointExtension>
            <ns3:hr>112</ns3:hr>
          </ns3:TrackPointExtension>
        </extensions>
      </trkpt>
      <trkpt lat="-25.51015508361160755157470703125" lon="-48.98400499485433101654052734375">
        <ele>1185.199951171875</ele>
        <time>2025-08-17T13:27:19.000Z</time>
        <extensions>
          <ns3:TrackPointExtension>
            <ns3:hr>115</ns3:hr>
          </ns3:TrackPointExtension>
        </extensions>
      </trkpt>
      <trkpt lat="-25.51016698591411113739013671875" lon="-48.9840350858867168426513671875">
        <ele>1183.4000244140625</ele>
        <time>2025-08-17T13:27:24.000Z</time>
        <extensions>
          <ns3:TrackPointExtension>
            <ns3:hr>118</ns3:hr>
          </ns3:TrackPointExtension>
        </extensions>
      </trkpt>
      <trkpt lat="-25.5101806484162807464599609375" lon="-48.98404128849506378173828125">
        <ele>1182.800048828125</ele>
        <time>2025-08-17T13:27:28.000Z</time>
        <extensions>
          <ns3:TrackPointExtension>
            <ns3:hr>121</ns3:hr>
          </ns3:TrackPointExtension>
        </extensions>
      </trkpt>
      <trkpt lat="-25.5101907067000865936279296875" lon="-48.984043300151824951171875">
        <ele>1182.5999755859375</ele>
        <time>2025-08-17T13:27:31.000Z</time>
        <extensions>
          <ns3:TrackPointExtension>
            <ns3:hr>124</ns3:hr>
          </ns3:TrackPointExtension>
        </extensions>
      </trkpt>
      <trkpt lat="-25.5102004297077655792236328125" lon="-48.98404841311275959014892578125">
        <ele>1182.199951171875</ele>
        <time>2025-08-17T13:27:34.000Z</time>
        <extensions>
          <ns3:TrackPointExtension>
            <ns3:hr>127</ns3:hr>
          </ns3:TrackPointExtension>
        </extensions>
      </trkpt>
      <trkpt lat="-25.5102121643722057342529296875" lon="-48.98406618274748325347900390625">
        <ele>1181</ele>
        <time>2025-08-17T13:27:42.000Z</time>
        <extensions>
          <ns3:TrackPointExtension>
            <ns3:hr>130</ns3:hr>
          </ns3:TrackPointExtension>
        </extensions>
      </trkpt>
      <trkpt lat="-25.51021493040025234222412109375" lon="-48.98408328182995319366455078125">
        <ele>1180.199951171875</ele>
        <time>2025-08-17T13:27:50.000Z</time>
        <extensions>
          <ns3:TrackPointExtension>
            <ns3:hr>133</ns3:hr>
          </ns3:TrackPointExtension>
        </extensions>
      </trkpt>
      <trkpt lat="-25.51021476276218891143798828125" lon="-48.98409987799823284149169921875">
        <ele>1179.4000244140625</ele>
        <time>2025-08-17T13:28:07.000Z</time>
        <extensions>
          <ns3:TrackPointExtension>
            <ns3:hr>130</ns3:hr>
          </ns3:TrackPointExtension>
        </extensions>
      </trkpt>
      <trkpt lat="-25.51021509803831577301025390625" lon="-48.984102308750152587890625">
        <ele>1179.199951171875</ele>
        <time>2025-08-17T13:28:11.000Z</time>
        <extensions>
          <ns3:TrackPointExtension>
            <ns3:hr>127</ns3:hr>
          </ns3:TrackPointExtension>
        </extensions>
      </trkpt>
      <trkpt lat="-25.51022029481828212738037109375" lon="-48.98411831818521022796630859375">
        <ele>1178.199951171875</ele>
        <time>2025-08-17T13:28:23.000Z</time>
        <extensions>
          <ns3:TrackPointExtension>
            <ns3:hr>124</ns3:hr>
          </ns3:TrackPointExtension>
        </extensions>
      </trkpt>
      <trkpt lat="-25.510212667286396026611328125" lon="-48.98415603674948215484619140625">
        <ele>1176.5999755859375</ele>
        <time>2025-08-17T13:28:40.000Z</time>
        <extensions>
          <ns3:TrackPointExtension>
            <ns3:hr>124</ns3:hr>
          </ns3:TrackPointExtension>
        </extensions>
      </trkpt>
      <trkpt lat="-25.510197579860687255859375" lon="-48.9841715432703495025634765625">
        <ele>1176</ele>
        <time>2025-08-17T13:28:45.000Z</time>
        <extensions>
          <ns3:TrackPointExtension>
            <ns3:hr>123</ns3:hr>
          </ns3:TrackPointExtension>
        </extensions>
      </trkpt>
      <trkpt lat="-25.51020093262195587158203125" lon="-48.9841785840690135955810546875">
        <ele>1175.5999755859375</ele>
        <time>2025-08-17T13:28:53.000Z</time>
        <extensions>
          <ns3:TrackPointExtension>
            <ns3:hr>125</ns3:hr>
          </ns3:TrackPointExtension>
        </extensions>
      </trkpt>
      <trkpt lat="-25.51018743775784969329833984375" lon="-48.98418939672410488128662109375">
        <ele>1175.4000244140625</ele>
        <time>2025-08-17T13:29:00.000Z</time>
        <extensions>
          <ns3:TrackPointExtension>
            <ns3:hr>126</ns3:hr>
          </ns3:TrackPointExtension>
        </extensions>
      </trkpt>
      <trkpt lat="-25.51020068116486072540283203125" lon="-48.98421705700457096099853515625">
        <ele>1173.5999755859375</ele>
        <time>2025-08-17T13:29:06.000Z</time>
        <extensions>
          <ns3:TrackPointExtension>
            <ns3:hr>124</ns3:hr>
          </ns3:TrackPointExtension>
        </extensions>
      </trkpt>
      <trkpt lat="-25.51022314466536045074462890625" lon="-48.98423348553478717803955078125">
        <ele>1172.4000244140625</ele>
        <time>2025-08-17T13:29:12.000Z</time>
        <extensions>
          <ns3:TrackPointExtension>
            <ns3:hr>123</ns3:hr>
          </ns3:TrackPointExtension>
        </extensions>
      </trkpt>
      <trkpt lat="-25.51021928898990154266357421875" lon="-48.98423532955348491668701171875">
        <ele>1172.4000244140625</ele>
        <time>2025-08-17T13:29:19.000Z</time>
        <extensions>
          <ns3:TrackPointExtension>
            <ns3:hr>126</ns3:hr>
          </ns3:TrackPointExtension>
        </extensions>
      </trkpt>
      <trkpt lat="-25.51021970808506011962890625" lon="-48.9842446334660053253173828125">
        <ele>1172</ele>
        <time>2025-08-17T13:29:21.000Z</time>
        <extensions>
          <ns3:TrackPointExtension>
            <ns3:hr>124</ns3:hr>
          </ns3:TrackPointExtension>
        </extensions>
      </trkpt>
      <trkpt lat="-25.51022230647504329681396484375" lon="-48.984282016754150390625">
        <ele>1169.800048828125</ele>
        <time>2025-08-17T13:29:28.000Z</time>
        <extensions>
          <ns3:TrackPointExtension>
            <ns3:hr>124</ns3:hr>
          </ns3:TrackPointExtension>
        </extensions>
      </trkpt>
      <trkpt lat="-25.51023823209106922149658203125" lon="-48.98431059904396533966064453125">
        <ele>1168</ele>
        <time>2025-08-17T13:29:34.000Z</time>
        <extensions>
          <ns3:TrackPointExtension>
            <ns3:hr>126</ns3:hr>
          </ns3:TrackPointExtension>
        </extensions>
      </trkpt>
      <trkpt lat="-25.5102433450520038604736328125" lon="-48.9843197353184223175048828125">
        <ele>1167.5999755859375</ele>
        <time>2025-08-17T13:29:41.000Z</time>
        <extensions>
          <ns3:TrackPointExtension>
            <ns3:hr>127</ns3:hr>
          </ns3:TrackPointExtension>
        </extensions>
      </trkpt>
      <trkpt lat="-25.5102580972015857696533203125" lon="-48.98433524183928966522216796875">
        <ele>1166.5999755859375</ele>
        <time>2025-08-17T13:29:48.000Z</time>
        <extensions>
          <ns3:TrackPointExtension>
            <ns3:hr>125</ns3:hr>
          </ns3:TrackPointExtension>
        </extensions>
      </trkpt>
      <trkpt lat="-25.51026170141994953155517578125" lon="-48.9843489043414592742919921875">
        <ele>1166</ele>
        <time>2025-08-17T13:29:55.000Z</time>
        <extensions>
          <ns3:TrackPointExtension>
            <ns3:hr>127</ns3:hr>
          </ns3:TrackPointExtension>
        </extensions>
      </trkpt>
      <trkpt lat="-25.51026170141994953155517578125" lon="-48.98435099981725215911865234375">
        <ele>1165.800048828125</ele>
        <time>2025-08-17T13:30:13.000Z</time>
        <extensions>
          <ns3:TrackPointExtension>
            <ns3:hr>128</ns3:hr>
          </ns3:TrackPointExtension>
        </extensions>
      </trkpt>
      <trkpt lat="-25.51026170141994953155517578125" lon="-48.98435150273144245147705078125">
        <ele>1165.800048828125</ele>
        <time>2025-08-17T13:30:15.000Z</time>
        <extensions>
          <ns3:TrackPointExtension>
            <ns3:hr>125</ns3:hr>
          </ns3:TrackPointExtension>
        </extensions>
      </trkpt>
      <trkpt lat="-25.51026170141994953155517578125" lon="-48.984352760016918182373046875">
        <ele>1165.800048828125</ele>
        <time>2025-08-17T13:30:17.000Z</time>
        <extensions>
          <ns3:TrackPointExtension>
            <ns3:hr>122</ns3:hr>
          </ns3:TrackPointExtension>
        </extensions>
      </trkpt>
      <trkpt lat="-25.51026119850575923919677734375" lon="-48.984354436397552490234375">
        <ele>1165.800048828125</ele>
        <time>2025-08-17T13:30:24.000Z</time>
        <extensions>
          <ns3:TrackPointExtension>
            <ns3:hr>119</ns3:hr>
          </ns3:TrackPointExtension>
        </extensions>
      </trkpt>
      <trkpt lat="-25.5102632939815521240234375" lon="-48.9843571186065673828125">
        <ele>1165.5999755859375</ele>
        <time>2025-08-17T13:30:28.000Z</time>
        <extensions>
          <ns3:TrackPointExtension>
            <ns3:hr>116</ns3:hr>
          </ns3:TrackPointExtension>
        </extensions>
      </trkpt>
      <trkpt lat="-25.51026354543864727020263671875" lon="-48.9843619801104068756103515625">
        <ele>1165.4000244140625</ele>
        <time>2025-08-17T13:30:30.000Z</time>
        <extensions>
          <ns3:TrackPointExtension>
            <ns3:hr>119</ns3:hr>
          </ns3:TrackPointExtension>
        </extensions>
      </trkpt>
      <trkpt lat="-25.51026354543864727020263671875" lon="-48.98436692543327808380126953125">
        <ele>1165.199951171875</ele>
        <time>2025-08-17T13:30:33.000Z</time>
        <extensions>
          <ns3:TrackPointExtension>
            <ns3:hr>116</ns3:hr>
          </ns3:TrackPointExtension>
        </extensions>
      </trkpt>
      <trkpt lat="-25.510276369750499725341796875" lon="-48.98439559154212474822998046875">
        <ele>1163.5999755859375</ele>
        <time>2025-08-17T13:30:40.000Z</time>
        <extensions>
          <ns3:TrackPointExtension>
            <ns3:hr>116</ns3:hr>
          </ns3:TrackPointExtension>
        </extensions>
      </trkpt>
      <trkpt lat="-25.51028148271143436431884765625" lon="-48.9844035543501377105712890625">
        <ele>1163.199951171875</ele>
        <time>2025-08-17T13:30:42.000Z</time>
        <extensions>
          <ns3:TrackPointExtension>
            <ns3:hr>119</ns3:hr>
          </ns3:TrackPointExtension>
        </extensions>
      </trkpt>
      <trkpt lat="-25.5102865956723690032958984375" lon="-48.9844146184623241424560546875">
        <ele>1162.5999755859375</ele>
        <time>2025-08-17T13:30:45.000Z</time>
        <extensions>
          <ns3:TrackPointExtension>
            <ns3:hr>122</ns3:hr>
          </ns3:TrackPointExtension>
        </extensions>
      </trkpt>
      <trkpt lat="-25.51030151546001434326171875" lon="-48.98442224599421024322509765625">
        <ele>1162</ele>
        <time>2025-08-17T13:30:48.000Z</time>
        <extensions>
          <ns3:TrackPointExtension>
            <ns3:hr>121</ns3:hr>
          </ns3:TrackPointExtension>
        </extensions>
      </trkpt>
      <trkpt lat="-25.510331355035305023193359375" lon="-48.9844434522092342376708984375">
        <ele>1160.5999755859375</ele>
        <time>2025-08-17T13:30:54.000Z</time>
        <extensions>
          <ns3:TrackPointExtension>
            <ns3:hr>124</ns3:hr>
          </ns3:TrackPointExtension>
        </extensions>
      </trkpt>
      <trkpt lat="-25.51034753210842609405517578125" lon="-48.98445703089237213134765625">
        <ele>1159.800048828125</ele>
        <time>2025-08-17T13:31:01.000Z</time>
        <extensions>
          <ns3:TrackPointExtension>
            <ns3:hr>125</ns3:hr>
          </ns3:TrackPointExtension>
        </extensions>
      </trkpt>
      <trkpt lat="-25.51036278717219829559326171875" lon="-48.9844571985304355621337890625">
        <ele>1159.5999755859375</ele>
        <time>2025-08-17T13:31:06.000Z</time>
        <extensions>
          <ns3:TrackPointExtension>
            <ns3:hr>127</ns3:hr>
          </ns3:TrackPointExtension>
        </extensions>
      </trkpt>
      <trkpt lat="-25.5104217119514942169189453125" lon="-48.984454013407230377197265625">
        <ele>1158.800048828125</ele>
        <time>2025-08-17T13:31:12.000Z</time>
        <extensions>
          <ns3:TrackPointExtension>
            <ns3:hr>129</ns3:hr>
          </ns3:TrackPointExtension>
        </extensions>
      </trkpt>
      <trkpt lat="-25.5104351229965686798095703125" lon="-48.98447253741323947906494140625">
        <ele>1157.800048828125</ele>
        <time>2025-08-17T13:31:18.000Z</time>
        <extensions>
          <ns3:TrackPointExtension>
            <ns3:hr>128</ns3:hr>
          </ns3:TrackPointExtension>
        </extensions>
      </trkpt>
      <trkpt lat="-25.510451383888721466064453125" lon="-48.98448946885764598846435546875">
        <ele>1156.800048828125</ele>
        <time>2025-08-17T13:31:24.000Z</time>
        <extensions>
          <ns3:TrackPointExtension>
            <ns3:hr>126</ns3:hr>
          </ns3:TrackPointExtension>
        </extensions>
      </trkpt>
      <trkpt lat="-25.51046940498054027557373046875" lon="-48.98450572974979877471923828125">
        <ele>1155.800048828125</ele>
        <time>2025-08-17T13:31:30.000Z</time>
        <extensions>
          <ns3:TrackPointExtension>
            <ns3:hr>126</ns3:hr>
          </ns3:TrackPointExtension>
        </extensions>
      </trkpt>
      <trkpt lat="-25.51046052016317844390869140625" lon="-48.98449114523828029632568359375">
        <ele>1156.5999755859375</ele>
        <time>2025-08-17T13:31:35.000Z</time>
        <extensions>
          <ns3:TrackPointExtension>
            <ns3:hr>128</ns3:hr>
          </ns3:TrackPointExtension>
        </extensions>
      </trkpt>
      <trkpt lat="-25.51045767031610012054443359375" lon="-48.984487541019916534423828125">
        <ele>1156.800048828125</ele>
        <time>2025-08-17T13:31:43.000Z</time>
        <extensions>
          <ns3:TrackPointExtension>
            <ns3:hr>126</ns3:hr>
          </ns3:TrackPointExtension>
        </extensions>
      </trkpt>
      <trkpt lat="-25.510464124381542205810546875" lon="-48.984488546848297119140625">
        <ele>1156.5999755859375</ele>
        <time>2025-08-17T13:31:46.000Z</time>
        <extensions>
          <ns3:TrackPointExtension>
            <ns3:hr>123</ns3:hr>
          </ns3:TrackPointExtension>
        </extensions>
      </trkpt>
      <trkpt lat="-25.510462112724781036376953125" lon="-48.98449148051440715789794921875">
        <ele>1156.4000244140625</ele>
        <time>2025-08-17T13:31:50.000Z</time>
        <extensions>
          <ns3:TrackPointExtension>
            <ns3:hr>122</ns3:hr>
          </ns3:TrackPointExtension>
        </extensions>
      </trkpt>
      <trkpt lat="-25.51045884378254413604736328125" lon="-48.98448544554412364959716796875">
        <ele>1156.800048828125</ele>
        <time>2025-08-17T13:31:55.000Z</time>
        <extensions>
          <ns3:TrackPointExtension>
            <ns3:hr>121</ns3:hr>
          </ns3:TrackPointExtension>
        </extensions>
      </trkpt>
      <trkpt lat="-25.51050226204097270965576171875" lon="-48.9844991080462932586669921875">
        <ele>1155.4000244140625</ele>
        <time>2025-08-17T13:32:13.000Z</time>
        <extensions>
          <ns3:TrackPointExtension>
            <ns3:hr>121</ns3:hr>
          </ns3:TrackPointExtension>
        </extensions>
      </trkpt>
      <trkpt lat="-25.5105206184089183807373046875" lon="-48.984511680901050567626953125">
        <ele>1154.5999755859375</ele>
        <time>2025-08-17T13:32:19.000Z</time>
        <extensions>
          <ns3:TrackPointExtension>
            <ns3:hr>124</ns3:hr>
          </ns3:TrackPointExtension>
        </extensions>
      </trkpt>
      <trkpt lat="-25.510511733591556549072265625" lon="-48.98449399508535861968994140625">
        <ele>1155.5999755859375</ele>
        <time>2025-08-17T13:32:26.000Z</time>
        <extensions>
          <ns3:TrackPointExtension>
            <ns3:hr>126</ns3:hr>
          </ns3:TrackPointExtension>
        </extensions>
      </trkpt>
      <trkpt lat="-25.51051609218120574951171875" lon="-48.98447689600288867950439453125">
        <ele>1156.199951171875</ele>
        <time>2025-08-17T13:32:35.000Z</time>
        <extensions>
          <ns3:TrackPointExtension>
            <ns3:hr>127</ns3:hr>
          </ns3:TrackPointExtension>
        </extensions>
      </trkpt>
      <trkpt lat="-25.5105207860469818115234375" lon="-48.98448158986866474151611328125">
        <ele>1155.800048828125</ele>
        <time>2025-08-17T13:32:37.000Z</time>
        <extensions>
          <ns3:TrackPointExtension>
            <ns3:hr>131</ns3:hr>
          </ns3:TrackPointExtension>
        </extensions>
      </trkpt>
      <trkpt lat="-25.51052807830274105072021484375" lon="-48.984488546848297119140625">
        <ele>1155.4000244140625</ele>
        <time>2025-08-17T13:32:38.000Z</time>
        <extensions>
          <ns3:TrackPointExtension>
            <ns3:hr>134</ns3:hr>
          </ns3:TrackPointExtension>
        </extensions>
      </trkpt>
      <trkpt lat="-25.51053754985332489013671875" lon="-48.98450824432075023651123046875">
        <ele>1154.4000244140625</ele>
        <time>2025-08-17T13:32:41.000Z</time>
        <extensions>
          <ns3:TrackPointExtension>
            <ns3:hr>135</ns3:hr>
          </ns3:TrackPointExtension>
        </extensions>
      </trkpt>
      <trkpt lat="-25.5105226300656795501708984375" lon="-48.984510004520416259765625">
        <ele>1154.5999755859375</ele>
        <time>2025-08-17T13:32:46.000Z</time>
        <extensions>
          <ns3:TrackPointExtension>
            <ns3:hr>132</ns3:hr>
          </ns3:TrackPointExtension>
        </extensions>
      </trkpt>
      <trkpt lat="-25.5105279944837093353271484375" lon="-48.98451914079487323760986328125">
        <ele>1154.199951171875</ele>
        <time>2025-08-17T13:32:50.000Z</time>
        <extensions>
          <ns3:TrackPointExtension>
            <ns3:hr>129</ns3:hr>
          </ns3:TrackPointExtension>
        </extensions>
      </trkpt>
      <trkpt lat="-25.51051952876150608062744140625" lon="-48.98452140390872955322265625">
        <ele>1154.199951171875</ele>
        <time>2025-08-17T13:32:54.000Z</time>
        <extensions>
          <ns3:TrackPointExtension>
            <ns3:hr>126</ns3:hr>
          </ns3:TrackPointExtension>
        </extensions>
      </trkpt>
      <trkpt lat="-25.51051617600023746490478515625" lon="-48.98452869616448879241943359375">
        <ele>1154</ele>
        <time>2025-08-17T13:32:59.000Z</time>
        <extensions>
          <ns3:TrackPointExtension>
            <ns3:hr>126</ns3:hr>
          </ns3:TrackPointExtension>
        </extensions>
      </trkpt>
      <trkpt lat="-25.51051617600023746490478515625" lon="-48.98452869616448879241943359375">
        <ele>1154</ele>
        <time>2025-08-17T13:33:05.000Z</time>
        <extensions>
          <ns3:TrackPointExtension>
            <ns3:hr>123</ns3:hr>
          </ns3:TrackPointExtension>
        </extensions>
      </trkpt>
      <trkpt lat="-25.51051986403763294219970703125" lon="-48.98452869616448879241943359375">
        <ele>1153.800048828125</ele>
        <time>2025-08-17T13:33:16.000Z</time>
        <extensions>
          <ns3:TrackPointExtension>
            <ns3:hr>120</ns3:hr>
          </ns3:TrackPointExtension>
        </extensions>
      </trkpt>
      <trkpt lat="-25.51052070222795009613037109375" lon="-48.98452903144061565399169921875">
        <ele>1153.800048828125</ele>
        <time>2025-08-17T13:33:18.000Z</time>
        <extensions>
          <ns3:TrackPointExtension>
            <ns3:hr>124</ns3:hr>
          </ns3:TrackPointExtension>
        </extensions>
      </trkpt>
      <trkpt lat="-25.51052086986601352691650390625" lon="-48.98454344831407070159912109375">
        <ele>1153.199951171875</ele>
        <time>2025-08-17T13:33:22.000Z</time>
        <extensions>
          <ns3:TrackPointExtension>
            <ns3:hr>121</ns3:hr>
          </ns3:TrackPointExtension>
        </extensions>
      </trkpt>
      <trkpt lat="-25.5105221271514892578125" lon="-48.98456021212041378021240234375">
        <ele>1152.4000244140625</ele>
        <time>2025-08-17T13:33:25.000Z</time>
        <extensions>
          <ns3:TrackPointExtension>
            <ns3:hr>118</ns3:hr>
          </ns3:TrackPointExtension>
        </extensions>
      </trkpt>
      <trkpt lat="-25.51054894924163818359375" lon="-48.9846261776983737945556640625">
        <ele>1149.199951171875</ele>
        <time>2025-08-17T13:33:32.000Z</time>
        <extensions>
          <ns3:TrackPointExtension>
            <ns3:hr>117</ns3:hr>
          </ns3:TrackPointExtension>
        </extensions>
      </trkpt>
      <trkpt lat="-25.5105771124362945556640625" lon="-48.98466398008167743682861328125">
        <ele>1147</ele>
        <time>2025-08-17T13:33:36.000Z</time>
        <extensions>
          <ns3:TrackPointExtension>
            <ns3:hr>120</ns3:hr>
          </ns3:TrackPointExtension>
        </extensions>
      </trkpt>
      <trkpt lat="-25.51057334057986736297607421875" lon="-48.98466548882424831390380859375">
        <ele>1147</ele>
        <time>2025-08-17T13:33:38.000Z</time>
        <extensions>
          <ns3:TrackPointExtension>
            <ns3:hr>121</ns3:hr>
          </ns3:TrackPointExtension>
        </extensions>
      </trkpt>
      <trkpt lat="-25.51058105193078517913818359375" lon="-48.98467722348868846893310546875">
        <ele>1146.4000244140625</ele>
        <time>2025-08-17T13:33:45.000Z</time>
        <extensions>
          <ns3:TrackPointExtension>
            <ns3:hr>121</ns3:hr>
          </ns3:TrackPointExtension>
        </extensions>
      </trkpt>
      <trkpt lat="-25.51059261895716190338134765625" lon="-48.9846669137477874755859375">
        <ele>1146.5999755859375</ele>
        <time>2025-08-17T13:33:51.000Z</time>
        <extensions>
          <ns3:TrackPointExtension>
            <ns3:hr>122</ns3:hr>
          </ns3:TrackPointExtension>
        </extensions>
      </trkpt>
      <trkpt lat="-25.51060326397418975830078125" lon="-48.9846642315387725830078125">
        <ele>1146.5999755859375</ele>
        <time>2025-08-17T13:33:57.000Z</time>
        <extensions>
          <ns3:TrackPointExtension>
            <ns3:hr>122</ns3:hr>
          </ns3:TrackPointExtension>
        </extensions>
      </trkpt>
      <trkpt lat="-25.51059949211776256561279296875" lon="-48.98466758430004119873046875">
        <ele>1146.4000244140625</ele>
        <time>2025-08-17T13:34:19.000Z</time>
        <extensions>
          <ns3:TrackPointExtension>
            <ns3:hr>119</ns3:hr>
          </ns3:TrackPointExtension>
        </extensions>
      </trkpt>
      <trkpt lat="-25.51059949211776256561279296875" lon="-48.984667919576168060302734375">
        <ele>1146.4000244140625</ele>
        <time>2025-08-17T13:34:22.000Z</time>
        <extensions>
          <ns3:TrackPointExtension>
            <ns3:hr>116</ns3:hr>
          </ns3:TrackPointExtension>
        </extensions>
      </trkpt>
      <trkpt lat="-25.5105759389698505401611328125" lon="-48.9846781454980373382568359375">
        <ele>1146.4000244140625</ele>
        <time>2025-08-17T13:34:36.000Z</time>
        <extensions>
          <ns3:TrackPointExtension>
            <ns3:hr>112</ns3:hr>
          </ns3:TrackPointExtension>
        </extensions>
      </trkpt>
      <trkpt lat="-25.510575771331787109375" lon="-48.98467831313610076904296875">
        <ele>1146.4000244140625</ele>
        <time>2025-08-17T13:34:37.000Z</time>
        <extensions>
          <ns3:TrackPointExtension>
            <ns3:hr>115</ns3:hr>
          </ns3:TrackPointExtension>
        </extensions>
      </trkpt>
      <trkpt lat="-25.5106067843735218048095703125" lon="-48.98466079495847225189208984375">
        <ele>1146.5999755859375</ele>
        <time>2025-08-17T13:34:44.000Z</time>
        <extensions>
          <ns3:TrackPointExtension>
            <ns3:hr>114</ns3:hr>
          </ns3:TrackPointExtension>
        </extensions>
      </trkpt>
      <trkpt lat="-25.51066973246634006500244140625" lon="-48.98463296703994274139404296875">
        <ele>1146.199951171875</ele>
        <time>2025-08-17T13:34:50.000Z</time>
        <extensions>
          <ns3:TrackPointExtension>
            <ns3:hr>116</ns3:hr>
          </ns3:TrackPointExtension>
        </extensions>
      </trkpt>
      <trkpt lat="-25.5106798745691776275634765625" lon="-48.98463598452508449554443359375">
        <ele>1145.800048828125</ele>
        <time>2025-08-17T13:34:51.000Z</time>
        <extensions>
          <ns3:TrackPointExtension>
            <ns3:hr>113</ns3:hr>
          </ns3:TrackPointExtension>
        </extensions>
      </trkpt>
      <trkpt lat="-25.51072689704596996307373046875" lon="-48.9846167899668216705322265625">
        <ele>1145.4000244140625</ele>
        <time>2025-08-17T13:34:58.000Z</time>
        <extensions>
          <ns3:TrackPointExtension>
            <ns3:hr>113</ns3:hr>
          </ns3:TrackPointExtension>
        </extensions>
      </trkpt>
      <trkpt lat="-25.5107442475855350494384765625" lon="-48.98459826596081256866455078125">
        <ele>1145.5999755859375</ele>
        <time>2025-08-17T13:35:02.000Z</time>
        <extensions>
          <ns3:TrackPointExtension>
            <ns3:hr>113</ns3:hr>
          </ns3:TrackPointExtension>
        </extensions>
      </trkpt>
      <trkpt lat="-25.510755479335784912109375" lon="-48.98460933007299900054931640625">
        <ele>1145</ele>
        <time>2025-08-17T13:35:05.000Z</time>
        <extensions>
          <ns3:TrackPointExtension>
            <ns3:hr>113</ns3:hr>
          </ns3:TrackPointExtension>
        </extensions>
      </trkpt>
      <trkpt lat="-25.51074718125164508819580078125" lon="-48.98460748605430126190185546875">
        <ele>1145.199951171875</ele>
        <time>2025-08-17T13:35:12.000Z</time>
        <extensions>
          <ns3:TrackPointExtension>
            <ns3:hr>111</ns3:hr>
          </ns3:TrackPointExtension>
        </extensions>
      </trkpt>
      <trkpt lat="-25.51074651069939136505126953125" lon="-48.984606564044952392578125">
        <ele>1145.199951171875</ele>
        <time>2025-08-17T13:35:20.000Z</time>
        <extensions>
          <ns3:TrackPointExtension>
            <ns3:hr>107</ns3:hr>
          </ns3:TrackPointExtension>
        </extensions>
      </trkpt>
      <trkpt lat="-25.51074718125164508819580078125" lon="-48.9846074022352695465087890625">
        <ele>1145.199951171875</ele>
        <time>2025-08-17T13:35:26.000Z</time>
        <extensions>
          <ns3:TrackPointExtension>
            <ns3:hr>109</ns3:hr>
          </ns3:TrackPointExtension>
        </extensions>
      </trkpt>
      <trkpt lat="-25.51075036637485027313232421875" lon="-48.9846127666532993316650390625">
        <ele>1145</ele>
        <time>2025-08-17T13:35:31.000Z</time>
        <extensions>
          <ns3:TrackPointExtension>
            <ns3:hr>106</ns3:hr>
          </ns3:TrackPointExtension>
        </extensions>
      </trkpt>
      <trkpt lat="-25.51074416376650333404541015625" lon="-48.98464922793209552764892578125">
        <ele>1143.800048828125</ele>
        <time>2025-08-17T13:35:48.000Z</time>
        <extensions>
          <ns3:TrackPointExtension>
            <ns3:hr>109</ns3:hr>
          </ns3:TrackPointExtension>
        </extensions>
      </trkpt>
      <trkpt lat="-25.51073511131107807159423828125" lon="-48.9846550114452838897705078125">
        <ele>1143.800048828125</ele>
        <time>2025-08-17T13:35:59.000Z</time>
        <extensions>
          <ns3:TrackPointExtension>
            <ns3:hr>106</ns3:hr>
          </ns3:TrackPointExtension>
        </extensions>
      </trkpt>
      <trkpt lat="-25.51073511131107807159423828125" lon="-48.9846680872142314910888671875">
        <ele>1143.4000244140625</ele>
        <time>2025-08-17T13:36:06.000Z</time>
        <extensions>
          <ns3:TrackPointExtension>
            <ns3:hr>109</ns3:hr>
          </ns3:TrackPointExtension>
        </extensions>
      </trkpt>
      <trkpt lat="-25.510765872895717620849609375" lon="-48.98471075110137462615966796875">
        <ele>1141</ele>
        <time>2025-08-17T13:36:24.000Z</time>
        <extensions>
          <ns3:TrackPointExtension>
            <ns3:hr>113</ns3:hr>
          </ns3:TrackPointExtension>
        </extensions>
      </trkpt>
      <trkpt lat="-25.51076595671474933624267578125" lon="-48.98471896536648273468017578125">
        <ele>1140.800048828125</ele>
        <time>2025-08-17T13:36:28.000Z</time>
        <extensions>
          <ns3:TrackPointExtension>
            <ns3:hr>110</ns3:hr>
          </ns3:TrackPointExtension>
        </extensions>
      </trkpt>
      <trkpt lat="-25.510767884552478790283203125" lon="-48.98475785739719867706298828125">
        <ele>1139.199951171875</ele>
        <time>2025-08-17T13:36:49.000Z</time>
        <extensions>
          <ns3:TrackPointExtension>
            <ns3:hr>113</ns3:hr>
          </ns3:TrackPointExtension>
        </extensions>
      </trkpt>
      <trkpt lat="-25.51076830364763736724853515625" lon="-48.984760455787181854248046875">
        <ele>1139.199951171875</ele>
        <time>2025-08-17T13:36:56.000Z</time>
        <extensions>
          <ns3:TrackPointExtension>
            <ns3:hr>110</ns3:hr>
          </ns3:TrackPointExtension>
        </extensions>
      </trkpt>
      <trkpt lat="-25.51076830364763736724853515625" lon="-48.98476473055779933929443359375">
        <ele>1139</ele>
        <time>2025-08-17T13:36:59.000Z</time>
        <extensions>
          <ns3:TrackPointExtension>
            <ns3:hr>115</ns3:hr>
          </ns3:TrackPointExtension>
        </extensions>
      </trkpt>
      <trkpt lat="-25.51076830364763736724853515625" lon="-48.98476607166230678558349609375">
        <ele>1139</ele>
        <time>2025-08-17T13:37:00.000Z</time>
        <extensions>
          <ns3:TrackPointExtension>
            <ns3:hr>119</ns3:hr>
          </ns3:TrackPointExtension>
        </extensions>
      </trkpt>
      <trkpt lat="-25.51076830364763736724853515625" lon="-48.98476758040487766265869140625">
        <ele>1139</ele>
        <time>2025-08-17T13:37:02.000Z</time>
        <extensions>
          <ns3:TrackPointExtension>
            <ns3:hr>123</ns3:hr>
          </ns3:TrackPointExtension>
        </extensions>
      </trkpt>
      <trkpt lat="-25.51074500195682048797607421875" lon="-48.984784595668315887451171875">
        <ele>1138.800048828125</ele>
        <time>2025-08-17T13:37:19.000Z</time>
        <extensions>
          <ns3:TrackPointExtension>
            <ns3:hr>120</ns3:hr>
          </ns3:TrackPointExtension>
        </extensions>
      </trkpt>
      <trkpt lat="-25.51073226146399974822998046875" lon="-48.98479322902858257293701171875">
        <ele>1138.5999755859375</ele>
        <time>2025-08-17T13:37:35.000Z</time>
        <extensions>
          <ns3:TrackPointExtension>
            <ns3:hr>117</ns3:hr>
          </ns3:TrackPointExtension>
        </extensions>
      </trkpt>
      <trkpt lat="-25.51073393784463405609130859375" lon="-48.98479591123759746551513671875">
        <ele>1138.4000244140625</ele>
        <time>2025-08-17T13:37:42.000Z</time>
        <extensions>
          <ns3:TrackPointExtension>
            <ns3:hr>114</ns3:hr>
          </ns3:TrackPointExtension>
        </extensions>
      </trkpt>
      <trkpt lat="-25.5107348598539829254150390625" lon="-48.9848052151501178741455078125">
        <ele>1138</ele>
        <time>2025-08-17T13:38:15.000Z</time>
        <extensions>
          <ns3:TrackPointExtension>
            <ns3:hr>117</ns3:hr>
          </ns3:TrackPointExtension>
        </extensions>
      </trkpt>
      <trkpt lat="-25.51068331114947795867919921875" lon="-48.9848253317177295684814453125">
        <ele>1138.199951171875</ele>
        <time>2025-08-17T13:38:47.000Z</time>
        <extensions>
          <ns3:TrackPointExtension>
            <ns3:hr>116</ns3:hr>
          </ns3:TrackPointExtension>
        </extensions>
      </trkpt>
      <trkpt lat="-25.51067241467535495758056640625" lon="-48.98487755097448825836181640625">
        <ele>1136</ele>
        <time>2025-08-17T13:38:53.000Z</time>
        <extensions>
          <ns3:TrackPointExtension>
            <ns3:hr>118</ns3:hr>
          </ns3:TrackPointExtension>
        </extensions>
      </trkpt>
      <trkpt lat="-25.510659255087375640869140625" lon="-48.9849128387868404388427734375">
        <ele>1134.800048828125</ele>
        <time>2025-08-17T13:38:58.000Z</time>
        <extensions>
          <ns3:TrackPointExtension>
            <ns3:hr>119</ns3:hr>
          </ns3:TrackPointExtension>
        </extensions>
      </trkpt>
      <trkpt lat="-25.5106476880609989166259765625" lon="-48.984933458268642425537109375">
        <ele>1134</ele>
        <time>2025-08-17T13:39:04.000Z</time>
        <extensions>
          <ns3:TrackPointExtension>
            <ns3:hr>118</ns3:hr>
          </ns3:TrackPointExtension>
        </extensions>
      </trkpt>
      <trkpt lat="-25.5106510408222675323486328125" lon="-48.9849480427801609039306640625">
        <ele>1133.4000244140625</ele>
        <time>2025-08-17T13:39:10.000Z</time>
        <extensions>
          <ns3:TrackPointExtension>
            <ns3:hr>120</ns3:hr>
          </ns3:TrackPointExtension>
        </extensions>
      </trkpt>
      <trkpt lat="-25.51066889427602291107177734375" lon="-48.9849527366459369659423828125">
        <ele>1132.800048828125</ele>
        <time>2025-08-17T13:39:16.000Z</time>
        <extensions>
          <ns3:TrackPointExtension>
            <ns3:hr>121</ns3:hr>
          </ns3:TrackPointExtension>
        </extensions>
      </trkpt>
      <trkpt lat="-25.51068046130239963531494140625" lon="-48.98496086709201335906982421875">
        <ele>1132.4000244140625</ele>
        <time>2025-08-17T13:39:21.000Z</time>
        <extensions>
          <ns3:TrackPointExtension>
            <ns3:hr>122</ns3:hr>
          </ns3:TrackPointExtension>
        </extensions>
      </trkpt>
      <trkpt lat="-25.5106641165912151336669921875" lon="-48.98500964976847171783447265625">
        <ele>1130.5999755859375</ele>
        <time>2025-08-17T13:39:27.000Z</time>
        <extensions>
          <ns3:TrackPointExtension>
            <ns3:hr>121</ns3:hr>
          </ns3:TrackPointExtension>
        </extensions>
      </trkpt>
      <trkpt lat="-25.510664284229278564453125" lon="-48.985008560121059417724609375">
        <ele>1130.800048828125</ele>
        <time>2025-08-17T13:39:32.000Z</time>
        <extensions>
          <ns3:TrackPointExtension>
            <ns3:hr>121</ns3:hr>
          </ns3:TrackPointExtension>
        </extensions>
      </trkpt>
      <trkpt lat="-25.51065816543996334075927734375" lon="-48.9850097335875034332275390625">
        <ele>1130.800048828125</ele>
        <time>2025-08-17T13:39:38.000Z</time>
        <extensions>
          <ns3:TrackPointExtension>
            <ns3:hr>123</ns3:hr>
          </ns3:TrackPointExtension>
        </extensions>
      </trkpt>
      <trkpt lat="-25.5106550641357898712158203125" lon="-48.98501115851104259490966796875">
        <ele>1130.800048828125</ele>
        <time>2025-08-17T13:39:40.000Z</time>
        <extensions>
          <ns3:TrackPointExtension>
            <ns3:hr>120</ns3:hr>
          </ns3:TrackPointExtension>
        </extensions>
      </trkpt>
      <trkpt lat="-25.5106441676616668701171875" lon="-48.98502138443291187286376953125">
        <ele>1130.5999755859375</ele>
        <time>2025-08-17T13:39:43.000Z</time>
        <extensions>
          <ns3:TrackPointExtension>
            <ns3:hr>123</ns3:hr>
          </ns3:TrackPointExtension>
        </extensions>
      </trkpt>
      <trkpt lat="-25.5106440000236034393310546875" lon="-48.98502155207097530364990234375">
        <ele>1130.5999755859375</ele>
        <time>2025-08-17T13:39:44.000Z</time>
        <extensions>
          <ns3:TrackPointExtension>
            <ns3:hr>123</ns3:hr>
          </ns3:TrackPointExtension>
        </extensions>
      </trkpt>
      <trkpt lat="-25.51064760424196720123291015625" lon="-48.98502507247030735015869140625">
        <ele>1130.4000244140625</ele>
        <time>2025-08-17T13:39:55.000Z</time>
        <extensions>
          <ns3:TrackPointExtension>
            <ns3:hr>122</ns3:hr>
          </ns3:TrackPointExtension>
        </extensions>
      </trkpt>
      <trkpt lat="-25.51066956482827663421630859375" lon="-48.98508156649768352508544921875">
        <ele>1127.800048828125</ele>
        <time>2025-08-17T13:40:00.000Z</time>
        <extensions>
          <ns3:TrackPointExtension>
            <ns3:hr>124</ns3:hr>
          </ns3:TrackPointExtension>
        </extensions>
      </trkpt>
      <trkpt lat="-25.5106872506439685821533203125" lon="-48.98512213490903377532958984375">
        <ele>1125.800048828125</ele>
        <time>2025-08-17T13:40:05.000Z</time>
        <extensions>
          <ns3:TrackPointExtension>
            <ns3:hr>122</ns3:hr>
          </ns3:TrackPointExtension>
        </extensions>
      </trkpt>
      <trkpt lat="-25.51068917848169803619384765625" lon="-48.98512548767030239105224609375">
        <ele>1125.5999755859375</ele>
        <time>2025-08-17T13:40:08.000Z</time>
        <extensions>
          <ns3:TrackPointExtension>
            <ns3:hr>119</ns3:hr>
          </ns3:TrackPointExtension>
        </extensions>
      </trkpt>
      <trkpt lat="-25.51070376299321651458740234375" lon="-48.98514158092439174652099609375">
        <ele>1124.4000244140625</ele>
        <time>2025-08-17T13:40:12.000Z</time>
        <extensions>
          <ns3:TrackPointExtension>
            <ns3:hr>117</ns3:hr>
          </ns3:TrackPointExtension>
        </extensions>
      </trkpt>
      <trkpt lat="-25.510707534849643707275390625" lon="-48.98515180684626102447509765625">
        <ele>1123.800048828125</ele>
        <time>2025-08-17T13:40:17.000Z</time>
        <extensions>
          <ns3:TrackPointExtension>
            <ns3:hr>116</ns3:hr>
          </ns3:TrackPointExtension>
        </extensions>
      </trkpt>
      <trkpt lat="-25.51072840578854084014892578125" lon="-48.985150046646595001220703125">
        <ele>1123.5999755859375</ele>
        <time>2025-08-17T13:40:26.000Z</time>
        <extensions>
          <ns3:TrackPointExtension>
            <ns3:hr>115</ns3:hr>
          </ns3:TrackPointExtension>
        </extensions>
      </trkpt>
      <trkpt lat="-25.51074734888970851898193359375" lon="-48.98515482433140277862548828125">
        <ele>1122.800048828125</ele>
        <time>2025-08-17T13:40:47.000Z</time>
        <extensions>
          <ns3:TrackPointExtension>
            <ns3:hr>113</ns3:hr>
          </ns3:TrackPointExtension>
        </extensions>
      </trkpt>
      <trkpt lat="-25.51075003109872341156005859375" lon="-48.985151387751102447509765625">
        <ele>1123</ele>
        <time>2025-08-17T13:41:03.000Z</time>
        <extensions>
          <ns3:TrackPointExtension>
            <ns3:hr>110</ns3:hr>
          </ns3:TrackPointExtension>
        </extensions>
      </trkpt>
      <trkpt lat="-25.5107506178319454193115234375" lon="-48.98513697087764739990234375">
        <ele>1123.800048828125</ele>
        <time>2025-08-17T13:41:11.000Z</time>
        <extensions>
          <ns3:TrackPointExtension>
            <ns3:hr>113</ns3:hr>
          </ns3:TrackPointExtension>
        </extensions>
      </trkpt>
      <trkpt lat="-25.5107506178319454193115234375" lon="-48.98513026535511016845703125">
        <ele>1124</ele>
        <time>2025-08-17T13:41:14.000Z</time>
        <extensions>
          <ns3:TrackPointExtension>
            <ns3:hr>110</ns3:hr>
          </ns3:TrackPointExtension>
        </extensions>
      </trkpt>
      <trkpt lat="-25.51075153984129428863525390625" lon="-48.98512632586061954498291015625">
        <ele>1124.199951171875</ele>
        <time>2025-08-17T13:41:20.000Z</time>
        <extensions>
          <ns3:TrackPointExtension>
            <ns3:hr>106</ns3:hr>
          </ns3:TrackPointExtension>
        </extensions>
      </trkpt>
      <trkpt lat="-25.51075086928904056549072265625" lon="-48.98512163199484348297119140625">
        <ele>1124.4000244140625</ele>
        <time>2025-08-17T13:41:25.000Z</time>
        <extensions>
          <ns3:TrackPointExtension>
            <ns3:hr>109</ns3:hr>
          </ns3:TrackPointExtension>
        </extensions>
      </trkpt>
      <trkpt lat="-25.5107449181377887725830078125" lon="-48.985117860138416290283203125">
        <ele>1124.5999755859375</ele>
        <time>2025-08-17T13:41:36.000Z</time>
        <extensions>
          <ns3:TrackPointExtension>
            <ns3:hr>105</ns3:hr>
          </ns3:TrackPointExtension>
        </extensions>
      </trkpt>
      <trkpt lat="-25.51075874827802181243896484375" lon="-48.98510436527431011199951171875">
        <ele>1124.800048828125</ele>
        <time>2025-08-17T13:42:11.000Z</time>
        <extensions>
          <ns3:TrackPointExtension>
            <ns3:hr>108</ns3:hr>
          </ns3:TrackPointExtension>
        </extensions>
      </trkpt>
      <trkpt lat="-25.51079596392810344696044921875" lon="-48.985112495720386505126953125">
        <ele>1123.800048828125</ele>
        <time>2025-08-17T13:42:23.000Z</time>
        <extensions>
          <ns3:TrackPointExtension>
            <ns3:hr>110</ns3:hr>
          </ns3:TrackPointExtension>
        </extensions>
      </trkpt>
      <trkpt lat="-25.51081524230539798736572265625" lon="-48.9851210452616214752197265625">
        <ele>1123</ele>
        <time>2025-08-17T13:42:26.000Z</time>
        <extensions>
          <ns3:TrackPointExtension>
            <ns3:hr>108</ns3:hr>
          </ns3:TrackPointExtension>
        </extensions>
      </trkpt>
      <trkpt lat="-25.510826222598552703857421875" lon="-48.98511643521487712860107421875">
        <ele>1123</ele>
        <time>2025-08-17T13:42:33.000Z</time>
        <extensions>
          <ns3:TrackPointExtension>
            <ns3:hr>111</ns3:hr>
          </ns3:TrackPointExtension>
        </extensions>
      </trkpt>
      <trkpt lat="-25.510826222598552703857421875" lon="-48.9851109869778156280517578125">
        <ele>1123.199951171875</ele>
        <time>2025-08-17T13:42:34.000Z</time>
        <extensions>
          <ns3:TrackPointExtension>
            <ns3:hr>112</ns3:hr>
          </ns3:TrackPointExtension>
        </extensions>
      </trkpt>
      <trkpt lat="-25.51083167083561420440673828125" lon="-48.98510553874075412750244140625">
        <ele>1123.4000244140625</ele>
        <time>2025-08-17T13:42:36.000Z</time>
        <extensions>
          <ns3:TrackPointExtension>
            <ns3:hr>117</ns3:hr>
          </ns3:TrackPointExtension>
        </extensions>
      </trkpt>
      <trkpt lat="-25.51083653233945369720458984375" lon="-48.98509271442890167236328125">
        <ele>1123.800048828125</ele>
        <time>2025-08-17T13:42:40.000Z</time>
        <extensions>
          <ns3:TrackPointExtension>
            <ns3:hr>118</ns3:hr>
          </ns3:TrackPointExtension>
        </extensions>
      </trkpt>
      <trkpt lat="-25.51084709353744983673095703125" lon="-48.9850831590592861175537109375">
        <ele>1124</ele>
        <time>2025-08-17T13:42:47.000Z</time>
        <extensions>
          <ns3:TrackPointExtension>
            <ns3:hr>119</ns3:hr>
          </ns3:TrackPointExtension>
        </extensions>
      </trkpt>
      <trkpt lat="-25.5108823813498020172119140625" lon="-48.98509673774242401123046875">
        <ele>1122.5999755859375</ele>
        <time>2025-08-17T13:43:20.000Z</time>
        <extensions>
          <ns3:TrackPointExtension>
            <ns3:hr>121</ns3:hr>
          </ns3:TrackPointExtension>
        </extensions>
      </trkpt>
      <trkpt lat="-25.5109309963881969451904296875" lon="-48.9851005934178829193115234375">
        <ele>1121.4000244140625</ele>
        <time>2025-08-17T13:43:24.000Z</time>
        <extensions>
          <ns3:TrackPointExtension>
            <ns3:hr>121</ns3:hr>
          </ns3:TrackPointExtension>
        </extensions>
      </trkpt>
      <trkpt lat="-25.5109323374927043914794921875" lon="-48.985105454921722412109375">
        <ele>1121.199951171875</ele>
        <time>2025-08-17T13:43:28.000Z</time>
        <extensions>
          <ns3:TrackPointExtension>
            <ns3:hr>121</ns3:hr>
          </ns3:TrackPointExtension>
        </extensions>
      </trkpt>
      <trkpt lat="-25.5109417252242565155029296875" lon="-48.98507385514676570892333984375">
        <ele>1122.4000244140625</ele>
        <time>2025-08-17T13:43:36.000Z</time>
        <extensions>
          <ns3:TrackPointExtension>
            <ns3:hr>120</ns3:hr>
          </ns3:TrackPointExtension>
        </extensions>
      </trkpt>
      <trkpt lat="-25.5109477601945400238037109375" lon="-48.98507058620452880859375">
        <ele>1122.4000244140625</ele>
        <time>2025-08-17T13:43:41.000Z</time>
        <extensions>
          <ns3:TrackPointExtension>
            <ns3:hr>117</ns3:hr>
          </ns3:TrackPointExtension>
        </extensions>
      </trkpt>
      <trkpt lat="-25.51095253787934780120849609375" lon="-48.98507595062255859375">
        <ele>1122</ele>
        <time>2025-08-17T13:43:42.000Z</time>
        <extensions>
          <ns3:TrackPointExtension>
            <ns3:hr>117</ns3:hr>
          </ns3:TrackPointExtension>
        </extensions>
      </trkpt>
      <trkpt lat="-25.51093610934913158416748046875" lon="-48.98507938720285892486572265625">
        <ele>1122.199951171875</ele>
        <time>2025-08-17T13:43:48.000Z</time>
        <extensions>
          <ns3:TrackPointExtension>
            <ns3:hr>115</ns3:hr>
          </ns3:TrackPointExtension>
        </extensions>
      </trkpt>
      <trkpt lat="-25.5109413899481296539306640625" lon="-48.98507016710937023162841796875">
        <ele>1122.5999755859375</ele>
        <time>2025-08-17T13:43:56.000Z</time>
        <extensions>
          <ns3:TrackPointExtension>
            <ns3:hr>115</ns3:hr>
          </ns3:TrackPointExtension>
        </extensions>
      </trkpt>
      <trkpt lat="-25.51093317568302154541015625" lon="-48.9850667305290699005126953125">
        <ele>1122.800048828125</ele>
        <time>2025-08-17T13:44:01.000Z</time>
        <extensions>
          <ns3:TrackPointExtension>
            <ns3:hr>114</ns3:hr>
          </ns3:TrackPointExtension>
        </extensions>
      </trkpt>
      <trkpt lat="-25.510983131825923919677734375" lon="-48.9850499667227268218994140625">
        <ele>1122.4000244140625</ele>
        <time>2025-08-17T13:44:05.000Z</time>
        <extensions>
          <ns3:TrackPointExtension>
            <ns3:hr>112</ns3:hr>
          </ns3:TrackPointExtension>
        </extensions>
      </trkpt>
      <trkpt lat="-25.5110067687928676605224609375" lon="-48.985064215958118438720703125">
        <ele>1121.4000244140625</ele>
        <time>2025-08-17T13:44:10.000Z</time>
        <extensions>
          <ns3:TrackPointExtension>
            <ns3:hr>112</ns3:hr>
          </ns3:TrackPointExtension>
        </extensions>
      </trkpt>
      <trkpt lat="-25.51100936718285083770751953125" lon="-48.98507150821387767791748046875">
        <ele>1121</ele>
        <time>2025-08-17T13:44:15.000Z</time>
        <extensions>
          <ns3:TrackPointExtension>
            <ns3:hr>112</ns3:hr>
          </ns3:TrackPointExtension>
        </extensions>
      </trkpt>
      <trkpt lat="-25.5110060982406139373779296875" lon="-48.985074944794178009033203125">
        <ele>1121</ele>
        <time>2025-08-17T13:44:21.000Z</time>
        <extensions>
          <ns3:TrackPointExtension>
            <ns3:hr>113</ns3:hr>
          </ns3:TrackPointExtension>
        </extensions>
      </trkpt>
      <trkpt lat="-25.5110064335167407989501953125" lon="-48.98506966419517993927001953125">
        <ele>1121.199951171875</ele>
        <time>2025-08-17T13:44:30.000Z</time>
        <extensions>
          <ns3:TrackPointExtension>
            <ns3:hr>115</ns3:hr>
          </ns3:TrackPointExtension>
        </extensions>
      </trkpt>
      <trkpt lat="-25.51099813543260097503662109375" lon="-48.98505985736846923828125">
        <ele>1121.800048828125</ele>
        <time>2025-08-17T13:44:38.000Z</time>
        <extensions>
          <ns3:TrackPointExtension>
            <ns3:hr>115</ns3:hr>
          </ns3:TrackPointExtension>
        </extensions>
      </trkpt>
      <trkpt lat="-25.51100769080221652984619140625" lon="-48.985080979764461517333984375">
        <ele>1120.5999755859375</ele>
        <time>2025-08-17T13:44:45.000Z</time>
        <extensions>
          <ns3:TrackPointExtension>
            <ns3:hr>115</ns3:hr>
          </ns3:TrackPointExtension>
        </extensions>
      </trkpt>
      <trkpt lat="-25.5110094510018825531005859375" lon="-48.98508441634476184844970703125">
        <ele>1120.4000244140625</ele>
        <time>2025-08-17T13:44:51.000Z</time>
        <extensions>
          <ns3:TrackPointExtension>
            <ns3:hr>116</ns3:hr>
          </ns3:TrackPointExtension>
        </extensions>
      </trkpt>
      <trkpt lat="-25.51101230084896087646484375" lon="-48.985089026391506195068359375">
        <ele>1120.199951171875</ele>
        <time>2025-08-17T13:44:56.000Z</time>
        <extensions>
          <ns3:TrackPointExtension>
            <ns3:hr>118</ns3:hr>
          </ns3:TrackPointExtension>
        </extensions>
      </trkpt>
      <trkpt lat="-25.51101841963827610015869140625" lon="-48.9850878529250621795654296875">
        <ele>1120</ele>
        <time>2025-08-17T13:45:00.000Z</time>
        <extensions>
          <ns3:TrackPointExtension>
            <ns3:hr>117</ns3:hr>
          </ns3:TrackPointExtension>
        </extensions>
      </trkpt>
      <trkpt lat="-25.51102696917951107025146484375" lon="-48.98508374579250812530517578125">
        <ele>1120</ele>
        <time>2025-08-17T13:45:04.000Z</time>
        <extensions>
          <ns3:TrackPointExtension>
            <ns3:hr>120</ns3:hr>
          </ns3:TrackPointExtension>
        </extensions>
      </trkpt>
      <trkpt lat="-25.5110304057598114013671875" lon="-48.98507150821387767791748046875">
        <ele>1120.5999755859375</ele>
        <time>2025-08-17T13:45:09.000Z</time>
        <extensions>
          <ns3:TrackPointExtension>
            <ns3:hr>122</ns3:hr>
          </ns3:TrackPointExtension>
        </extensions>
      </trkpt>
      <trkpt lat="-25.5110382847487926483154296875" lon="-48.9850627072155475616455078125">
        <ele>1120.800048828125</ele>
        <time>2025-08-17T13:45:17.000Z</time>
        <extensions>
          <ns3:TrackPointExtension>
            <ns3:hr>123</ns3:hr>
          </ns3:TrackPointExtension>
        </extensions>
      </trkpt>
      <trkpt lat="-25.51104339770972728729248046875" lon="-48.9850710891187191009521484375">
        <ele>1120.199951171875</ele>
        <time>2025-08-17T13:45:24.000Z</time>
        <extensions>
          <ns3:TrackPointExtension>
            <ns3:hr>125</ns3:hr>
          </ns3:TrackPointExtension>
        </extensions>
      </trkpt>
      <trkpt lat="-25.5110439844429492950439453125" lon="-48.9850704185664653778076171875">
        <ele>1120.199951171875</ele>
        <time>2025-08-17T13:45:35.000Z</time>
        <extensions>
          <ns3:TrackPointExtension>
            <ns3:hr>125</ns3:hr>
          </ns3:TrackPointExtension>
        </extensions>
      </trkpt>
      <trkpt lat="-25.511048175394535064697265625" lon="-48.98507687263190746307373046875">
        <ele>1120</ele>
        <time>2025-08-17T13:45:53.000Z</time>
        <extensions>
          <ns3:TrackPointExtension>
            <ns3:hr>122</ns3:hr>
          </ns3:TrackPointExtension>
        </extensions>
      </trkpt>
      <trkpt lat="-25.51105077378451824188232421875" lon="-48.98508659563958644866943359375">
        <ele>1119.4000244140625</ele>
        <time>2025-08-17T13:46:02.000Z</time>
        <extensions>
          <ns3:TrackPointExtension>
            <ns3:hr>119</ns3:hr>
          </ns3:TrackPointExtension>
        </extensions>
      </trkpt>
      <trkpt lat="-25.51105077378451824188232421875" lon="-48.985087685286998748779296875">
        <ele>1119.4000244140625</ele>
        <time>2025-08-17T13:46:03.000Z</time>
        <extensions>
          <ns3:TrackPointExtension>
            <ns3:hr>122</ns3:hr>
          </ns3:TrackPointExtension>
        </extensions>
      </trkpt>
      <trkpt lat="-25.51105077378451824188232421875" lon="-48.9850907027721405029296875">
        <ele>1119.199951171875</ele>
        <time>2025-08-17T13:46:05.000Z</time>
        <extensions>
          <ns3:TrackPointExtension>
            <ns3:hr>119</ns3:hr>
          </ns3:TrackPointExtension>
        </extensions>
      </trkpt>
      <trkpt lat="-25.51105077378451824188232421875" lon="-48.98509296588599681854248046875">
        <ele>1119.199951171875</ele>
        <time>2025-08-17T13:46:07.000Z</time>
        <extensions>
          <ns3:TrackPointExtension>
            <ns3:hr>116</ns3:hr>
          </ns3:TrackPointExtension>
        </extensions>
      </trkpt>
      <trkpt lat="-25.51104985177516937255859375" lon="-48.98509464226663112640380859375">
        <ele>1119.199951171875</ele>
        <time>2025-08-17T13:46:13.000Z</time>
        <extensions>
          <ns3:TrackPointExtension>
            <ns3:hr>113</ns3:hr>
          </ns3:TrackPointExtension>
        </extensions>
      </trkpt>
      <trkpt lat="-25.5110483430325984954833984375" lon="-48.9851508848369121551513671875">
        <ele>1116.800048828125</ele>
        <time>2025-08-17T13:46:43.000Z</time>
        <extensions>
          <ns3:TrackPointExtension>
            <ns3:hr>115</ns3:hr>
          </ns3:TrackPointExtension>
        </extensions>
      </trkpt>
      <trkpt lat="-25.51105362363159656524658203125" lon="-48.98517586290836334228515625">
        <ele>1115.5999755859375</ele>
        <time>2025-08-17T13:46:53.000Z</time>
        <extensions>
          <ns3:TrackPointExtension>
            <ns3:hr>114</ns3:hr>
          </ns3:TrackPointExtension>
        </extensions>
      </trkpt>
      <trkpt lat="-25.5110620893537998199462890625" lon="-48.98516706191003322601318359375">
        <ele>1115.800048828125</ele>
        <time>2025-08-17T13:46:55.000Z</time>
        <extensions>
          <ns3:TrackPointExtension>
            <ns3:hr>111</ns3:hr>
          </ns3:TrackPointExtension>
        </extensions>
      </trkpt>
      <trkpt lat="-25.51106753759086132049560546875" lon="-48.98516111075878143310546875">
        <ele>1115.800048828125</ele>
        <time>2025-08-17T13:46:57.000Z</time>
        <extensions>
          <ns3:TrackPointExtension>
            <ns3:hr>108</ns3:hr>
          </ns3:TrackPointExtension>
        </extensions>
      </trkpt>
      <trkpt lat="-25.51107399165630340576171875" lon="-48.98516873829066753387451171875">
        <ele>1115.4000244140625</ele>
        <time>2025-08-17T13:47:00.000Z</time>
        <extensions>
          <ns3:TrackPointExtension>
            <ns3:hr>105</ns3:hr>
          </ns3:TrackPointExtension>
        </extensions>
      </trkpt>
      <trkpt lat="-25.51105094142258167266845703125" lon="-48.9852154254913330078125">
        <ele>1113.800048828125</ele>
        <time>2025-08-17T13:47:03.000Z</time>
        <extensions>
          <ns3:TrackPointExtension>
            <ns3:hr>105</ns3:hr>
          </ns3:TrackPointExtension>
        </extensions>
      </trkpt>
      <trkpt lat="-25.51103183068335056304931640625" lon="-48.98525926284492015838623046875">
        <ele>1112.4000244140625</ele>
        <time>2025-08-17T13:47:06.000Z</time>
        <extensions>
          <ns3:TrackPointExtension>
            <ns3:hr>105</ns3:hr>
          </ns3:TrackPointExtension>
        </extensions>
      </trkpt>
      <trkpt lat="-25.5110372789204120635986328125" lon="-48.9852554909884929656982421875">
        <ele>1112.4000244140625</ele>
        <time>2025-08-17T13:47:10.000Z</time>
        <extensions>
          <ns3:TrackPointExtension>
            <ns3:hr>106</ns3:hr>
          </ns3:TrackPointExtension>
        </extensions>
      </trkpt>
      <trkpt lat="-25.51105580292642116546630859375" lon="-48.98529966361820697784423828125">
        <ele>1110.199951171875</ele>
        <time>2025-08-17T13:47:15.000Z</time>
        <extensions>
          <ns3:TrackPointExtension>
            <ns3:hr>108</ns3:hr>
          </ns3:TrackPointExtension>
        </extensions>
      </trkpt>
      <trkpt lat="-25.51108011044561862945556640625" lon="-48.98532807826995849609375">
        <ele>1108.4000244140625</ele>
        <time>2025-08-17T13:47:21.000Z</time>
        <extensions>
          <ns3:TrackPointExtension>
            <ns3:hr>108</ns3:hr>
          </ns3:TrackPointExtension>
        </extensions>
      </trkpt>
      <trkpt lat="-25.511099137365818023681640625" lon="-48.98529211990535259246826171875">
        <ele>1109.5999755859375</ele>
        <time>2025-08-17T13:47:25.000Z</time>
        <extensions>
          <ns3:TrackPointExtension>
            <ns3:hr>112</ns3:hr>
          </ns3:TrackPointExtension>
        </extensions>
      </trkpt>
      <trkpt lat="-25.51112252287566661834716796875" lon="-48.9852816425263881683349609375">
        <ele>1109.800048828125</ele>
        <time>2025-08-17T13:47:28.000Z</time>
        <extensions>
          <ns3:TrackPointExtension>
            <ns3:hr>115</ns3:hr>
          </ns3:TrackPointExtension>
        </extensions>
      </trkpt>
      <trkpt lat="-25.51113040186464786529541015625" lon="-48.98530234582722187042236328125">
        <ele>1109</ele>
        <time>2025-08-17T13:47:33.000Z</time>
        <extensions>
          <ns3:TrackPointExtension>
            <ns3:hr>115</ns3:hr>
          </ns3:TrackPointExtension>
        </extensions>
      </trkpt>
      <trkpt lat="-25.51113727502524852752685546875" lon="-48.98528717458248138427734375">
        <ele>1109.800048828125</ele>
        <time>2025-08-17T13:47:42.000Z</time>
        <extensions>
          <ns3:TrackPointExtension>
            <ns3:hr>114</ns3:hr>
          </ns3:TrackPointExtension>
        </extensions>
      </trkpt>
      <trkpt lat="-25.51112973131239414215087890625" lon="-48.985284827649593353271484375">
        <ele>1109.800048828125</ele>
        <time>2025-08-17T13:47:48.000Z</time>
        <extensions>
          <ns3:TrackPointExtension>
            <ns3:hr>115</ns3:hr>
          </ns3:TrackPointExtension>
        </extensions>
      </trkpt>
      <trkpt lat="-25.5111130513250827789306640625" lon="-48.98527384735643863677978515625">
        <ele>1110</ele>
        <time>2025-08-17T13:47:54.000Z</time>
        <extensions>
          <ns3:TrackPointExtension>
            <ns3:hr>118</ns3:hr>
          </ns3:TrackPointExtension>
        </extensions>
      </trkpt>
      <trkpt lat="-25.5111271329224109649658203125" lon="-48.9852813072502613067626953125">
        <ele>1109.800048828125</ele>
        <time>2025-08-17T13:47:58.000Z</time>
        <extensions>
          <ns3:TrackPointExtension>
            <ns3:hr>116</ns3:hr>
          </ns3:TrackPointExtension>
        </extensions>
      </trkpt>
      <trkpt lat="-25.51116677932441234588623046875" lon="-48.985264711081981658935546875">
        <ele>1111.199951171875</ele>
        <time>2025-08-17T13:48:06.000Z</time>
        <extensions>
          <ns3:TrackPointExtension>
            <ns3:hr>116</ns3:hr>
          </ns3:TrackPointExtension>
        </extensions>
      </trkpt>
      <trkpt lat="-25.51119125448167324066162109375" lon="-48.9852766133844852447509765625">
        <ele>1111</ele>
        <time>2025-08-17T13:48:10.000Z</time>
        <extensions>
          <ns3:TrackPointExtension>
            <ns3:hr>115</ns3:hr>
          </ns3:TrackPointExtension>
        </extensions>
      </trkpt>
      <trkpt lat="-25.51120583899319171905517578125" lon="-48.98528474383056163787841796875">
        <ele>1110.800048828125</ele>
        <time>2025-08-17T13:48:17.000Z</time>
        <extensions>
          <ns3:TrackPointExtension>
            <ns3:hr>115</ns3:hr>
          </ns3:TrackPointExtension>
        </extensions>
      </trkpt>
      <trkpt lat="-25.5112267099320888519287109375" lon="-48.985292874276638031005859375">
        <ele>1110.800048828125</ele>
        <time>2025-08-17T13:48:23.000Z</time>
        <extensions>
          <ns3:TrackPointExtension>
            <ns3:hr>115</ns3:hr>
          </ns3:TrackPointExtension>
        </extensions>
      </trkpt>
      <trkpt lat="-25.51122897304594516754150390625" lon="-48.98530201055109500885009765625">
        <ele>1110.4000244140625</ele>
        <time>2025-08-17T13:48:28.000Z</time>
        <extensions>
          <ns3:TrackPointExtension>
            <ns3:hr>112</ns3:hr>
          </ns3:TrackPointExtension>
        </extensions>
      </trkpt>
      <trkpt lat="-25.51123148761689662933349609375" lon="-48.985309302806854248046875">
        <ele>1110.199951171875</ele>
        <time>2025-08-17T13:48:29.000Z</time>
        <extensions>
          <ns3:TrackPointExtension>
            <ns3:hr>112</ns3:hr>
          </ns3:TrackPointExtension>
        </extensions>
      </trkpt>
      <trkpt lat="-25.51123333163559436798095703125" lon="-48.98532338440418243408203125">
        <ele>1109.5999755859375</ele>
        <time>2025-08-17T13:48:35.000Z</time>
        <extensions>
          <ns3:TrackPointExtension>
            <ns3:hr>111</ns3:hr>
          </ns3:TrackPointExtension>
        </extensions>
      </trkpt>
      <trkpt lat="-25.51123358309268951416015625" lon="-48.98533000610768795013427734375">
        <ele>1109.199951171875</ele>
        <time>2025-08-17T13:48:41.000Z</time>
        <extensions>
          <ns3:TrackPointExtension>
            <ns3:hr>112</ns3:hr>
          </ns3:TrackPointExtension>
        </extensions>
      </trkpt>
      <trkpt lat="-25.51123165525496006011962890625" lon="-48.98533344268798828125">
        <ele>1109.199951171875</ele>
        <time>2025-08-17T13:48:45.000Z</time>
        <extensions>
          <ns3:TrackPointExtension>
            <ns3:hr>115</ns3:hr>
          </ns3:TrackPointExtension>
        </extensions>
      </trkpt>
      <trkpt lat="-25.51123358309268951416015625" lon="-48.98534241132438182830810546875">
        <ele>1108.800048828125</ele>
        <time>2025-08-17T13:48:49.000Z</time>
        <extensions>
          <ns3:TrackPointExtension>
            <ns3:hr>115</ns3:hr>
          </ns3:TrackPointExtension>
        </extensions>
      </trkpt>
      <trkpt lat="-25.51125378347933292388916015625" lon="-48.985329754650592803955078125">
        <ele>1109.5999755859375</ele>
        <time>2025-08-17T13:48:59.000Z</time>
        <extensions>
          <ns3:TrackPointExtension>
            <ns3:hr>117</ns3:hr>
          </ns3:TrackPointExtension>
        </extensions>
      </trkpt>
      <trkpt lat="-25.51126736216247081756591796875" lon="-48.98533252067863941192626953125">
        <ele>1109.5999755859375</ele>
        <time>2025-08-17T13:49:02.000Z</time>
        <extensions>
          <ns3:TrackPointExtension>
            <ns3:hr>117</ns3:hr>
          </ns3:TrackPointExtension>
        </extensions>
      </trkpt>
      <trkpt lat="-25.51126836799085140228271484375" lon="-48.98532514460384845733642578125">
        <ele>1110</ele>
        <time>2025-08-17T13:49:08.000Z</time>
        <extensions>
          <ns3:TrackPointExtension>
            <ns3:hr>117</ns3:hr>
          </ns3:TrackPointExtension>
        </extensions>
      </trkpt>
      <trkpt lat="-25.5112686194479465484619140625" lon="-48.98532564751803874969482421875">
        <ele>1110</ele>
        <time>2025-08-17T13:49:11.000Z</time>
        <extensions>
          <ns3:TrackPointExtension>
            <ns3:hr>114</ns3:hr>
          </ns3:TrackPointExtension>
        </extensions>
      </trkpt>
      <trkpt lat="-25.5112686194479465484619140625" lon="-48.98532564751803874969482421875">
        <ele>1110</ele>
        <time>2025-08-17T13:49:19.000Z</time>
        <extensions>
          <ns3:TrackPointExtension>
            <ns3:hr>111</ns3:hr>
          </ns3:TrackPointExtension>
        </extensions>
      </trkpt>
      <trkpt lat="-25.5112686194479465484619140625" lon="-48.98532397113740444183349609375">
        <ele>1110</ele>
        <time>2025-08-17T13:49:22.000Z</time>
        <extensions>
          <ns3:TrackPointExtension>
            <ns3:hr>114</ns3:hr>
          </ns3:TrackPointExtension>
        </extensions>
      </trkpt>
      <trkpt lat="-25.5112686194479465484619140625" lon="-48.98532330058515071868896484375">
        <ele>1110</ele>
        <time>2025-08-17T13:49:25.000Z</time>
        <extensions>
          <ns3:TrackPointExtension>
            <ns3:hr>117</ns3:hr>
          </ns3:TrackPointExtension>
        </extensions>
      </trkpt>
      <trkpt lat="-25.5112686194479465484619140625" lon="-48.9853227138519287109375">
        <ele>1110.199951171875</ele>
        <time>2025-08-17T13:49:27.000Z</time>
        <extensions>
          <ns3:TrackPointExtension>
            <ns3:hr>120</ns3:hr>
          </ns3:TrackPointExtension>
        </extensions>
      </trkpt>
      <trkpt lat="-25.5112686194479465484619140625" lon="-48.98531391285359859466552734375">
        <ele>1110.4000244140625</ele>
        <time>2025-08-17T13:49:30.000Z</time>
        <extensions>
          <ns3:TrackPointExtension>
            <ns3:hr>123</ns3:hr>
          </ns3:TrackPointExtension>
        </extensions>
      </trkpt>
      <trkpt lat="-25.51126870326697826385498046875" lon="-48.98530854843556880950927734375">
        <ele>1110.800048828125</ele>
        <time>2025-08-17T13:49:33.000Z</time>
        <extensions>
          <ns3:TrackPointExtension>
            <ns3:hr>126</ns3:hr>
          </ns3:TrackPointExtension>
        </extensions>
      </trkpt>
      <trkpt lat="-25.5112810246646404266357421875" lon="-48.9852990768849849700927734375">
        <ele>1111.199951171875</ele>
        <time>2025-08-17T13:49:40.000Z</time>
        <extensions>
          <ns3:TrackPointExtension>
            <ns3:hr>123</ns3:hr>
          </ns3:TrackPointExtension>
        </extensions>
      </trkpt>
      <trkpt lat="-25.51128379069268703460693359375" lon="-48.98529832251369953155517578125">
        <ele>1111.199951171875</ele>
        <time>2025-08-17T13:49:46.000Z</time>
        <extensions>
          <ns3:TrackPointExtension>
            <ns3:hr>120</ns3:hr>
          </ns3:TrackPointExtension>
        </extensions>
      </trkpt>
      <trkpt lat="-25.511315725743770599365234375" lon="-48.98532631807029247283935546875">
        <ele>1110.4000244140625</ele>
        <time>2025-08-17T13:50:07.000Z</time>
        <extensions>
          <ns3:TrackPointExtension>
            <ns3:hr>120</ns3:hr>
          </ns3:TrackPointExtension>
        </extensions>
      </trkpt>
      <trkpt lat="-25.51132184453308582305908203125" lon="-48.98532698862254619598388671875">
        <ele>1110.4000244140625</ele>
        <time>2025-08-17T13:50:13.000Z</time>
        <extensions>
          <ns3:TrackPointExtension>
            <ns3:hr>123</ns3:hr>
          </ns3:TrackPointExtension>
        </extensions>
      </trkpt>
      <trkpt lat="-25.51136769354343414306640625" lon="-48.985317014157772064208984375">
        <ele>1110.4000244140625</ele>
        <time>2025-08-17T13:50:17.000Z</time>
        <extensions>
          <ns3:TrackPointExtension>
            <ns3:hr>125</ns3:hr>
          </ns3:TrackPointExtension>
        </extensions>
      </trkpt>
      <trkpt lat="-25.51141597330570220947265625" lon="-48.9853171817958354949951171875">
        <ele>1111</ele>
        <time>2025-08-17T13:50:23.000Z</time>
        <extensions>
          <ns3:TrackPointExtension>
            <ns3:hr>127</ns3:hr>
          </ns3:TrackPointExtension>
        </extensions>
      </trkpt>
      <trkpt lat="-25.51140650175511837005615234375" lon="-48.98530729115009307861328125">
        <ele>1111</ele>
        <time>2025-08-17T13:50:27.000Z</time>
        <extensions>
          <ns3:TrackPointExtension>
            <ns3:hr>126</ns3:hr>
          </ns3:TrackPointExtension>
        </extensions>
      </trkpt>
      <trkpt lat="-25.5113764107227325439453125" lon="-48.985372669994831085205078125">
        <ele>1109</ele>
        <time>2025-08-17T13:50:34.000Z</time>
        <extensions>
          <ns3:TrackPointExtension>
            <ns3:hr>124</ns3:hr>
          </ns3:TrackPointExtension>
        </extensions>
      </trkpt>
      <trkpt lat="-25.5113541148602962493896484375" lon="-48.98539823479950428009033203125">
        <ele>1108</ele>
        <time>2025-08-17T13:50:36.000Z</time>
        <extensions>
          <ns3:TrackPointExtension>
            <ns3:hr>128</ns3:hr>
          </ns3:TrackPointExtension>
        </extensions>
      </trkpt>
      <trkpt lat="-25.51135268993675708770751953125" lon="-48.985402844846248626708984375">
        <ele>1107.800048828125</ele>
        <time>2025-08-17T13:50:38.000Z</time>
        <extensions>
          <ns3:TrackPointExtension>
            <ns3:hr>127</ns3:hr>
          </ns3:TrackPointExtension>
        </extensions>
      </trkpt>
      <trkpt lat="-25.5113990418612957000732421875" lon="-48.9854650385677814483642578125">
        <ele>1107</ele>
        <time>2025-08-17T13:50:43.000Z</time>
        <extensions>
          <ns3:TrackPointExtension>
            <ns3:hr>128</ns3:hr>
          </ns3:TrackPointExtension>
        </extensions>
      </trkpt>
      <trkpt lat="-25.51138906739652156829833984375" lon="-48.98543343879282474517822265625">
        <ele>1107.5999755859375</ele>
        <time>2025-08-17T13:50:46.000Z</time>
        <extensions>
          <ns3:TrackPointExtension>
            <ns3:hr>129</ns3:hr>
          </ns3:TrackPointExtension>
        </extensions>
      </trkpt>
      <trkpt lat="-25.5113869719207286834716796875" lon="-48.985450454056262969970703125">
        <ele>1107.199951171875</ele>
        <time>2025-08-17T13:50:49.000Z</time>
        <extensions>
          <ns3:TrackPointExtension>
            <ns3:hr>130</ns3:hr>
          </ns3:TrackPointExtension>
        </extensions>
      </trkpt>
      <trkpt lat="-25.511390827596187591552734375" lon="-48.98545204661786556243896484375">
        <ele>1107.199951171875</ele>
        <time>2025-08-17T13:50:50.000Z</time>
        <extensions>
          <ns3:TrackPointExtension>
            <ns3:hr>131</ns3:hr>
          </ns3:TrackPointExtension>
        </extensions>
      </trkpt>
      <trkpt lat="-25.5113951861858367919921875" lon="-48.98544399999082088470458984375">
        <ele>1107.4000244140625</ele>
        <time>2025-08-17T13:50:55.000Z</time>
        <extensions>
          <ns3:TrackPointExtension>
            <ns3:hr>134</ns3:hr>
          </ns3:TrackPointExtension>
        </extensions>
      </trkpt>
      <trkpt lat="-25.511398203670978546142578125" lon="-48.98544182069599628448486328125">
        <ele>1107.5999755859375</ele>
        <time>2025-08-17T13:51:03.000Z</time>
        <extensions>
          <ns3:TrackPointExtension>
            <ns3:hr>136</ns3:hr>
          </ns3:TrackPointExtension>
        </extensions>
      </trkpt>
      <trkpt lat="-25.5113898217678070068359375" lon="-48.98544953204691410064697265625">
        <ele>1107.199951171875</ele>
        <time>2025-08-17T13:51:08.000Z</time>
        <extensions>
          <ns3:TrackPointExtension>
            <ns3:hr>139</ns3:hr>
          </ns3:TrackPointExtension>
        </extensions>
      </trkpt>
      <trkpt lat="-25.51138990558683872222900390625" lon="-48.9854506216943264007568359375">
        <ele>1107.199951171875</ele>
        <time>2025-08-17T13:51:12.000Z</time>
        <extensions>
          <ns3:TrackPointExtension>
            <ns3:hr>140</ns3:hr>
          </ns3:TrackPointExtension>
        </extensions>
      </trkpt>
      <trkpt lat="-25.51139761693775653839111328125" lon="-48.98549244739115238189697265625">
        <ele>1106.4000244140625</ele>
        <time>2025-08-17T13:51:24.000Z</time>
        <extensions>
          <ns3:TrackPointExtension>
            <ns3:hr>139</ns3:hr>
          </ns3:TrackPointExtension>
        </extensions>
      </trkpt>
      <trkpt lat="-25.51146215759217739105224609375" lon="-48.98550099693238735198974609375">
        <ele>1108.4000244140625</ele>
        <time>2025-08-17T13:51:30.000Z</time>
        <extensions>
          <ns3:TrackPointExtension>
            <ns3:hr>140</ns3:hr>
          </ns3:TrackPointExtension>
        </extensions>
      </trkpt>
      <trkpt lat="-25.51152317784726619720458984375" lon="-48.9855180121958255767822265625">
        <ele>1109.800048828125</ele>
        <time>2025-08-17T13:51:36.000Z</time>
        <extensions>
          <ns3:TrackPointExtension>
            <ns3:hr>139</ns3:hr>
          </ns3:TrackPointExtension>
        </extensions>
      </trkpt>
      <trkpt lat="-25.51151060499250888824462890625" lon="-48.98547585122287273406982421875">
        <ele>1110</ele>
        <time>2025-08-17T13:51:44.000Z</time>
        <extensions>
          <ns3:TrackPointExtension>
            <ns3:hr>137</ns3:hr>
          </ns3:TrackPointExtension>
        </extensions>
      </trkpt>
      <trkpt lat="-25.5115257762372493743896484375" lon="-48.9854962192475795745849609375">
        <ele>1110.199951171875</ele>
        <time>2025-08-17T13:51:48.000Z</time>
        <extensions>
          <ns3:TrackPointExtension>
            <ns3:hr>136</ns3:hr>
          </ns3:TrackPointExtension>
        </extensions>
      </trkpt>
      <trkpt lat="-25.51153399050235748291015625" lon="-48.98551692254841327667236328125">
        <ele>1110</ele>
        <time>2025-08-17T13:51:52.000Z</time>
        <extensions>
          <ns3:TrackPointExtension>
            <ns3:hr>134</ns3:hr>
          </ns3:TrackPointExtension>
        </extensions>
      </trkpt>
      <trkpt lat="-25.5115341581404209136962890625" lon="-48.985538966953754425048828125">
        <ele>1109.800048828125</ele>
        <time>2025-08-17T13:51:59.000Z</time>
        <extensions>
          <ns3:TrackPointExtension>
            <ns3:hr>133</ns3:hr>
          </ns3:TrackPointExtension>
        </extensions>
      </trkpt>
      <trkpt lat="-25.51152602769434452056884765625" lon="-48.98555405437946319580078125">
        <ele>1109.199951171875</ele>
        <time>2025-08-17T13:52:05.000Z</time>
        <extensions>
          <ns3:TrackPointExtension>
            <ns3:hr>134</ns3:hr>
          </ns3:TrackPointExtension>
        </extensions>
      </trkpt>
      <trkpt lat="-25.511528290808200836181640625" lon="-48.985553719103336334228515625">
        <ele>1109.4000244140625</ele>
        <time>2025-08-17T13:52:14.000Z</time>
        <extensions>
          <ns3:TrackPointExtension>
            <ns3:hr>132</ns3:hr>
          </ns3:TrackPointExtension>
        </extensions>
      </trkpt>
      <trkpt lat="-25.511536337435245513916015625" lon="-48.9855719916522502899169921875">
        <ele>1109.199951171875</ele>
        <time>2025-08-17T13:52:18.000Z</time>
        <extensions>
          <ns3:TrackPointExtension>
            <ns3:hr>133</ns3:hr>
          </ns3:TrackPointExtension>
        </extensions>
      </trkpt>
      <trkpt lat="-25.511539690196514129638671875" lon="-48.9856018312275409698486328125">
        <ele>1108.5999755859375</ele>
        <time>2025-08-17T13:52:21.000Z</time>
        <extensions>
          <ns3:TrackPointExtension>
            <ns3:hr>130</ns3:hr>
          </ns3:TrackPointExtension>
        </extensions>
      </trkpt>
      <trkpt lat="-25.51153223030269145965576171875" lon="-48.98560409434139728546142578125">
        <ele>1108.4000244140625</ele>
        <time>2025-08-17T13:52:23.000Z</time>
        <extensions>
          <ns3:TrackPointExtension>
            <ns3:hr>129</ns3:hr>
          </ns3:TrackPointExtension>
        </extensions>
      </trkpt>
      <trkpt lat="-25.51150381565093994140625" lon="-48.98561172187328338623046875">
        <ele>1107.4000244140625</ele>
        <time>2025-08-17T13:52:28.000Z</time>
        <extensions>
          <ns3:TrackPointExtension>
            <ns3:hr>129</ns3:hr>
          </ns3:TrackPointExtension>
        </extensions>
      </trkpt>
      <trkpt lat="-25.51151010207831859588623046875" lon="-48.98561767302453517913818359375">
        <ele>1107.4000244140625</ele>
        <time>2025-08-17T13:52:32.000Z</time>
        <extensions>
          <ns3:TrackPointExtension>
            <ns3:hr>128</ns3:hr>
          </ns3:TrackPointExtension>
        </extensions>
      </trkpt>
      <trkpt lat="-25.51150322891771793365478515625" lon="-48.98564164526760578155517578125">
        <ele>1106.5999755859375</ele>
        <time>2025-08-17T13:52:36.000Z</time>
        <extensions>
          <ns3:TrackPointExtension>
            <ns3:hr>126</ns3:hr>
          </ns3:TrackPointExtension>
        </extensions>
      </trkpt>
      <trkpt lat="-25.51145243458449840545654296875" lon="-48.98564793169498443603515625">
        <ele>1104.800048828125</ele>
        <time>2025-08-17T13:52:41.000Z</time>
        <extensions>
          <ns3:TrackPointExtension>
            <ns3:hr>128</ns3:hr>
          </ns3:TrackPointExtension>
        </extensions>
      </trkpt>
      <trkpt lat="-25.51142309792339801788330078125" lon="-48.98566192947328090667724609375">
        <ele>1103.5999755859375</ele>
        <time>2025-08-17T13:52:45.000Z</time>
        <extensions>
          <ns3:TrackPointExtension>
            <ns3:hr>128</ns3:hr>
          </ns3:TrackPointExtension>
        </extensions>
      </trkpt>
      <trkpt lat="-25.51143650896847248077392578125" lon="-48.98566561751067638397216796875">
        <ele>1104</ele>
        <time>2025-08-17T13:52:49.000Z</time>
        <extensions>
          <ns3:TrackPointExtension>
            <ns3:hr>128</ns3:hr>
          </ns3:TrackPointExtension>
        </extensions>
      </trkpt>
      <trkpt lat="-25.51143340766429901123046875" lon="-48.9856620132923126220703125">
        <ele>1104</ele>
        <time>2025-08-17T13:52:54.000Z</time>
        <extensions>
          <ns3:TrackPointExtension>
            <ns3:hr>128</ns3:hr>
          </ns3:TrackPointExtension>
        </extensions>
      </trkpt>
      <trkpt lat="-25.51142745651304721832275390625" lon="-48.9856620132923126220703125">
        <ele>1103.800048828125</ele>
        <time>2025-08-17T13:52:59.000Z</time>
        <extensions>
          <ns3:TrackPointExtension>
            <ns3:hr>128</ns3:hr>
          </ns3:TrackPointExtension>
        </extensions>
      </trkpt>
      <trkpt lat="-25.511431731283664703369140625" lon="-48.98566394113004207611083984375">
        <ele>1103.800048828125</ele>
        <time>2025-08-17T13:53:04.000Z</time>
        <extensions>
          <ns3:TrackPointExtension>
            <ns3:hr>126</ns3:hr>
          </ns3:TrackPointExtension>
        </extensions>
      </trkpt>
      <trkpt lat="-25.51142024807631969451904296875" lon="-48.98570048622786998748779296875">
        <ele>1102.800048828125</ele>
        <time>2025-08-17T13:53:33.000Z</time>
        <extensions>
          <ns3:TrackPointExtension>
            <ns3:hr>126</ns3:hr>
          </ns3:TrackPointExtension>
        </extensions>
      </trkpt>
      <trkpt lat="-25.511401556432247161865234375" lon="-48.9857134781777858734130859375">
        <ele>1102</ele>
        <time>2025-08-17T13:53:39.000Z</time>
        <extensions>
          <ns3:TrackPointExtension>
            <ns3:hr>126</ns3:hr>
          </ns3:TrackPointExtension>
        </extensions>
      </trkpt>
      <trkpt lat="-25.51138537935912609100341796875" lon="-48.9857292361557483673095703125">
        <ele>1101.4000244140625</ele>
        <time>2025-08-17T13:53:44.000Z</time>
        <extensions>
          <ns3:TrackPointExtension>
            <ns3:hr>126</ns3:hr>
          </ns3:TrackPointExtension>
        </extensions>
      </trkpt>
      <trkpt lat="-25.51138085313141345977783203125" lon="-48.9857356064021587371826171875">
        <ele>1101.199951171875</ele>
        <time>2025-08-17T13:53:45.000Z</time>
        <extensions>
          <ns3:TrackPointExtension>
            <ns3:hr>126</ns3:hr>
          </ns3:TrackPointExtension>
        </extensions>
      </trkpt>
      <trkpt lat="-25.511378757655620574951171875" lon="-48.98573904298245906829833984375">
        <ele>1101.199951171875</ele>
        <time>2025-08-17T13:53:50.000Z</time>
        <extensions>
          <ns3:TrackPointExtension>
            <ns3:hr>125</ns3:hr>
          </ns3:TrackPointExtension>
        </extensions>
      </trkpt>
      <trkpt lat="-25.511378757655620574951171875" lon="-48.98573904298245906829833984375">
        <ele>1101.199951171875</ele>
        <time>2025-08-17T13:53:58.000Z</time>
        <extensions>
          <ns3:TrackPointExtension>
            <ns3:hr>122</ns3:hr>
          </ns3:TrackPointExtension>
        </extensions>
      </trkpt>
      <trkpt lat="-25.511380769312381744384765625" lon="-48.9857639372348785400390625">
        <ele>1101</ele>
        <time>2025-08-17T13:54:10.000Z</time>
        <extensions>
          <ns3:TrackPointExtension>
            <ns3:hr>119</ns3:hr>
          </ns3:TrackPointExtension>
        </extensions>
      </trkpt>
      <trkpt lat="-25.51137884147465229034423828125" lon="-48.9857815392315387725830078125">
        <ele>1100.800048828125</ele>
        <time>2025-08-17T13:54:17.000Z</time>
        <extensions>
          <ns3:TrackPointExtension>
            <ns3:hr>122</ns3:hr>
          </ns3:TrackPointExtension>
        </extensions>
      </trkpt>
      <trkpt lat="-25.5113219283521175384521484375" lon="-48.9858497679233551025390625">
        <ele>1098.800048828125</ele>
        <time>2025-08-17T13:54:27.000Z</time>
        <extensions>
          <ns3:TrackPointExtension>
            <ns3:hr>123</ns3:hr>
          </ns3:TrackPointExtension>
        </extensions>
      </trkpt>
      <trkpt lat="-25.511275827884674072265625" lon="-48.98591506294906139373779296875">
        <ele>1096.199951171875</ele>
        <time>2025-08-17T13:54:33.000Z</time>
        <extensions>
          <ns3:TrackPointExtension>
            <ns3:hr>124</ns3:hr>
          </ns3:TrackPointExtension>
        </extensions>
      </trkpt>
      <trkpt lat="-25.5112639255821704864501953125" lon="-48.98593585006892681121826171875">
        <ele>1095.199951171875</ele>
        <time>2025-08-17T13:54:39.000Z</time>
        <extensions>
          <ns3:TrackPointExtension>
            <ns3:hr>124</ns3:hr>
          </ns3:TrackPointExtension>
        </extensions>
      </trkpt>
      <trkpt lat="-25.5112588964402675628662109375" lon="-48.985946662724018096923828125">
        <ele>1094.800048828125</ele>
        <time>2025-08-17T13:54:46.000Z</time>
        <extensions>
          <ns3:TrackPointExtension>
            <ns3:hr>124</ns3:hr>
          </ns3:TrackPointExtension>
        </extensions>
      </trkpt>
      <trkpt lat="-25.511264093220233917236328125" lon="-48.98594272322952747344970703125">
        <ele>1095</ele>
        <time>2025-08-17T13:54:49.000Z</time>
        <extensions>
          <ns3:TrackPointExtension>
            <ns3:hr>125</ns3:hr>
          </ns3:TrackPointExtension>
        </extensions>
      </trkpt>
      <trkpt lat="-25.511268116533756256103515625" lon="-48.9859257079660892486572265625">
        <ele>1095.5999755859375</ele>
        <time>2025-08-17T13:54:58.000Z</time>
        <extensions>
          <ns3:TrackPointExtension>
            <ns3:hr>125</ns3:hr>
          </ns3:TrackPointExtension>
        </extensions>
      </trkpt>
      <trkpt lat="-25.5112679488956928253173828125" lon="-48.98593082092702388763427734375">
        <ele>1095.4000244140625</ele>
        <time>2025-08-17T13:55:03.000Z</time>
        <extensions>
          <ns3:TrackPointExtension>
            <ns3:hr>125</ns3:hr>
          </ns3:TrackPointExtension>
        </extensions>
      </trkpt>
      <trkpt lat="-25.511300973594188690185546875" lon="-48.98592361249029636383056640625">
        <ele>1096.800048828125</ele>
        <time>2025-08-17T13:55:06.000Z</time>
        <extensions>
          <ns3:TrackPointExtension>
            <ns3:hr>125</ns3:hr>
          </ns3:TrackPointExtension>
        </extensions>
      </trkpt>
      <trkpt lat="-25.5113470740616321563720703125" lon="-48.9859213493764400482177734375">
        <ele>1098.5999755859375</ele>
        <time>2025-08-17T13:55:11.000Z</time>
        <extensions>
          <ns3:TrackPointExtension>
            <ns3:hr>128</ns3:hr>
          </ns3:TrackPointExtension>
        </extensions>
      </trkpt>
      <trkpt lat="-25.5113474093377590179443359375" lon="-48.985948674380779266357421875">
        <ele>1097.800048828125</ele>
        <time>2025-08-17T13:55:16.000Z</time>
        <extensions>
          <ns3:TrackPointExtension>
            <ns3:hr>125</ns3:hr>
          </ns3:TrackPointExtension>
        </extensions>
      </trkpt>
      <trkpt lat="-25.5113430507481098175048828125" lon="-48.98595663718879222869873046875">
        <ele>1097.5999755859375</ele>
        <time>2025-08-17T13:55:21.000Z</time>
        <extensions>
          <ns3:TrackPointExtension>
            <ns3:hr>125</ns3:hr>
          </ns3:TrackPointExtension>
        </extensions>
      </trkpt>
      <trkpt lat="-25.5113068409264087677001953125" lon="-48.98595144040882587432861328125">
        <ele>1096.4000244140625</ele>
        <time>2025-08-17T13:55:26.000Z</time>
        <extensions>
          <ns3:TrackPointExtension>
            <ns3:hr>126</ns3:hr>
          </ns3:TrackPointExtension>
        </extensions>
      </trkpt>
      <trkpt lat="-25.511313714087009429931640625" lon="-48.98598077706992626190185546875">
        <ele>1096</ele>
        <time>2025-08-17T13:55:32.000Z</time>
        <extensions>
          <ns3:TrackPointExtension>
            <ns3:hr>126</ns3:hr>
          </ns3:TrackPointExtension>
        </extensions>
      </trkpt>
      <trkpt lat="-25.51130575127899646759033203125" lon="-48.98600600659847259521484375">
        <ele>1095.4000244140625</ele>
        <time>2025-08-17T13:55:37.000Z</time>
        <extensions>
          <ns3:TrackPointExtension>
            <ns3:hr>126</ns3:hr>
          </ns3:TrackPointExtension>
        </extensions>
      </trkpt>
      <trkpt lat="-25.51127339713275432586669921875" lon="-48.98602352477610111236572265625">
        <ele>1094</ele>
        <time>2025-08-17T13:55:43.000Z</time>
        <extensions>
          <ns3:TrackPointExtension>
            <ns3:hr>123</ns3:hr>
          </ns3:TrackPointExtension>
        </extensions>
      </trkpt>
      <trkpt lat="-25.51125478930771350860595703125" lon="-48.9860323257744312286376953125">
        <ele>1093.199951171875</ele>
        <time>2025-08-17T13:55:45.000Z</time>
        <extensions>
          <ns3:TrackPointExtension>
            <ns3:hr>120</ns3:hr>
          </ns3:TrackPointExtension>
        </extensions>
      </trkpt>
      <trkpt lat="-25.5112156458199024200439453125" lon="-48.9860407076776027679443359375">
        <ele>1091.5999755859375</ele>
        <time>2025-08-17T13:55:48.000Z</time>
        <extensions>
          <ns3:TrackPointExtension>
            <ns3:hr>119</ns3:hr>
          </ns3:TrackPointExtension>
        </extensions>
      </trkpt>
      <trkpt lat="-25.51121287979185581207275390625" lon="-48.98603551089763641357421875">
        <ele>1091.5999755859375</ele>
        <time>2025-08-17T13:55:53.000Z</time>
        <extensions>
          <ns3:TrackPointExtension>
            <ns3:hr>119</ns3:hr>
          </ns3:TrackPointExtension>
        </extensions>
      </trkpt>
      <trkpt lat="-25.51118488423526287078857421875" lon="-48.98607482202351093292236328125">
        <ele>1089.800048828125</ele>
        <time>2025-08-17T13:55:59.000Z</time>
        <extensions>
          <ns3:TrackPointExtension>
            <ns3:hr>117</ns3:hr>
          </ns3:TrackPointExtension>
        </extensions>
      </trkpt>
      <trkpt lat="-25.51118572242558002471923828125" lon="-48.98609259165823459625244140625">
        <ele>1089.5999755859375</ele>
        <time>2025-08-17T13:56:02.000Z</time>
        <extensions>
          <ns3:TrackPointExtension>
            <ns3:hr>114</ns3:hr>
          </ns3:TrackPointExtension>
        </extensions>
      </trkpt>
      <trkpt lat="-25.5111787654459476470947265625" lon="-48.98609946481883525848388671875">
        <ele>1089.199951171875</ele>
        <time>2025-08-17T13:56:03.000Z</time>
        <extensions>
          <ns3:TrackPointExtension>
            <ns3:hr>114</ns3:hr>
          </ns3:TrackPointExtension>
        </extensions>
      </trkpt>
      <trkpt lat="-25.51116577349603176116943359375" lon="-48.98610767908394336700439453125">
        <ele>1088.5999755859375</ele>
        <time>2025-08-17T13:56:05.000Z</time>
        <extensions>
          <ns3:TrackPointExtension>
            <ns3:hr>111</ns3:hr>
          </ns3:TrackPointExtension>
        </extensions>
      </trkpt>
      <trkpt lat="-25.51116057671606540679931640625" lon="-48.9861231856048107147216796875">
        <ele>1088</ele>
        <time>2025-08-17T13:56:08.000Z</time>
        <extensions>
          <ns3:TrackPointExtension>
            <ns3:hr>108</ns3:hr>
          </ns3:TrackPointExtension>
        </extensions>
      </trkpt>
      <trkpt lat="-25.51115286536514759063720703125" lon="-48.98612880147993564605712890625">
        <ele>1087.5999755859375</ele>
        <time>2025-08-17T13:56:09.000Z</time>
        <extensions>
          <ns3:TrackPointExtension>
            <ns3:hr>107</ns3:hr>
          </ns3:TrackPointExtension>
        </extensions>
      </trkpt>
      <trkpt lat="-25.51113140769302845001220703125" lon="-48.98616283200681209564208984375">
        <ele>1086.199951171875</ele>
        <time>2025-08-17T13:56:16.000Z</time>
        <extensions>
          <ns3:TrackPointExtension>
            <ns3:hr>108</ns3:hr>
          </ns3:TrackPointExtension>
        </extensions>
      </trkpt>
      <trkpt lat="-25.511120595037937164306640625" lon="-48.986178338527679443359375">
        <ele>1085.4000244140625</ele>
        <time>2025-08-17T13:56:19.000Z</time>
        <extensions>
          <ns3:TrackPointExtension>
            <ns3:hr>111</ns3:hr>
          </ns3:TrackPointExtension>
        </extensions>
      </trkpt>
      <trkpt lat="-25.51110860891640186309814453125" lon="-48.98620608262717723846435546875">
        <ele>1084.5999755859375</ele>
        <time>2025-08-17T13:56:25.000Z</time>
        <extensions>
          <ns3:TrackPointExtension>
            <ns3:hr>113</ns3:hr>
          </ns3:TrackPointExtension>
        </extensions>
      </trkpt>
      <trkpt lat="-25.5111190862953662872314453125" lon="-48.9862814359366893768310546875">
        <ele>1084</ele>
        <time>2025-08-17T13:56:32.000Z</time>
        <extensions>
          <ns3:TrackPointExtension>
            <ns3:hr>114</ns3:hr>
          </ns3:TrackPointExtension>
        </extensions>
      </trkpt>
      <trkpt lat="-25.5111242830753326416015625" lon="-48.986310772597789764404296875">
        <ele>1084</ele>
        <time>2025-08-17T13:56:37.000Z</time>
        <extensions>
          <ns3:TrackPointExtension>
            <ns3:hr>113</ns3:hr>
          </ns3:TrackPointExtension>
        </extensions>
      </trkpt>
      <trkpt lat="-25.51110626198351383209228515625" lon="-48.9863652549684047698974609375">
        <ele>1083</ele>
        <time>2025-08-17T13:56:42.000Z</time>
        <extensions>
          <ns3:TrackPointExtension>
            <ns3:hr>112</ns3:hr>
          </ns3:TrackPointExtension>
        </extensions>
      </trkpt>
      <trkpt lat="-25.51107273437082767486572265625" lon="-48.9863893948495388031005859375">
        <ele>1082.5999755859375</ele>
        <time>2025-08-17T13:56:47.000Z</time>
        <extensions>
          <ns3:TrackPointExtension>
            <ns3:hr>109</ns3:hr>
          </ns3:TrackPointExtension>
        </extensions>
      </trkpt>
      <trkpt lat="-25.511054210364818572998046875" lon="-48.98643205873668193817138671875">
        <ele>1082.199951171875</ele>
        <time>2025-08-17T13:56:53.000Z</time>
        <extensions>
          <ns3:TrackPointExtension>
            <ns3:hr>108</ns3:hr>
          </ns3:TrackPointExtension>
        </extensions>
      </trkpt>
      <trkpt lat="-25.5110483430325984954833984375" lon="-48.9864534325897693634033203125">
        <ele>1082</ele>
        <time>2025-08-17T13:56:56.000Z</time>
        <extensions>
          <ns3:TrackPointExtension>
            <ns3:hr>112</ns3:hr>
          </ns3:TrackPointExtension>
        </extensions>
      </trkpt>
      <trkpt lat="-25.5110423080623149871826171875" lon="-48.9864785782992839813232421875">
        <ele>1081.4000244140625</ele>
        <time>2025-08-17T13:56:58.000Z</time>
        <extensions>
          <ns3:TrackPointExtension>
            <ns3:hr>111</ns3:hr>
          </ns3:TrackPointExtension>
        </extensions>
      </trkpt>
      <trkpt lat="-25.51103685982525348663330078125" lon="-48.98652442730963230133056640625">
        <ele>1080.4000244140625</ele>
        <time>2025-08-17T13:57:01.000Z</time>
        <extensions>
          <ns3:TrackPointExtension>
            <ns3:hr>112</ns3:hr>
          </ns3:TrackPointExtension>
        </extensions>
      </trkpt>
      <trkpt lat="-25.51101758144795894622802734375" lon="-48.9865516684949398040771484375">
        <ele>1080.199951171875</ele>
        <time>2025-08-17T13:57:04.000Z</time>
        <extensions>
          <ns3:TrackPointExtension>
            <ns3:hr>114</ns3:hr>
          </ns3:TrackPointExtension>
        </extensions>
      </trkpt>
      <trkpt lat="-25.51101322285830974578857421875" lon="-48.986580669879913330078125">
        <ele>1080.199951171875</ele>
        <time>2025-08-17T13:57:06.000Z</time>
        <extensions>
          <ns3:TrackPointExtension>
            <ns3:hr>115</ns3:hr>
          </ns3:TrackPointExtension>
        </extensions>
      </trkpt>
      <trkpt lat="-25.5110087804496288299560546875" lon="-48.98658863268792629241943359375">
        <ele>1080.199951171875</ele>
        <time>2025-08-17T13:57:10.000Z</time>
        <extensions>
          <ns3:TrackPointExtension>
            <ns3:hr>116</ns3:hr>
          </ns3:TrackPointExtension>
        </extensions>
      </trkpt>
      <trkpt lat="-25.51101556979119777679443359375" lon="-48.9865981042385101318359375">
        <ele>1080.4000244140625</ele>
        <time>2025-08-17T13:57:14.000Z</time>
        <extensions>
          <ns3:TrackPointExtension>
            <ns3:hr>117</ns3:hr>
          </ns3:TrackPointExtension>
        </extensions>
      </trkpt>
      <trkpt lat="-25.5110304057598114013671875" lon="-48.9866140298545360565185546875">
        <ele>1080.800048828125</ele>
        <time>2025-08-17T13:57:18.000Z</time>
        <extensions>
          <ns3:TrackPointExtension>
            <ns3:hr>120</ns3:hr>
          </ns3:TrackPointExtension>
        </extensions>
      </trkpt>
      <trkpt lat="-25.5110312439501285552978515625" lon="-48.98661411367356777191162109375">
        <ele>1080.800048828125</ele>
        <time>2025-08-17T13:57:19.000Z</time>
        <extensions>
          <ns3:TrackPointExtension>
            <ns3:hr>121</ns3:hr>
          </ns3:TrackPointExtension>
        </extensions>
      </trkpt>
      <trkpt lat="-25.51104339770972728729248046875" lon="-48.98662702180445194244384765625">
        <ele>1081.199951171875</ele>
        <time>2025-08-17T13:57:23.000Z</time>
        <extensions>
          <ns3:TrackPointExtension>
            <ns3:hr>124</ns3:hr>
          </ns3:TrackPointExtension>
        </extensions>
      </trkpt>
      <trkpt lat="-25.51104222424328327178955078125" lon="-48.986629284918308258056640625">
        <ele>1081.199951171875</ele>
        <time>2025-08-17T13:57:24.000Z</time>
        <extensions>
          <ns3:TrackPointExtension>
            <ns3:hr>124</ns3:hr>
          </ns3:TrackPointExtension>
        </extensions>
      </trkpt>
      <trkpt lat="-25.51103970967233180999755859375" lon="-48.9866733737289905548095703125">
        <ele>1081.4000244140625</ele>
        <time>2025-08-17T13:57:31.000Z</time>
        <extensions>
          <ns3:TrackPointExtension>
            <ns3:hr>126</ns3:hr>
          </ns3:TrackPointExtension>
        </extensions>
      </trkpt>
      <trkpt lat="-25.511018671095371246337890625" lon="-48.98674763739109039306640625">
        <ele>1081.199951171875</ele>
        <time>2025-08-17T13:57:37.000Z</time>
        <extensions>
          <ns3:TrackPointExtension>
            <ns3:hr>129</ns3:hr>
          </ns3:TrackPointExtension>
        </extensions>
      </trkpt>
      <trkpt lat="-25.51101230084896087646484375" lon="-48.986770771443843841552734375">
        <ele>1080.800048828125</ele>
        <time>2025-08-17T13:57:42.000Z</time>
        <extensions>
          <ns3:TrackPointExtension>
            <ns3:hr>132</ns3:hr>
          </ns3:TrackPointExtension>
        </extensions>
      </trkpt>
      <trkpt lat="-25.51099796779453754425048828125" lon="-48.98678560741245746612548828125">
        <ele>1080.199951171875</ele>
        <time>2025-08-17T13:57:44.000Z</time>
        <extensions>
          <ns3:TrackPointExtension>
            <ns3:hr>132</ns3:hr>
          </ns3:TrackPointExtension>
        </extensions>
      </trkpt>
      <trkpt lat="-25.51098505966365337371826171875" lon="-48.98683237843215465545654296875">
        <ele>1079.800048828125</ele>
        <time>2025-08-17T13:57:50.000Z</time>
        <extensions>
          <ns3:TrackPointExtension>
            <ns3:hr>133</ns3:hr>
          </ns3:TrackPointExtension>
        </extensions>
      </trkpt>
      <trkpt lat="-25.51099159754812717437744140625" lon="-48.98684159852564334869384765625">
        <ele>1079.800048828125</ele>
        <time>2025-08-17T13:57:56.000Z</time>
        <extensions>
          <ns3:TrackPointExtension>
            <ns3:hr>132</ns3:hr>
          </ns3:TrackPointExtension>
        </extensions>
      </trkpt>
      <trkpt lat="-25.5109913460910320281982421875" lon="-48.98684159852564334869384765625">
        <ele>1079.800048828125</ele>
        <time>2025-08-17T13:58:01.000Z</time>
        <extensions>
          <ns3:TrackPointExtension>
            <ns3:hr>129</ns3:hr>
          </ns3:TrackPointExtension>
        </extensions>
      </trkpt>
      <trkpt lat="-25.5109967105090618133544921875" lon="-48.98684478364884853363037109375">
        <ele>1080</ele>
        <time>2025-08-17T13:58:05.000Z</time>
        <extensions>
          <ns3:TrackPointExtension>
            <ns3:hr>126</ns3:hr>
          </ns3:TrackPointExtension>
        </extensions>
      </trkpt>
      <trkpt lat="-25.51098958589136600494384765625" lon="-48.98685366846621036529541015625">
        <ele>1079.800048828125</ele>
        <time>2025-08-17T13:58:13.000Z</time>
        <extensions>
          <ns3:TrackPointExtension>
            <ns3:hr>126</ns3:hr>
          </ns3:TrackPointExtension>
        </extensions>
      </trkpt>
      <trkpt lat="-25.51098690368235111236572265625" lon="-48.986870348453521728515625">
        <ele>1079.5999755859375</ele>
        <time>2025-08-17T13:58:17.000Z</time>
        <extensions>
          <ns3:TrackPointExtension>
            <ns3:hr>126</ns3:hr>
          </ns3:TrackPointExtension>
        </extensions>
      </trkpt>
      <trkpt lat="-25.5109963752329349517822265625" lon="-48.986887447535991668701171875">
        <ele>1079.800048828125</ele>
        <time>2025-08-17T13:58:21.000Z</time>
        <extensions>
          <ns3:TrackPointExtension>
            <ns3:hr>125</ns3:hr>
          </ns3:TrackPointExtension>
        </extensions>
      </trkpt>
      <trkpt lat="-25.5109727382659912109375" lon="-48.98690546862781047821044921875">
        <ele>1079</ele>
        <time>2025-08-17T13:58:25.000Z</time>
        <extensions>
          <ns3:TrackPointExtension>
            <ns3:hr>124</ns3:hr>
          </ns3:TrackPointExtension>
        </extensions>
      </trkpt>
      <trkpt lat="-25.51096058450639247894287109375" lon="-48.98689976893365383148193359375">
        <ele>1078.5999755859375</ele>
        <time>2025-08-17T13:58:29.000Z</time>
        <extensions>
          <ns3:TrackPointExtension>
            <ns3:hr>124</ns3:hr>
          </ns3:TrackPointExtension>
        </extensions>
      </trkpt>
      <trkpt lat="-25.5109606683254241943359375" lon="-48.98689247667789459228515625">
        <ele>1078.800048828125</ele>
        <time>2025-08-17T13:58:35.000Z</time>
        <extensions>
          <ns3:TrackPointExtension>
            <ns3:hr>124</ns3:hr>
          </ns3:TrackPointExtension>
        </extensions>
      </trkpt>
      <trkpt lat="-25.5109742470085620880126953125" lon="-48.98690856993198394775390625">
        <ele>1079</ele>
        <time>2025-08-17T13:58:39.000Z</time>
        <extensions>
          <ns3:TrackPointExtension>
            <ns3:hr>126</ns3:hr>
          </ns3:TrackPointExtension>
        </extensions>
      </trkpt>
      <trkpt lat="-25.51096695475280284881591796875" lon="-48.98692105896770954132080078125">
        <ele>1078.800048828125</ele>
        <time>2025-08-17T13:58:44.000Z</time>
        <extensions>
          <ns3:TrackPointExtension>
            <ns3:hr>127</ns3:hr>
          </ns3:TrackPointExtension>
        </extensions>
      </trkpt>
      <trkpt lat="-25.510947592556476593017578125" lon="-48.98693296127021312713623046875">
        <ele>1078</ele>
        <time>2025-08-17T13:58:49.000Z</time>
        <extensions>
          <ns3:TrackPointExtension>
            <ns3:hr>128</ns3:hr>
          </ns3:TrackPointExtension>
        </extensions>
      </trkpt>
      <trkpt lat="-25.51094633527100086212158203125" lon="-48.98693044669926166534423828125">
        <ele>1078</ele>
        <time>2025-08-17T13:58:54.000Z</time>
        <extensions>
          <ns3:TrackPointExtension>
            <ns3:hr>127</ns3:hr>
          </ns3:TrackPointExtension>
        </extensions>
      </trkpt>
      <trkpt lat="-25.5109554715454578399658203125" lon="-48.98693212307989597320556640625">
        <ele>1078.4000244140625</ele>
        <time>2025-08-17T13:58:59.000Z</time>
        <extensions>
          <ns3:TrackPointExtension>
            <ns3:hr>124</ns3:hr>
          </ns3:TrackPointExtension>
        </extensions>
      </trkpt>
      <trkpt lat="-25.5109517835080623626708984375" lon="-48.98693715222179889678955078125">
        <ele>1078.199951171875</ele>
        <time>2025-08-17T13:59:00.000Z</time>
        <extensions>
          <ns3:TrackPointExtension>
            <ns3:hr>123</ns3:hr>
          </ns3:TrackPointExtension>
        </extensions>
      </trkpt>
      <trkpt lat="-25.51093812100589275360107421875" lon="-48.986973278224468231201171875">
        <ele>1077.4000244140625</ele>
        <time>2025-08-17T13:59:04.000Z</time>
        <extensions>
          <ns3:TrackPointExtension>
            <ns3:hr>120</ns3:hr>
          </ns3:TrackPointExtension>
        </extensions>
      </trkpt>
      <trkpt lat="-25.51092320121824741363525390625" lon="-48.98701929487287998199462890625">
        <ele>1076.5999755859375</ele>
        <time>2025-08-17T13:59:07.000Z</time>
        <extensions>
          <ns3:TrackPointExtension>
            <ns3:hr>119</ns3:hr>
          </ns3:TrackPointExtension>
        </extensions>
      </trkpt>
      <trkpt lat="-25.51090274937450885772705078125" lon="-48.9870421774685382843017578125">
        <ele>1075.5999755859375</ele>
        <time>2025-08-17T13:59:13.000Z</time>
        <extensions>
          <ns3:TrackPointExtension>
            <ns3:hr>120</ns3:hr>
          </ns3:TrackPointExtension>
        </extensions>
      </trkpt>
      <trkpt lat="-25.5108763463795185089111328125" lon="-48.98707545362412929534912109375">
        <ele>1074.4000244140625</ele>
        <time>2025-08-17T13:59:19.000Z</time>
        <extensions>
          <ns3:TrackPointExtension>
            <ns3:hr>121</ns3:hr>
          </ns3:TrackPointExtension>
        </extensions>
      </trkpt>
      <trkpt lat="-25.51086285151541233062744140625" lon="-48.98712054826319217681884765625">
        <ele>1073.199951171875</ele>
        <time>2025-08-17T13:59:24.000Z</time>
        <extensions>
          <ns3:TrackPointExtension>
            <ns3:hr>121</ns3:hr>
          </ns3:TrackPointExtension>
        </extensions>
      </trkpt>
      <trkpt lat="-25.510863102972507476806640625" lon="-48.98712423630058765411376953125">
        <ele>1073.199951171875</ele>
        <time>2025-08-17T13:59:25.000Z</time>
        <extensions>
          <ns3:TrackPointExtension>
            <ns3:hr>118</ns3:hr>
          </ns3:TrackPointExtension>
        </extensions>
      </trkpt>
      <trkpt lat="-25.5108592472970485687255859375" lon="-48.987133204936981201171875">
        <ele>1072.800048828125</ele>
        <time>2025-08-17T13:59:26.000Z</time>
        <extensions>
          <ns3:TrackPointExtension>
            <ns3:hr>121</ns3:hr>
          </ns3:TrackPointExtension>
        </extensions>
      </trkpt>
      <trkpt lat="-25.51085799001157283782958984375" lon="-48.98713588714599609375">
        <ele>1072.800048828125</ele>
        <time>2025-08-17T13:59:29.000Z</time>
        <extensions>
          <ns3:TrackPointExtension>
            <ns3:hr>122</ns3:hr>
          </ns3:TrackPointExtension>
        </extensions>
      </trkpt>
      <trkpt lat="-25.51083904691040515899658203125" lon="-48.98719833232462406158447265625">
        <ele>1071</ele>
        <time>2025-08-17T13:59:36.000Z</time>
        <extensions>
          <ns3:TrackPointExtension>
            <ns3:hr>125</ns3:hr>
          </ns3:TrackPointExtension>
        </extensions>
      </trkpt>
      <trkpt lat="-25.51082789897918701171875" lon="-48.987221382558345794677734375">
        <ele>1070.199951171875</ele>
        <time>2025-08-17T13:59:41.000Z</time>
        <extensions>
          <ns3:TrackPointExtension>
            <ns3:hr>122</ns3:hr>
          </ns3:TrackPointExtension>
        </extensions>
      </trkpt>
      <trkpt lat="-25.51082463003695011138916015625" lon="-48.98723856545984745025634765625">
        <ele>1069.800048828125</ele>
        <time>2025-08-17T13:59:44.000Z</time>
        <extensions>
          <ns3:TrackPointExtension>
            <ns3:hr>121</ns3:hr>
          </ns3:TrackPointExtension>
        </extensions>
      </trkpt>
      <trkpt lat="-25.510834269225597381591796875" lon="-48.987242840230464935302734375">
        <ele>1070</ele>
        <time>2025-08-17T13:59:50.000Z</time>
        <extensions>
          <ns3:TrackPointExtension>
            <ns3:hr>121</ns3:hr>
          </ns3:TrackPointExtension>
        </extensions>
      </trkpt>
      <trkpt lat="-25.510837621986865997314453125" lon="-48.98724610917270183563232421875">
        <ele>1070</ele>
        <time>2025-08-17T13:59:56.000Z</time>
        <extensions>
          <ns3:TrackPointExtension>
            <ns3:hr>122</ns3:hr>
          </ns3:TrackPointExtension>
        </extensions>
      </trkpt>
      <trkpt lat="-25.5108267255127429962158203125" lon="-48.9872886054217815399169921875">
        <ele>1069</ele>
        <time>2025-08-17T14:00:02.000Z</time>
        <extensions>
          <ns3:TrackPointExtension>
            <ns3:hr>121</ns3:hr>
          </ns3:TrackPointExtension>
        </extensions>
      </trkpt>
      <trkpt lat="-25.5108185112476348876953125" lon="-48.9873197861015796661376953125">
        <ele>1068.199951171875</ele>
        <time>2025-08-17T14:00:08.000Z</time>
        <extensions>
          <ns3:TrackPointExtension>
            <ns3:hr>120</ns3:hr>
          </ns3:TrackPointExtension>
        </extensions>
      </trkpt>
      <trkpt lat="-25.5107945390045642852783203125" lon="-48.9873794652521610260009765625">
        <ele>1066.5999755859375</ele>
        <time>2025-08-17T14:00:17.000Z</time>
        <extensions>
          <ns3:TrackPointExtension>
            <ns3:hr>119</ns3:hr>
          </ns3:TrackPointExtension>
        </extensions>
      </trkpt>
      <trkpt lat="-25.51077500917017459869384765625" lon="-48.98739463649690151214599609375">
        <ele>1066</ele>
        <time>2025-08-17T14:00:24.000Z</time>
        <extensions>
          <ns3:TrackPointExtension>
            <ns3:hr>118</ns3:hr>
          </ns3:TrackPointExtension>
        </extensions>
      </trkpt>
      <trkpt lat="-25.510771907866001129150390625" lon="-48.98742749355733394622802734375">
        <ele>1065.4000244140625</ele>
        <time>2025-08-17T14:00:28.000Z</time>
        <extensions>
          <ns3:TrackPointExtension>
            <ns3:hr>115</ns3:hr>
          </ns3:TrackPointExtension>
        </extensions>
      </trkpt>
      <trkpt lat="-25.51077626645565032958984375" lon="-48.987427912652492523193359375">
        <ele>1065.4000244140625</ele>
        <time>2025-08-17T14:00:30.000Z</time>
        <extensions>
          <ns3:TrackPointExtension>
            <ns3:hr>116</ns3:hr>
          </ns3:TrackPointExtension>
        </extensions>
      </trkpt>
      <trkpt lat="-25.5107697285711765289306640625" lon="-48.98743554018437862396240234375">
        <ele>1065.199951171875</ele>
        <time>2025-08-17T14:00:37.000Z</time>
        <extensions>
          <ns3:TrackPointExtension>
            <ns3:hr>121</ns3:hr>
          </ns3:TrackPointExtension>
        </extensions>
      </trkpt>
      <trkpt lat="-25.5107693932950496673583984375" lon="-48.9874351210892200469970703125">
        <ele>1065.199951171875</ele>
        <time>2025-08-17T14:00:38.000Z</time>
        <extensions>
          <ns3:TrackPointExtension>
            <ns3:hr>120</ns3:hr>
          </ns3:TrackPointExtension>
        </extensions>
      </trkpt>
      <trkpt lat="-25.5107710696756839752197265625" lon="-48.98745263926684856414794921875">
        <ele>1065</ele>
        <time>2025-08-17T14:00:45.000Z</time>
        <extensions>
          <ns3:TrackPointExtension>
            <ns3:hr>117</ns3:hr>
          </ns3:TrackPointExtension>
        </extensions>
      </trkpt>
      <trkpt lat="-25.5107563175261020660400390625" lon="-48.98747443221509456634521484375">
        <ele>1064.4000244140625</ele>
        <time>2025-08-17T14:00:50.000Z</time>
        <extensions>
          <ns3:TrackPointExtension>
            <ns3:hr>120</ns3:hr>
          </ns3:TrackPointExtension>
        </extensions>
      </trkpt>
      <trkpt lat="-25.5107455886900424957275390625" lon="-48.98748231120407581329345703125">
        <ele>1064</ele>
        <time>2025-08-17T14:00:53.000Z</time>
        <extensions>
          <ns3:TrackPointExtension>
            <ns3:hr>118</ns3:hr>
          </ns3:TrackPointExtension>
        </extensions>
      </trkpt>
      <trkpt lat="-25.510732345283031463623046875" lon="-48.98749371059238910675048828125">
        <ele>1063.4000244140625</ele>
        <time>2025-08-17T14:01:01.000Z</time>
        <extensions>
          <ns3:TrackPointExtension>
            <ns3:hr>116</ns3:hr>
          </ns3:TrackPointExtension>
        </extensions>
      </trkpt>
      <trkpt lat="-25.51073729060590267181396484375" lon="-48.98748650215566158294677734375">
        <ele>1063.5999755859375</ele>
        <time>2025-08-17T14:01:08.000Z</time>
        <extensions>
          <ns3:TrackPointExtension>
            <ns3:hr>115</ns3:hr>
          </ns3:TrackPointExtension>
        </extensions>
      </trkpt>
      <trkpt lat="-25.51073159091174602508544921875" lon="-48.9875035174190998077392578125">
        <ele>1063.199951171875</ele>
        <time>2025-08-17T14:01:15.000Z</time>
        <extensions>
          <ns3:TrackPointExtension>
            <ns3:hr>115</ns3:hr>
          </ns3:TrackPointExtension>
        </extensions>
      </trkpt>
      <trkpt lat="-25.51073108799755573272705078125" lon="-48.9875843189656734466552734375">
        <ele>1061.800048828125</ele>
        <time>2025-08-17T14:01:23.000Z</time>
        <extensions>
          <ns3:TrackPointExtension>
            <ns3:hr>115</ns3:hr>
          </ns3:TrackPointExtension>
        </extensions>
      </trkpt>
      <trkpt lat="-25.5107165873050689697265625" lon="-48.987664617598056793212890625">
        <ele>1060</ele>
        <time>2025-08-17T14:01:30.000Z</time>
        <extensions>
          <ns3:TrackPointExtension>
            <ns3:hr>118</ns3:hr>
          </ns3:TrackPointExtension>
        </extensions>
      </trkpt>
      <trkpt lat="-25.5107194371521472930908203125" lon="-48.9876845665276050567626953125">
        <ele>1059.800048828125</ele>
        <time>2025-08-17T14:01:36.000Z</time>
        <extensions>
          <ns3:TrackPointExtension>
            <ns3:hr>121</ns3:hr>
          </ns3:TrackPointExtension>
        </extensions>
      </trkpt>
      <trkpt lat="-25.51071784459054470062255859375" lon="-48.98768649436533451080322265625">
        <ele>1059.5999755859375</ele>
        <time>2025-08-17T14:01:37.000Z</time>
        <extensions>
          <ns3:TrackPointExtension>
            <ns3:hr>121</ns3:hr>
          </ns3:TrackPointExtension>
        </extensions>
      </trkpt>
      <trkpt lat="-25.5107167549431324005126953125" lon="-48.98768783546984195709228515625">
        <ele>1059.5999755859375</ele>
        <time>2025-08-17T14:01:42.000Z</time>
        <extensions>
          <ns3:TrackPointExtension>
            <ns3:hr>124</ns3:hr>
          </ns3:TrackPointExtension>
        </extensions>
      </trkpt>
      <trkpt lat="-25.5107167549431324005126953125" lon="-48.98768783546984195709228515625">
        <ele>1059.5999755859375</ele>
        <time>2025-08-17T14:01:44.000Z</time>
        <extensions>
          <ns3:TrackPointExtension>
            <ns3:hr>124</ns3:hr>
          </ns3:TrackPointExtension>
        </extensions>
      </trkpt>
      <trkpt lat="-25.5107167549431324005126953125" lon="-48.98768783546984195709228515625">
        <ele>1059.5999755859375</ele>
        <time>2025-08-17T14:01:49.000Z</time>
        <extensions>
          <ns3:TrackPointExtension>
            <ns3:hr>121</ns3:hr>
          </ns3:TrackPointExtension>
        </extensions>
      </trkpt>
      <trkpt lat="-25.5107167549431324005126953125" lon="-48.98768783546984195709228515625">
        <ele>1059.5999755859375</ele>
        <time>2025-08-17T14:01:52.000Z</time>
        <extensions>
          <ns3:TrackPointExtension>
            <ns3:hr>118</ns3:hr>
          </ns3:TrackPointExtension>
        </extensions>
      </trkpt>
      <trkpt lat="-25.51071591675281524658203125" lon="-48.98769018240272998809814453125">
        <ele>1059.5999755859375</ele>
        <time>2025-08-17T14:01:59.000Z</time>
        <extensions>
          <ns3:TrackPointExtension>
            <ns3:hr>115</ns3:hr>
          </ns3:TrackPointExtension>
        </extensions>
      </trkpt>
      <trkpt lat="-25.5106738395988941192626953125" lon="-48.98774030618369579315185546875">
        <ele>1057.4000244140625</ele>
        <time>2025-08-17T14:02:13.000Z</time>
        <extensions>
          <ns3:TrackPointExtension>
            <ns3:hr>112</ns3:hr>
          </ns3:TrackPointExtension>
        </extensions>
      </trkpt>
      <trkpt lat="-25.51066319458186626434326171875" lon="-48.98777869530022144317626953125">
        <ele>1056.5999755859375</ele>
        <time>2025-08-17T14:02:25.000Z</time>
        <extensions>
          <ns3:TrackPointExtension>
            <ns3:hr>109</ns3:hr>
          </ns3:TrackPointExtension>
        </extensions>
      </trkpt>
      <trkpt lat="-25.51066319458186626434326171875" lon="-48.98777986876666545867919921875">
        <ele>1056.5999755859375</ele>
        <time>2025-08-17T14:02:29.000Z</time>
        <extensions>
          <ns3:TrackPointExtension>
            <ns3:hr>106</ns3:hr>
          </ns3:TrackPointExtension>
        </extensions>
      </trkpt>
      <trkpt lat="-25.5106684751808643341064453125" lon="-48.9877796173095703125">
        <ele>1056.5999755859375</ele>
        <time>2025-08-17T14:02:43.000Z</time>
        <extensions>
          <ns3:TrackPointExtension>
            <ns3:hr>103</ns3:hr>
          </ns3:TrackPointExtension>
        </extensions>
      </trkpt>
      <trkpt lat="-25.51067325286567211151123046875" lon="-48.9877794496715068817138671875">
        <ele>1056.800048828125</ele>
        <time>2025-08-17T14:02:53.000Z</time>
        <extensions>
          <ns3:TrackPointExtension>
            <ns3:hr>106</ns3:hr>
          </ns3:TrackPointExtension>
        </extensions>
      </trkpt>
      <trkpt lat="-25.51067358814179897308349609375" lon="-48.98777953349053859710693359375">
        <ele>1056.800048828125</ele>
        <time>2025-08-17T14:02:54.000Z</time>
        <extensions>
          <ns3:TrackPointExtension>
            <ns3:hr>109</ns3:hr>
          </ns3:TrackPointExtension>
        </extensions>
      </trkpt>
      <trkpt lat="-25.5106736719608306884765625" lon="-48.9877796173095703125">
        <ele>1056.800048828125</ele>
        <time>2025-08-17T14:02:55.000Z</time>
        <extensions>
          <ns3:TrackPointExtension>
            <ns3:hr>113</ns3:hr>
          </ns3:TrackPointExtension>
        </extensions>
      </trkpt>
      <trkpt lat="-25.51067761145532131195068359375" lon="-48.9878763444721698760986328125">
        <ele>1055.5999755859375</ele>
        <time>2025-08-17T14:03:16.000Z</time>
        <extensions>
          <ns3:TrackPointExtension>
            <ns3:hr>111</ns3:hr>
          </ns3:TrackPointExtension>
        </extensions>
      </trkpt>
      <trkpt lat="-25.51067912019789218902587890625" lon="-48.98792915046215057373046875">
        <ele>1054.5999755859375</ele>
        <time>2025-08-17T14:03:19.000Z</time>
        <extensions>
          <ns3:TrackPointExtension>
            <ns3:hr>108</ns3:hr>
          </ns3:TrackPointExtension>
        </extensions>
      </trkpt>
      <trkpt lat="-25.5106718279421329498291015625" lon="-48.9879558049142360687255859375">
        <ele>1053.800048828125</ele>
        <time>2025-08-17T14:03:24.000Z</time>
        <extensions>
          <ns3:TrackPointExtension>
            <ns3:hr>105</ns3:hr>
          </ns3:TrackPointExtension>
        </extensions>
      </trkpt>
      <trkpt lat="-25.51065950654447078704833984375" lon="-48.9879789389669895172119140625">
        <ele>1052.800048828125</ele>
        <time>2025-08-17T14:03:30.000Z</time>
        <extensions>
          <ns3:TrackPointExtension>
            <ns3:hr>105</ns3:hr>
          </ns3:TrackPointExtension>
        </extensions>
      </trkpt>
      <trkpt lat="-25.51064944826066493988037109375" lon="-48.98799461312592029571533203125">
        <ele>1052.199951171875</ele>
        <time>2025-08-17T14:03:33.000Z</time>
        <extensions>
          <ns3:TrackPointExtension>
            <ns3:hr>102</ns3:hr>
          </ns3:TrackPointExtension>
        </extensions>
      </trkpt>
      <trkpt lat="-25.5106388032436370849609375" lon="-48.98799612186849117279052734375">
        <ele>1052</ele>
        <time>2025-08-17T14:03:36.000Z</time>
        <extensions>
          <ns3:TrackPointExtension>
            <ns3:hr>101</ns3:hr>
          </ns3:TrackPointExtension>
        </extensions>
      </trkpt>
      <trkpt lat="-25.51062480546534061431884765625" lon="-48.98803786374628543853759765625">
        <ele>1051</ele>
        <time>2025-08-17T14:03:42.000Z</time>
        <extensions>
          <ns3:TrackPointExtension>
            <ns3:hr>100</ns3:hr>
          </ns3:TrackPointExtension>
        </extensions>
      </trkpt>
      <trkpt lat="-25.51061877049505710601806640625" lon="-48.98803987540304660797119140625">
        <ele>1050.800048828125</ele>
        <time>2025-08-17T14:03:44.000Z</time>
        <extensions>
          <ns3:TrackPointExtension>
            <ns3:hr>97</ns3:hr>
          </ns3:TrackPointExtension>
        </extensions>
      </trkpt>
      <trkpt lat="-25.51061726175248622894287109375" lon="-48.98804238997399806976318359375">
        <ele>1050.800048828125</ele>
        <time>2025-08-17T14:03:47.000Z</time>
        <extensions>
          <ns3:TrackPointExtension>
            <ns3:hr>97</ns3:hr>
          </ns3:TrackPointExtension>
        </extensions>
      </trkpt>
      <trkpt lat="-25.5106148310005664825439453125" lon="-48.98804440163075923919677734375">
        <ele>1050.5999755859375</ele>
        <time>2025-08-17T14:03:53.000Z</time>
        <extensions>
          <ns3:TrackPointExtension>
            <ns3:hr>98</ns3:hr>
          </ns3:TrackPointExtension>
        </extensions>
      </trkpt>
      <trkpt lat="-25.51061726175248622894287109375" lon="-48.98808379657566547393798828125">
        <ele>1050</ele>
        <time>2025-08-17T14:03:58.000Z</time>
        <extensions>
          <ns3:TrackPointExtension>
            <ns3:hr>101</ns3:hr>
          </ns3:TrackPointExtension>
        </extensions>
      </trkpt>
      <trkpt lat="-25.5106188543140888214111328125" lon="-48.9880949445068836212158203125">
        <ele>1049.800048828125</ele>
        <time>2025-08-17T14:04:01.000Z</time>
        <extensions>
          <ns3:TrackPointExtension>
            <ns3:hr>101</ns3:hr>
          </ns3:TrackPointExtension>
        </extensions>
      </trkpt>
      <trkpt lat="-25.5106131546199321746826171875" lon="-48.9881028234958648681640625">
        <ele>1049.5999755859375</ele>
        <time>2025-08-17T14:04:06.000Z</time>
        <extensions>
          <ns3:TrackPointExtension>
            <ns3:hr>104</ns3:hr>
          </ns3:TrackPointExtension>
        </extensions>
      </trkpt>
      <trkpt lat="-25.5106084607541561126708984375" lon="-48.98810374550521373748779296875">
        <ele>1049.4000244140625</ele>
        <time>2025-08-17T14:04:08.000Z</time>
        <extensions>
          <ns3:TrackPointExtension>
            <ns3:hr>107</ns3:hr>
          </ns3:TrackPointExtension>
        </extensions>
      </trkpt>
      <trkpt lat="-25.51060385070741176605224609375" lon="-48.98810751736164093017578125">
        <ele>1049.4000244140625</ele>
        <time>2025-08-17T14:04:10.000Z</time>
        <extensions>
          <ns3:TrackPointExtension>
            <ns3:hr>110</ns3:hr>
          </ns3:TrackPointExtension>
        </extensions>
      </trkpt>
      <trkpt lat="-25.51060552708804607391357421875" lon="-48.988109864294528961181640625">
        <ele>1049.4000244140625</ele>
        <time>2025-08-17T14:04:13.000Z</time>
        <extensions>
          <ns3:TrackPointExtension>
            <ns3:hr>113</ns3:hr>
          </ns3:TrackPointExtension>
        </extensions>
      </trkpt>
      <trkpt lat="-25.51061139442026615142822265625" lon="-48.988120593130588531494140625">
        <ele>1049.199951171875</ele>
        <time>2025-08-17T14:04:16.000Z</time>
        <extensions>
          <ns3:TrackPointExtension>
            <ns3:hr>112</ns3:hr>
          </ns3:TrackPointExtension>
        </extensions>
      </trkpt>
      <trkpt lat="-25.51061273552477359771728515625" lon="-48.9881298132240772247314453125">
        <ele>1049</ele>
        <time>2025-08-17T14:04:19.000Z</time>
        <extensions>
          <ns3:TrackPointExtension>
            <ns3:hr>109</ns3:hr>
          </ns3:TrackPointExtension>
        </extensions>
      </trkpt>
      <trkpt lat="-25.510618351399898529052734375" lon="-48.9881298132240772247314453125">
        <ele>1049.199951171875</ele>
        <time>2025-08-17T14:04:22.000Z</time>
        <extensions>
          <ns3:TrackPointExtension>
            <ns3:hr>109</ns3:hr>
          </ns3:TrackPointExtension>
        </extensions>
      </trkpt>
      <trkpt lat="-25.510618351399898529052734375" lon="-48.9881298132240772247314453125">
        <ele>1049.199951171875</ele>
        <time>2025-08-17T14:04:31.000Z</time>
        <extensions>
          <ns3:TrackPointExtension>
            <ns3:hr>105</ns3:hr>
          </ns3:TrackPointExtension>
        </extensions>
      </trkpt>
      <trkpt lat="-25.51061944104731082916259765625" lon="-48.98812989704310894012451171875">
        <ele>1049.199951171875</ele>
        <time>2025-08-17T14:04:38.000Z</time>
        <extensions>
          <ns3:TrackPointExtension>
            <ns3:hr>106</ns3:hr>
          </ns3:TrackPointExtension>
        </extensions>
      </trkpt>
      <trkpt lat="-25.51062203943729400634765625" lon="-48.988136686384677886962890625">
        <ele>1049.199951171875</ele>
        <time>2025-08-17T14:04:45.000Z</time>
        <extensions>
          <ns3:TrackPointExtension>
            <ns3:hr>103</ns3:hr>
          </ns3:TrackPointExtension>
        </extensions>
      </trkpt>
      <trkpt lat="-25.51062203943729400634765625" lon="-48.98817867971956729888916015625">
        <ele>1048.4000244140625</ele>
        <time>2025-08-17T14:04:52.000Z</time>
        <extensions>
          <ns3:TrackPointExtension>
            <ns3:hr>106</ns3:hr>
          </ns3:TrackPointExtension>
        </extensions>
      </trkpt>
      <trkpt lat="-25.51062203943729400634765625" lon="-48.98818404413759708404541015625">
        <ele>1048.199951171875</ele>
        <time>2025-08-17T14:04:53.000Z</time>
        <extensions>
          <ns3:TrackPointExtension>
            <ns3:hr>103</ns3:hr>
          </ns3:TrackPointExtension>
        </extensions>
      </trkpt>
      <trkpt lat="-25.51062966696918010711669921875" lon="-48.98822042159736156463623046875">
        <ele>1047.5999755859375</ele>
        <time>2025-08-17T14:05:01.000Z</time>
        <extensions>
          <ns3:TrackPointExtension>
            <ns3:hr>106</ns3:hr>
          </ns3:TrackPointExtension>
        </extensions>
      </trkpt>
      <trkpt lat="-25.510629750788211822509765625" lon="-48.98825244046747684478759765625">
        <ele>1047</ele>
        <time>2025-08-17T14:05:06.000Z</time>
        <extensions>
          <ns3:TrackPointExtension>
            <ns3:hr>103</ns3:hr>
          </ns3:TrackPointExtension>
        </extensions>
      </trkpt>
      <trkpt lat="-25.51066285930573940277099609375" lon="-48.98833684623241424560546875">
        <ele>1046</ele>
        <time>2025-08-17T14:05:20.000Z</time>
        <extensions>
          <ns3:TrackPointExtension>
            <ns3:hr>100</ns3:hr>
          </ns3:TrackPointExtension>
        </extensions>
      </trkpt>
      <trkpt lat="-25.51066654734313488006591796875" lon="-48.988344557583332061767578125">
        <ele>1046</ele>
        <time>2025-08-17T14:05:22.000Z</time>
        <extensions>
          <ns3:TrackPointExtension>
            <ns3:hr>97</ns3:hr>
          </ns3:TrackPointExtension>
        </extensions>
      </trkpt>
      <trkpt lat="-25.5106870830059051513671875" lon="-48.98842762224376201629638671875">
        <ele>1045</ele>
        <time>2025-08-17T14:05:47.000Z</time>
        <extensions>
          <ns3:TrackPointExtension>
            <ns3:hr>98</ns3:hr>
          </ns3:TrackPointExtension>
        </extensions>
      </trkpt>
      <trkpt lat="-25.510710887610912322998046875" lon="-48.988441787660121917724609375">
        <ele>1045</ele>
        <time>2025-08-17T14:05:55.000Z</time>
        <extensions>
          <ns3:TrackPointExtension>
            <ns3:hr>98</ns3:hr>
          </ns3:TrackPointExtension>
        </extensions>
      </trkpt>
      <trkpt lat="-25.51073603332042694091796875" lon="-48.98843935690820217132568359375">
        <ele>1045.4000244140625</ele>
        <time>2025-08-17T14:06:03.000Z</time>
        <extensions>
          <ns3:TrackPointExtension>
            <ns3:hr>97</ns3:hr>
          </ns3:TrackPointExtension>
        </extensions>
      </trkpt>
      <trkpt lat="-25.51074282266199588775634765625" lon="-48.9884432964026927947998046875">
        <ele>1045.4000244140625</ele>
        <time>2025-08-17T14:06:11.000Z</time>
        <extensions>
          <ns3:TrackPointExtension>
            <ns3:hr>97</ns3:hr>
          </ns3:TrackPointExtension>
        </extensions>
      </trkpt>
      <trkpt lat="-25.51074282266199588775634765625" lon="-48.9884432964026927947998046875">
        <ele>1045.4000244140625</ele>
        <time>2025-08-17T14:06:21.000Z</time>
        <extensions>
          <ns3:TrackPointExtension>
            <ns3:hr>101</ns3:hr>
          </ns3:TrackPointExtension>
        </extensions>
      </trkpt>
      <trkpt lat="-25.51074282266199588775634765625" lon="-48.9884432964026927947998046875">
        <ele>1045.4000244140625</ele>
        <time>2025-08-17T14:06:24.000Z</time>
        <extensions>
          <ns3:TrackPointExtension>
            <ns3:hr>104</ns3:hr>
          </ns3:TrackPointExtension>
        </extensions>
      </trkpt>
      <trkpt lat="-25.51074399612843990325927734375" lon="-48.9884432964026927947998046875">
        <ele>1045.4000244140625</ele>
        <time>2025-08-17T14:06:27.000Z</time>
        <extensions>
          <ns3:TrackPointExtension>
            <ns3:hr>107</ns3:hr>
          </ns3:TrackPointExtension>
        </extensions>
      </trkpt>
      <trkpt lat="-25.510744750499725341796875" lon="-48.98844405077397823333740234375">
        <ele>1045.4000244140625</ele>
        <time>2025-08-17T14:06:30.000Z</time>
        <extensions>
          <ns3:TrackPointExtension>
            <ns3:hr>110</ns3:hr>
          </ns3:TrackPointExtension>
        </extensions>
      </trkpt>
      <trkpt lat="-25.5107600055634975433349609375" lon="-48.98845394141972064971923828125">
        <ele>1045.4000244140625</ele>
        <time>2025-08-17T14:06:38.000Z</time>
        <extensions>
          <ns3:TrackPointExtension>
            <ns3:hr>114</ns3:hr>
          </ns3:TrackPointExtension>
        </extensions>
      </trkpt>
      <trkpt lat="-25.51079914905130863189697265625" lon="-48.98851127363741397857666015625">
        <ele>1044.5999755859375</ele>
        <time>2025-08-17T14:06:54.000Z</time>
        <extensions>
          <ns3:TrackPointExtension>
            <ns3:hr>111</ns3:hr>
          </ns3:TrackPointExtension>
        </extensions>
      </trkpt>
      <trkpt lat="-25.5108056031167507171630859375" lon="-48.988514207303524017333984375">
        <ele>1044.5999755859375</ele>
        <time>2025-08-17T14:06:59.000Z</time>
        <extensions>
          <ns3:TrackPointExtension>
            <ns3:hr>108</ns3:hr>
          </ns3:TrackPointExtension>
        </extensions>
      </trkpt>
      <trkpt lat="-25.51083954982459545135498046875" lon="-48.98857531137764453887939453125">
        <ele>1043.199951171875</ele>
        <time>2025-08-17T14:07:17.000Z</time>
        <extensions>
          <ns3:TrackPointExtension>
            <ns3:hr>105</ns3:hr>
          </ns3:TrackPointExtension>
        </extensions>
      </trkpt>
      <trkpt lat="-25.5108874104917049407958984375" lon="-48.98860246874392032623291015625">
        <ele>1041.800048828125</ele>
        <time>2025-08-17T14:07:46.000Z</time>
        <extensions>
          <ns3:TrackPointExtension>
            <ns3:hr>108</ns3:hr>
          </ns3:TrackPointExtension>
        </extensions>
      </trkpt>
      <trkpt lat="-25.51097877323627471923828125" lon="-48.9886893890798091888427734375">
        <ele>1037.800048828125</ele>
        <time>2025-08-17T14:08:32.000Z</time>
        <extensions>
          <ns3:TrackPointExtension>
            <ns3:hr>105</ns3:hr>
          </ns3:TrackPointExtension>
        </extensions>
      </trkpt>
      <trkpt lat="-25.510981120169162750244140625" lon="-48.9886920712888240814208984375">
        <ele>1037.800048828125</ele>
        <time>2025-08-17T14:08:36.000Z</time>
        <extensions>
          <ns3:TrackPointExtension>
            <ns3:hr>108</ns3:hr>
          </ns3:TrackPointExtension>
        </extensions>
      </trkpt>
      <trkpt lat="-25.51098438911139965057373046875" lon="-48.9887064881622791290283203125">
        <ele>1037.4000244140625</ele>
        <time>2025-08-17T14:08:47.000Z</time>
        <extensions>
          <ns3:TrackPointExtension>
            <ns3:hr>111</ns3:hr>
          </ns3:TrackPointExtension>
        </extensions>
      </trkpt>
      <trkpt lat="-25.51102495752274990081787109375" lon="-48.98872300051152706146240234375">
        <ele>1036.199951171875</ele>
        <time>2025-08-17T14:09:03.000Z</time>
        <extensions>
          <ns3:TrackPointExtension>
            <ns3:hr>114</ns3:hr>
          </ns3:TrackPointExtension>
        </extensions>
      </trkpt>
      <trkpt lat="-25.51104356534779071807861328125" lon="-48.988730125129222869873046875">
        <ele>1035.5999755859375</ele>
        <time>2025-08-17T14:09:09.000Z</time>
        <extensions>
          <ns3:TrackPointExtension>
            <ns3:hr>119</ns3:hr>
          </ns3:TrackPointExtension>
        </extensions>
      </trkpt>
      <trkpt lat="-25.51104591228067874908447265625" lon="-48.98873104713857173919677734375">
        <ele>1035.5999755859375</ele>
        <time>2025-08-17T14:09:10.000Z</time>
        <extensions>
          <ns3:TrackPointExtension>
            <ns3:hr>122</ns3:hr>
          </ns3:TrackPointExtension>
        </extensions>
      </trkpt>
      <trkpt lat="-25.5110486783087253570556640625" lon="-48.9887319691479206085205078125">
        <ele>1035.5999755859375</ele>
        <time>2025-08-17T14:09:11.000Z</time>
        <extensions>
          <ns3:TrackPointExtension>
            <ns3:hr>125</ns3:hr>
          </ns3:TrackPointExtension>
        </extensions>
      </trkpt>
      <trkpt lat="-25.51105965860188007354736328125" lon="-48.98873825557529926300048828125">
        <ele>1035.199951171875</ele>
        <time>2025-08-17T14:09:15.000Z</time>
        <extensions>
          <ns3:TrackPointExtension>
            <ns3:hr>121</ns3:hr>
          </ns3:TrackPointExtension>
        </extensions>
      </trkpt>
      <trkpt lat="-25.511068962514400482177734375" lon="-48.98874588310718536376953125">
        <ele>1034.800048828125</ele>
        <time>2025-08-17T14:09:20.000Z</time>
        <extensions>
          <ns3:TrackPointExtension>
            <ns3:hr>118</ns3:hr>
          </ns3:TrackPointExtension>
        </extensions>
      </trkpt>
      <trkpt lat="-25.5110761709511280059814453125" lon="-48.988752253353595733642578125">
        <ele>1034.5999755859375</ele>
        <time>2025-08-17T14:09:30.000Z</time>
        <extensions>
          <ns3:TrackPointExtension>
            <ns3:hr>113</ns3:hr>
          </ns3:TrackPointExtension>
        </extensions>
      </trkpt>
      <trkpt lat="-25.51112084649503231048583984375" lon="-48.98877111263573169708251953125">
        <ele>1033.199951171875</ele>
        <time>2025-08-17T14:09:41.000Z</time>
        <extensions>
          <ns3:TrackPointExtension>
            <ns3:hr>111</ns3:hr>
          </ns3:TrackPointExtension>
        </extensions>
      </trkpt>
      <trkpt lat="-25.51115957088768482208251953125" lon="-48.98878150619566440582275390625">
        <ele>1032.4000244140625</ele>
        <time>2025-08-17T14:09:45.000Z</time>
        <extensions>
          <ns3:TrackPointExtension>
            <ns3:hr>110</ns3:hr>
          </ns3:TrackPointExtension>
        </extensions>
      </trkpt>
      <trkpt lat="-25.51118555478751659393310546875" lon="-48.98880698718130588531494140625">
        <ele>1031.4000244140625</ele>
        <time>2025-08-17T14:09:50.000Z</time>
        <extensions>
          <ns3:TrackPointExtension>
            <ns3:hr>110</ns3:hr>
          </ns3:TrackPointExtension>
        </extensions>
      </trkpt>
      <trkpt lat="-25.51120734773576259613037109375" lon="-48.988827355206012725830078125">
        <ele>1030.5999755859375</ele>
        <time>2025-08-17T14:09:55.000Z</time>
        <extensions>
          <ns3:TrackPointExtension>
            <ns3:hr>110</ns3:hr>
          </ns3:TrackPointExtension>
        </extensions>
      </trkpt>
      <trkpt lat="-25.51125369966030120849609375" lon="-48.9888462983071804046630859375">
        <ele>1029.4000244140625</ele>
        <time>2025-08-17T14:10:02.000Z</time>
        <extensions>
          <ns3:TrackPointExtension>
            <ns3:hr>111</ns3:hr>
          </ns3:TrackPointExtension>
        </extensions>
      </trkpt>
      <trkpt lat="-25.51126501522958278656005859375" lon="-48.9888714440166950225830078125">
        <ele>1028.5999755859375</ele>
        <time>2025-08-17T14:10:07.000Z</time>
        <extensions>
          <ns3:TrackPointExtension>
            <ns3:hr>113</ns3:hr>
          </ns3:TrackPointExtension>
        </extensions>
      </trkpt>
      <trkpt lat="-25.5112800188362598419189453125" lon="-48.98887940682470798492431640625">
        <ele>1028.199951171875</ele>
        <time>2025-08-17T14:10:12.000Z</time>
        <extensions>
          <ns3:TrackPointExtension>
            <ns3:hr>116</ns3:hr>
          </ns3:TrackPointExtension>
        </extensions>
      </trkpt>
      <trkpt lat="-25.5112830363214015960693359375" lon="-48.98887856863439083099365234375">
        <ele>1028.199951171875</ele>
        <time>2025-08-17T14:10:13.000Z</time>
        <extensions>
          <ns3:TrackPointExtension>
            <ns3:hr>117</ns3:hr>
          </ns3:TrackPointExtension>
        </extensions>
      </trkpt>
      <trkpt lat="-25.511319749057292938232421875" lon="-48.98890069685876369476318359375">
        <ele>1027.199951171875</ele>
        <time>2025-08-17T14:10:18.000Z</time>
        <extensions>
          <ns3:TrackPointExtension>
            <ns3:hr>117</ns3:hr>
          </ns3:TrackPointExtension>
        </extensions>
      </trkpt>
      <trkpt lat="-25.5113189108669757843017578125" lon="-48.9889076538383960723876953125">
        <ele>1027</ele>
        <time>2025-08-17T14:10:25.000Z</time>
        <extensions>
          <ns3:TrackPointExtension>
            <ns3:hr>118</ns3:hr>
          </ns3:TrackPointExtension>
        </extensions>
      </trkpt>
      <trkpt lat="-25.5113168992102146148681640625" lon="-48.98891461081802845001220703125">
        <ele>1026.800048828125</ele>
        <time>2025-08-17T14:10:27.000Z</time>
        <extensions>
          <ns3:TrackPointExtension>
            <ns3:hr>122</ns3:hr>
          </ns3:TrackPointExtension>
        </extensions>
      </trkpt>
      <trkpt lat="-25.51131932996213436126708984375" lon="-48.9889190532267093658447265625">
        <ele>1026.800048828125</ele>
        <time>2025-08-17T14:10:28.000Z</time>
        <extensions>
          <ns3:TrackPointExtension>
            <ns3:hr>119</ns3:hr>
          </ns3:TrackPointExtension>
        </extensions>
      </trkpt>
      <trkpt lat="-25.51133156754076480865478515625" lon="-48.98893523029983043670654296875">
        <ele>1026.199951171875</ele>
        <time>2025-08-17T14:10:31.000Z</time>
        <extensions>
          <ns3:TrackPointExtension>
            <ns3:hr>118</ns3:hr>
          </ns3:TrackPointExtension>
        </extensions>
      </trkpt>
      <trkpt lat="-25.51133424974977970123291015625" lon="-48.98894092999398708343505859375">
        <ele>1026</ele>
        <time>2025-08-17T14:10:32.000Z</time>
        <extensions>
          <ns3:TrackPointExtension>
            <ns3:hr>115</ns3:hr>
          </ns3:TrackPointExtension>
        </extensions>
      </trkpt>
      <trkpt lat="-25.51133693195879459381103515625" lon="-48.9889478869736194610595703125">
        <ele>1025.800048828125</ele>
        <time>2025-08-17T14:10:34.000Z</time>
        <extensions>
          <ns3:TrackPointExtension>
            <ns3:hr>118</ns3:hr>
          </ns3:TrackPointExtension>
        </extensions>
      </trkpt>
      <trkpt lat="-25.511335171759128570556640625" lon="-48.98894646205008029937744140625">
        <ele>1025.800048828125</ele>
        <time>2025-08-17T14:10:38.000Z</time>
        <extensions>
          <ns3:TrackPointExtension>
            <ns3:hr>115</ns3:hr>
          </ns3:TrackPointExtension>
        </extensions>
      </trkpt>
      <trkpt lat="-25.511335171759128570556640625" lon="-48.98894646205008029937744140625">
        <ele>1025.800048828125</ele>
        <time>2025-08-17T14:10:43.000Z</time>
        <extensions>
          <ns3:TrackPointExtension>
            <ns3:hr>111</ns3:hr>
          </ns3:TrackPointExtension>
        </extensions>
      </trkpt>
      <trkpt lat="-25.5113484151661396026611328125" lon="-48.988982252776622772216796875">
        <ele>1024.5999755859375</ele>
        <time>2025-08-17T14:11:06.000Z</time>
        <extensions>
          <ns3:TrackPointExtension>
            <ns3:hr>110</ns3:hr>
          </ns3:TrackPointExtension>
        </extensions>
      </trkpt>
      <trkpt lat="-25.5113598145544528961181640625" lon="-48.98898988030850887298583984375">
        <ele>1024.4000244140625</ele>
        <time>2025-08-17T14:11:12.000Z</time>
        <extensions>
          <ns3:TrackPointExtension>
            <ns3:hr>109</ns3:hr>
          </ns3:TrackPointExtension>
        </extensions>
      </trkpt>
      <trkpt lat="-25.51136367022991180419921875" lon="-48.9889971725642681121826171875">
        <ele>1024</ele>
        <time>2025-08-17T14:11:17.000Z</time>
        <extensions>
          <ns3:TrackPointExtension>
            <ns3:hr>108</ns3:hr>
          </ns3:TrackPointExtension>
        </extensions>
      </trkpt>
      <trkpt lat="-25.5113826133310794830322265625" lon="-48.9890283532440662384033203125">
        <ele>1023</ele>
        <time>2025-08-17T14:11:22.000Z</time>
        <extensions>
          <ns3:TrackPointExtension>
            <ns3:hr>108</ns3:hr>
          </ns3:TrackPointExtension>
        </extensions>
      </trkpt>
      <trkpt lat="-25.51140834577381610870361328125" lon="-48.98903950117528438568115234375">
        <ele>1022.5999755859375</ele>
        <time>2025-08-17T14:11:28.000Z</time>
        <extensions>
          <ns3:TrackPointExtension>
            <ns3:hr>104</ns3:hr>
          </ns3:TrackPointExtension>
        </extensions>
      </trkpt>
      <trkpt lat="-25.51141337491571903228759765625" lon="-48.9890496432781219482421875">
        <ele>1022.20001220703125</ele>
        <time>2025-08-17T14:11:29.000Z</time>
        <extensions>
          <ns3:TrackPointExtension>
            <ns3:hr>107</ns3:hr>
          </ns3:TrackPointExtension>
        </extensions>
      </trkpt>
      <trkpt lat="-25.51143147982656955718994140625" lon="-48.98909130133688449859619140625">
        <ele>1021.20001220703125</ele>
        <time>2025-08-17T14:11:34.000Z</time>
        <extensions>
          <ns3:TrackPointExtension>
            <ns3:hr>105</ns3:hr>
          </ns3:TrackPointExtension>
        </extensions>
      </trkpt>
      <trkpt lat="-25.51142804324626922607421875" lon="-48.98913773708045482635498046875">
        <ele>1020.4000244140625</ele>
        <time>2025-08-17T14:11:39.000Z</time>
        <extensions>
          <ns3:TrackPointExtension>
            <ns3:hr>104</ns3:hr>
          </ns3:TrackPointExtension>
        </extensions>
      </trkpt>
      <trkpt lat="-25.5114151351153850555419921875" lon="-48.98915735073387622833251953125">
        <ele>1020.20001220703125</ele>
        <time>2025-08-17T14:11:42.000Z</time>
        <extensions>
          <ns3:TrackPointExtension>
            <ns3:hr>107</ns3:hr>
          </ns3:TrackPointExtension>
        </extensions>
      </trkpt>
      <trkpt lat="-25.51140901632606983184814453125" lon="-48.98917143233120441436767578125">
        <ele>1020.20001220703125</ele>
        <time>2025-08-17T14:11:44.000Z</time>
        <extensions>
          <ns3:TrackPointExtension>
            <ns3:hr>104</ns3:hr>
          </ns3:TrackPointExtension>
        </extensions>
      </trkpt>
      <trkpt lat="-25.51140951924026012420654296875" lon="-48.98917394690215587615966796875">
        <ele>1020</ele>
        <time>2025-08-17T14:11:45.000Z</time>
        <extensions>
          <ns3:TrackPointExtension>
            <ns3:hr>105</ns3:hr>
          </ns3:TrackPointExtension>
        </extensions>
      </trkpt>
      <trkpt lat="-25.51138789393007755279541015625" lon="-48.9892080612480640411376953125">
        <ele>1019.79998779296875</ele>
        <time>2025-08-17T14:11:50.000Z</time>
        <extensions>
          <ns3:TrackPointExtension>
            <ns3:hr>105</ns3:hr>
          </ns3:TrackPointExtension>
        </extensions>
      </trkpt>
      <trkpt lat="-25.511400215327739715576171875" lon="-48.989305794239044189453125">
        <ele>1017.79998779296875</ele>
        <time>2025-08-17T14:11:55.000Z</time>
        <extensions>
          <ns3:TrackPointExtension>
            <ns3:hr>104</ns3:hr>
          </ns3:TrackPointExtension>
        </extensions>
      </trkpt>
      <trkpt lat="-25.51140298135578632354736328125" lon="-48.9893321134150028228759765625">
        <ele>1017.20001220703125</ele>
        <time>2025-08-17T14:11:57.000Z</time>
        <extensions>
          <ns3:TrackPointExtension>
            <ns3:hr>104</ns3:hr>
          </ns3:TrackPointExtension>
        </extensions>
      </trkpt>
      <trkpt lat="-25.51143516786396503448486328125" lon="-48.98935667239129543304443359375">
        <ele>1016.5999755859375</ele>
        <time>2025-08-17T14:12:04.000Z</time>
        <extensions>
          <ns3:TrackPointExtension>
            <ns3:hr>104</ns3:hr>
          </ns3:TrackPointExtension>
        </extensions>
      </trkpt>
      <trkpt lat="-25.511432401835918426513671875" lon="-48.9893596060574054718017578125">
        <ele>1016.4000244140625</ele>
        <time>2025-08-17T14:12:07.000Z</time>
        <extensions>
          <ns3:TrackPointExtension>
            <ns3:hr>107</ns3:hr>
          </ns3:TrackPointExtension>
        </extensions>
      </trkpt>
      <trkpt lat="-25.51143877208232879638671875" lon="-48.989356420934200286865234375">
        <ele>1016.5999755859375</ele>
        <time>2025-08-17T14:12:09.000Z</time>
        <extensions>
          <ns3:TrackPointExtension>
            <ns3:hr>108</ns3:hr>
          </ns3:TrackPointExtension>
        </extensions>
      </trkpt>
      <trkpt lat="-25.51147322170436382293701171875" lon="-48.98934544064104557037353515625">
        <ele>1016.20001220703125</ele>
        <time>2025-08-17T14:12:17.000Z</time>
        <extensions>
          <ns3:TrackPointExtension>
            <ns3:hr>109</ns3:hr>
          </ns3:TrackPointExtension>
        </extensions>
      </trkpt>
      <trkpt lat="-25.51149509847164154052734375" lon="-48.98931710980832576751708984375">
        <ele>1016.4000244140625</ele>
        <time>2025-08-17T14:12:23.000Z</time>
        <extensions>
          <ns3:TrackPointExtension>
            <ns3:hr>108</ns3:hr>
          </ns3:TrackPointExtension>
        </extensions>
      </trkpt>
      <trkpt lat="-25.51154362969100475311279296875" lon="-48.98930638097226619720458984375">
        <ele>1015.79998779296875</ele>
        <time>2025-08-17T14:12:29.000Z</time>
        <extensions>
          <ns3:TrackPointExtension>
            <ns3:hr>108</ns3:hr>
          </ns3:TrackPointExtension>
        </extensions>
      </trkpt>
      <trkpt lat="-25.51158939488232135772705078125" lon="-48.989324234426021575927734375">
        <ele>1014.79998779296875</ele>
        <time>2025-08-17T14:12:35.000Z</time>
        <extensions>
          <ns3:TrackPointExtension>
            <ns3:hr>107</ns3:hr>
          </ns3:TrackPointExtension>
        </extensions>
      </trkpt>
      <trkpt lat="-25.5116230063140392303466796875" lon="-48.9893163554370403289794921875">
        <ele>1014.4000244140625</ele>
        <time>2025-08-17T14:12:40.000Z</time>
        <extensions>
          <ns3:TrackPointExtension>
            <ns3:hr>104</ns3:hr>
          </ns3:TrackPointExtension>
        </extensions>
      </trkpt>
      <trkpt lat="-25.51163516007363796234130859375" lon="-48.98932599462568759918212890625">
        <ele>1014.20001220703125</ele>
        <time>2025-08-17T14:12:41.000Z</time>
        <extensions>
          <ns3:TrackPointExtension>
            <ns3:hr>107</ns3:hr>
          </ns3:TrackPointExtension>
        </extensions>
      </trkpt>
      <trkpt lat="-25.5116471461951732635498046875" lon="-48.9893525652587413787841796875">
        <ele>1013.5999755859375</ele>
        <time>2025-08-17T14:12:47.000Z</time>
        <extensions>
          <ns3:TrackPointExtension>
            <ns3:hr>107</ns3:hr>
          </ns3:TrackPointExtension>
        </extensions>
      </trkpt>
      <trkpt lat="-25.511671118438243865966796875" lon="-48.98935130797326564788818359375">
        <ele>1013.20001220703125</ele>
        <time>2025-08-17T14:12:52.000Z</time>
        <extensions>
          <ns3:TrackPointExtension>
            <ns3:hr>106</ns3:hr>
          </ns3:TrackPointExtension>
        </extensions>
      </trkpt>
      <trkpt lat="-25.5117168836295604705810546875" lon="-48.98939891718327999114990234375">
        <ele>1011.79998779296875</ele>
        <time>2025-08-17T14:12:58.000Z</time>
        <extensions>
          <ns3:TrackPointExtension>
            <ns3:hr>104</ns3:hr>
          </ns3:TrackPointExtension>
        </extensions>
      </trkpt>
      <trkpt lat="-25.51173917949199676513671875" lon="-48.98947016336023807525634765625">
        <ele>1010.4000244140625</ele>
        <time>2025-08-17T14:13:05.000Z</time>
        <extensions>
          <ns3:TrackPointExtension>
            <ns3:hr>105</ns3:hr>
          </ns3:TrackPointExtension>
        </extensions>
      </trkpt>
      <trkpt lat="-25.5117718689143657684326171875" lon="-48.98953185416758060455322265625">
        <ele>1008.79998779296875</ele>
        <time>2025-08-17T14:13:10.000Z</time>
        <extensions>
          <ns3:TrackPointExtension>
            <ns3:hr>101</ns3:hr>
          </ns3:TrackPointExtension>
        </extensions>
      </trkpt>
      <trkpt lat="-25.51177899353206157684326171875" lon="-48.9895550720393657684326171875">
        <ele>1008.4000244140625</ele>
        <time>2025-08-17T14:13:13.000Z</time>
        <extensions>
          <ns3:TrackPointExtension>
            <ns3:hr>101</ns3:hr>
          </ns3:TrackPointExtension>
        </extensions>
      </trkpt>
      <trkpt lat="-25.5117866210639476776123046875" lon="-48.9895654655992984771728515625">
        <ele>1008.20001220703125</ele>
        <time>2025-08-17T14:13:15.000Z</time>
        <extensions>
          <ns3:TrackPointExtension>
            <ns3:hr>104</ns3:hr>
          </ns3:TrackPointExtension>
        </extensions>
      </trkpt>
      <trkpt lat="-25.5117976851761341094970703125" lon="-48.98957611061632633209228515625">
        <ele>1007.79998779296875</ele>
        <time>2025-08-17T14:13:19.000Z</time>
        <extensions>
          <ns3:TrackPointExtension>
            <ns3:hr>104</ns3:hr>
          </ns3:TrackPointExtension>
        </extensions>
      </trkpt>
      <trkpt lat="-25.511911176145076751708984375" lon="-48.9896697364747524261474609375">
        <ele>1003.79998779296875</ele>
        <time>2025-08-17T14:13:27.000Z</time>
        <extensions>
          <ns3:TrackPointExtension>
            <ns3:hr>104</ns3:hr>
          </ns3:TrackPointExtension>
        </extensions>
      </trkpt>
      <trkpt lat="-25.51196389831602573394775390625" lon="-48.989719860255718231201171875">
        <ele>1002</ele>
        <time>2025-08-17T14:13:34.000Z</time>
        <extensions>
          <ns3:TrackPointExtension>
            <ns3:hr>107</ns3:hr>
          </ns3:TrackPointExtension>
        </extensions>
      </trkpt>
      <trkpt lat="-25.51194009371101856231689453125" lon="-48.98973419331014156341552734375">
        <ele>1001.79998779296875</ele>
        <time>2025-08-17T14:13:40.000Z</time>
        <extensions>
          <ns3:TrackPointExtension>
            <ns3:hr>105</ns3:hr>
          </ns3:TrackPointExtension>
        </extensions>
      </trkpt>
      <trkpt lat="-25.51193355582654476165771484375" lon="-48.98974492214620113372802734375">
        <ele>1001.79998779296875</ele>
        <time>2025-08-17T14:13:47.000Z</time>
        <extensions>
          <ns3:TrackPointExtension>
            <ns3:hr>105</ns3:hr>
          </ns3:TrackPointExtension>
        </extensions>
      </trkpt>
      <trkpt lat="-25.51192785613238811492919921875" lon="-48.98973922245204448699951171875">
        <ele>1002</ele>
        <time>2025-08-17T14:13:54.000Z</time>
        <extensions>
          <ns3:TrackPointExtension>
            <ns3:hr>105</ns3:hr>
          </ns3:TrackPointExtension>
        </extensions>
      </trkpt>
      <trkpt lat="-25.511935651302337646484375" lon="-48.9897552318871021270751953125">
        <ele>1001.4000244140625</ele>
        <time>2025-08-17T14:13:59.000Z</time>
        <extensions>
          <ns3:TrackPointExtension>
            <ns3:hr>105</ns3:hr>
          </ns3:TrackPointExtension>
        </extensions>
      </trkpt>
      <trkpt lat="-25.51193607039749622344970703125" lon="-48.9897644519805908203125">
        <ele>1001.20001220703125</ele>
        <time>2025-08-17T14:14:05.000Z</time>
        <extensions>
          <ns3:TrackPointExtension>
            <ns3:hr>104</ns3:hr>
          </ns3:TrackPointExtension>
        </extensions>
      </trkpt>
      <trkpt lat="-25.5119324661791324615478515625" lon="-48.98977224715054035186767578125">
        <ele>1001.20001220703125</ele>
        <time>2025-08-17T14:14:11.000Z</time>
        <extensions>
          <ns3:TrackPointExtension>
            <ns3:hr>101</ns3:hr>
          </ns3:TrackPointExtension>
        </extensions>
      </trkpt>
      <trkpt lat="-25.5119321309030055999755859375" lon="-48.98977316915988922119140625">
        <ele>1001.20001220703125</ele>
        <time>2025-08-17T14:14:12.000Z</time>
        <extensions>
          <ns3:TrackPointExtension>
            <ns3:hr>104</ns3:hr>
          </ns3:TrackPointExtension>
        </extensions>
      </trkpt>
      <trkpt lat="-25.511933974921703338623046875" lon="-48.9897723309695720672607421875">
        <ele>1001.20001220703125</ele>
        <time>2025-08-17T14:14:18.000Z</time>
        <extensions>
          <ns3:TrackPointExtension>
            <ns3:hr>105</ns3:hr>
          </ns3:TrackPointExtension>
        </extensions>
      </trkpt>
      <trkpt lat="-25.51192081533372402191162109375" lon="-48.98976755328476428985595703125">
        <ele>1001.4000244140625</ele>
        <time>2025-08-17T14:14:25.000Z</time>
        <extensions>
          <ns3:TrackPointExtension>
            <ns3:hr>108</ns3:hr>
          </ns3:TrackPointExtension>
        </extensions>
      </trkpt>
      <trkpt lat="-25.51191754639148712158203125" lon="-48.98976705037057399749755859375">
        <ele>1001.5999755859375</ele>
        <time>2025-08-17T14:14:26.000Z</time>
        <extensions>
          <ns3:TrackPointExtension>
            <ns3:hr>107</ns3:hr>
          </ns3:TrackPointExtension>
        </extensions>
      </trkpt>
      <trkpt lat="-25.51191620528697967529296875" lon="-48.98977643810212612152099609375">
        <ele>1001.4000244140625</ele>
        <time>2025-08-17T14:14:31.000Z</time>
        <extensions>
          <ns3:TrackPointExtension>
            <ns3:hr>105</ns3:hr>
          </ns3:TrackPointExtension>
        </extensions>
      </trkpt>
      <trkpt lat="-25.511930622160434722900390625" lon="-48.9897860772907733917236328125">
        <ele>1000.79998779296875</ele>
        <time>2025-08-17T14:14:38.000Z</time>
        <extensions>
          <ns3:TrackPointExtension>
            <ns3:hr>105</ns3:hr>
          </ns3:TrackPointExtension>
        </extensions>
      </trkpt>
      <trkpt lat="-25.51194260828197002410888671875" lon="-48.989797644317150115966796875">
        <ele>1000.4000244140625</ele>
        <time>2025-08-17T14:14:43.000Z</time>
        <extensions>
          <ns3:TrackPointExtension>
            <ns3:hr>106</ns3:hr>
          </ns3:TrackPointExtension>
        </extensions>
      </trkpt>
      <trkpt lat="-25.5119435302913188934326171875" lon="-48.989806361496448516845703125">
        <ele>1000.20001220703125</ele>
        <time>2025-08-17T14:14:48.000Z</time>
        <extensions>
          <ns3:TrackPointExtension>
            <ns3:hr>108</ns3:hr>
          </ns3:TrackPointExtension>
        </extensions>
      </trkpt>
      <trkpt lat="-25.5119435302913188934326171875" lon="-48.989806361496448516845703125">
        <ele>1000.20001220703125</ele>
        <time>2025-08-17T14:14:54.000Z</time>
        <extensions>
          <ns3:TrackPointExtension>
            <ns3:hr>105</ns3:hr>
          </ns3:TrackPointExtension>
        </extensions>
      </trkpt>
      <trkpt lat="-25.5119435302913188934326171875" lon="-48.989806361496448516845703125">
        <ele>1000.20001220703125</ele>
        <time>2025-08-17T14:14:58.000Z</time>
        <extensions>
          <ns3:TrackPointExtension>
            <ns3:hr>102</ns3:hr>
          </ns3:TrackPointExtension>
        </extensions>
      </trkpt>
      <trkpt lat="-25.5119478888809680938720703125" lon="-48.98982421495020389556884765625">
        <ele>999.79998779296875</ele>
        <time>2025-08-17T14:15:15.000Z</time>
        <extensions>
          <ns3:TrackPointExtension>
            <ns3:hr>99</ns3:hr>
          </ns3:TrackPointExtension>
        </extensions>
      </trkpt>
      <trkpt lat="-25.51195300184190273284912109375" lon="-48.9898259751498699188232421875">
        <ele>999.5999755859375</ele>
        <time>2025-08-17T14:15:17.000Z</time>
        <extensions>
          <ns3:TrackPointExtension>
            <ns3:hr>96</ns3:hr>
          </ns3:TrackPointExtension>
        </extensions>
      </trkpt>
      <trkpt lat="-25.51195367239415645599365234375" lon="-48.9898269809782505035400390625">
        <ele>999.5999755859375</ele>
        <time>2025-08-17T14:15:19.000Z</time>
        <extensions>
          <ns3:TrackPointExtension>
            <ns3:hr>93</ns3:hr>
          </ns3:TrackPointExtension>
        </extensions>
      </trkpt>
      <trkpt lat="-25.51198015920817852020263671875" lon="-48.98984684608876705169677734375">
        <ele>999.20001220703125</ele>
        <time>2025-08-17T14:15:22.000Z</time>
        <extensions>
          <ns3:TrackPointExtension>
            <ns3:hr>91</ns3:hr>
          </ns3:TrackPointExtension>
        </extensions>
      </trkpt>
      <trkpt lat="-25.512021817266941070556640625" lon="-48.98988758213818073272705078125">
        <ele>998.4000244140625</ele>
        <time>2025-08-17T14:15:27.000Z</time>
        <extensions>
          <ns3:TrackPointExtension>
            <ns3:hr>92</ns3:hr>
          </ns3:TrackPointExtension>
        </extensions>
      </trkpt>
      <trkpt lat="-25.51202978007495403289794921875" lon="-48.989898227155208587646484375">
        <ele>998.20001220703125</ele>
        <time>2025-08-17T14:15:33.000Z</time>
        <extensions>
          <ns3:TrackPointExtension>
            <ns3:hr>94</ns3:hr>
          </ns3:TrackPointExtension>
        </extensions>
      </trkpt>
      <trkpt lat="-25.51203581504523754119873046875" lon="-48.98990501649677753448486328125">
        <ele>998.20001220703125</ele>
        <time>2025-08-17T14:15:38.000Z</time>
        <extensions>
          <ns3:TrackPointExtension>
            <ns3:hr>94</ns3:hr>
          </ns3:TrackPointExtension>
        </extensions>
      </trkpt>
      <trkpt lat="-25.51204017363488674163818359375" lon="-48.98990501649677753448486328125">
        <ele>998.20001220703125</ele>
        <time>2025-08-17T14:15:51.000Z</time>
        <extensions>
          <ns3:TrackPointExtension>
            <ns3:hr>95</ns3:hr>
          </ns3:TrackPointExtension>
        </extensions>
      </trkpt>
      <trkpt lat="-25.5121104978024959564208984375" lon="-48.98995832540094852447509765625">
        <ele>997.20001220703125</ele>
        <time>2025-08-17T14:16:21.000Z</time>
        <extensions>
          <ns3:TrackPointExtension>
            <ns3:hr>98</ns3:hr>
          </ns3:TrackPointExtension>
        </extensions>
      </trkpt>
      <trkpt lat="-25.51211611367762088775634765625" lon="-48.9899575710296630859375">
        <ele>997.20001220703125</ele>
        <time>2025-08-17T14:16:30.000Z</time>
        <extensions>
          <ns3:TrackPointExtension>
            <ns3:hr>95</ns3:hr>
          </ns3:TrackPointExtension>
        </extensions>
      </trkpt>
      <trkpt lat="-25.51211879588663578033447265625" lon="-48.98995832540094852447509765625">
        <ele>997.20001220703125</ele>
        <time>2025-08-17T14:16:34.000Z</time>
        <extensions>
          <ns3:TrackPointExtension>
            <ns3:hr>98</ns3:hr>
          </ns3:TrackPointExtension>
        </extensions>
      </trkpt>
      <trkpt lat="-25.512135811150074005126953125" lon="-48.9899562299251556396484375">
        <ele>997.20001220703125</ele>
        <time>2025-08-17T14:16:39.000Z</time>
        <extensions>
          <ns3:TrackPointExtension>
            <ns3:hr>97</ns3:hr>
          </ns3:TrackPointExtension>
        </extensions>
      </trkpt>
      <trkpt lat="-25.51217428408563137054443359375" lon="-48.98996494710445404052734375">
        <ele>997</ele>
        <time>2025-08-17T14:16:44.000Z</time>
        <extensions>
          <ns3:TrackPointExtension>
            <ns3:hr>95</ns3:hr>
          </ns3:TrackPointExtension>
        </extensions>
      </trkpt>
      <trkpt lat="-25.51219641231000423431396484375" lon="-48.98997408337891101837158203125">
        <ele>997</ele>
        <time>2025-08-17T14:16:46.000Z</time>
        <extensions>
          <ns3:TrackPointExtension>
            <ns3:hr>98</ns3:hr>
          </ns3:TrackPointExtension>
        </extensions>
      </trkpt>
      <trkpt lat="-25.5121973343193531036376953125" lon="-48.98997835814952850341796875">
        <ele>996.79998779296875</ele>
        <time>2025-08-17T14:16:49.000Z</time>
        <extensions>
          <ns3:TrackPointExtension>
            <ns3:hr>95</ns3:hr>
          </ns3:TrackPointExtension>
        </extensions>
      </trkpt>
      <trkpt lat="-25.51219624467194080352783203125" lon="-48.9899815432727336883544921875">
        <ele>996.79998779296875</ele>
        <time>2025-08-17T14:16:50.000Z</time>
        <extensions>
          <ns3:TrackPointExtension>
            <ns3:hr>97</ns3:hr>
          </ns3:TrackPointExtension>
        </extensions>
      </trkpt>
      <trkpt lat="-25.5121946521103382110595703125" lon="-48.98999235592782497406005859375">
        <ele>996.5999755859375</ele>
        <time>2025-08-17T14:16:53.000Z</time>
        <extensions>
          <ns3:TrackPointExtension>
            <ns3:hr>101</ns3:hr>
          </ns3:TrackPointExtension>
        </extensions>
      </trkpt>
      <trkpt lat="-25.5121923051774501800537109375" lon="-48.99000115692615509033203125">
        <ele>996.4000244140625</ele>
        <time>2025-08-17T14:16:55.000Z</time>
        <extensions>
          <ns3:TrackPointExtension>
            <ns3:hr>99</ns3:hr>
          </ns3:TrackPointExtension>
        </extensions>
      </trkpt>
      <trkpt lat="-25.51218769513070583343505859375" lon="-48.989998139441013336181640625">
        <ele>996.4000244140625</ele>
        <time>2025-08-17T14:17:00.000Z</time>
        <extensions>
          <ns3:TrackPointExtension>
            <ns3:hr>100</ns3:hr>
          </ns3:TrackPointExtension>
        </extensions>
      </trkpt>
      <trkpt lat="-25.512185432016849517822265625" lon="-48.9899848960340023040771484375">
        <ele>996.79998779296875</ele>
        <time>2025-08-17T14:17:06.000Z</time>
        <extensions>
          <ns3:TrackPointExtension>
            <ns3:hr>100</ns3:hr>
          </ns3:TrackPointExtension>
        </extensions>
      </trkpt>
      <trkpt lat="-25.51220362074673175811767578125" lon="-48.9899342693388462066650390625">
        <ele>997.5999755859375</ele>
        <time>2025-08-17T14:17:12.000Z</time>
        <extensions>
          <ns3:TrackPointExtension>
            <ns3:hr>101</ns3:hr>
          </ns3:TrackPointExtension>
        </extensions>
      </trkpt>
      <trkpt lat="-25.512214601039886474609375" lon="-48.98994893766939640045166015625">
        <ele>997.4000244140625</ele>
        <time>2025-08-17T14:17:17.000Z</time>
        <extensions>
          <ns3:TrackPointExtension>
            <ns3:hr>98</ns3:hr>
          </ns3:TrackPointExtension>
        </extensions>
      </trkpt>
      <trkpt lat="-25.51222465932369232177734375" lon="-48.98994541727006435394287109375">
        <ele>997.4000244140625</ele>
        <time>2025-08-17T14:17:19.000Z</time>
        <extensions>
          <ns3:TrackPointExtension>
            <ns3:hr>98</ns3:hr>
          </ns3:TrackPointExtension>
        </extensions>
      </trkpt>
      <trkpt lat="-25.5122213065624237060546875" lon="-48.989949524402618408203125">
        <ele>997.4000244140625</ele>
        <time>2025-08-17T14:17:23.000Z</time>
        <extensions>
          <ns3:TrackPointExtension>
            <ns3:hr>101</ns3:hr>
          </ns3:TrackPointExtension>
        </extensions>
      </trkpt>
      <trkpt lat="-25.512237064540386199951171875" lon="-48.989945165812969207763671875">
        <ele>997.5999755859375</ele>
        <time>2025-08-17T14:17:24.000Z</time>
        <extensions>
          <ns3:TrackPointExtension>
            <ns3:hr>102</ns3:hr>
          </ns3:TrackPointExtension>
        </extensions>
      </trkpt>
      <trkpt lat="-25.51223899237811565399169921875" lon="-48.98992613889276981353759765625">
        <ele>997.79998779296875</ele>
        <time>2025-08-17T14:17:27.000Z</time>
        <extensions>
          <ns3:TrackPointExtension>
            <ns3:hr>99</ns3:hr>
          </ns3:TrackPointExtension>
        </extensions>
      </trkpt>
      <trkpt lat="-25.5122224800288677215576171875" lon="-48.98991976864635944366455078125">
        <ele>997.79998779296875</ele>
        <time>2025-08-17T14:17:28.000Z</time>
        <extensions>
          <ns3:TrackPointExtension>
            <ns3:hr>98</ns3:hr>
          </ns3:TrackPointExtension>
        </extensions>
      </trkpt>
      <trkpt lat="-25.51226564683020114898681640625" lon="-48.98994307033717632293701171875">
        <ele>997.79998779296875</ele>
        <time>2025-08-17T14:17:30.000Z</time>
        <extensions>
          <ns3:TrackPointExtension>
            <ns3:hr>97</ns3:hr>
          </ns3:TrackPointExtension>
        </extensions>
      </trkpt>
      <trkpt lat="-25.5122412554919719696044921875" lon="-48.9899186789989471435546875">
        <ele>998</ele>
        <time>2025-08-17T14:17:34.000Z</time>
        <extensions>
          <ns3:TrackPointExtension>
            <ns3:hr>100</ns3:hr>
          </ns3:TrackPointExtension>
        </extensions>
      </trkpt>
      <trkpt lat="-25.5122281797230243682861328125" lon="-48.98993619717657566070556640625">
        <ele>997.5999755859375</ele>
        <time>2025-08-17T14:17:37.000Z</time>
        <extensions>
          <ns3:TrackPointExtension>
            <ns3:hr>98</ns3:hr>
          </ns3:TrackPointExtension>
        </extensions>
      </trkpt>
      <trkpt lat="-25.512219965457916259765625" lon="-48.98993946611881256103515625">
        <ele>997.5999755859375</ele>
        <time>2025-08-17T14:17:40.000Z</time>
        <extensions>
          <ns3:TrackPointExtension>
            <ns3:hr>97</ns3:hr>
          </ns3:TrackPointExtension>
        </extensions>
      </trkpt>
      <trkpt lat="-25.5122338794171810150146484375" lon="-48.98990820161998271942138671875">
        <ele>998.20001220703125</ele>
        <time>2025-08-17T14:17:44.000Z</time>
        <extensions>
          <ns3:TrackPointExtension>
            <ns3:hr>97</ns3:hr>
          </ns3:TrackPointExtension>
        </extensions>
      </trkpt>
      <trkpt lat="-25.51223144866526126861572265625" lon="-48.98992060683667659759521484375">
        <ele>998</ele>
        <time>2025-08-17T14:17:47.000Z</time>
        <extensions>
          <ns3:TrackPointExtension>
            <ns3:hr>98</ns3:hr>
          </ns3:TrackPointExtension>
        </extensions>
      </trkpt>
      <trkpt lat="-25.5122355557978153228759765625" lon="-48.9899389632046222686767578125">
        <ele>997.5999755859375</ele>
        <time>2025-08-17T14:17:49.000Z</time>
        <extensions>
          <ns3:TrackPointExtension>
            <ns3:hr>95</ns3:hr>
          </ns3:TrackPointExtension>
        </extensions>
      </trkpt>
      <trkpt lat="-25.512233041226863861083984375" lon="-48.98995555937290191650390625">
        <ele>997.4000244140625</ele>
        <time>2025-08-17T14:17:52.000Z</time>
        <extensions>
          <ns3:TrackPointExtension>
            <ns3:hr>96</ns3:hr>
          </ns3:TrackPointExtension>
        </extensions>
      </trkpt>
      <trkpt lat="-25.51222826354205608367919921875" lon="-48.98994575254619121551513671875">
        <ele>997.4000244140625</ele>
        <time>2025-08-17T14:17:59.000Z</time>
        <extensions>
          <ns3:TrackPointExtension>
            <ns3:hr>99</ns3:hr>
          </ns3:TrackPointExtension>
        </extensions>
      </trkpt>
      <trkpt lat="-25.51223094575107097625732421875" lon="-48.98995178751647472381591796875">
        <ele>997.4000244140625</ele>
        <time>2025-08-17T14:18:00.000Z</time>
        <extensions>
          <ns3:TrackPointExtension>
            <ns3:hr>100</ns3:hr>
          </ns3:TrackPointExtension>
        </extensions>
      </trkpt>
      <trkpt lat="-25.51224477589130401611328125" lon="-48.989969976246356964111328125">
        <ele>997.20001220703125</ele>
        <time>2025-08-17T14:18:06.000Z</time>
        <extensions>
          <ns3:TrackPointExtension>
            <ns3:hr>97</ns3:hr>
          </ns3:TrackPointExtension>
        </extensions>
      </trkpt>
      <trkpt lat="-25.51224477589130401611328125" lon="-48.989969976246356964111328125">
        <ele>997.20001220703125</ele>
        <time>2025-08-17T14:18:12.000Z</time>
        <extensions>
          <ns3:TrackPointExtension>
            <ns3:hr>98</ns3:hr>
          </ns3:TrackPointExtension>
        </extensions>
      </trkpt>
      <trkpt lat="-25.51224921829998493194580078125" lon="-48.9899724908173084259033203125">
        <ele>997.20001220703125</ele>
        <time>2025-08-17T14:18:15.000Z</time>
        <extensions>
          <ns3:TrackPointExtension>
            <ns3:hr>96</ns3:hr>
          </ns3:TrackPointExtension>
        </extensions>
      </trkpt>
      <trkpt lat="-25.51225407980382442474365234375" lon="-48.98997743614017963409423828125">
        <ele>997</ele>
        <time>2025-08-17T14:18:16.000Z</time>
        <extensions>
          <ns3:TrackPointExtension>
            <ns3:hr>92</ns3:hr>
          </ns3:TrackPointExtension>
        </extensions>
      </trkpt>
      <trkpt lat="-25.51226011477410793304443359375" lon="-48.98998514749109745025634765625">
        <ele>997</ele>
        <time>2025-08-17T14:18:17.000Z</time>
        <extensions>
          <ns3:TrackPointExtension>
            <ns3:hr>92</ns3:hr>
          </ns3:TrackPointExtension>
        </extensions>
      </trkpt>
      <trkpt lat="-25.51226564683020114898681640625" lon="-48.9899912662804126739501953125">
        <ele>996.79998779296875</ele>
        <time>2025-08-17T14:18:18.000Z</time>
        <extensions>
          <ns3:TrackPointExtension>
            <ns3:hr>89</ns3:hr>
          </ns3:TrackPointExtension>
        </extensions>
      </trkpt>
      <trkpt lat="-25.51228844560682773590087890625" lon="-48.99001398123800754547119140625">
        <ele>996.5999755859375</ele>
        <time>2025-08-17T14:18:21.000Z</time>
        <extensions>
          <ns3:TrackPointExtension>
            <ns3:hr>86</ns3:hr>
          </ns3:TrackPointExtension>
        </extensions>
      </trkpt>
      <trkpt lat="-25.51231451332569122314453125" lon="-48.9900071918964385986328125">
        <ele>997</ele>
        <time>2025-08-17T14:18:23.000Z</time>
        <extensions>
          <ns3:TrackPointExtension>
            <ns3:hr>84</ns3:hr>
          </ns3:TrackPointExtension>
        </extensions>
      </trkpt>
      <trkpt lat="-25.51233597099781036376953125" lon="-48.99000794626772403717041015625">
        <ele>997.20001220703125</ele>
        <time>2025-08-17T14:18:28.000Z</time>
        <extensions>
          <ns3:TrackPointExtension>
            <ns3:hr>82</ns3:hr>
          </ns3:TrackPointExtension>
        </extensions>
      </trkpt>
      <trkpt lat="-25.51233253441751003265380859375" lon="-48.990003503859043121337890625">
        <ele>997.20001220703125</ele>
        <time>2025-08-17T14:18:32.000Z</time>
        <extensions>
          <ns3:TrackPointExtension>
            <ns3:hr>82</ns3:hr>
          </ns3:TrackPointExtension>
        </extensions>
      </trkpt>
      <trkpt lat="-25.5123527348041534423828125" lon="-48.98997969925403594970703125">
        <ele>997.79998779296875</ele>
        <time>2025-08-17T14:18:37.000Z</time>
        <extensions>
          <ns3:TrackPointExtension>
            <ns3:hr>84</ns3:hr>
          </ns3:TrackPointExtension>
        </extensions>
      </trkpt>
      <trkpt lat="-25.51239422522485256195068359375" lon="-48.98992203176021575927734375">
        <ele>999</ele>
        <time>2025-08-17T14:18:44.000Z</time>
        <extensions>
          <ns3:TrackPointExtension>
            <ns3:hr>87</ns3:hr>
          </ns3:TrackPointExtension>
        </extensions>
      </trkpt>
      <trkpt lat="-25.51240143366158008575439453125" lon="-48.9899185113608837127685546875">
        <ele>999.20001220703125</ele>
        <time>2025-08-17T14:18:45.000Z</time>
        <extensions>
          <ns3:TrackPointExtension>
            <ns3:hr>83</ns3:hr>
          </ns3:TrackPointExtension>
        </extensions>
      </trkpt>
      <trkpt lat="-25.51246664486825466156005859375" lon="-48.98990929126739501953125">
        <ele>999.79998779296875</ele>
        <time>2025-08-17T14:18:51.000Z</time>
        <extensions>
          <ns3:TrackPointExtension>
            <ns3:hr>86</ns3:hr>
          </ns3:TrackPointExtension>
        </extensions>
      </trkpt>
      <trkpt lat="-25.51248592324554920196533203125" lon="-48.98990199901163578033447265625">
        <ele>1000</ele>
        <time>2025-08-17T14:18:54.000Z</time>
        <extensions>
          <ns3:TrackPointExtension>
            <ns3:hr>90</ns3:hr>
          </ns3:TrackPointExtension>
        </extensions>
      </trkpt>
      <trkpt lat="-25.5125111527740955352783203125" lon="-48.989904932677745819091796875">
        <ele>1000.20001220703125</ele>
        <time>2025-08-17T14:18:56.000Z</time>
        <extensions>
          <ns3:TrackPointExtension>
            <ns3:hr>89</ns3:hr>
          </ns3:TrackPointExtension>
        </extensions>
      </trkpt>
      <trkpt lat="-25.51251559518277645111083984375" lon="-48.9899064414203166961669921875">
        <ele>1000.20001220703125</ele>
        <time>2025-08-17T14:19:00.000Z</time>
        <extensions>
          <ns3:TrackPointExtension>
            <ns3:hr>85</ns3:hr>
          </ns3:TrackPointExtension>
        </extensions>
      </trkpt>
      <trkpt lat="-25.5125158466398715972900390625" lon="-48.9899151585996150970458984375">
        <ele>1000</ele>
        <time>2025-08-17T14:19:01.000Z</time>
        <extensions>
          <ns3:TrackPointExtension>
            <ns3:hr>88</ns3:hr>
          </ns3:TrackPointExtension>
        </extensions>
      </trkpt>
      <trkpt lat="-25.51252640783786773681640625" lon="-48.98992043919861316680908203125">
        <ele>1000</ele>
        <time>2025-08-17T14:19:03.000Z</time>
        <extensions>
          <ns3:TrackPointExtension>
            <ns3:hr>88</ns3:hr>
          </ns3:TrackPointExtension>
        </extensions>
      </trkpt>
      <trkpt lat="-25.51252766512334346771240234375" lon="-48.989916332066059112548828125">
        <ele>1000</ele>
        <time>2025-08-17T14:19:04.000Z</time>
        <extensions>
          <ns3:TrackPointExtension>
            <ns3:hr>87</ns3:hr>
          </ns3:TrackPointExtension>
        </extensions>
      </trkpt>
      <trkpt lat="-25.51253990270197391510009765625" lon="-48.9899044297635555267333984375">
        <ele>1000.4000244140625</ele>
        <time>2025-08-17T14:19:09.000Z</time>
        <extensions>
          <ns3:TrackPointExtension>
            <ns3:hr>88</ns3:hr>
          </ns3:TrackPointExtension>
        </extensions>
      </trkpt>
      <trkpt lat="-25.5125941336154937744140625" lon="-48.9898410625755786895751953125">
        <ele>1003.4000244140625</ele>
        <time>2025-08-17T14:19:16.000Z</time>
        <extensions>
          <ns3:TrackPointExtension>
            <ns3:hr>91</ns3:hr>
          </ns3:TrackPointExtension>
        </extensions>
      </trkpt>
      <trkpt lat="-25.51261383108794689178466796875" lon="-48.989811055362224578857421875">
        <ele>1004.79998779296875</ele>
        <time>2025-08-17T14:19:21.000Z</time>
        <extensions>
          <ns3:TrackPointExtension>
            <ns3:hr>91</ns3:hr>
          </ns3:TrackPointExtension>
        </extensions>
      </trkpt>
      <trkpt lat="-25.5126435868442058563232421875" lon="-48.989798985421657562255859375">
        <ele>1005.79998779296875</ele>
        <time>2025-08-17T14:19:25.000Z</time>
        <extensions>
          <ns3:TrackPointExtension>
            <ns3:hr>90</ns3:hr>
          </ns3:TrackPointExtension>
        </extensions>
      </trkpt>
      <trkpt lat="-25.5126901902258396148681640625" lon="-48.98974341340363025665283203125">
        <ele>1008.4000244140625</ele>
        <time>2025-08-17T14:19:30.000Z</time>
        <extensions>
          <ns3:TrackPointExtension>
            <ns3:hr>89</ns3:hr>
          </ns3:TrackPointExtension>
        </extensions>
      </trkpt>
      <trkpt lat="-25.51272690296173095703125" lon="-48.98974123410880565643310546875">
        <ele>1009.4000244140625</ele>
        <time>2025-08-17T14:19:36.000Z</time>
        <extensions>
          <ns3:TrackPointExtension>
            <ns3:hr>89</ns3:hr>
          </ns3:TrackPointExtension>
        </extensions>
      </trkpt>
      <trkpt lat="-25.512738637626171112060546875" lon="-48.989747352898120880126953125">
        <ele>1009.5999755859375</ele>
        <time>2025-08-17T14:19:37.000Z</time>
        <extensions>
          <ns3:TrackPointExtension>
            <ns3:hr>92</ns3:hr>
          </ns3:TrackPointExtension>
        </extensions>
      </trkpt>
      <trkpt lat="-25.51274341531097888946533203125" lon="-48.98974793963134288787841796875">
        <ele>1009.5999755859375</ele>
        <time>2025-08-17T14:19:38.000Z</time>
        <extensions>
          <ns3:TrackPointExtension>
            <ns3:hr>89</ns3:hr>
          </ns3:TrackPointExtension>
        </extensions>
      </trkpt>
      <trkpt lat="-25.51274576224386692047119140625" lon="-48.9897448383271694183349609375">
        <ele>1009.79998779296875</ele>
        <time>2025-08-17T14:19:40.000Z</time>
        <extensions>
          <ns3:TrackPointExtension>
            <ns3:hr>89</ns3:hr>
          </ns3:TrackPointExtension>
        </extensions>
      </trkpt>
      <trkpt lat="-25.512780882418155670166015625" lon="-48.9897445030510425567626953125">
        <ele>1010.5999755859375</ele>
        <time>2025-08-17T14:19:46.000Z</time>
        <extensions>
          <ns3:TrackPointExtension>
            <ns3:hr>92</ns3:hr>
          </ns3:TrackPointExtension>
        </extensions>
      </trkpt>
      <trkpt lat="-25.512783229351043701171875" lon="-48.98974928073585033416748046875">
        <ele>1010.5999755859375</ele>
        <time>2025-08-17T14:19:48.000Z</time>
        <extensions>
          <ns3:TrackPointExtension>
            <ns3:hr>92</ns3:hr>
          </ns3:TrackPointExtension>
        </extensions>
      </trkpt>
      <trkpt lat="-25.51280611194670200347900390625" lon="-48.9897445030510425567626953125">
        <ele>1011.20001220703125</ele>
        <time>2025-08-17T14:19:51.000Z</time>
        <extensions>
          <ns3:TrackPointExtension>
            <ns3:hr>93</ns3:hr>
          </ns3:TrackPointExtension>
        </extensions>
      </trkpt>
      <trkpt lat="-25.51281633786857128143310546875" lon="-48.9897498674690723419189453125">
        <ele>1011.20001220703125</ele>
        <time>2025-08-17T14:19:53.000Z</time>
        <extensions>
          <ns3:TrackPointExtension>
            <ns3:hr>94</ns3:hr>
          </ns3:TrackPointExtension>
        </extensions>
      </trkpt>
      <trkpt lat="-25.51282723434269428253173828125" lon="-48.98976922966539859771728515625">
        <ele>1010.79998779296875</ele>
        <time>2025-08-17T14:19:58.000Z</time>
        <extensions>
          <ns3:TrackPointExtension>
            <ns3:hr>93</ns3:hr>
          </ns3:TrackPointExtension>
        </extensions>
      </trkpt>
      <trkpt lat="-25.5128477700054645538330078125" lon="-48.9897756837308406829833984375">
        <ele>1010.79998779296875</ele>
        <time>2025-08-17T14:20:04.000Z</time>
        <extensions>
          <ns3:TrackPointExtension>
            <ns3:hr>92</ns3:hr>
          </ns3:TrackPointExtension>
        </extensions>
      </trkpt>
      <trkpt lat="-25.5128571577370166778564453125" lon="-48.98977241478860378265380859375">
        <ele>1011.20001220703125</ele>
        <time>2025-08-17T14:20:06.000Z</time>
        <extensions>
          <ns3:TrackPointExtension>
            <ns3:hr>95</ns3:hr>
          </ns3:TrackPointExtension>
        </extensions>
      </trkpt>
      <trkpt lat="-25.5128816328942775726318359375" lon="-48.989777863025665283203125">
        <ele>1011.4000244140625</ele>
        <time>2025-08-17T14:20:12.000Z</time>
        <extensions>
          <ns3:TrackPointExtension>
            <ns3:hr>94</ns3:hr>
          </ns3:TrackPointExtension>
        </extensions>
      </trkpt>
      <trkpt lat="-25.51289856433868408203125" lon="-48.9897662959992885589599609375">
        <ele>1012</ele>
        <time>2025-08-17T14:20:25.000Z</time>
        <extensions>
          <ns3:TrackPointExtension>
            <ns3:hr>92</ns3:hr>
          </ns3:TrackPointExtension>
        </extensions>
      </trkpt>
      <trkpt lat="-25.51291608251631259918212890625" lon="-48.9897502027451992034912109375">
        <ele>1013</ele>
        <time>2025-08-17T14:20:27.000Z</time>
        <extensions>
          <ns3:TrackPointExtension>
            <ns3:hr>95</ns3:hr>
          </ns3:TrackPointExtension>
        </extensions>
      </trkpt>
      <trkpt lat="-25.51295061595737934112548828125" lon="-48.989720530807971954345703125">
        <ele>1014.79998779296875</ele>
        <time>2025-08-17T14:20:32.000Z</time>
        <extensions>
          <ns3:TrackPointExtension>
            <ns3:hr>91</ns3:hr>
          </ns3:TrackPointExtension>
        </extensions>
      </trkpt>
      <trkpt lat="-25.51303728483617305755615234375" lon="-48.9897116459906101226806640625">
        <ele>1017.20001220703125</ele>
        <time>2025-08-17T14:20:40.000Z</time>
        <extensions>
          <ns3:TrackPointExtension>
            <ns3:hr>95</ns3:hr>
          </ns3:TrackPointExtension>
        </extensions>
      </trkpt>
      <trkpt lat="-25.5130469240248203277587890625" lon="-48.9897094666957855224609375">
        <ele>1017.5999755859375</ele>
        <time>2025-08-17T14:20:41.000Z</time>
        <extensions>
          <ns3:TrackPointExtension>
            <ns3:hr>92</ns3:hr>
          </ns3:TrackPointExtension>
        </extensions>
      </trkpt>
      <trkpt lat="-25.51305119879543781280517578125" lon="-48.98971038870513439178466796875">
        <ele>1017.5999755859375</ele>
        <time>2025-08-17T14:20:42.000Z</time>
        <extensions>
          <ns3:TrackPointExtension>
            <ns3:hr>92</ns3:hr>
          </ns3:TrackPointExtension>
        </extensions>
      </trkpt>
      <trkpt lat="-25.513126552104949951171875" lon="-48.989715166389942169189453125">
        <ele>1019.79998779296875</ele>
        <time>2025-08-17T14:20:50.000Z</time>
        <extensions>
          <ns3:TrackPointExtension>
            <ns3:hr>94</ns3:hr>
          </ns3:TrackPointExtension>
        </extensions>
      </trkpt>
      <trkpt lat="-25.51313585601747035980224609375" lon="-48.98972379975020885467529296875">
        <ele>1019.79998779296875</ele>
        <time>2025-08-17T14:20:57.000Z</time>
        <extensions>
          <ns3:TrackPointExtension>
            <ns3:hr>95</ns3:hr>
          </ns3:TrackPointExtension>
        </extensions>
      </trkpt>
      <trkpt lat="-25.51314390264451503753662109375" lon="-48.989728577435016632080078125">
        <ele>1019.79998779296875</ele>
        <time>2025-08-17T14:20:58.000Z</time>
        <extensions>
          <ns3:TrackPointExtension>
            <ns3:hr>91</ns3:hr>
          </ns3:TrackPointExtension>
        </extensions>
      </trkpt>
      <trkpt lat="-25.51315664313733577728271484375" lon="-48.9897371269762516021728515625">
        <ele>1020</ele>
        <time>2025-08-17T14:21:00.000Z</time>
        <extensions>
          <ns3:TrackPointExtension>
            <ns3:hr>94</ns3:hr>
          </ns3:TrackPointExtension>
        </extensions>
      </trkpt>
      <trkpt lat="-25.51316603086888790130615234375" lon="-48.98972983472049236297607421875">
        <ele>1020.5999755859375</ele>
        <time>2025-08-17T14:21:01.000Z</time>
        <extensions>
          <ns3:TrackPointExtension>
            <ns3:hr>91</ns3:hr>
          </ns3:TrackPointExtension>
        </extensions>
      </trkpt>
      <trkpt lat="-25.5131689645349979400634765625" lon="-48.989723883569240570068359375">
        <ele>1020.79998779296875</ele>
        <time>2025-08-17T14:21:05.000Z</time>
        <extensions>
          <ns3:TrackPointExtension>
            <ns3:hr>93</ns3:hr>
          </ns3:TrackPointExtension>
        </extensions>
      </trkpt>
      <trkpt lat="-25.5131669528782367706298828125" lon="-48.98972145281732082366943359375">
        <ele>1021</ele>
        <time>2025-08-17T14:21:09.000Z</time>
        <extensions>
          <ns3:TrackPointExtension>
            <ns3:hr>90</ns3:hr>
          </ns3:TrackPointExtension>
        </extensions>
      </trkpt>
      <trkpt lat="-25.5131669528782367706298828125" lon="-48.98972145281732082366943359375">
        <ele>1021</ele>
        <time>2025-08-17T14:21:16.000Z</time>
        <extensions>
          <ns3:TrackPointExtension>
            <ns3:hr>94</ns3:hr>
          </ns3:TrackPointExtension>
        </extensions>
      </trkpt>
      <trkpt lat="-25.5131669528782367706298828125" lon="-48.98972379975020885467529296875">
        <ele>1020.79998779296875</ele>
        <time>2025-08-17T14:21:18.000Z</time>
        <extensions>
          <ns3:TrackPointExtension>
            <ns3:hr>91</ns3:hr>
          </ns3:TrackPointExtension>
        </extensions>
      </trkpt>
      <trkpt lat="-25.51316879689693450927734375" lon="-48.9897260628640651702880859375">
        <ele>1020.79998779296875</ele>
        <time>2025-08-17T14:21:25.000Z</time>
        <extensions>
          <ns3:TrackPointExtension>
            <ns3:hr>91</ns3:hr>
          </ns3:TrackPointExtension>
        </extensions>
      </trkpt>
      <trkpt lat="-25.513202659785747528076171875" lon="-48.98974978365004062652587890625">
        <ele>1021</ele>
        <time>2025-08-17T14:21:29.000Z</time>
        <extensions>
          <ns3:TrackPointExtension>
            <ns3:hr>92</ns3:hr>
          </ns3:TrackPointExtension>
        </extensions>
      </trkpt>
      <trkpt lat="-25.5132789351046085357666015625" lon="-48.9898145757615566253662109375">
        <ele>1020.79998779296875</ele>
        <time>2025-08-17T14:21:37.000Z</time>
        <extensions>
          <ns3:TrackPointExtension>
            <ns3:hr>92</ns3:hr>
          </ns3:TrackPointExtension>
        </extensions>
      </trkpt>
      <trkpt lat="-25.5133129656314849853515625" lon="-48.98984349332749843597412109375">
        <ele>1020.79998779296875</ele>
        <time>2025-08-17T14:21:42.000Z</time>
        <extensions>
          <ns3:TrackPointExtension>
            <ns3:hr>94</ns3:hr>
          </ns3:TrackPointExtension>
        </extensions>
      </trkpt>
      <trkpt lat="-25.513320006430149078369140625" lon="-48.98985371924936771392822265625">
        <ele>1020.5999755859375</ele>
        <time>2025-08-17T14:21:43.000Z</time>
        <extensions>
          <ns3:TrackPointExtension>
            <ns3:hr>93</ns3:hr>
          </ns3:TrackPointExtension>
        </extensions>
      </trkpt>
      <trkpt lat="-25.5133298970758914947509765625" lon="-48.98986595682799816131591796875">
        <ele>1020.4000244140625</ele>
        <time>2025-08-17T14:21:45.000Z</time>
        <extensions>
          <ns3:TrackPointExtension>
            <ns3:hr>93</ns3:hr>
          </ns3:TrackPointExtension>
        </extensions>
      </trkpt>
      <trkpt lat="-25.51333400420844554901123046875" lon="-48.9898806251585483551025390625">
        <ele>1020</ele>
        <time>2025-08-17T14:21:47.000Z</time>
        <extensions>
          <ns3:TrackPointExtension>
            <ns3:hr>95</ns3:hr>
          </ns3:TrackPointExtension>
        </extensions>
      </trkpt>
      <trkpt lat="-25.51336325705051422119140625" lon="-48.9898930303752422332763671875">
        <ele>1020.20001220703125</ele>
        <time>2025-08-17T14:21:53.000Z</time>
        <extensions>
          <ns3:TrackPointExtension>
            <ns3:hr>95</ns3:hr>
          </ns3:TrackPointExtension>
        </extensions>
      </trkpt>
      <trkpt lat="-25.51344380713999271392822265625" lon="-48.98991532623767852783203125">
        <ele>1020.5999755859375</ele>
        <time>2025-08-17T14:22:02.000Z</time>
        <extensions>
          <ns3:TrackPointExtension>
            <ns3:hr>96</ns3:hr>
          </ns3:TrackPointExtension>
        </extensions>
      </trkpt>
      <trkpt lat="-25.51346308551728725433349609375" lon="-48.98992261849343776702880859375">
        <ele>1020.79998779296875</ele>
        <time>2025-08-17T14:22:04.000Z</time>
        <extensions>
          <ns3:TrackPointExtension>
            <ns3:hr>100</ns3:hr>
          </ns3:TrackPointExtension>
        </extensions>
      </trkpt>
      <trkpt lat="-25.51347113214433193206787109375" lon="-48.98992605507373809814453125">
        <ele>1020.79998779296875</ele>
        <time>2025-08-17T14:22:05.000Z</time>
        <extensions>
          <ns3:TrackPointExtension>
            <ns3:hr>97</ns3:hr>
          </ns3:TrackPointExtension>
        </extensions>
      </trkpt>
      <trkpt lat="-25.5135015584528446197509765625" lon="-48.98993871174752712249755859375">
        <ele>1020.79998779296875</ele>
        <time>2025-08-17T14:22:10.000Z</time>
        <extensions>
          <ns3:TrackPointExtension>
            <ns3:hr>96</ns3:hr>
          </ns3:TrackPointExtension>
        </extensions>
      </trkpt>
      <trkpt lat="-25.5135169811546802520751953125" lon="-48.9899508655071258544921875">
        <ele>1020.5999755859375</ele>
        <time>2025-08-17T14:22:12.000Z</time>
        <extensions>
          <ns3:TrackPointExtension>
            <ns3:hr>99</ns3:hr>
          </ns3:TrackPointExtension>
        </extensions>
      </trkpt>
      <trkpt lat="-25.51355914212763309478759765625" lon="-48.98998078890144824981689453125">
        <ele>1020.20001220703125</ele>
        <time>2025-08-17T14:22:17.000Z</time>
        <extensions>
          <ns3:TrackPointExtension>
            <ns3:hr>102</ns3:hr>
          </ns3:TrackPointExtension>
        </extensions>
      </trkpt>
      <trkpt lat="-25.513561069965362548828125" lon="-48.99000023491680622100830078125">
        <ele>1019.4000244140625</ele>
        <time>2025-08-17T14:22:19.000Z</time>
        <extensions>
          <ns3:TrackPointExtension>
            <ns3:hr>102</ns3:hr>
          </ns3:TrackPointExtension>
        </extensions>
      </trkpt>
      <trkpt lat="-25.5135756544768810272216796875" lon="-48.99005337618291378021240234375">
        <ele>1017.5999755859375</ele>
        <time>2025-08-17T14:22:26.000Z</time>
        <extensions>
          <ns3:TrackPointExtension>
            <ns3:hr>102</ns3:hr>
          </ns3:TrackPointExtension>
        </extensions>
      </trkpt>
      <trkpt lat="-25.5135977827012538909912109375" lon="-48.99006645195186138153076171875">
        <ele>1017.4000244140625</ele>
        <time>2025-08-17T14:22:30.000Z</time>
        <extensions>
          <ns3:TrackPointExtension>
            <ns3:hr>105</ns3:hr>
          </ns3:TrackPointExtension>
        </extensions>
      </trkpt>
      <trkpt lat="-25.5136168934404850006103515625" lon="-48.99008841253817081451416015625">
        <ele>1017</ele>
        <time>2025-08-17T14:22:33.000Z</time>
        <extensions>
          <ns3:TrackPointExtension>
            <ns3:hr>103</ns3:hr>
          </ns3:TrackPointExtension>
        </extensions>
      </trkpt>
      <trkpt lat="-25.51363960839807987213134765625" lon="-48.99008472450077533721923828125">
        <ele>1017.5999755859375</ele>
        <time>2025-08-17T14:22:36.000Z</time>
        <extensions>
          <ns3:TrackPointExtension>
            <ns3:hr>100</ns3:hr>
          </ns3:TrackPointExtension>
        </extensions>
      </trkpt>
      <trkpt lat="-25.51366291008889675140380859375" lon="-48.9900794439017772674560546875">
        <ele>1018.4000244140625</ele>
        <time>2025-08-17T14:22:39.000Z</time>
        <extensions>
          <ns3:TrackPointExtension>
            <ns3:hr>98</ns3:hr>
          </ns3:TrackPointExtension>
        </extensions>
      </trkpt>
      <trkpt lat="-25.5136936716735363006591796875" lon="-48.9900948666036128997802734375">
        <ele>1018.5999755859375</ele>
        <time>2025-08-17T14:22:45.000Z</time>
        <extensions>
          <ns3:TrackPointExtension>
            <ns3:hr>97</ns3:hr>
          </ns3:TrackPointExtension>
        </extensions>
      </trkpt>
      <trkpt lat="-25.51369157619774341583251953125" lon="-48.99009059183299541473388671875">
        <ele>1018.79998779296875</ele>
        <time>2025-08-17T14:22:51.000Z</time>
        <extensions>
          <ns3:TrackPointExtension>
            <ns3:hr>98</ns3:hr>
          </ns3:TrackPointExtension>
        </extensions>
      </trkpt>
      <trkpt lat="-25.51370230503380298614501953125" lon="-48.99008162319660186767578125">
        <ele>1019.4000244140625</ele>
        <time>2025-08-17T14:23:00.000Z</time>
        <extensions>
          <ns3:TrackPointExtension>
            <ns3:hr>99</ns3:hr>
          </ns3:TrackPointExtension>
        </extensions>
      </trkpt>
      <trkpt lat="-25.51370230503380298614501953125" lon="-48.99008162319660186767578125">
        <ele>1019.4000244140625</ele>
        <time>2025-08-17T14:23:06.000Z</time>
        <extensions>
          <ns3:TrackPointExtension>
            <ns3:hr>102</ns3:hr>
          </ns3:TrackPointExtension>
        </extensions>
      </trkpt>
      <trkpt lat="-25.51370230503380298614501953125" lon="-48.99008162319660186767578125">
        <ele>1019.4000244140625</ele>
        <time>2025-08-17T14:23:11.000Z</time>
        <extensions>
          <ns3:TrackPointExtension>
            <ns3:hr>105</ns3:hr>
          </ns3:TrackPointExtension>
        </extensions>
      </trkpt>
      <trkpt lat="-25.51371035166084766387939453125" lon="-48.990073911845684051513671875">
        <ele>1019.79998779296875</ele>
        <time>2025-08-17T14:23:31.000Z</time>
        <extensions>
          <ns3:TrackPointExtension>
            <ns3:hr>109</ns3:hr>
          </ns3:TrackPointExtension>
        </extensions>
      </trkpt>
      <trkpt lat="-25.513716638088226318359375" lon="-48.99007651023566722869873046875">
        <ele>1020</ele>
        <time>2025-08-17T14:23:35.000Z</time>
        <extensions>
          <ns3:TrackPointExtension>
            <ns3:hr>106</ns3:hr>
          </ns3:TrackPointExtension>
        </extensions>
      </trkpt>
      <trkpt lat="-25.51374689675867557525634765625" lon="-48.99008103646337985992431640625">
        <ele>1020.5999755859375</ele>
        <time>2025-08-17T14:23:45.000Z</time>
        <extensions>
          <ns3:TrackPointExtension>
            <ns3:hr>106</ns3:hr>
          </ns3:TrackPointExtension>
        </extensions>
      </trkpt>
      <trkpt lat="-25.51376047544181346893310546875" lon="-48.99009662680327892303466796875">
        <ele>1020.20001220703125</ele>
        <time>2025-08-17T14:23:51.000Z</time>
        <extensions>
          <ns3:TrackPointExtension>
            <ns3:hr>104</ns3:hr>
          </ns3:TrackPointExtension>
        </extensions>
      </trkpt>
      <trkpt lat="-25.5137743055820465087890625" lon="-48.99012328125536441802978515625">
        <ele>1019.5999755859375</ele>
        <time>2025-08-17T14:23:56.000Z</time>
        <extensions>
          <ns3:TrackPointExtension>
            <ns3:hr>101</ns3:hr>
          </ns3:TrackPointExtension>
        </extensions>
      </trkpt>
      <trkpt lat="-25.513781011104583740234375" lon="-48.99012931622564792633056640625">
        <ele>1019.4000244140625</ele>
        <time>2025-08-17T14:23:57.000Z</time>
        <extensions>
          <ns3:TrackPointExtension>
            <ns3:hr>103</ns3:hr>
          </ns3:TrackPointExtension>
        </extensions>
      </trkpt>
      <trkpt lat="-25.51381194032728672027587890625" lon="-48.990151025354862213134765625">
        <ele>1019.4000244140625</ele>
        <time>2025-08-17T14:24:03.000Z</time>
        <extensions>
          <ns3:TrackPointExtension>
            <ns3:hr>103</ns3:hr>
          </ns3:TrackPointExtension>
        </extensions>
      </trkpt>
      <trkpt lat="-25.513881258666515350341796875" lon="-48.99021833203732967376708984375">
        <ele>1018.79998779296875</ele>
        <time>2025-08-17T14:24:12.000Z</time>
        <extensions>
          <ns3:TrackPointExtension>
            <ns3:hr>103</ns3:hr>
          </ns3:TrackPointExtension>
        </extensions>
      </trkpt>
      <trkpt lat="-25.513918809592723846435546875" lon="-48.9902745746076107025146484375">
        <ele>1017.4000244140625</ele>
        <time>2025-08-17T14:24:18.000Z</time>
        <extensions>
          <ns3:TrackPointExtension>
            <ns3:hr>104</ns3:hr>
          </ns3:TrackPointExtension>
        </extensions>
      </trkpt>
      <trkpt lat="-25.5139432847499847412109375" lon="-48.99031187407672405242919921875">
        <ele>1016.4000244140625</ele>
        <time>2025-08-17T14:24:23.000Z</time>
        <extensions>
          <ns3:TrackPointExtension>
            <ns3:hr>103</ns3:hr>
          </ns3:TrackPointExtension>
        </extensions>
      </trkpt>
      <trkpt lat="-25.51397957839071750640869140625" lon="-48.99034154601395130157470703125">
        <ele>1015.79998779296875</ele>
        <time>2025-08-17T14:24:29.000Z</time>
        <extensions>
          <ns3:TrackPointExtension>
            <ns3:hr>104</ns3:hr>
          </ns3:TrackPointExtension>
        </extensions>
      </trkpt>
      <trkpt lat="-25.51400774158537387847900390625" lon="-48.99034892208874225616455078125">
        <ele>1016</ele>
        <time>2025-08-17T14:24:31.000Z</time>
        <extensions>
          <ns3:TrackPointExtension>
            <ns3:hr>104</ns3:hr>
          </ns3:TrackPointExtension>
        </extensions>
      </trkpt>
      <trkpt lat="-25.514038167893886566162109375" lon="-48.99034313857555389404296875">
        <ele>1016.5999755859375</ele>
        <time>2025-08-17T14:24:33.000Z</time>
        <extensions>
          <ns3:TrackPointExtension>
            <ns3:hr>104</ns3:hr>
          </ns3:TrackPointExtension>
        </extensions>
      </trkpt>
      <trkpt lat="-25.51405468024313449859619140625" lon="-48.99033718742430210113525390625">
        <ele>1017</ele>
        <time>2025-08-17T14:24:35.000Z</time>
        <extensions>
          <ns3:TrackPointExtension>
            <ns3:hr>104</ns3:hr>
          </ns3:TrackPointExtension>
        </extensions>
      </trkpt>
      <trkpt lat="-25.514089800417423248291015625" lon="-48.99034917354583740234375">
        <ele>1017.20001220703125</ele>
        <time>2025-08-17T14:24:43.000Z</time>
        <extensions>
          <ns3:TrackPointExtension>
            <ns3:hr>103</ns3:hr>
          </ns3:TrackPointExtension>
        </extensions>
      </trkpt>
      <trkpt lat="-25.51414151675999164581298828125" lon="-48.9903952740132808685302734375">
        <ele>1016.20001220703125</ele>
        <time>2025-08-17T14:24:49.000Z</time>
        <extensions>
          <ns3:TrackPointExtension>
            <ns3:hr>101</ns3:hr>
          </ns3:TrackPointExtension>
        </extensions>
      </trkpt>
      <trkpt lat="-25.5141828395426273345947265625" lon="-48.9904157258570194244384765625">
        <ele>1015.79998779296875</ele>
        <time>2025-08-17T14:24:55.000Z</time>
        <extensions>
          <ns3:TrackPointExtension>
            <ns3:hr>100</ns3:hr>
          </ns3:TrackPointExtension>
        </extensions>
      </trkpt>
      <trkpt lat="-25.5142217315733432769775390625" lon="-48.99041664786636829376220703125">
        <ele>1015.5999755859375</ele>
        <time>2025-08-17T14:25:01.000Z</time>
        <extensions>
          <ns3:TrackPointExtension>
            <ns3:hr>101</ns3:hr>
          </ns3:TrackPointExtension>
        </extensions>
      </trkpt>
      <trkpt lat="-25.514262132346630096435546875" lon="-48.99042955599725246429443359375">
        <ele>1014.79998779296875</ele>
        <time>2025-08-17T14:25:05.000Z</time>
        <extensions>
          <ns3:TrackPointExtension>
            <ns3:hr>100</ns3:hr>
          </ns3:TrackPointExtension>
        </extensions>
      </trkpt>
      <trkpt lat="-25.5142678320407867431640625" lon="-48.99044112302362918853759765625">
        <ele>1014.20001220703125</ele>
        <time>2025-08-17T14:25:07.000Z</time>
        <extensions>
          <ns3:TrackPointExtension>
            <ns3:hr>99</ns3:hr>
          </ns3:TrackPointExtension>
        </extensions>
      </trkpt>
      <trkpt lat="-25.51427193917334079742431640625" lon="-48.99045235477387905120849609375">
        <ele>1013.79998779296875</ele>
        <time>2025-08-17T14:25:13.000Z</time>
        <extensions>
          <ns3:TrackPointExtension>
            <ns3:hr>99</ns3:hr>
          </ns3:TrackPointExtension>
        </extensions>
      </trkpt>
      <trkpt lat="-25.5143370665609836578369140625" lon="-48.99049870669841766357421875">
        <ele>1011.4000244140625</ele>
        <time>2025-08-17T14:25:19.000Z</time>
        <extensions>
          <ns3:TrackPointExtension>
            <ns3:hr>99</ns3:hr>
          </ns3:TrackPointExtension>
        </extensions>
      </trkpt>
      <trkpt lat="-25.5143682472407817840576171875" lon="-48.99050616659224033355712890625">
        <ele>1011</ele>
        <time>2025-08-17T14:25:24.000Z</time>
        <extensions>
          <ns3:TrackPointExtension>
            <ns3:hr>102</ns3:hr>
          </ns3:TrackPointExtension>
        </extensions>
      </trkpt>
      <trkpt lat="-25.51437235437333583831787109375" lon="-48.9905092678964138031005859375">
        <ele>1010.79998779296875</ele>
        <time>2025-08-17T14:25:25.000Z</time>
        <extensions>
          <ns3:TrackPointExtension>
            <ns3:hr>99</ns3:hr>
          </ns3:TrackPointExtension>
        </extensions>
      </trkpt>
      <trkpt lat="-25.514405630528926849365234375" lon="-48.99052686989307403564453125">
        <ele>1009.79998779296875</ele>
        <time>2025-08-17T14:25:34.000Z</time>
        <extensions>
          <ns3:TrackPointExtension>
            <ns3:hr>97</ns3:hr>
          </ns3:TrackPointExtension>
        </extensions>
      </trkpt>
      <trkpt lat="-25.514469332993030548095703125" lon="-48.99056450463831424713134765625">
        <ele>1008</ele>
        <time>2025-08-17T14:25:44.000Z</time>
        <extensions>
          <ns3:TrackPointExtension>
            <ns3:hr>95</ns3:hr>
          </ns3:TrackPointExtension>
        </extensions>
      </trkpt>
      <trkpt lat="-25.51450311206281185150146484375" lon="-48.99061680771410465240478515625">
        <ele>1005.79998779296875</ele>
        <time>2025-08-17T14:25:51.000Z</time>
        <extensions>
          <ns3:TrackPointExtension>
            <ns3:hr>97</ns3:hr>
          </ns3:TrackPointExtension>
        </extensions>
      </trkpt>
    </trkseg>
  </trk>
</gpx>
