<?xml version="1.0" encoding="UTF-8"?>
<gpx creator="Garmin Connect" version="1.1"
  xsi:schemaLocation="http://www.topografix.com/GPX/1/1 http://www.topografix.com/GPX/11.xsd"
  xmlns:ns3="http://www.garmin.com/xmlschemas/TrackPointExtension/v1"
  xmlns="http://www.topografix.com/GPX/1/1"
  xmlns:xsi="http://www.w3.org/2001/XMLSchema-instance" xmlns:ns2="http://www.garmin.com/xmlschemas/GpxExtensions/v3">
  <metadata>
    <link href="connect.garmin.com">
      <text>Garmin Connect</text>
    </link>
    <time>2025-04-05T07:41:23.000Z</time>
  </metadata>
  <trk>
    <name>Quatro Barras Caminhada</name>
    <type>walking</type>
    <trkseg>
      <trkpt lat="-25.3941290080547332763671875" lon="-49.02113816700875759124755859375">
        <ele>1028.800048828125</ele>
        <time>2025-04-05T07:41:23.000Z</time>
        <extensions>
          <ns3:TrackPointExtension>
            <ns3:hr>68</ns3:hr>
          </ns3:TrackPointExtension>
        </extensions>
      </trkpt>
      <trkpt lat="-25.39414451457560062408447265625" lon="-49.0211411006748676300048828125">
        <ele>1028.800048828125</ele>
        <time>2025-04-05T07:41:24.000Z</time>
        <extensions>
          <ns3:TrackPointExtension>
            <ns3:hr>69</ns3:hr>
          </ns3:TrackPointExtension>
        </extensions>
      </trkpt>
      <trkpt lat="-25.39415650069713592529296875" lon="-49.02114353142678737640380859375">
        <ele>1059.800048828125</ele>
        <time>2025-04-05T07:41:27.000Z</time>
        <extensions>
          <ns3:TrackPointExtension>
            <ns3:hr>70</ns3:hr>
          </ns3:TrackPointExtension>
        </extensions>
      </trkpt>
      <trkpt lat="-25.3941585123538970947265625" lon="-49.021137915551662445068359375">
        <ele>1065.4000244140625</ele>
        <time>2025-04-05T07:41:28.000Z</time>
        <extensions>
          <ns3:TrackPointExtension>
            <ns3:hr>71</ns3:hr>
          </ns3:TrackPointExtension>
        </extensions>
      </trkpt>
      <trkpt lat="-25.3941585123538970947265625" lon="-49.02112877927720546722412109375">
        <ele>1069.5999755859375</ele>
        <time>2025-04-05T07:41:29.000Z</time>
        <extensions>
          <ns3:TrackPointExtension>
            <ns3:hr>71</ns3:hr>
          </ns3:TrackPointExtension>
        </extensions>
      </trkpt>
      <trkpt lat="-25.39413713850080966949462890625" lon="-49.0210864506661891937255859375">
        <ele>1076.800048828125</ele>
        <time>2025-04-05T07:41:32.000Z</time>
        <extensions>
          <ns3:TrackPointExtension>
            <ns3:hr>71</ns3:hr>
          </ns3:TrackPointExtension>
        </extensions>
      </trkpt>
      <trkpt lat="-25.39413210935890674591064453125" lon="-49.0210770629346370697021484375">
        <ele>1078.199951171875</ele>
        <time>2025-04-05T07:41:33.000Z</time>
        <extensions>
          <ns3:TrackPointExtension>
            <ns3:hr>71</ns3:hr>
          </ns3:TrackPointExtension>
        </extensions>
      </trkpt>
      <trkpt lat="-25.394125990569591522216796875" lon="-49.021068513393402099609375">
        <ele>1079.800048828125</ele>
        <time>2025-04-05T07:41:35.000Z</time>
        <extensions>
          <ns3:TrackPointExtension>
            <ns3:hr>68</ns3:hr>
          </ns3:TrackPointExtension>
        </extensions>
      </trkpt>
      <trkpt lat="-25.394116938114166259765625" lon="-49.02104982174932956695556640625">
        <ele>1080.5999755859375</ele>
        <time>2025-04-05T07:41:37.000Z</time>
        <extensions>
          <ns3:TrackPointExtension>
            <ns3:hr>66</ns3:hr>
          </ns3:TrackPointExtension>
        </extensions>
      </trkpt>
      <trkpt lat="-25.394090451300144195556640625" lon="-49.0209285356104373931884765625">
        <ele>1081.199951171875</ele>
        <time>2025-04-05T07:41:44.000Z</time>
        <extensions>
          <ns3:TrackPointExtension>
            <ns3:hr>63</ns3:hr>
          </ns3:TrackPointExtension>
        </extensions>
      </trkpt>
      <trkpt lat="-25.3940922953188419342041015625" lon="-49.02088805101811885833740234375">
        <ele>1081.199951171875</ele>
        <time>2025-04-05T07:41:46.000Z</time>
        <extensions>
          <ns3:TrackPointExtension>
            <ns3:hr>64</ns3:hr>
          </ns3:TrackPointExtension>
        </extensions>
      </trkpt>
      <trkpt lat="-25.39407293312251567840576171875" lon="-49.0208561159670352935791015625">
        <ele>1080</ele>
        <time>2025-04-05T07:41:48.000Z</time>
        <extensions>
          <ns3:TrackPointExtension>
            <ns3:hr>64</ns3:hr>
          </ns3:TrackPointExtension>
        </extensions>
      </trkpt>
      <trkpt lat="-25.3940547443926334381103515625" lon="-49.020843207836151123046875">
        <ele>1078.4000244140625</ele>
        <time>2025-04-05T07:41:49.000Z</time>
        <extensions>
          <ns3:TrackPointExtension>
            <ns3:hr>64</ns3:hr>
          </ns3:TrackPointExtension>
        </extensions>
      </trkpt>
      <trkpt lat="-25.39402968250215053558349609375" lon="-49.02082049287855625152587890625">
        <ele>1075.5999755859375</ele>
        <time>2025-04-05T07:41:51.000Z</time>
        <extensions>
          <ns3:TrackPointExtension>
            <ns3:hr>61</ns3:hr>
          </ns3:TrackPointExtension>
        </extensions>
      </trkpt>
      <trkpt lat="-25.39402373135089874267578125" lon="-49.02080255560576915740966796875">
        <ele>1074.4000244140625</ele>
        <time>2025-04-05T07:41:52.000Z</time>
        <extensions>
          <ns3:TrackPointExtension>
            <ns3:hr>63</ns3:hr>
          </ns3:TrackPointExtension>
        </extensions>
      </trkpt>
      <trkpt lat="-25.39402398280799388885498046875" lon="-49.02076148428022861480712890625">
        <ele>1072.199951171875</ele>
        <time>2025-04-05T07:41:55.000Z</time>
        <extensions>
          <ns3:TrackPointExtension>
            <ns3:hr>65</ns3:hr>
          </ns3:TrackPointExtension>
        </extensions>
      </trkpt>
      <trkpt lat="-25.39404979906976222991943359375" lon="-49.02072678320109844207763671875">
        <ele>1070.5999755859375</ele>
        <time>2025-04-05T07:41:58.000Z</time>
        <extensions>
          <ns3:TrackPointExtension>
            <ns3:hr>64</ns3:hr>
          </ns3:TrackPointExtension>
        </extensions>
      </trkpt>
      <trkpt lat="-25.39405751042068004608154296875" lon="-49.0206928364932537078857421875">
        <ele>1069.5999755859375</ele>
        <time>2025-04-05T07:42:00.000Z</time>
        <extensions>
          <ns3:TrackPointExtension>
            <ns3:hr>65</ns3:hr>
          </ns3:TrackPointExtension>
        </extensions>
      </trkpt>
      <trkpt lat="-25.39404829032719135284423828125" lon="-49.02069107629358768463134765625">
        <ele>1068.4000244140625</ele>
        <time>2025-04-05T07:42:02.000Z</time>
        <extensions>
          <ns3:TrackPointExtension>
            <ns3:hr>66</ns3:hr>
          </ns3:TrackPointExtension>
        </extensions>
      </trkpt>
      <trkpt lat="-25.39405633695423603057861328125" lon="-49.02069543488323688507080078125">
        <ele>1067.5999755859375</ele>
        <time>2025-04-05T07:42:03.000Z</time>
        <extensions>
          <ns3:TrackPointExtension>
            <ns3:hr>66</ns3:hr>
          </ns3:TrackPointExtension>
        </extensions>
      </trkpt>
      <trkpt lat="-25.3940780460834503173828125" lon="-49.020677916705608367919921875">
        <ele>1066</ele>
        <time>2025-04-05T07:42:05.000Z</time>
        <extensions>
          <ns3:TrackPointExtension>
            <ns3:hr>66</ns3:hr>
          </ns3:TrackPointExtension>
        </extensions>
      </trkpt>
      <trkpt lat="-25.39411668665707111358642578125" lon="-49.02066257782280445098876953125">
        <ele>1064.199951171875</ele>
        <time>2025-04-05T07:42:08.000Z</time>
        <extensions>
          <ns3:TrackPointExtension>
            <ns3:hr>66</ns3:hr>
          </ns3:TrackPointExtension>
        </extensions>
      </trkpt>
      <trkpt lat="-25.394132696092128753662109375" lon="-49.02065520174801349639892578125">
        <ele>1063.5999755859375</ele>
        <time>2025-04-05T07:42:10.000Z</time>
        <extensions>
          <ns3:TrackPointExtension>
            <ns3:hr>66</ns3:hr>
          </ns3:TrackPointExtension>
        </extensions>
      </trkpt>
      <trkpt lat="-25.3942280821502208709716796875" lon="-49.02064899913966655731201171875">
        <ele>1063</ele>
        <time>2025-04-05T07:42:17.000Z</time>
        <extensions>
          <ns3:TrackPointExtension>
            <ns3:hr>65</ns3:hr>
          </ns3:TrackPointExtension>
        </extensions>
      </trkpt>
      <trkpt lat="-25.39424308575689792633056640625" lon="-49.0206328220665454864501953125">
        <ele>1062.800048828125</ele>
        <time>2025-04-05T07:42:19.000Z</time>
        <extensions>
          <ns3:TrackPointExtension>
            <ns3:hr>64</ns3:hr>
          </ns3:TrackPointExtension>
        </extensions>
      </trkpt>
      <trkpt lat="-25.39428658783435821533203125" lon="-49.02064179070293903350830078125">
        <ele>1062.800048828125</ele>
        <time>2025-04-05T07:42:21.000Z</time>
        <extensions>
          <ns3:TrackPointExtension>
            <ns3:hr>64</ns3:hr>
          </ns3:TrackPointExtension>
        </extensions>
      </trkpt>
      <trkpt lat="-25.39429924450814723968505859375" lon="-49.02063927613198757171630859375">
        <ele>1062.4000244140625</ele>
        <time>2025-04-05T07:42:22.000Z</time>
        <extensions>
          <ns3:TrackPointExtension>
            <ns3:hr>64</ns3:hr>
          </ns3:TrackPointExtension>
        </extensions>
      </trkpt>
      <trkpt lat="-25.3943060338497161865234375" lon="-49.02061312459409236907958984375">
        <ele>1061.4000244140625</ele>
        <time>2025-04-05T07:42:25.000Z</time>
        <extensions>
          <ns3:TrackPointExtension>
            <ns3:hr>65</ns3:hr>
          </ns3:TrackPointExtension>
        </extensions>
      </trkpt>
      <trkpt lat="-25.39432011544704437255859375" lon="-49.0205878950655460357666015625">
        <ele>1039.5999755859375</ele>
        <time>2025-04-05T07:42:28.000Z</time>
        <extensions>
          <ns3:TrackPointExtension>
            <ns3:hr>67</ns3:hr>
          </ns3:TrackPointExtension>
        </extensions>
      </trkpt>
      <trkpt lat="-25.3943591751158237457275390625" lon="-49.0205791778862476348876953125">
        <ele>1037</ele>
        <time>2025-04-05T07:42:32.000Z</time>
        <extensions>
          <ns3:TrackPointExtension>
            <ns3:hr>66</ns3:hr>
          </ns3:TrackPointExtension>
        </extensions>
      </trkpt>
      <trkpt lat="-25.39437602274119853973388671875" lon="-49.02057289145886898040771484375">
        <ele>1036.4000244140625</ele>
        <time>2025-04-05T07:42:33.000Z</time>
        <extensions>
          <ns3:TrackPointExtension>
            <ns3:hr>66</ns3:hr>
          </ns3:TrackPointExtension>
        </extensions>
      </trkpt>
      <trkpt lat="-25.39445565082132816314697265625" lon="-49.02053265832364559173583984375">
        <ele>1036.199951171875</ele>
        <time>2025-04-05T07:42:39.000Z</time>
        <extensions>
          <ns3:TrackPointExtension>
            <ns3:hr>66</ns3:hr>
          </ns3:TrackPointExtension>
        </extensions>
      </trkpt>
      <trkpt lat="-25.39448800496757030487060546875" lon="-49.02051840908825397491455078125">
        <ele>1035.5999755859375</ele>
        <time>2025-04-05T07:42:41.000Z</time>
        <extensions>
          <ns3:TrackPointExtension>
            <ns3:hr>67</ns3:hr>
          </ns3:TrackPointExtension>
        </extensions>
      </trkpt>
      <trkpt lat="-25.39453645236790180206298828125" lon="-49.020486138761043548583984375">
        <ele>1034.5999755859375</ele>
        <time>2025-04-05T07:42:44.000Z</time>
        <extensions>
          <ns3:TrackPointExtension>
            <ns3:hr>67</ns3:hr>
          </ns3:TrackPointExtension>
        </extensions>
      </trkpt>
      <trkpt lat="-25.39455153979361057281494140625" lon="-49.020466692745685577392578125">
        <ele>1034.4000244140625</ele>
        <time>2025-04-05T07:42:45.000Z</time>
        <extensions>
          <ns3:TrackPointExtension>
            <ns3:hr>67</ns3:hr>
          </ns3:TrackPointExtension>
        </extensions>
      </trkpt>
      <trkpt lat="-25.3945697285234928131103515625" lon="-49.020433165132999420166015625">
        <ele>1033.800048828125</ele>
        <time>2025-04-05T07:42:50.000Z</time>
        <extensions>
          <ns3:TrackPointExtension>
            <ns3:hr>67</ns3:hr>
          </ns3:TrackPointExtension>
        </extensions>
      </trkpt>
      <trkpt lat="-25.3945978917181491851806640625" lon="-49.02042813599109649658203125">
        <ele>1031.5999755859375</ele>
        <time>2025-04-05T07:42:56.000Z</time>
        <extensions>
          <ns3:TrackPointExtension>
            <ns3:hr>65</ns3:hr>
          </ns3:TrackPointExtension>
        </extensions>
      </trkpt>
      <trkpt lat="-25.39464189670979976654052734375" lon="-49.02038848958909511566162109375">
        <ele>1029.800048828125</ele>
        <time>2025-04-05T07:43:00.000Z</time>
        <extensions>
          <ns3:TrackPointExtension>
            <ns3:hr>66</ns3:hr>
          </ns3:TrackPointExtension>
        </extensions>
      </trkpt>
      <trkpt lat="-25.39467324502766132354736328125" lon="-49.02036015875637531280517578125">
        <ele>1028.800048828125</ele>
        <time>2025-04-05T07:43:03.000Z</time>
        <extensions>
          <ns3:TrackPointExtension>
            <ns3:hr>62</ns3:hr>
          </ns3:TrackPointExtension>
        </extensions>
      </trkpt>
      <trkpt lat="-25.394690595567226409912109375" lon="-49.0203215181827545166015625">
        <ele>1028</ele>
        <time>2025-04-05T07:43:06.000Z</time>
        <extensions>
          <ns3:TrackPointExtension>
            <ns3:hr>63</ns3:hr>
          </ns3:TrackPointExtension>
        </extensions>
      </trkpt>
      <trkpt lat="-25.3947356902062892913818359375" lon="-49.02027684263885021209716796875">
        <ele>1026.4000244140625</ele>
        <time>2025-04-05T07:43:11.000Z</time>
        <extensions>
          <ns3:TrackPointExtension>
            <ns3:hr>64</ns3:hr>
          </ns3:TrackPointExtension>
        </extensions>
      </trkpt>
      <trkpt lat="-25.3947440721094608306884765625" lon="-49.02025387622416019439697265625">
        <ele>1026</ele>
        <time>2025-04-05T07:43:12.000Z</time>
        <extensions>
          <ns3:TrackPointExtension>
            <ns3:hr>64</ns3:hr>
          </ns3:TrackPointExtension>
        </extensions>
      </trkpt>
      <trkpt lat="-25.3949014842510223388671875" lon="-49.02020609937608242034912109375">
        <ele>1023.4000244140625</ele>
        <time>2025-04-05T07:43:20.000Z</time>
        <extensions>
          <ns3:TrackPointExtension>
            <ns3:hr>65</ns3:hr>
          </ns3:TrackPointExtension>
        </extensions>
      </trkpt>
      <trkpt lat="-25.39498153142631053924560546875" lon="-49.02019570581614971160888671875">
        <ele>1021</ele>
        <time>2025-04-05T07:43:25.000Z</time>
        <extensions>
          <ns3:TrackPointExtension>
            <ns3:hr>66</ns3:hr>
          </ns3:TrackPointExtension>
        </extensions>
      </trkpt>
      <trkpt lat="-25.3949898295104503631591796875" lon="-49.020185731351375579833984375">
        <ele>1020.4000244140625</ele>
        <time>2025-04-05T07:43:26.000Z</time>
        <extensions>
          <ns3:TrackPointExtension>
            <ns3:hr>66</ns3:hr>
          </ns3:TrackPointExtension>
        </extensions>
      </trkpt>
      <trkpt lat="-25.39502696134150028228759765625" lon="-49.02014239691197872161865234375">
        <ele>1019.20001220703125</ele>
        <time>2025-04-05T07:43:30.000Z</time>
        <extensions>
          <ns3:TrackPointExtension>
            <ns3:hr>65</ns3:hr>
          </ns3:TrackPointExtension>
        </extensions>
      </trkpt>
      <trkpt lat="-25.3950622491538524627685546875" lon="-49.0201225318014621734619140625">
        <ele>1018.79998779296875</ele>
        <time>2025-04-05T07:43:32.000Z</time>
        <extensions>
          <ns3:TrackPointExtension>
            <ns3:hr>64</ns3:hr>
          </ns3:TrackPointExtension>
        </extensions>
      </trkpt>
      <trkpt lat="-25.3950796835124492645263671875" lon="-49.020097553730010986328125">
        <ele>1017.4000244140625</ele>
        <time>2025-04-05T07:43:36.000Z</time>
        <extensions>
          <ns3:TrackPointExtension>
            <ns3:hr>64</ns3:hr>
          </ns3:TrackPointExtension>
        </extensions>
      </trkpt>
      <trkpt lat="-25.39511849172413349151611328125" lon="-49.02007048018276691436767578125">
        <ele>1016.5999755859375</ele>
        <time>2025-04-05T07:43:39.000Z</time>
        <extensions>
          <ns3:TrackPointExtension>
            <ns3:hr>66</ns3:hr>
          </ns3:TrackPointExtension>
        </extensions>
      </trkpt>
      <trkpt lat="-25.3951293043792247772216796875" lon="-49.0200139023363590240478515625">
        <ele>1016</ele>
        <time>2025-04-05T07:43:42.000Z</time>
        <extensions>
          <ns3:TrackPointExtension>
            <ns3:hr>65</ns3:hr>
          </ns3:TrackPointExtension>
        </extensions>
      </trkpt>
      <trkpt lat="-25.395150594413280487060546875" lon="-49.0200197696685791015625">
        <ele>1015.79998779296875</ele>
        <time>2025-04-05T07:43:45.000Z</time>
        <extensions>
          <ns3:TrackPointExtension>
            <ns3:hr>65</ns3:hr>
          </ns3:TrackPointExtension>
        </extensions>
      </trkpt>
      <trkpt lat="-25.39516543038189411163330078125" lon="-49.02001448906958103179931640625">
        <ele>1015.5999755859375</ele>
        <time>2025-04-05T07:43:46.000Z</time>
        <extensions>
          <ns3:TrackPointExtension>
            <ns3:hr>64</ns3:hr>
          </ns3:TrackPointExtension>
        </extensions>
      </trkpt>
      <trkpt lat="-25.39517129771411418914794921875" lon="-49.01998247019946575164794921875">
        <ele>1015.4000244140625</ele>
        <time>2025-04-05T07:43:48.000Z</time>
        <extensions>
          <ns3:TrackPointExtension>
            <ns3:hr>64</ns3:hr>
          </ns3:TrackPointExtension>
        </extensions>
      </trkpt>
      <trkpt lat="-25.39517565630376338958740234375" lon="-49.019959755241870880126953125">
        <ele>1015</ele>
        <time>2025-04-05T07:43:50.000Z</time>
        <extensions>
          <ns3:TrackPointExtension>
            <ns3:hr>64</ns3:hr>
          </ns3:TrackPointExtension>
        </extensions>
      </trkpt>
      <trkpt lat="-25.3951728902757167816162109375" lon="-49.01994491927325725555419921875">
        <ele>1014.79998779296875</ele>
        <time>2025-04-05T07:43:51.000Z</time>
        <extensions>
          <ns3:TrackPointExtension>
            <ns3:hr>64</ns3:hr>
          </ns3:TrackPointExtension>
        </extensions>
      </trkpt>
      <trkpt lat="-25.39518370293080806732177734375" lon="-49.01992513798177242279052734375">
        <ele>1014.5999755859375</ele>
        <time>2025-04-05T07:43:53.000Z</time>
        <extensions>
          <ns3:TrackPointExtension>
            <ns3:hr>64</ns3:hr>
          </ns3:TrackPointExtension>
        </extensions>
      </trkpt>
      <trkpt lat="-25.39518923498690128326416015625" lon="-49.01989571750164031982421875">
        <ele>1014.4000244140625</ele>
        <time>2025-04-05T07:43:54.000Z</time>
        <extensions>
          <ns3:TrackPointExtension>
            <ns3:hr>64</ns3:hr>
          </ns3:TrackPointExtension>
        </extensions>
      </trkpt>
      <trkpt lat="-25.3951353393495082855224609375" lon="-49.019780047237873077392578125">
        <ele>1013.79998779296875</ele>
        <time>2025-04-05T07:43:59.000Z</time>
        <extensions>
          <ns3:TrackPointExtension>
            <ns3:hr>63</ns3:hr>
          </ns3:TrackPointExtension>
        </extensions>
      </trkpt>
      <trkpt lat="-25.39515025913715362548828125" lon="-49.01975180022418498992919921875">
        <ele>1013.20001220703125</ele>
        <time>2025-04-05T07:44:03.000Z</time>
        <extensions>
          <ns3:TrackPointExtension>
            <ns3:hr>62</ns3:hr>
          </ns3:TrackPointExtension>
        </extensions>
      </trkpt>
      <trkpt lat="-25.395156629383563995361328125" lon="-49.0197383053600788116455078125">
        <ele>1012.5999755859375</ele>
        <time>2025-04-05T07:44:05.000Z</time>
        <extensions>
          <ns3:TrackPointExtension>
            <ns3:hr>62</ns3:hr>
          </ns3:TrackPointExtension>
        </extensions>
      </trkpt>
      <trkpt lat="-25.3951715491712093353271484375" lon="-49.01971139945089817047119140625">
        <ele>1011.79998779296875</ele>
        <time>2025-04-05T07:44:07.000Z</time>
        <extensions>
          <ns3:TrackPointExtension>
            <ns3:hr>63</ns3:hr>
          </ns3:TrackPointExtension>
        </extensions>
      </trkpt>
      <trkpt lat="-25.3951752372086048126220703125" lon="-49.01966571807861328125">
        <ele>1011</ele>
        <time>2025-04-05T07:44:10.000Z</time>
        <extensions>
          <ns3:TrackPointExtension>
            <ns3:hr>63</ns3:hr>
          </ns3:TrackPointExtension>
        </extensions>
      </trkpt>
      <trkpt lat="-25.3951755724847316741943359375" lon="-49.01965700089931488037109375">
        <ele>1010.79998779296875</ele>
        <time>2025-04-05T07:44:11.000Z</time>
        <extensions>
          <ns3:TrackPointExtension>
            <ns3:hr>63</ns3:hr>
          </ns3:TrackPointExtension>
        </extensions>
      </trkpt>
      <trkpt lat="-25.39515503682196140289306640625" lon="-49.0195517241954803466796875">
        <ele>1009.4000244140625</ele>
        <time>2025-04-05T07:44:16.000Z</time>
        <extensions>
          <ns3:TrackPointExtension>
            <ns3:hr>66</ns3:hr>
          </ns3:TrackPointExtension>
        </extensions>
      </trkpt>
      <trkpt lat="-25.3951688669621944427490234375" lon="-49.01953152380883693695068359375">
        <ele>1008.4000244140625</ele>
        <time>2025-04-05T07:44:18.000Z</time>
        <extensions>
          <ns3:TrackPointExtension>
            <ns3:hr>63</ns3:hr>
          </ns3:TrackPointExtension>
        </extensions>
      </trkpt>
      <trkpt lat="-25.39517079479992389678955078125" lon="-49.0195180289447307586669921875">
        <ele>1007.5999755859375</ele>
        <time>2025-04-05T07:44:21.000Z</time>
        <extensions>
          <ns3:TrackPointExtension>
            <ns3:hr>64</ns3:hr>
          </ns3:TrackPointExtension>
        </extensions>
      </trkpt>
      <trkpt lat="-25.39516727440059185028076171875" lon="-49.01947653852403163909912109375">
        <ele>1006.5999755859375</ele>
        <time>2025-04-05T07:44:27.000Z</time>
        <extensions>
          <ns3:TrackPointExtension>
            <ns3:hr>64</ns3:hr>
          </ns3:TrackPointExtension>
        </extensions>
      </trkpt>
      <trkpt lat="-25.395145900547504425048828125" lon="-49.01942423544824123382568359375">
        <ele>1005.4000244140625</ele>
        <time>2025-04-05T07:44:32.000Z</time>
        <extensions>
          <ns3:TrackPointExtension>
            <ns3:hr>64</ns3:hr>
          </ns3:TrackPointExtension>
        </extensions>
      </trkpt>
      <trkpt lat="-25.39512385614216327667236328125" lon="-49.01936790905892848968505859375">
        <ele>1004.79998779296875</ele>
        <time>2025-04-05T07:44:37.000Z</time>
        <extensions>
          <ns3:TrackPointExtension>
            <ns3:hr>65</ns3:hr>
          </ns3:TrackPointExtension>
        </extensions>
      </trkpt>
      <trkpt lat="-25.3951192460954189300537109375" lon="-49.0193195454776287078857421875">
        <ele>1001.4000244140625</ele>
        <time>2025-04-05T07:44:42.000Z</time>
        <extensions>
          <ns3:TrackPointExtension>
            <ns3:hr>66</ns3:hr>
          </ns3:TrackPointExtension>
        </extensions>
      </trkpt>
      <trkpt lat="-25.39510960690677165985107421875" lon="-49.019289202988147735595703125">
        <ele>1000.5999755859375</ele>
        <time>2025-04-05T07:44:44.000Z</time>
        <extensions>
          <ns3:TrackPointExtension>
            <ns3:hr>66</ns3:hr>
          </ns3:TrackPointExtension>
        </extensions>
      </trkpt>
      <trkpt lat="-25.39511203765869140625" lon="-49.0192432701587677001953125">
        <ele>999.79998779296875</ele>
        <time>2025-04-05T07:44:47.000Z</time>
        <extensions>
          <ns3:TrackPointExtension>
            <ns3:hr>66</ns3:hr>
          </ns3:TrackPointExtension>
        </extensions>
      </trkpt>
      <trkpt lat="-25.3951160609722137451171875" lon="-49.01923949830234050750732421875">
        <ele>999.79998779296875</ele>
        <time>2025-04-05T07:44:48.000Z</time>
        <extensions>
          <ns3:TrackPointExtension>
            <ns3:hr>66</ns3:hr>
          </ns3:TrackPointExtension>
        </extensions>
      </trkpt>
      <trkpt lat="-25.39512251503765583038330078125" lon="-49.019168503582477569580078125">
        <ele>999.4000244140625</ele>
        <time>2025-04-05T07:44:52.000Z</time>
        <extensions>
          <ns3:TrackPointExtension>
            <ns3:hr>66</ns3:hr>
          </ns3:TrackPointExtension>
        </extensions>
      </trkpt>
      <trkpt lat="-25.39511849172413349151611328125" lon="-49.01914914138615131378173828125">
        <ele>999.4000244140625</ele>
        <time>2025-04-05T07:44:53.000Z</time>
        <extensions>
          <ns3:TrackPointExtension>
            <ns3:hr>66</ns3:hr>
          </ns3:TrackPointExtension>
        </extensions>
      </trkpt>
      <trkpt lat="-25.39512653835117816925048828125" lon="-49.01913288049399852752685546875">
        <ele>999.20001220703125</ele>
        <time>2025-04-05T07:44:55.000Z</time>
        <extensions>
          <ns3:TrackPointExtension>
            <ns3:hr>66</ns3:hr>
          </ns3:TrackPointExtension>
        </extensions>
      </trkpt>
      <trkpt lat="-25.39512804709374904632568359375" lon="-49.01910941116511821746826171875">
        <ele>999</ele>
        <time>2025-04-05T07:44:57.000Z</time>
        <extensions>
          <ns3:TrackPointExtension>
            <ns3:hr>66</ns3:hr>
          </ns3:TrackPointExtension>
        </extensions>
      </trkpt>
      <trkpt lat="-25.39511312730610370635986328125" lon="-49.01907454244792461395263671875">
        <ele>998.79998779296875</ele>
        <time>2025-04-05T07:44:59.000Z</time>
        <extensions>
          <ns3:TrackPointExtension>
            <ns3:hr>66</ns3:hr>
          </ns3:TrackPointExtension>
        </extensions>
      </trkpt>
      <trkpt lat="-25.3951091878116130828857421875" lon="-49.01899793185293674468994140625">
        <ele>998.20001220703125</ele>
        <time>2025-04-05T07:45:03.000Z</time>
        <extensions>
          <ns3:TrackPointExtension>
            <ns3:hr>71</ns3:hr>
          </ns3:TrackPointExtension>
        </extensions>
      </trkpt>
      <trkpt lat="-25.3951011411845684051513671875" lon="-49.01898535899817943572998046875">
        <ele>997.79998779296875</ele>
        <time>2025-04-05T07:45:04.000Z</time>
        <extensions>
          <ns3:TrackPointExtension>
            <ns3:hr>67</ns3:hr>
          </ns3:TrackPointExtension>
        </extensions>
      </trkpt>
      <trkpt lat="-25.3950823657214641571044921875" lon="-49.018934480845928192138671875">
        <ele>997.20001220703125</ele>
        <time>2025-04-05T07:45:07.000Z</time>
        <extensions>
          <ns3:TrackPointExtension>
            <ns3:hr>63</ns3:hr>
          </ns3:TrackPointExtension>
        </extensions>
      </trkpt>
      <trkpt lat="-25.39508546702563762664794921875" lon="-49.01893238537013530731201171875">
        <ele>997.20001220703125</ele>
        <time>2025-04-05T07:45:08.000Z</time>
        <extensions>
          <ns3:TrackPointExtension>
            <ns3:hr>67</ns3:hr>
          </ns3:TrackPointExtension>
        </extensions>
      </trkpt>
      <trkpt lat="-25.395071469247341156005859375" lon="-49.01887706480920314788818359375">
        <ele>996.79998779296875</ele>
        <time>2025-04-05T07:45:12.000Z</time>
        <extensions>
          <ns3:TrackPointExtension>
            <ns3:hr>67</ns3:hr>
          </ns3:TrackPointExtension>
        </extensions>
      </trkpt>
      <trkpt lat="-25.395058058202266693115234375" lon="-49.01886851526796817779541015625">
        <ele>996.20001220703125</ele>
        <time>2025-04-05T07:45:14.000Z</time>
        <extensions>
          <ns3:TrackPointExtension>
            <ns3:hr>67</ns3:hr>
          </ns3:TrackPointExtension>
        </extensions>
      </trkpt>
      <trkpt lat="-25.3950387798249721527099609375" lon="-49.018832556903362274169921875">
        <ele>995.5999755859375</ele>
        <time>2025-04-05T07:45:17.000Z</time>
        <extensions>
          <ns3:TrackPointExtension>
            <ns3:hr>67</ns3:hr>
          </ns3:TrackPointExtension>
        </extensions>
      </trkpt>
      <trkpt lat="-25.39502821862697601318359375" lon="-49.018766842782497406005859375">
        <ele>994</ele>
        <time>2025-04-05T07:45:23.000Z</time>
        <extensions>
          <ns3:TrackPointExtension>
            <ns3:hr>66</ns3:hr>
          </ns3:TrackPointExtension>
        </extensions>
      </trkpt>
      <trkpt lat="-25.39500298909842967987060546875" lon="-49.018683694303035736083984375">
        <ele>993.20001220703125</ele>
        <time>2025-04-05T07:45:29.000Z</time>
        <extensions>
          <ns3:TrackPointExtension>
            <ns3:hr>66</ns3:hr>
          </ns3:TrackPointExtension>
        </extensions>
      </trkpt>
      <trkpt lat="-25.39503299631178379058837890625" lon="-49.018672294914722442626953125">
        <ele>992.79998779296875</ele>
        <time>2025-04-05T07:45:33.000Z</time>
        <extensions>
          <ns3:TrackPointExtension>
            <ns3:hr>64</ns3:hr>
          </ns3:TrackPointExtension>
        </extensions>
      </trkpt>
      <trkpt lat="-25.3950391151010990142822265625" lon="-49.01866634376347064971923828125">
        <ele>992.79998779296875</ele>
        <time>2025-04-05T07:45:34.000Z</time>
        <extensions>
          <ns3:TrackPointExtension>
            <ns3:hr>63</ns3:hr>
          </ns3:TrackPointExtension>
        </extensions>
      </trkpt>
      <trkpt lat="-25.39502629078924655914306640625" lon="-49.0186255238950252532958984375">
        <ele>992.5999755859375</ele>
        <time>2025-04-05T07:45:37.000Z</time>
        <extensions>
          <ns3:TrackPointExtension>
            <ns3:hr>62</ns3:hr>
          </ns3:TrackPointExtension>
        </extensions>
      </trkpt>
      <trkpt lat="-25.3950196690857410430908203125" lon="-49.01861286722123622894287109375">
        <ele>992.4000244140625</ele>
        <time>2025-04-05T07:45:39.000Z</time>
        <extensions>
          <ns3:TrackPointExtension>
            <ns3:hr>62</ns3:hr>
          </ns3:TrackPointExtension>
        </extensions>
      </trkpt>
      <trkpt lat="-25.3950417973101139068603515625" lon="-49.0186097659170627593994140625">
        <ele>992.20001220703125</ele>
        <time>2025-04-05T07:45:42.000Z</time>
        <extensions>
          <ns3:TrackPointExtension>
            <ns3:hr>65</ns3:hr>
          </ns3:TrackPointExtension>
        </extensions>
      </trkpt>
      <trkpt lat="-25.39506434462964534759521484375" lon="-49.01862627826631069183349609375">
        <ele>992.20001220703125</ele>
        <time>2025-04-05T07:45:43.000Z</time>
        <extensions>
          <ns3:TrackPointExtension>
            <ns3:hr>66</ns3:hr>
          </ns3:TrackPointExtension>
        </extensions>
      </trkpt>
      <trkpt lat="-25.3950605727732181549072265625" lon="-49.01861353777348995208740234375">
        <ele>999</ele>
        <time>2025-04-05T07:45:45.000Z</time>
        <extensions>
          <ns3:TrackPointExtension>
            <ns3:hr>67</ns3:hr>
          </ns3:TrackPointExtension>
        </extensions>
      </trkpt>
      <trkpt lat="-25.3950525261461734771728515625" lon="-49.01861102320253849029541015625">
        <ele>1006.20001220703125</ele>
        <time>2025-04-05T07:45:46.000Z</time>
        <extensions>
          <ns3:TrackPointExtension>
            <ns3:hr>67</ns3:hr>
          </ns3:TrackPointExtension>
        </extensions>
      </trkpt>
      <trkpt lat="-25.39504305459558963775634765625" lon="-49.01857162825763225555419921875">
        <ele>1020.5999755859375</ele>
        <time>2025-04-05T07:45:50.000Z</time>
        <extensions>
          <ns3:TrackPointExtension>
            <ns3:hr>66</ns3:hr>
          </ns3:TrackPointExtension>
        </extensions>
      </trkpt>
      <trkpt lat="-25.39504523389041423797607421875" lon="-49.01854732073843479156494140625">
        <ele>1022.20001220703125</ele>
        <time>2025-04-05T07:45:51.000Z</time>
        <extensions>
          <ns3:TrackPointExtension>
            <ns3:hr>66</ns3:hr>
          </ns3:TrackPointExtension>
        </extensions>
      </trkpt>
      <trkpt lat="-25.395037941634654998779296875" lon="-49.01850163936614990234375">
        <ele>1019.20001220703125</ele>
        <time>2025-04-05T07:45:53.000Z</time>
        <extensions>
          <ns3:TrackPointExtension>
            <ns3:hr>66</ns3:hr>
          </ns3:TrackPointExtension>
        </extensions>
      </trkpt>
      <trkpt lat="-25.39501857943832874298095703125" lon="-49.01846149004995822906494140625">
        <ele>1014.79998779296875</ele>
        <time>2025-04-05T07:45:55.000Z</time>
        <extensions>
          <ns3:TrackPointExtension>
            <ns3:hr>66</ns3:hr>
          </ns3:TrackPointExtension>
        </extensions>
      </trkpt>
      <trkpt lat="-25.39500852115452289581298828125" lon="-49.01844304986298084259033203125">
        <ele>1013</ele>
        <time>2025-04-05T07:45:56.000Z</time>
        <extensions>
          <ns3:TrackPointExtension>
            <ns3:hr>66</ns3:hr>
          </ns3:TrackPointExtension>
        </extensions>
      </trkpt>
      <trkpt lat="-25.39491145871579647064208984375" lon="-49.01829971931874752044677734375">
        <ele>1006.20001220703125</ele>
        <time>2025-04-05T07:46:02.000Z</time>
        <extensions>
          <ns3:TrackPointExtension>
            <ns3:hr>63</ns3:hr>
          </ns3:TrackPointExtension>
        </extensions>
      </trkpt>
      <trkpt lat="-25.3948961198329925537109375" lon="-49.01827826164662837982177734375">
        <ele>1005.4000244140625</ele>
        <time>2025-04-05T07:46:03.000Z</time>
        <extensions>
          <ns3:TrackPointExtension>
            <ns3:hr>66</ns3:hr>
          </ns3:TrackPointExtension>
        </extensions>
      </trkpt>
      <trkpt lat="-25.39487005211412906646728515625" lon="-49.0182335861027240753173828125">
        <ele>1003.79998779296875</ele>
        <time>2025-04-05T07:46:05.000Z</time>
        <extensions>
          <ns3:TrackPointExtension>
            <ns3:hr>69</ns3:hr>
          </ns3:TrackPointExtension>
        </extensions>
      </trkpt>
      <trkpt lat="-25.39484691806137561798095703125" lon="-49.01821263134479522705078125">
        <ele>1002.4000244140625</ele>
        <time>2025-04-05T07:46:08.000Z</time>
        <extensions>
          <ns3:TrackPointExtension>
            <ns3:hr>67</ns3:hr>
          </ns3:TrackPointExtension>
        </extensions>
      </trkpt>
      <trkpt lat="-25.394844822585582733154296875" lon="-49.01821439154446125030517578125">
        <ele>1002</ele>
        <time>2025-04-05T07:46:09.000Z</time>
        <extensions>
          <ns3:TrackPointExtension>
            <ns3:hr>67</ns3:hr>
          </ns3:TrackPointExtension>
        </extensions>
      </trkpt>
      <trkpt lat="-25.39482914842665195465087890625" lon="-49.0182000584900379180908203125">
        <ele>1001.4000244140625</ele>
        <time>2025-04-05T07:46:15.000Z</time>
        <extensions>
          <ns3:TrackPointExtension>
            <ns3:hr>64</ns3:hr>
          </ns3:TrackPointExtension>
        </extensions>
      </trkpt>
      <trkpt lat="-25.39482881315052509307861328125" lon="-49.018190167844295501708984375">
        <ele>1001.20001220703125</ele>
        <time>2025-04-05T07:46:18.000Z</time>
        <extensions>
          <ns3:TrackPointExtension>
            <ns3:hr>63</ns3:hr>
          </ns3:TrackPointExtension>
        </extensions>
      </trkpt>
      <trkpt lat="-25.39485077373683452606201171875" lon="-49.0181343443691730499267578125">
        <ele>1000.79998779296875</ele>
        <time>2025-04-05T07:46:22.000Z</time>
        <extensions>
          <ns3:TrackPointExtension>
            <ns3:hr>62</ns3:hr>
          </ns3:TrackPointExtension>
        </extensions>
      </trkpt>
      <trkpt lat="-25.3948728181421756744384765625" lon="-49.01804943569004535675048828125">
        <ele>1000</ele>
        <time>2025-04-05T07:46:27.000Z</time>
        <extensions>
          <ns3:TrackPointExtension>
            <ns3:hr>62</ns3:hr>
          </ns3:TrackPointExtension>
        </extensions>
      </trkpt>
      <trkpt lat="-25.3949070163071155548095703125" lon="-49.01787928305566310882568359375">
        <ele>998</ele>
        <time>2025-04-05T07:46:36.000Z</time>
        <extensions>
          <ns3:TrackPointExtension>
            <ns3:hr>66</ns3:hr>
          </ns3:TrackPointExtension>
        </extensions>
      </trkpt>
      <trkpt lat="-25.394933335483074188232421875" lon="-49.01777744293212890625">
        <ele>997.5999755859375</ele>
        <time>2025-04-05T07:46:42.000Z</time>
        <extensions>
          <ns3:TrackPointExtension>
            <ns3:hr>68</ns3:hr>
          </ns3:TrackPointExtension>
        </extensions>
      </trkpt>
      <trkpt lat="-25.39497432298958301544189453125" lon="-49.01772371493279933929443359375">
        <ele>997.20001220703125</ele>
        <time>2025-04-05T07:46:48.000Z</time>
        <extensions>
          <ns3:TrackPointExtension>
            <ns3:hr>68</ns3:hr>
          </ns3:TrackPointExtension>
        </extensions>
      </trkpt>
      <trkpt lat="-25.3949744068086147308349609375" lon="-49.01771801523864269256591796875">
        <ele>997.20001220703125</ele>
        <time>2025-04-05T07:46:49.000Z</time>
        <extensions>
          <ns3:TrackPointExtension>
            <ns3:hr>68</ns3:hr>
          </ns3:TrackPointExtension>
        </extensions>
      </trkpt>
      <trkpt lat="-25.3950035758316516876220703125" lon="-49.0176746807992458343505859375">
        <ele>996.5999755859375</ele>
        <time>2025-04-05T07:46:54.000Z</time>
        <extensions>
          <ns3:TrackPointExtension>
            <ns3:hr>69</ns3:hr>
          </ns3:TrackPointExtension>
        </extensions>
      </trkpt>
      <trkpt lat="-25.3950253687798976898193359375" lon="-49.017664454877376556396484375">
        <ele>996.20001220703125</ele>
        <time>2025-04-05T07:46:56.000Z</time>
        <extensions>
          <ns3:TrackPointExtension>
            <ns3:hr>68</ns3:hr>
          </ns3:TrackPointExtension>
        </extensions>
      </trkpt>
      <trkpt lat="-25.3950350917875766754150390625" lon="-49.017665795981884002685546875">
        <ele>996</ele>
        <time>2025-04-05T07:46:57.000Z</time>
        <extensions>
          <ns3:TrackPointExtension>
            <ns3:hr>68</ns3:hr>
          </ns3:TrackPointExtension>
        </extensions>
      </trkpt>
      <trkpt lat="-25.39504238404333591461181640625" lon="-49.01766889728605747222900390625">
        <ele>995.5999755859375</ele>
        <time>2025-04-05T07:46:58.000Z</time>
        <extensions>
          <ns3:TrackPointExtension>
            <ns3:hr>71</ns3:hr>
          </ns3:TrackPointExtension>
        </extensions>
      </trkpt>
      <trkpt lat="-25.395084880292415618896484375" lon="-49.01767325587570667266845703125">
        <ele>994.4000244140625</ele>
        <time>2025-04-05T07:47:02.000Z</time>
        <extensions>
          <ns3:TrackPointExtension>
            <ns3:hr>70</ns3:hr>
          </ns3:TrackPointExtension>
        </extensions>
      </trkpt>
      <trkpt lat="-25.39510759525001049041748046875" lon="-49.017679207026958465576171875">
        <ele>993.4000244140625</ele>
        <time>2025-04-05T07:47:04.000Z</time>
        <extensions>
          <ns3:TrackPointExtension>
            <ns3:hr>70</ns3:hr>
          </ns3:TrackPointExtension>
        </extensions>
      </trkpt>
      <trkpt lat="-25.395133495330810546875" lon="-49.01769152842462062835693359375">
        <ele>991.79998779296875</ele>
        <time>2025-04-05T07:47:08.000Z</time>
        <extensions>
          <ns3:TrackPointExtension>
            <ns3:hr>70</ns3:hr>
          </ns3:TrackPointExtension>
        </extensions>
      </trkpt>
      <trkpt lat="-25.39516995660960674285888671875" lon="-49.017706029117107391357421875">
        <ele>992</ele>
        <time>2025-04-05T07:47:13.000Z</time>
        <extensions>
          <ns3:TrackPointExtension>
            <ns3:hr>70</ns3:hr>
          </ns3:TrackPointExtension>
        </extensions>
      </trkpt>
      <trkpt lat="-25.3952054120600223541259765625" lon="-49.0176481939852237701416015625">
        <ele>992.20001220703125</ele>
        <time>2025-04-05T07:47:19.000Z</time>
        <extensions>
          <ns3:TrackPointExtension>
            <ns3:hr>71</ns3:hr>
          </ns3:TrackPointExtension>
        </extensions>
      </trkpt>
      <trkpt lat="-25.3952251933515071868896484375" lon="-49.01764509268105030059814453125">
        <ele>992</ele>
        <time>2025-04-05T07:47:20.000Z</time>
        <extensions>
          <ns3:TrackPointExtension>
            <ns3:hr>68</ns3:hr>
          </ns3:TrackPointExtension>
        </extensions>
      </trkpt>
      <trkpt lat="-25.39524287916719913482666015625" lon="-49.01764794252812862396240234375">
        <ele>992</ele>
        <time>2025-04-05T07:47:21.000Z</time>
        <extensions>
          <ns3:TrackPointExtension>
            <ns3:hr>70</ns3:hr>
          </ns3:TrackPointExtension>
        </extensions>
      </trkpt>
      <trkpt lat="-25.39527741260826587677001953125" lon="-49.01765850372612476348876953125">
        <ele>992.20001220703125</ele>
        <time>2025-04-05T07:47:23.000Z</time>
        <extensions>
          <ns3:TrackPointExtension>
            <ns3:hr>69</ns3:hr>
          </ns3:TrackPointExtension>
        </extensions>
      </trkpt>
      <trkpt lat="-25.39528579451143741607666015625" lon="-49.01765330694615840911865234375">
        <ele>992.20001220703125</ele>
        <time>2025-04-05T07:47:24.000Z</time>
        <extensions>
          <ns3:TrackPointExtension>
            <ns3:hr>71</ns3:hr>
          </ns3:TrackPointExtension>
        </extensions>
      </trkpt>
      <trkpt lat="-25.39535385556519031524658203125" lon="-49.01766135357320308685302734375">
        <ele>992.5999755859375</ele>
        <time>2025-04-05T07:47:30.000Z</time>
        <extensions>
          <ns3:TrackPointExtension>
            <ns3:hr>68</ns3:hr>
          </ns3:TrackPointExtension>
        </extensions>
      </trkpt>
      <trkpt lat="-25.39536324329674243927001953125" lon="-49.01766805909574031829833984375">
        <ele>992.5999755859375</ele>
        <time>2025-04-05T07:47:31.000Z</time>
        <extensions>
          <ns3:TrackPointExtension>
            <ns3:hr>69</ns3:hr>
          </ns3:TrackPointExtension>
        </extensions>
      </trkpt>
      <trkpt lat="-25.3953727148473262786865234375" lon="-49.01766101829707622528076171875">
        <ele>992.5999755859375</ele>
        <time>2025-04-05T07:47:33.000Z</time>
        <extensions>
          <ns3:TrackPointExtension>
            <ns3:hr>68</ns3:hr>
          </ns3:TrackPointExtension>
        </extensions>
      </trkpt>
      <trkpt lat="-25.39538822136819362640380859375" lon="-49.01764626614749431610107421875">
        <ele>992.5999755859375</ele>
        <time>2025-04-05T07:47:35.000Z</time>
        <extensions>
          <ns3:TrackPointExtension>
            <ns3:hr>69</ns3:hr>
          </ns3:TrackPointExtension>
        </extensions>
      </trkpt>
      <trkpt lat="-25.3954042308032512664794921875" lon="-49.01764442212879657745361328125">
        <ele>992.79998779296875</ele>
        <time>2025-04-05T07:47:36.000Z</time>
        <extensions>
          <ns3:TrackPointExtension>
            <ns3:hr>66</ns3:hr>
          </ns3:TrackPointExtension>
        </extensions>
      </trkpt>
      <trkpt lat="-25.39545343257486820220947265625" lon="-49.01763595640659332275390625">
        <ele>992.5999755859375</ele>
        <time>2025-04-05T07:47:39.000Z</time>
        <extensions>
          <ns3:TrackPointExtension>
            <ns3:hr>67</ns3:hr>
          </ns3:TrackPointExtension>
        </extensions>
      </trkpt>
      <trkpt lat="-25.39547757245600223541259765625" lon="-49.01763587258756160736083984375">
        <ele>992.4000244140625</ele>
        <time>2025-04-05T07:47:41.000Z</time>
        <extensions>
          <ns3:TrackPointExtension>
            <ns3:hr>66</ns3:hr>
          </ns3:TrackPointExtension>
        </extensions>
      </trkpt>
      <trkpt lat="-25.39551529102027416229248046875" lon="-49.01762246154248714447021484375">
        <ele>992.20001220703125</ele>
        <time>2025-04-05T07:47:44.000Z</time>
        <extensions>
          <ns3:TrackPointExtension>
            <ns3:hr>65</ns3:hr>
          </ns3:TrackPointExtension>
        </extensions>
      </trkpt>
      <trkpt lat="-25.39553641341626644134521484375" lon="-49.01759480126202106475830078125">
        <ele>992</ele>
        <time>2025-04-05T07:47:46.000Z</time>
        <extensions>
          <ns3:TrackPointExtension>
            <ns3:hr>66</ns3:hr>
          </ns3:TrackPointExtension>
        </extensions>
      </trkpt>
      <trkpt lat="-25.395577065646648406982421875" lon="-49.0175814740359783172607421875">
        <ele>991.79998779296875</ele>
        <time>2025-04-05T07:47:49.000Z</time>
        <extensions>
          <ns3:TrackPointExtension>
            <ns3:hr>66</ns3:hr>
          </ns3:TrackPointExtension>
        </extensions>
      </trkpt>
      <trkpt lat="-25.3956157900393009185791015625" lon="-49.0175707451999187469482421875">
        <ele>991.5999755859375</ele>
        <time>2025-04-05T07:47:51.000Z</time>
        <extensions>
          <ns3:TrackPointExtension>
            <ns3:hr>69</ns3:hr>
          </ns3:TrackPointExtension>
        </extensions>
      </trkpt>
      <trkpt lat="-25.3956369124352931976318359375" lon="-49.01756127364933490753173828125">
        <ele>991.5999755859375</ele>
        <time>2025-04-05T07:47:52.000Z</time>
        <extensions>
          <ns3:TrackPointExtension>
            <ns3:hr>72</ns3:hr>
          </ns3:TrackPointExtension>
        </extensions>
      </trkpt>
      <trkpt lat="-25.3956965915858745574951171875" lon="-49.0175502933561801910400390625">
        <ele>992.79998779296875</ele>
        <time>2025-04-05T07:47:55.000Z</time>
        <extensions>
          <ns3:TrackPointExtension>
            <ns3:hr>74</ns3:hr>
          </ns3:TrackPointExtension>
        </extensions>
      </trkpt>
      <trkpt lat="-25.39571226574480533599853515625" lon="-49.01754434220492839813232421875">
        <ele>993.4000244140625</ele>
        <time>2025-04-05T07:47:57.000Z</time>
        <extensions>
          <ns3:TrackPointExtension>
            <ns3:hr>76</ns3:hr>
          </ns3:TrackPointExtension>
        </extensions>
      </trkpt>
      <trkpt lat="-25.39572500623762607574462890625" lon="-49.01754467748105525970458984375">
        <ele>993.79998779296875</ele>
        <time>2025-04-05T07:47:58.000Z</time>
        <extensions>
          <ns3:TrackPointExtension>
            <ns3:hr>72</ns3:hr>
          </ns3:TrackPointExtension>
        </extensions>
      </trkpt>
      <trkpt lat="-25.39574327878654003143310546875" lon="-49.0175318531692028045654296875">
        <ele>994</ele>
        <time>2025-04-05T07:48:00.000Z</time>
        <extensions>
          <ns3:TrackPointExtension>
            <ns3:hr>70</ns3:hr>
          </ns3:TrackPointExtension>
        </extensions>
      </trkpt>
      <trkpt lat="-25.39576875977218151092529296875" lon="-49.01752221398055553436279296875">
        <ele>994.20001220703125</ele>
        <time>2025-04-05T07:48:02.000Z</time>
        <extensions>
          <ns3:TrackPointExtension>
            <ns3:hr>69</ns3:hr>
          </ns3:TrackPointExtension>
        </extensions>
      </trkpt>
      <trkpt lat="-25.39577311836183071136474609375" lon="-49.01749472133815288543701171875">
        <ele>994.20001220703125</ele>
        <time>2025-04-05T07:48:04.000Z</time>
        <extensions>
          <ns3:TrackPointExtension>
            <ns3:hr>69</ns3:hr>
          </ns3:TrackPointExtension>
        </extensions>
      </trkpt>
      <trkpt lat="-25.39575484581291675567626953125" lon="-49.017453901469707489013671875">
        <ele>994</ele>
        <time>2025-04-05T07:48:06.000Z</time>
        <extensions>
          <ns3:TrackPointExtension>
            <ns3:hr>72</ns3:hr>
          </ns3:TrackPointExtension>
        </extensions>
      </trkpt>
      <trkpt lat="-25.39575149305164813995361328125" lon="-49.01744551956653594970703125">
        <ele>994</ele>
        <time>2025-04-05T07:48:07.000Z</time>
        <extensions>
          <ns3:TrackPointExtension>
            <ns3:hr>74</ns3:hr>
          </ns3:TrackPointExtension>
        </extensions>
      </trkpt>
      <trkpt lat="-25.39575283415615558624267578125" lon="-49.01743487454950809478759765625">
        <ele>993.79998779296875</ele>
        <time>2025-04-05T07:48:08.000Z</time>
        <extensions>
          <ns3:TrackPointExtension>
            <ns3:hr>74</ns3:hr>
          </ns3:TrackPointExtension>
        </extensions>
      </trkpt>
      <trkpt lat="-25.3957492299377918243408203125" lon="-49.01742548681795597076416015625">
        <ele>993.79998779296875</ele>
        <time>2025-04-05T07:48:10.000Z</time>
        <extensions>
          <ns3:TrackPointExtension>
            <ns3:hr>73</ns3:hr>
          </ns3:TrackPointExtension>
        </extensions>
      </trkpt>
      <trkpt lat="-25.3957579471170902252197265625" lon="-49.01741073466837406158447265625">
        <ele>993.79998779296875</ele>
        <time>2025-04-05T07:48:12.000Z</time>
        <extensions>
          <ns3:TrackPointExtension>
            <ns3:hr>73</ns3:hr>
          </ns3:TrackPointExtension>
        </extensions>
      </trkpt>
      <trkpt lat="-25.39576339535415172576904296875" lon="-49.01740302331745624542236328125">
        <ele>994</ele>
        <time>2025-04-05T07:48:14.000Z</time>
        <extensions>
          <ns3:TrackPointExtension>
            <ns3:hr>73</ns3:hr>
          </ns3:TrackPointExtension>
        </extensions>
      </trkpt>
      <trkpt lat="-25.39575199596583843231201171875" lon="-49.0173843316733837127685546875">
        <ele>994</ele>
        <time>2025-04-05T07:48:16.000Z</time>
        <extensions>
          <ns3:TrackPointExtension>
            <ns3:hr>74</ns3:hr>
          </ns3:TrackPointExtension>
        </extensions>
      </trkpt>
      <trkpt lat="-25.39575434289872646331787109375" lon="-49.0173335373401641845703125">
        <ele>994.20001220703125</ele>
        <time>2025-04-05T07:48:22.000Z</time>
        <extensions>
          <ns3:TrackPointExtension>
            <ns3:hr>72</ns3:hr>
          </ns3:TrackPointExtension>
        </extensions>
      </trkpt>
      <trkpt lat="-25.39576590992510318756103515625" lon="-49.01729372330009937286376953125">
        <ele>993.79998779296875</ele>
        <time>2025-04-05T07:48:26.000Z</time>
        <extensions>
          <ns3:TrackPointExtension>
            <ns3:hr>72</ns3:hr>
          </ns3:TrackPointExtension>
        </extensions>
      </trkpt>
      <trkpt lat="-25.39577445946633815765380859375" lon="-49.017290286719799041748046875">
        <ele>993.5999755859375</ele>
        <time>2025-04-05T07:48:27.000Z</time>
        <extensions>
          <ns3:TrackPointExtension>
            <ns3:hr>73</ns3:hr>
          </ns3:TrackPointExtension>
        </extensions>
      </trkpt>
      <trkpt lat="-25.3957720287144184112548828125" lon="-49.017282240092754364013671875">
        <ele>993.4000244140625</ele>
        <time>2025-04-05T07:48:28.000Z</time>
        <extensions>
          <ns3:TrackPointExtension>
            <ns3:hr>70</ns3:hr>
          </ns3:TrackPointExtension>
        </extensions>
      </trkpt>
      <trkpt lat="-25.39577999152243137359619140625" lon="-49.0172639675438404083251953125">
        <ele>992.5999755859375</ele>
        <time>2025-04-05T07:48:31.000Z</time>
        <extensions>
          <ns3:TrackPointExtension>
            <ns3:hr>71</ns3:hr>
          </ns3:TrackPointExtension>
        </extensions>
      </trkpt>
      <trkpt lat="-25.3957995213568210601806640625" lon="-49.017211496829986572265625">
        <ele>994.5999755859375</ele>
        <time>2025-04-05T07:48:37.000Z</time>
        <extensions>
          <ns3:TrackPointExtension>
            <ns3:hr>72</ns3:hr>
          </ns3:TrackPointExtension>
        </extensions>
      </trkpt>
      <trkpt lat="-25.39580580778419971466064453125" lon="-49.0171833336353302001953125">
        <ele>997.4000244140625</ele>
        <time>2025-04-05T07:48:41.000Z</time>
        <extensions>
          <ns3:TrackPointExtension>
            <ns3:hr>72</ns3:hr>
          </ns3:TrackPointExtension>
        </extensions>
      </trkpt>
      <trkpt lat="-25.39583900012075901031494140625" lon="-49.01714988984167575836181640625">
        <ele>997.79998779296875</ele>
        <time>2025-04-05T07:48:45.000Z</time>
        <extensions>
          <ns3:TrackPointExtension>
            <ns3:hr>71</ns3:hr>
          </ns3:TrackPointExtension>
        </extensions>
      </trkpt>
      <trkpt lat="-25.39581008255481719970703125" lon="-49.01712776161730289459228515625">
        <ele>997.4000244140625</ele>
        <time>2025-04-05T07:48:46.000Z</time>
        <extensions>
          <ns3:TrackPointExtension>
            <ns3:hr>71</ns3:hr>
          </ns3:TrackPointExtension>
        </extensions>
      </trkpt>
      <trkpt lat="-25.39580882526934146881103515625" lon="-49.01711015962064266204833984375">
        <ele>997</ele>
        <time>2025-04-05T07:48:47.000Z</time>
        <extensions>
          <ns3:TrackPointExtension>
            <ns3:hr>70</ns3:hr>
          </ns3:TrackPointExtension>
        </extensions>
      </trkpt>
      <trkpt lat="-25.3958053886890411376953125" lon="-49.01710311882197856903076171875">
        <ele>996.5999755859375</ele>
        <time>2025-04-05T07:48:48.000Z</time>
        <extensions>
          <ns3:TrackPointExtension>
            <ns3:hr>70</ns3:hr>
          </ns3:TrackPointExtension>
        </extensions>
      </trkpt>
      <trkpt lat="-25.39578233845531940460205078125" lon="-49.01706087402999401092529296875">
        <ele>996</ele>
        <time>2025-04-05T07:48:52.000Z</time>
        <extensions>
          <ns3:TrackPointExtension>
            <ns3:hr>70</ns3:hr>
          </ns3:TrackPointExtension>
        </extensions>
      </trkpt>
      <trkpt lat="-25.395758450031280517578125" lon="-49.01699960231781005859375">
        <ele>995.5999755859375</ele>
        <time>2025-04-05T07:48:58.000Z</time>
        <extensions>
          <ns3:TrackPointExtension>
            <ns3:hr>69</ns3:hr>
          </ns3:TrackPointExtension>
        </extensions>
      </trkpt>
      <trkpt lat="-25.395757444202899932861328125" lon="-49.0169773064553737640380859375">
        <ele>995.4000244140625</ele>
        <time>2025-04-05T07:49:00.000Z</time>
        <extensions>
          <ns3:TrackPointExtension>
            <ns3:hr>69</ns3:hr>
          </ns3:TrackPointExtension>
        </extensions>
      </trkpt>
      <trkpt lat="-25.3957505710422992706298828125" lon="-49.0169518254697322845458984375">
        <ele>995</ele>
        <time>2025-04-05T07:49:02.000Z</time>
        <extensions>
          <ns3:TrackPointExtension>
            <ns3:hr>69</ns3:hr>
          </ns3:TrackPointExtension>
        </extensions>
      </trkpt>
      <trkpt lat="-25.3957485593855381011962890625" lon="-49.01693045161664485931396484375">
        <ele>994.5999755859375</ele>
        <time>2025-04-05T07:49:03.000Z</time>
        <extensions>
          <ns3:TrackPointExtension>
            <ns3:hr>70</ns3:hr>
          </ns3:TrackPointExtension>
        </extensions>
      </trkpt>
      <trkpt lat="-25.3957683406770229339599609375" lon="-49.01688619516789913177490234375">
        <ele>994</ele>
        <time>2025-04-05T07:49:07.000Z</time>
        <extensions>
          <ns3:TrackPointExtension>
            <ns3:hr>71</ns3:hr>
          </ns3:TrackPointExtension>
        </extensions>
      </trkpt>
      <trkpt lat="-25.39577596820890903472900390625" lon="-49.01686976663768291473388671875">
        <ele>993.79998779296875</ele>
        <time>2025-04-05T07:49:08.000Z</time>
        <extensions>
          <ns3:TrackPointExtension>
            <ns3:hr>70</ns3:hr>
          </ns3:TrackPointExtension>
        </extensions>
      </trkpt>
      <trkpt lat="-25.39580463431775569915771484375" lon="-49.01684143580496311187744140625">
        <ele>993.5999755859375</ele>
        <time>2025-04-05T07:49:10.000Z</time>
        <extensions>
          <ns3:TrackPointExtension>
            <ns3:hr>71</ns3:hr>
          </ns3:TrackPointExtension>
        </extensions>
      </trkpt>
      <trkpt lat="-25.3958139382302761077880859375" lon="-49.01683070696890354156494140625">
        <ele>993.5999755859375</ele>
        <time>2025-04-05T07:49:11.000Z</time>
        <extensions>
          <ns3:TrackPointExtension>
            <ns3:hr>70</ns3:hr>
          </ns3:TrackPointExtension>
        </extensions>
      </trkpt>
      <trkpt lat="-25.39587621577084064483642578125" lon="-49.01678703725337982177734375">
        <ele>993.20001220703125</ele>
        <time>2025-04-05T07:49:15.000Z</time>
        <extensions>
          <ns3:TrackPointExtension>
            <ns3:hr>70</ns3:hr>
          </ns3:TrackPointExtension>
        </extensions>
      </trkpt>
      <trkpt lat="-25.3959175385534763336181640625" lon="-49.0167882107198238372802734375">
        <ele>993.5999755859375</ele>
        <time>2025-04-05T07:49:17.000Z</time>
        <extensions>
          <ns3:TrackPointExtension>
            <ns3:hr>70</ns3:hr>
          </ns3:TrackPointExtension>
        </extensions>
      </trkpt>
      <trkpt lat="-25.39596539922058582305908203125" lon="-49.016766250133514404296875">
        <ele>994</ele>
        <time>2025-04-05T07:49:20.000Z</time>
        <extensions>
          <ns3:TrackPointExtension>
            <ns3:hr>68</ns3:hr>
          </ns3:TrackPointExtension>
        </extensions>
      </trkpt>
      <trkpt lat="-25.395998843014240264892578125" lon="-49.01670564897358417510986328125">
        <ele>994.4000244140625</ele>
        <time>2025-04-05T07:49:24.000Z</time>
        <extensions>
          <ns3:TrackPointExtension>
            <ns3:hr>65</ns3:hr>
          </ns3:TrackPointExtension>
        </extensions>
      </trkpt>
      <trkpt lat="-25.39599875919520854949951171875" lon="-49.01668989099562168121337890625">
        <ele>994.4000244140625</ele>
        <time>2025-04-05T07:49:25.000Z</time>
        <extensions>
          <ns3:TrackPointExtension>
            <ns3:hr>64</ns3:hr>
          </ns3:TrackPointExtension>
        </extensions>
      </trkpt>
      <trkpt lat="-25.396006889641284942626953125" lon="-49.01666189543902873992919921875">
        <ele>994.79998779296875</ele>
        <time>2025-04-05T07:49:27.000Z</time>
        <extensions>
          <ns3:TrackPointExtension>
            <ns3:hr>63</ns3:hr>
          </ns3:TrackPointExtension>
        </extensions>
      </trkpt>
      <trkpt lat="-25.39603061042726039886474609375" lon="-49.01662744581699371337890625">
        <ele>995</ele>
        <time>2025-04-05T07:49:29.000Z</time>
        <extensions>
          <ns3:TrackPointExtension>
            <ns3:hr>65</ns3:hr>
          </ns3:TrackPointExtension>
        </extensions>
      </trkpt>
      <trkpt lat="-25.3960454463958740234375" lon="-49.01661043055355548858642578125">
        <ele>995.20001220703125</ele>
        <time>2025-04-05T07:49:30.000Z</time>
        <extensions>
          <ns3:TrackPointExtension>
            <ns3:hr>66</ns3:hr>
          </ns3:TrackPointExtension>
        </extensions>
      </trkpt>
      <trkpt lat="-25.3960835002362728118896484375" lon="-49.0165800042450428009033203125">
        <ele>995</ele>
        <time>2025-04-05T07:49:33.000Z</time>
        <extensions>
          <ns3:TrackPointExtension>
            <ns3:hr>66</ns3:hr>
          </ns3:TrackPointExtension>
        </extensions>
      </trkpt>
      <trkpt lat="-25.3960938937962055206298828125" lon="-49.01658629067242145538330078125">
        <ele>994.79998779296875</ele>
        <time>2025-04-05T07:49:34.000Z</time>
        <extensions>
          <ns3:TrackPointExtension>
            <ns3:hr>66</ns3:hr>
          </ns3:TrackPointExtension>
        </extensions>
      </trkpt>
      <trkpt lat="-25.396110154688358306884765625" lon="-49.01659584604203701019287109375">
        <ele>994.5999755859375</ele>
        <time>2025-04-05T07:49:35.000Z</time>
        <extensions>
          <ns3:TrackPointExtension>
            <ns3:hr>67</ns3:hr>
          </ns3:TrackPointExtension>
        </extensions>
      </trkpt>
      <trkpt lat="-25.39613337256014347076416015625" lon="-49.0165967680513858795166015625">
        <ele>994.4000244140625</ele>
        <time>2025-04-05T07:49:37.000Z</time>
        <extensions>
          <ns3:TrackPointExtension>
            <ns3:hr>68</ns3:hr>
          </ns3:TrackPointExtension>
        </extensions>
      </trkpt>
      <trkpt lat="-25.3961472027003765106201171875" lon="-49.01657673530280590057373046875">
        <ele>994.4000244140625</ele>
        <time>2025-04-05T07:49:39.000Z</time>
        <extensions>
          <ns3:TrackPointExtension>
            <ns3:hr>67</ns3:hr>
          </ns3:TrackPointExtension>
        </extensions>
      </trkpt>
      <trkpt lat="-25.3961572609841823577880859375" lon="-49.0165702812373638153076171875">
        <ele>994.4000244140625</ele>
        <time>2025-04-05T07:49:40.000Z</time>
        <extensions>
          <ns3:TrackPointExtension>
            <ns3:hr>67</ns3:hr>
          </ns3:TrackPointExtension>
        </extensions>
      </trkpt>
      <trkpt lat="-25.3961817361414432525634765625" lon="-49.016570784151554107666015625">
        <ele>994.5999755859375</ele>
        <time>2025-04-05T07:49:42.000Z</time>
        <extensions>
          <ns3:TrackPointExtension>
            <ns3:hr>69</ns3:hr>
          </ns3:TrackPointExtension>
        </extensions>
      </trkpt>
      <trkpt lat="-25.3961914591491222381591796875" lon="-49.01656449772417545318603515625">
        <ele>994.5999755859375</ele>
        <time>2025-04-05T07:49:43.000Z</time>
        <extensions>
          <ns3:TrackPointExtension>
            <ns3:hr>67</ns3:hr>
          </ns3:TrackPointExtension>
        </extensions>
      </trkpt>
      <trkpt lat="-25.396225489675998687744140625" lon="-49.016543962061405181884765625">
        <ele>994.4000244140625</ele>
        <time>2025-04-05T07:49:46.000Z</time>
        <extensions>
          <ns3:TrackPointExtension>
            <ns3:hr>70</ns3:hr>
          </ns3:TrackPointExtension>
        </extensions>
      </trkpt>
      <trkpt lat="-25.39625675417482852935791015625" lon="-49.016523845493793487548828125">
        <ele>993.5999755859375</ele>
        <time>2025-04-05T07:49:49.000Z</time>
        <extensions>
          <ns3:TrackPointExtension>
            <ns3:hr>70</ns3:hr>
          </ns3:TrackPointExtension>
        </extensions>
      </trkpt>
      <trkpt lat="-25.39626463316380977630615234375" lon="-49.0165116079151630401611328125">
        <ele>993.4000244140625</ele>
        <time>2025-04-05T07:49:50.000Z</time>
        <extensions>
          <ns3:TrackPointExtension>
            <ns3:hr>70</ns3:hr>
          </ns3:TrackPointExtension>
        </extensions>
      </trkpt>
      <trkpt lat="-25.3962803073227405548095703125" lon="-49.0164931677281856536865234375">
        <ele>992.79998779296875</ele>
        <time>2025-04-05T07:49:52.000Z</time>
        <extensions>
          <ns3:TrackPointExtension>
            <ns3:hr>70</ns3:hr>
          </ns3:TrackPointExtension>
        </extensions>
      </trkpt>
      <trkpt lat="-25.39628374390304088592529296875" lon="-49.01647296734154224395751953125">
        <ele>992.20001220703125</ele>
        <time>2025-04-05T07:49:54.000Z</time>
        <extensions>
          <ns3:TrackPointExtension>
            <ns3:hr>70</ns3:hr>
          </ns3:TrackPointExtension>
        </extensions>
      </trkpt>
      <trkpt lat="-25.39627435617148876190185546875" lon="-49.0164505876600742340087890625">
        <ele>991.79998779296875</ele>
        <time>2025-04-05T07:49:55.000Z</time>
        <extensions>
          <ns3:TrackPointExtension>
            <ns3:hr>70</ns3:hr>
          </ns3:TrackPointExtension>
        </extensions>
      </trkpt>
      <trkpt lat="-25.39626748301088809967041015625" lon="-49.016415216028690338134765625">
        <ele>991.20001220703125</ele>
        <time>2025-04-05T07:49:57.000Z</time>
        <extensions>
          <ns3:TrackPointExtension>
            <ns3:hr>73</ns3:hr>
          </ns3:TrackPointExtension>
        </extensions>
      </trkpt>
      <trkpt lat="-25.39626580663025379180908203125" lon="-49.01639769785106182098388671875">
        <ele>991.20001220703125</ele>
        <time>2025-04-05T07:49:58.000Z</time>
        <extensions>
          <ns3:TrackPointExtension>
            <ns3:hr>70</ns3:hr>
          </ns3:TrackPointExtension>
        </extensions>
      </trkpt>
      <trkpt lat="-25.39626739919185638427734375" lon="-49.01636660099029541015625">
        <ele>990</ele>
        <time>2025-04-05T07:50:02.000Z</time>
        <extensions>
          <ns3:TrackPointExtension>
            <ns3:hr>70</ns3:hr>
          </ns3:TrackPointExtension>
        </extensions>
      </trkpt>
      <trkpt lat="-25.39635515771806240081787109375" lon="-49.01621480472385883331298828125">
        <ele>989.20001220703125</ele>
        <time>2025-04-05T07:50:10.000Z</time>
        <extensions>
          <ns3:TrackPointExtension>
            <ns3:hr>71</ns3:hr>
          </ns3:TrackPointExtension>
        </extensions>
      </trkpt>
      <trkpt lat="-25.396359600126743316650390625" lon="-49.0161847136914730072021484375">
        <ele>989.20001220703125</ele>
        <time>2025-04-05T07:50:12.000Z</time>
        <extensions>
          <ns3:TrackPointExtension>
            <ns3:hr>73</ns3:hr>
          </ns3:TrackPointExtension>
        </extensions>
      </trkpt>
      <trkpt lat="-25.39638248272240161895751953125" lon="-49.0161542035639286041259765625">
        <ele>989.20001220703125</ele>
        <time>2025-04-05T07:50:14.000Z</time>
        <extensions>
          <ns3:TrackPointExtension>
            <ns3:hr>71</ns3:hr>
          </ns3:TrackPointExtension>
        </extensions>
      </trkpt>
      <trkpt lat="-25.396383740007877349853515625" lon="-49.01614238508045673370361328125">
        <ele>989.20001220703125</ele>
        <time>2025-04-05T07:50:15.000Z</time>
        <extensions>
          <ns3:TrackPointExtension>
            <ns3:hr>73</ns3:hr>
          </ns3:TrackPointExtension>
        </extensions>
      </trkpt>
      <trkpt lat="-25.39638767950236797332763671875" lon="-49.0161334164440631866455078125">
        <ele>989.79998779296875</ele>
        <time>2025-04-05T07:50:19.000Z</time>
        <extensions>
          <ns3:TrackPointExtension>
            <ns3:hr>74</ns3:hr>
          </ns3:TrackPointExtension>
        </extensions>
      </trkpt>
      <trkpt lat="-25.39640980772674083709716796875" lon="-49.0160670317709445953369140625">
        <ele>989</ele>
        <time>2025-04-05T07:50:26.000Z</time>
        <extensions>
          <ns3:TrackPointExtension>
            <ns3:hr>75</ns3:hr>
          </ns3:TrackPointExtension>
        </extensions>
      </trkpt>
      <trkpt lat="-25.39639270864427089691162109375" lon="-49.0160207636654376983642578125">
        <ele>988.79998779296875</ele>
        <time>2025-04-05T07:50:28.000Z</time>
        <extensions>
          <ns3:TrackPointExtension>
            <ns3:hr>74</ns3:hr>
          </ns3:TrackPointExtension>
        </extensions>
      </trkpt>
      <trkpt lat="-25.39640444330871105194091796875" lon="-49.01599721051752567291259765625">
        <ele>988.5999755859375</ele>
        <time>2025-04-05T07:50:30.000Z</time>
        <extensions>
          <ns3:TrackPointExtension>
            <ns3:hr>73</ns3:hr>
          </ns3:TrackPointExtension>
        </extensions>
      </trkpt>
      <trkpt lat="-25.39645657874643802642822265625" lon="-49.01596535928547382354736328125">
        <ele>988.20001220703125</ele>
        <time>2025-04-05T07:50:34.000Z</time>
        <extensions>
          <ns3:TrackPointExtension>
            <ns3:hr>73</ns3:hr>
          </ns3:TrackPointExtension>
        </extensions>
      </trkpt>
      <trkpt lat="-25.39645641110837459564208984375" lon="-49.0159439854323863983154296875">
        <ele>988</ele>
        <time>2025-04-05T07:50:37.000Z</time>
        <extensions>
          <ns3:TrackPointExtension>
            <ns3:hr>72</ns3:hr>
          </ns3:TrackPointExtension>
        </extensions>
      </trkpt>
      <trkpt lat="-25.39648122154176235198974609375" lon="-49.0159168280661106109619140625">
        <ele>987.4000244140625</ele>
        <time>2025-04-05T07:50:41.000Z</time>
        <extensions>
          <ns3:TrackPointExtension>
            <ns3:hr>70</ns3:hr>
          </ns3:TrackPointExtension>
        </extensions>
      </trkpt>
      <trkpt lat="-25.39650435559451580047607421875" lon="-49.01586226187646389007568359375">
        <ele>985.79998779296875</ele>
        <time>2025-04-05T07:50:45.000Z</time>
        <extensions>
          <ns3:TrackPointExtension>
            <ns3:hr>70</ns3:hr>
          </ns3:TrackPointExtension>
        </extensions>
      </trkpt>
      <trkpt lat="-25.3965230472385883331298828125" lon="-49.01584348641335964202880859375">
        <ele>985.4000244140625</ele>
        <time>2025-04-05T07:50:46.000Z</time>
        <extensions>
          <ns3:TrackPointExtension>
            <ns3:hr>72</ns3:hr>
          </ns3:TrackPointExtension>
        </extensions>
      </trkpt>
      <trkpt lat="-25.396563112735748291015625" lon="-49.01581549085676670074462890625">
        <ele>984.79998779296875</ele>
        <time>2025-04-05T07:50:48.000Z</time>
        <extensions>
          <ns3:TrackPointExtension>
            <ns3:hr>71</ns3:hr>
          </ns3:TrackPointExtension>
        </extensions>
      </trkpt>
      <trkpt lat="-25.39661130867898464202880859375" lon="-49.01576117612421512603759765625">
        <ele>984.4000244140625</ele>
        <time>2025-04-05T07:50:51.000Z</time>
        <extensions>
          <ns3:TrackPointExtension>
            <ns3:hr>73</ns3:hr>
          </ns3:TrackPointExtension>
        </extensions>
      </trkpt>
      <trkpt lat="-25.3966179303824901580810546875" lon="-49.0157478488981723785400390625">
        <ele>984.4000244140625</ele>
        <time>2025-04-05T07:50:52.000Z</time>
        <extensions>
          <ns3:TrackPointExtension>
            <ns3:hr>75</ns3:hr>
          </ns3:TrackPointExtension>
        </extensions>
      </trkpt>
      <trkpt lat="-25.396625138819217681884765625" lon="-49.01573670096695423126220703125">
        <ele>984.4000244140625</ele>
        <time>2025-04-05T07:50:53.000Z</time>
        <extensions>
          <ns3:TrackPointExtension>
            <ns3:hr>77</ns3:hr>
          </ns3:TrackPointExtension>
        </extensions>
      </trkpt>
      <trkpt lat="-25.3966883383691310882568359375" lon="-49.0157143212854862213134765625">
        <ele>985.20001220703125</ele>
        <time>2025-04-05T07:50:56.000Z</time>
        <extensions>
          <ns3:TrackPointExtension>
            <ns3:hr>79</ns3:hr>
          </ns3:TrackPointExtension>
        </extensions>
      </trkpt>
      <trkpt lat="-25.396764613687992095947265625" lon="-49.015651457011699676513671875">
        <ele>985.79998779296875</ele>
        <time>2025-04-05T07:51:00.000Z</time>
        <extensions>
          <ns3:TrackPointExtension>
            <ns3:hr>78</ns3:hr>
          </ns3:TrackPointExtension>
        </extensions>
      </trkpt>
      <trkpt lat="-25.396778695285320281982421875" lon="-49.015603847801685333251953125">
        <ele>986</ele>
        <time>2025-04-05T07:51:02.000Z</time>
        <extensions>
          <ns3:TrackPointExtension>
            <ns3:hr>78</ns3:hr>
          </ns3:TrackPointExtension>
        </extensions>
      </trkpt>
      <trkpt lat="-25.3968033380806446075439453125" lon="-49.0155939571559429168701171875">
        <ele>986.79998779296875</ele>
        <time>2025-04-05T07:51:04.000Z</time>
        <extensions>
          <ns3:TrackPointExtension>
            <ns3:hr>79</ns3:hr>
          </ns3:TrackPointExtension>
        </extensions>
      </trkpt>
      <trkpt lat="-25.39680962450802326202392578125" lon="-49.0155543945729732513427734375">
        <ele>987.79998779296875</ele>
        <time>2025-04-05T07:51:07.000Z</time>
        <extensions>
          <ns3:TrackPointExtension>
            <ns3:hr>77</ns3:hr>
          </ns3:TrackPointExtension>
        </extensions>
      </trkpt>
      <trkpt lat="-25.39681213907897472381591796875" lon="-49.01554383337497711181640625">
        <ele>988</ele>
        <time>2025-04-05T07:51:08.000Z</time>
        <extensions>
          <ns3:TrackPointExtension>
            <ns3:hr>77</ns3:hr>
          </ns3:TrackPointExtension>
        </extensions>
      </trkpt>
      <trkpt lat="-25.39682806469500064849853515625" lon="-49.0155136585235595703125">
        <ele>987.79998779296875</ele>
        <time>2025-04-05T07:51:11.000Z</time>
        <extensions>
          <ns3:TrackPointExtension>
            <ns3:hr>77</ns3:hr>
          </ns3:TrackPointExtension>
        </extensions>
      </trkpt>
      <trkpt lat="-25.39686192758381366729736328125" lon="-49.0154935419559478759765625">
        <ele>987</ele>
        <time>2025-04-05T07:51:14.000Z</time>
        <extensions>
          <ns3:TrackPointExtension>
            <ns3:hr>77</ns3:hr>
          </ns3:TrackPointExtension>
        </extensions>
      </trkpt>
      <trkpt lat="-25.39690668694674968719482421875" lon="-49.01544266380369663238525390625">
        <ele>986.20001220703125</ele>
        <time>2025-04-05T07:51:18.000Z</time>
        <extensions>
          <ns3:TrackPointExtension>
            <ns3:hr>78</ns3:hr>
          </ns3:TrackPointExtension>
        </extensions>
      </trkpt>
      <trkpt lat="-25.396942310035228729248046875" lon="-49.0154142491519451141357421875">
        <ele>986</ele>
        <time>2025-04-05T07:51:21.000Z</time>
        <extensions>
          <ns3:TrackPointExtension>
            <ns3:hr>79</ns3:hr>
          </ns3:TrackPointExtension>
        </extensions>
      </trkpt>
      <trkpt lat="-25.39694826118648052215576171875" lon="-49.01537141762673854827880859375">
        <ele>985.79998779296875</ele>
        <time>2025-04-05T07:51:23.000Z</time>
        <extensions>
          <ns3:TrackPointExtension>
            <ns3:hr>78</ns3:hr>
          </ns3:TrackPointExtension>
        </extensions>
      </trkpt>
      <trkpt lat="-25.39695379324257373809814453125" lon="-49.0153116546571254730224609375">
        <ele>985.79998779296875</ele>
        <time>2025-04-05T07:51:26.000Z</time>
        <extensions>
          <ns3:TrackPointExtension>
            <ns3:hr>77</ns3:hr>
          </ns3:TrackPointExtension>
        </extensions>
      </trkpt>
      <trkpt lat="-25.3969414718449115753173828125" lon="-49.01524870656430721282958984375">
        <ele>985.79998779296875</ele>
        <time>2025-04-05T07:51:30.000Z</time>
        <extensions>
          <ns3:TrackPointExtension>
            <ns3:hr>76</ns3:hr>
          </ns3:TrackPointExtension>
        </extensions>
      </trkpt>
      <trkpt lat="-25.39694993756711483001708984375" lon="-49.0152226388454437255859375">
        <ele>985.79998779296875</ele>
        <time>2025-04-05T07:51:32.000Z</time>
        <extensions>
          <ns3:TrackPointExtension>
            <ns3:hr>75</ns3:hr>
          </ns3:TrackPointExtension>
        </extensions>
      </trkpt>
      <trkpt lat="-25.396970808506011962890625" lon="-49.01517905294895172119140625">
        <ele>985.79998779296875</ele>
        <time>2025-04-05T07:51:35.000Z</time>
        <extensions>
          <ns3:TrackPointExtension>
            <ns3:hr>78</ns3:hr>
          </ns3:TrackPointExtension>
        </extensions>
      </trkpt>
      <trkpt lat="-25.396976508200168609619140625" lon="-49.015166647732257843017578125">
        <ele>985.79998779296875</ele>
        <time>2025-04-05T07:51:36.000Z</time>
        <extensions>
          <ns3:TrackPointExtension>
            <ns3:hr>76</ns3:hr>
          </ns3:TrackPointExtension>
        </extensions>
      </trkpt>
      <trkpt lat="-25.3969820402562618255615234375" lon="-49.0151574276387691497802734375">
        <ele>985.79998779296875</ele>
        <time>2025-04-05T07:51:37.000Z</time>
        <extensions>
          <ns3:TrackPointExtension>
            <ns3:hr>76</ns3:hr>
          </ns3:TrackPointExtension>
        </extensions>
      </trkpt>
      <trkpt lat="-25.39698086678981781005859375" lon="-49.0151483751833438873291015625">
        <ele>985.79998779296875</ele>
        <time>2025-04-05T07:51:39.000Z</time>
        <extensions>
          <ns3:TrackPointExtension>
            <ns3:hr>75</ns3:hr>
          </ns3:TrackPointExtension>
        </extensions>
      </trkpt>
      <trkpt lat="-25.39697625674307346343994140625" lon="-49.01514577679336071014404296875">
        <ele>985.79998779296875</ele>
        <time>2025-04-05T07:51:41.000Z</time>
        <extensions>
          <ns3:TrackPointExtension>
            <ns3:hr>77</ns3:hr>
          </ns3:TrackPointExtension>
        </extensions>
      </trkpt>
      <trkpt lat="-25.39696636609733104705810546875" lon="-49.01513337157666683197021484375">
        <ele>985.79998779296875</ele>
        <time>2025-04-05T07:51:42.000Z</time>
        <extensions>
          <ns3:TrackPointExtension>
            <ns3:hr>76</ns3:hr>
          </ns3:TrackPointExtension>
        </extensions>
      </trkpt>
      <trkpt lat="-25.3969656117260456085205078125" lon="-49.0151218883693218231201171875">
        <ele>985.5999755859375</ele>
        <time>2025-04-05T07:51:43.000Z</time>
        <extensions>
          <ns3:TrackPointExtension>
            <ns3:hr>75</ns3:hr>
          </ns3:TrackPointExtension>
        </extensions>
      </trkpt>
      <trkpt lat="-25.39696611464023590087890625" lon="-49.0151014365255832672119140625">
        <ele>985.5999755859375</ele>
        <time>2025-04-05T07:51:45.000Z</time>
        <extensions>
          <ns3:TrackPointExtension>
            <ns3:hr>72</ns3:hr>
          </ns3:TrackPointExtension>
        </extensions>
      </trkpt>
      <trkpt lat="-25.39698111824691295623779296875" lon="-49.01509649120271205902099609375">
        <ele>985.5999755859375</ele>
        <time>2025-04-05T07:51:47.000Z</time>
        <extensions>
          <ns3:TrackPointExtension>
            <ns3:hr>72</ns3:hr>
          </ns3:TrackPointExtension>
        </extensions>
      </trkpt>
      <trkpt lat="-25.3969897516071796417236328125" lon="-49.01509883813560009002685546875">
        <ele>985.5999755859375</ele>
        <time>2025-04-05T07:51:49.000Z</time>
        <extensions>
          <ns3:TrackPointExtension>
            <ns3:hr>75</ns3:hr>
          </ns3:TrackPointExtension>
        </extensions>
      </trkpt>
      <trkpt lat="-25.3970031626522541046142578125" lon="-49.015101604163646697998046875">
        <ele>985.20001220703125</ele>
        <time>2025-04-05T07:51:52.000Z</time>
        <extensions>
          <ns3:TrackPointExtension>
            <ns3:hr>75</ns3:hr>
          </ns3:TrackPointExtension>
        </extensions>
      </trkpt>
      <trkpt lat="-25.39701732806861400604248046875" lon="-49.0151111595332622528076171875">
        <ele>985</ele>
        <time>2025-04-05T07:51:54.000Z</time>
        <extensions>
          <ns3:TrackPointExtension>
            <ns3:hr>76</ns3:hr>
          </ns3:TrackPointExtension>
        </extensions>
      </trkpt>
      <trkpt lat="-25.39702956564724445343017578125" lon="-49.015111662447452545166015625">
        <ele>984.79998779296875</ele>
        <time>2025-04-05T07:51:56.000Z</time>
        <extensions>
          <ns3:TrackPointExtension>
            <ns3:hr>76</ns3:hr>
          </ns3:TrackPointExtension>
        </extensions>
      </trkpt>
      <trkpt lat="-25.39704783819615840911865234375" lon="-49.0151252411305904388427734375">
        <ele>984.5999755859375</ele>
        <time>2025-04-05T07:51:57.000Z</time>
        <extensions>
          <ns3:TrackPointExtension>
            <ns3:hr>76</ns3:hr>
          </ns3:TrackPointExtension>
        </extensions>
      </trkpt>
      <trkpt lat="-25.39708706550300121307373046875" lon="-49.01518039405345916748046875">
        <ele>984.20001220703125</ele>
        <time>2025-04-05T07:52:01.000Z</time>
        <extensions>
          <ns3:TrackPointExtension>
            <ns3:hr>76</ns3:hr>
          </ns3:TrackPointExtension>
        </extensions>
      </trkpt>
      <trkpt lat="-25.39709729142487049102783203125" lon="-49.01519942097365856170654296875">
        <ele>984</ele>
        <time>2025-04-05T07:52:03.000Z</time>
        <extensions>
          <ns3:TrackPointExtension>
            <ns3:hr>75</ns3:hr>
          </ns3:TrackPointExtension>
        </extensions>
      </trkpt>
      <trkpt lat="-25.39709930308163166046142578125" lon="-49.01519640348851680755615234375">
        <ele>983.79998779296875</ele>
        <time>2025-04-05T07:52:04.000Z</time>
        <extensions>
          <ns3:TrackPointExtension>
            <ns3:hr>75</ns3:hr>
          </ns3:TrackPointExtension>
        </extensions>
      </trkpt>
      <trkpt lat="-25.39710558950901031494140625" lon="-49.01518852449953556060791015625">
        <ele>983.20001220703125</ele>
        <time>2025-04-05T07:52:05.000Z</time>
        <extensions>
          <ns3:TrackPointExtension>
            <ns3:hr>75</ns3:hr>
          </ns3:TrackPointExtension>
        </extensions>
      </trkpt>
      <trkpt lat="-25.39713375270366668701171875" lon="-49.01517393998801708221435546875">
        <ele>981.5999755859375</ele>
        <time>2025-04-05T07:52:08.000Z</time>
        <extensions>
          <ns3:TrackPointExtension>
            <ns3:hr>75</ns3:hr>
          </ns3:TrackPointExtension>
        </extensions>
      </trkpt>
      <trkpt lat="-25.39714925922453403472900390625" lon="-49.015120379626750946044921875">
        <ele>979</ele>
        <time>2025-04-05T07:52:15.000Z</time>
        <extensions>
          <ns3:TrackPointExtension>
            <ns3:hr>75</ns3:hr>
          </ns3:TrackPointExtension>
        </extensions>
      </trkpt>
      <trkpt lat="-25.3971594013273715972900390625" lon="-49.0150880254805088043212890625">
        <ele>977.79998779296875</ele>
        <time>2025-04-05T07:52:18.000Z</time>
        <extensions>
          <ns3:TrackPointExtension>
            <ns3:hr>77</ns3:hr>
          </ns3:TrackPointExtension>
        </extensions>
      </trkpt>
      <trkpt lat="-25.3971526958048343658447265625" lon="-49.0150541625916957855224609375">
        <ele>977.4000244140625</ele>
        <time>2025-04-05T07:52:20.000Z</time>
        <extensions>
          <ns3:TrackPointExtension>
            <ns3:hr>75</ns3:hr>
          </ns3:TrackPointExtension>
        </extensions>
      </trkpt>
      <trkpt lat="-25.39714858867228031158447265625" lon="-49.0150394104421138763427734375">
        <ele>977.20001220703125</ele>
        <time>2025-04-05T07:52:21.000Z</time>
        <extensions>
          <ns3:TrackPointExtension>
            <ns3:hr>74</ns3:hr>
          </ns3:TrackPointExtension>
        </extensions>
      </trkpt>
      <trkpt lat="-25.39713970385491847991943359375" lon="-49.0149919688701629638671875">
        <ele>977</ele>
        <time>2025-04-05T07:52:24.000Z</time>
        <extensions>
          <ns3:TrackPointExtension>
            <ns3:hr>74</ns3:hr>
          </ns3:TrackPointExtension>
        </extensions>
      </trkpt>
      <trkpt lat="-25.39713785983622074127197265625" lon="-49.0149693377315998077392578125">
        <ele>977</ele>
        <time>2025-04-05T07:52:25.000Z</time>
        <extensions>
          <ns3:TrackPointExtension>
            <ns3:hr>75</ns3:hr>
          </ns3:TrackPointExtension>
        </extensions>
      </trkpt>
      <trkpt lat="-25.39710366167128086090087890625" lon="-49.01487772352993488311767578125">
        <ele>976.79998779296875</ele>
        <time>2025-04-05T07:52:28.000Z</time>
        <extensions>
          <ns3:TrackPointExtension>
            <ns3:hr>79</ns3:hr>
          </ns3:TrackPointExtension>
        </extensions>
      </trkpt>
      <trkpt lat="-25.39709041826426982879638671875" lon="-49.0148526616394519805908203125">
        <ele>976.5999755859375</ele>
        <time>2025-04-05T07:52:29.000Z</time>
        <extensions>
          <ns3:TrackPointExtension>
            <ns3:hr>79</ns3:hr>
          </ns3:TrackPointExtension>
        </extensions>
      </trkpt>
      <trkpt lat="-25.39711204357445240020751953125" lon="-49.01482793502509593963623046875">
        <ele>976</ele>
        <time>2025-04-05T07:52:32.000Z</time>
        <extensions>
          <ns3:TrackPointExtension>
            <ns3:hr>79</ns3:hr>
          </ns3:TrackPointExtension>
        </extensions>
      </trkpt>
      <trkpt lat="-25.397128053009510040283203125" lon="-49.01481653563678264617919921875">
        <ele>975.5999755859375</ele>
        <time>2025-04-05T07:52:34.000Z</time>
        <extensions>
          <ns3:TrackPointExtension>
            <ns3:hr>78</ns3:hr>
          </ns3:TrackPointExtension>
        </extensions>
      </trkpt>
      <trkpt lat="-25.39713517762720584869384765625" lon="-49.014812596142292022705078125">
        <ele>975.4000244140625</ele>
        <time>2025-04-05T07:52:35.000Z</time>
        <extensions>
          <ns3:TrackPointExtension>
            <ns3:hr>81</ns3:hr>
          </ns3:TrackPointExtension>
        </extensions>
      </trkpt>
      <trkpt lat="-25.39717591367661952972412109375" lon="-49.014812596142292022705078125">
        <ele>974.79998779296875</ele>
        <time>2025-04-05T07:52:39.000Z</time>
        <extensions>
          <ns3:TrackPointExtension>
            <ns3:hr>80</ns3:hr>
          </ns3:TrackPointExtension>
        </extensions>
      </trkpt>
      <trkpt lat="-25.3971781767904758453369140625" lon="-49.01480563916265964508056640625">
        <ele>974.5999755859375</ele>
        <time>2025-04-05T07:52:40.000Z</time>
        <extensions>
          <ns3:TrackPointExtension>
            <ns3:hr>80</ns3:hr>
          </ns3:TrackPointExtension>
        </extensions>
      </trkpt>
      <trkpt lat="-25.3971822001039981842041015625" lon="-49.01477479375898838043212890625">
        <ele>974.4000244140625</ele>
        <time>2025-04-05T07:52:42.000Z</time>
        <extensions>
          <ns3:TrackPointExtension>
            <ns3:hr>79</ns3:hr>
          </ns3:TrackPointExtension>
        </extensions>
      </trkpt>
      <trkpt lat="-25.39719133637845516204833984375" lon="-49.0147658251225948333740234375">
        <ele>974.20001220703125</ele>
        <time>2025-04-05T07:52:43.000Z</time>
        <extensions>
          <ns3:TrackPointExtension>
            <ns3:hr>79</ns3:hr>
          </ns3:TrackPointExtension>
        </extensions>
      </trkpt>
      <trkpt lat="-25.3972043283283710479736328125" lon="-49.01476540602743625640869140625">
        <ele>974.20001220703125</ele>
        <time>2025-04-05T07:52:44.000Z</time>
        <extensions>
          <ns3:TrackPointExtension>
            <ns3:hr>79</ns3:hr>
          </ns3:TrackPointExtension>
        </extensions>
      </trkpt>
      <trkpt lat="-25.39721145294606685638427734375" lon="-49.01473741047084331512451171875">
        <ele>973.5999755859375</ele>
        <time>2025-04-05T07:52:47.000Z</time>
        <extensions>
          <ns3:TrackPointExtension>
            <ns3:hr>77</ns3:hr>
          </ns3:TrackPointExtension>
        </extensions>
      </trkpt>
      <trkpt lat="-25.39720323868095874786376953125" lon="-49.014718718826770782470703125">
        <ele>973.5999755859375</ele>
        <time>2025-04-05T07:52:48.000Z</time>
        <extensions>
          <ns3:TrackPointExtension>
            <ns3:hr>80</ns3:hr>
          </ns3:TrackPointExtension>
        </extensions>
      </trkpt>
      <trkpt lat="-25.3971795178949832916259765625" lon="-49.014677815139293670654296875">
        <ele>973.4000244140625</ele>
        <time>2025-04-05T07:52:50.000Z</time>
        <extensions>
          <ns3:TrackPointExtension>
            <ns3:hr>79</ns3:hr>
          </ns3:TrackPointExtension>
        </extensions>
      </trkpt>
      <trkpt lat="-25.3971691243350505828857421875" lon="-49.0146474726498126983642578125">
        <ele>973.20001220703125</ele>
        <time>2025-04-05T07:52:52.000Z</time>
        <extensions>
          <ns3:TrackPointExtension>
            <ns3:hr>79</ns3:hr>
          </ns3:TrackPointExtension>
        </extensions>
      </trkpt>
      <trkpt lat="-25.39715965278446674346923828125" lon="-49.014621488749980926513671875">
        <ele>973.4000244140625</ele>
        <time>2025-04-05T07:52:54.000Z</time>
        <extensions>
          <ns3:TrackPointExtension>
            <ns3:hr>77</ns3:hr>
          </ns3:TrackPointExtension>
        </extensions>
      </trkpt>
      <trkpt lat="-25.39714691229164600372314453125" lon="-49.01459827087819576263427734375">
        <ele>973.5999755859375</ele>
        <time>2025-04-05T07:52:56.000Z</time>
        <extensions>
          <ns3:TrackPointExtension>
            <ns3:hr>76</ns3:hr>
          </ns3:TrackPointExtension>
        </extensions>
      </trkpt>
      <trkpt lat="-25.39710424840450286865234375" lon="-49.01453808881342411041259765625">
        <ele>973.79998779296875</ele>
        <time>2025-04-05T07:53:01.000Z</time>
        <extensions>
          <ns3:TrackPointExtension>
            <ns3:hr>75</ns3:hr>
          </ns3:TrackPointExtension>
        </extensions>
      </trkpt>
      <trkpt lat="-25.39708538912236690521240234375" lon="-49.01451964862644672393798828125">
        <ele>973.79998779296875</ele>
        <time>2025-04-05T07:53:02.000Z</time>
        <extensions>
          <ns3:TrackPointExtension>
            <ns3:hr>77</ns3:hr>
          </ns3:TrackPointExtension>
        </extensions>
      </trkpt>
      <trkpt lat="-25.39707499556243419647216796875" lon="-49.0144821815192699432373046875">
        <ele>973.20001220703125</ele>
        <time>2025-04-05T07:53:05.000Z</time>
        <extensions>
          <ns3:TrackPointExtension>
            <ns3:hr>77</ns3:hr>
          </ns3:TrackPointExtension>
        </extensions>
      </trkpt>
      <trkpt lat="-25.39708136580884456634521484375" lon="-49.014478661119937896728515625">
        <ele>972.5999755859375</ele>
        <time>2025-04-05T07:53:08.000Z</time>
        <extensions>
          <ns3:TrackPointExtension>
            <ns3:hr>77</ns3:hr>
          </ns3:TrackPointExtension>
        </extensions>
      </trkpt>
      <trkpt lat="-25.39707717485725879669189453125" lon="-49.01446449570357799530029296875">
        <ele>972.4000244140625</ele>
        <time>2025-04-05T07:53:09.000Z</time>
        <extensions>
          <ns3:TrackPointExtension>
            <ns3:hr>77</ns3:hr>
          </ns3:TrackPointExtension>
        </extensions>
      </trkpt>
      <trkpt lat="-25.39707616902887821197509765625" lon="-49.01444287039339542388916015625">
        <ele>972.20001220703125</ele>
        <time>2025-04-05T07:53:11.000Z</time>
        <extensions>
          <ns3:TrackPointExtension>
            <ns3:hr>77</ns3:hr>
          </ns3:TrackPointExtension>
        </extensions>
      </trkpt>
      <trkpt lat="-25.39707851596176624298095703125" lon="-49.014421999454498291015625">
        <ele>972</ele>
        <time>2025-04-05T07:53:13.000Z</time>
        <extensions>
          <ns3:TrackPointExtension>
            <ns3:hr>77</ns3:hr>
          </ns3:TrackPointExtension>
        </extensions>
      </trkpt>
      <trkpt lat="-25.39706175215542316436767578125" lon="-49.014355279505252838134765625">
        <ele>972.20001220703125</ele>
        <time>2025-04-05T07:53:16.000Z</time>
        <extensions>
          <ns3:TrackPointExtension>
            <ns3:hr>77</ns3:hr>
          </ns3:TrackPointExtension>
        </extensions>
      </trkpt>
      <trkpt lat="-25.39703157730400562286376953125" lon="-49.0143162198364734649658203125">
        <ele>972.20001220703125</ele>
        <time>2025-04-05T07:53:19.000Z</time>
        <extensions>
          <ns3:TrackPointExtension>
            <ns3:hr>78</ns3:hr>
          </ns3:TrackPointExtension>
        </extensions>
      </trkpt>
      <trkpt lat="-25.397026799619197845458984375" lon="-49.0143026411533355712890625">
        <ele>972.4000244140625</ele>
        <time>2025-04-05T07:53:20.000Z</time>
        <extensions>
          <ns3:TrackPointExtension>
            <ns3:hr>77</ns3:hr>
          </ns3:TrackPointExtension>
        </extensions>
      </trkpt>
      <trkpt lat="-25.39703191258013248443603515625" lon="-49.01427271775901317596435546875">
        <ele>971.5999755859375</ele>
        <time>2025-04-05T07:53:23.000Z</time>
        <extensions>
          <ns3:TrackPointExtension>
            <ns3:hr>78</ns3:hr>
          </ns3:TrackPointExtension>
        </extensions>
      </trkpt>
      <trkpt lat="-25.39703576825559139251708984375" lon="-49.01426400057971477508544921875">
        <ele>971</ele>
        <time>2025-04-05T07:53:24.000Z</time>
        <extensions>
          <ns3:TrackPointExtension>
            <ns3:hr>81</ns3:hr>
          </ns3:TrackPointExtension>
        </extensions>
      </trkpt>
      <trkpt lat="-25.3970326669514179229736328125" lon="-49.01424924843013286590576171875">
        <ele>970.5999755859375</ele>
        <time>2025-04-05T07:53:25.000Z</time>
        <extensions>
          <ns3:TrackPointExtension>
            <ns3:hr>77</ns3:hr>
          </ns3:TrackPointExtension>
        </extensions>
      </trkpt>
      <trkpt lat="-25.39703576825559139251708984375" lon="-49.0142159722745418548583984375">
        <ele>969.5999755859375</ele>
        <time>2025-04-05T07:53:27.000Z</time>
        <extensions>
          <ns3:TrackPointExtension>
            <ns3:hr>76</ns3:hr>
          </ns3:TrackPointExtension>
        </extensions>
      </trkpt>
      <trkpt lat="-25.3970427252352237701416015625" lon="-49.0142012201249599456787109375">
        <ele>969</ele>
        <time>2025-04-05T07:53:28.000Z</time>
        <extensions>
          <ns3:TrackPointExtension>
            <ns3:hr>79</ns3:hr>
          </ns3:TrackPointExtension>
        </extensions>
      </trkpt>
      <trkpt lat="-25.39708153344690799713134765625" lon="-49.01402059011161327362060546875">
        <ele>965.5999755859375</ele>
        <time>2025-04-05T07:53:36.000Z</time>
        <extensions>
          <ns3:TrackPointExtension>
            <ns3:hr>78</ns3:hr>
          </ns3:TrackPointExtension>
        </extensions>
      </trkpt>
      <trkpt lat="-25.39710483513772487640380859375" lon="-49.014009945094585418701171875">
        <ele>965.4000244140625</ele>
        <time>2025-04-05T07:53:40.000Z</time>
        <extensions>
          <ns3:TrackPointExtension>
            <ns3:hr>76</ns3:hr>
          </ns3:TrackPointExtension>
        </extensions>
      </trkpt>
      <trkpt lat="-25.39710751734673976898193359375" lon="-49.0140067599713802337646484375">
        <ele>965.4000244140625</ele>
        <time>2025-04-05T07:53:41.000Z</time>
        <extensions>
          <ns3:TrackPointExtension>
            <ns3:hr>77</ns3:hr>
          </ns3:TrackPointExtension>
        </extensions>
      </trkpt>
      <trkpt lat="-25.39711539633572101593017578125" lon="-49.01401489041745662689208984375">
        <ele>966.20001220703125</ele>
        <time>2025-04-05T07:53:46.000Z</time>
        <extensions>
          <ns3:TrackPointExtension>
            <ns3:hr>77</ns3:hr>
          </ns3:TrackPointExtension>
        </extensions>
      </trkpt>
      <trkpt lat="-25.397110283374786376953125" lon="-49.01401522569358348846435546875">
        <ele>966.5999755859375</ele>
        <time>2025-04-05T07:53:52.000Z</time>
        <extensions>
          <ns3:TrackPointExtension>
            <ns3:hr>80</ns3:hr>
          </ns3:TrackPointExtension>
        </extensions>
      </trkpt>
      <trkpt lat="-25.397110283374786376953125" lon="-49.01401522569358348846435546875">
        <ele>966.4000244140625</ele>
        <time>2025-04-05T07:53:54.000Z</time>
        <extensions>
          <ns3:TrackPointExtension>
            <ns3:hr>77</ns3:hr>
          </ns3:TrackPointExtension>
        </extensions>
      </trkpt>
      <trkpt lat="-25.397110283374786376953125" lon="-49.01401455514132976531982421875">
        <ele>966.20001220703125</ele>
        <time>2025-04-05T07:54:00.000Z</time>
        <extensions>
          <ns3:TrackPointExtension>
            <ns3:hr>80</ns3:hr>
          </ns3:TrackPointExtension>
        </extensions>
      </trkpt>
      <trkpt lat="-25.39717490784823894500732421875" lon="-49.01401505805552005767822265625">
        <ele>966.20001220703125</ele>
        <time>2025-04-05T07:54:04.000Z</time>
        <extensions>
          <ns3:TrackPointExtension>
            <ns3:hr>80</ns3:hr>
          </ns3:TrackPointExtension>
        </extensions>
      </trkpt>
      <trkpt lat="-25.397255122661590576171875" lon="-49.0139893256127834320068359375">
        <ele>966.20001220703125</ele>
        <time>2025-04-05T07:54:09.000Z</time>
        <extensions>
          <ns3:TrackPointExtension>
            <ns3:hr>79</ns3:hr>
          </ns3:TrackPointExtension>
        </extensions>
      </trkpt>
      <trkpt lat="-25.39728487841784954071044921875" lon="-49.0140024013817310333251953125">
        <ele>966</ele>
        <time>2025-04-05T07:54:11.000Z</time>
        <extensions>
          <ns3:TrackPointExtension>
            <ns3:hr>76</ns3:hr>
          </ns3:TrackPointExtension>
        </extensions>
      </trkpt>
      <trkpt lat="-25.3972886502742767333984375" lon="-49.0140074305236339569091796875">
        <ele>965.79998779296875</ele>
        <time>2025-04-05T07:54:12.000Z</time>
        <extensions>
          <ns3:TrackPointExtension>
            <ns3:hr>80</ns3:hr>
          </ns3:TrackPointExtension>
        </extensions>
      </trkpt>
      <trkpt lat="-25.39729091338813304901123046875" lon="-49.01401438750326633453369140625">
        <ele>965.79998779296875</ele>
        <time>2025-04-05T07:54:13.000Z</time>
        <extensions>
          <ns3:TrackPointExtension>
            <ns3:hr>77</ns3:hr>
          </ns3:TrackPointExtension>
        </extensions>
      </trkpt>
      <trkpt lat="-25.39730683900415897369384765625" lon="-49.01403064839541912078857421875">
        <ele>965.5999755859375</ele>
        <time>2025-04-05T07:54:15.000Z</time>
        <extensions>
          <ns3:TrackPointExtension>
            <ns3:hr>77</ns3:hr>
          </ns3:TrackPointExtension>
        </extensions>
      </trkpt>
      <trkpt lat="-25.397331230342388153076171875" lon="-49.01403182186186313629150390625">
        <ele>965.4000244140625</ele>
        <time>2025-04-05T07:54:17.000Z</time>
        <extensions>
          <ns3:TrackPointExtension>
            <ns3:hr>78</ns3:hr>
          </ns3:TrackPointExtension>
        </extensions>
      </trkpt>
      <trkpt lat="-25.39742284454405307769775390625" lon="-49.014021344482898712158203125">
        <ele>965.4000244140625</ele>
        <time>2025-04-05T07:54:23.000Z</time>
        <extensions>
          <ns3:TrackPointExtension>
            <ns3:hr>77</ns3:hr>
          </ns3:TrackPointExtension>
        </extensions>
      </trkpt>
      <trkpt lat="-25.397432483732700347900390625" lon="-49.01401723735034465789794921875">
        <ele>965.5999755859375</ele>
        <time>2025-04-05T07:54:24.000Z</time>
        <extensions>
          <ns3:TrackPointExtension>
            <ns3:hr>77</ns3:hr>
          </ns3:TrackPointExtension>
        </extensions>
      </trkpt>
      <trkpt lat="-25.3974490799009799957275390625" lon="-49.0140263736248016357421875">
        <ele>965.5999755859375</ele>
        <time>2025-04-05T07:54:26.000Z</time>
        <extensions>
          <ns3:TrackPointExtension>
            <ns3:hr>76</ns3:hr>
          </ns3:TrackPointExtension>
        </extensions>
      </trkpt>
      <trkpt lat="-25.39745184592902660369873046875" lon="-49.014030396938323974609375">
        <ele>965.79998779296875</ele>
        <time>2025-04-05T07:54:27.000Z</time>
        <extensions>
          <ns3:TrackPointExtension>
            <ns3:hr>73</ns3:hr>
          </ns3:TrackPointExtension>
        </extensions>
      </trkpt>
      <trkpt lat="-25.3974604792892932891845703125" lon="-49.0140335820615291595458984375">
        <ele>966</ele>
        <time>2025-04-05T07:54:28.000Z</time>
        <extensions>
          <ns3:TrackPointExtension>
            <ns3:hr>76</ns3:hr>
          </ns3:TrackPointExtension>
        </extensions>
      </trkpt>
      <trkpt lat="-25.397484116256237030029296875" lon="-49.01405579410493373870849609375">
        <ele>966</ele>
        <time>2025-04-05T07:54:30.000Z</time>
        <extensions>
          <ns3:TrackPointExtension>
            <ns3:hr>77</ns3:hr>
          </ns3:TrackPointExtension>
        </extensions>
      </trkpt>
      <trkpt lat="-25.3975795023143291473388671875" lon="-49.01406995952129364013671875">
        <ele>966.20001220703125</ele>
        <time>2025-04-05T07:54:34.000Z</time>
        <extensions>
          <ns3:TrackPointExtension>
            <ns3:hr>75</ns3:hr>
          </ns3:TrackPointExtension>
        </extensions>
      </trkpt>
      <trkpt lat="-25.3976147063076496124267578125" lon="-49.0140704624354839324951171875">
        <ele>966</ele>
        <time>2025-04-05T07:54:37.000Z</time>
        <extensions>
          <ns3:TrackPointExtension>
            <ns3:hr>72</ns3:hr>
          </ns3:TrackPointExtension>
        </extensions>
      </trkpt>
      <trkpt lat="-25.39761059917509555816650390625" lon="-49.01407004334032535552978515625">
        <ele>965.5999755859375</ele>
        <time>2025-04-05T07:54:38.000Z</time>
        <extensions>
          <ns3:TrackPointExtension>
            <ns3:hr>73</ns3:hr>
          </ns3:TrackPointExtension>
        </extensions>
      </trkpt>
      <trkpt lat="-25.3975989483296871185302734375" lon="-49.0140865556895732879638671875">
        <ele>964.20001220703125</ele>
        <time>2025-04-05T07:54:41.000Z</time>
        <extensions>
          <ns3:TrackPointExtension>
            <ns3:hr>76</ns3:hr>
          </ns3:TrackPointExtension>
        </extensions>
      </trkpt>
      <trkpt lat="-25.39759936742484569549560546875" lon="-49.014091752469539642333984375">
        <ele>963.5999755859375</ele>
        <time>2025-04-05T07:54:43.000Z</time>
        <extensions>
          <ns3:TrackPointExtension>
            <ns3:hr>79</ns3:hr>
          </ns3:TrackPointExtension>
        </extensions>
      </trkpt>
      <trkpt lat="-25.39760104380548000335693359375" lon="-49.01408563368022441864013671875">
        <ele>963.20001220703125</ele>
        <time>2025-04-05T07:54:45.000Z</time>
        <extensions>
          <ns3:TrackPointExtension>
            <ns3:hr>79</ns3:hr>
          </ns3:TrackPointExtension>
        </extensions>
      </trkpt>
      <trkpt lat="-25.39761579595506191253662109375" lon="-49.01409066282212734222412109375">
        <ele>963.20001220703125</ele>
        <time>2025-04-05T07:54:47.000Z</time>
        <extensions>
          <ns3:TrackPointExtension>
            <ns3:hr>76</ns3:hr>
          </ns3:TrackPointExtension>
        </extensions>
      </trkpt>
      <trkpt lat="-25.39764328859746456146240234375" lon="-49.01409703306853771209716796875">
        <ele>963.20001220703125</ele>
        <time>2025-04-05T07:54:48.000Z</time>
        <extensions>
          <ns3:TrackPointExtension>
            <ns3:hr>79</ns3:hr>
          </ns3:TrackPointExtension>
        </extensions>
      </trkpt>
      <trkpt lat="-25.39767614565789699554443359375" lon="-49.01411664672195911407470703125">
        <ele>963.5999755859375</ele>
        <time>2025-04-05T07:54:50.000Z</time>
        <extensions>
          <ns3:TrackPointExtension>
            <ns3:hr>79</ns3:hr>
          </ns3:TrackPointExtension>
        </extensions>
      </trkpt>
      <trkpt lat="-25.39764882065355777740478515625" lon="-49.0140821970999240875244140625">
        <ele>964.20001220703125</ele>
        <time>2025-04-05T07:54:52.000Z</time>
        <extensions>
          <ns3:TrackPointExtension>
            <ns3:hr>79</ns3:hr>
          </ns3:TrackPointExtension>
        </extensions>
      </trkpt>
      <trkpt lat="-25.3977186419069766998291015625" lon="-49.01411262340843677520751953125">
        <ele>964.4000244140625</ele>
        <time>2025-04-05T07:54:55.000Z</time>
        <extensions>
          <ns3:TrackPointExtension>
            <ns3:hr>81</ns3:hr>
          </ns3:TrackPointExtension>
        </extensions>
      </trkpt>
      <trkpt lat="-25.39775929413735866546630859375" lon="-49.014127962291240692138671875">
        <ele>964</ele>
        <time>2025-04-05T07:54:59.000Z</time>
        <extensions>
          <ns3:TrackPointExtension>
            <ns3:hr>79</ns3:hr>
          </ns3:TrackPointExtension>
        </extensions>
      </trkpt>
      <trkpt lat="-25.39778796024620532989501953125" lon="-49.014148414134979248046875">
        <ele>963.79998779296875</ele>
        <time>2025-04-05T07:55:01.000Z</time>
        <extensions>
          <ns3:TrackPointExtension>
            <ns3:hr>82</ns3:hr>
          </ns3:TrackPointExtension>
        </extensions>
      </trkpt>
      <trkpt lat="-25.39781847037374973297119140625" lon="-49.014208428561687469482421875">
        <ele>964.20001220703125</ele>
        <time>2025-04-05T07:55:06.000Z</time>
        <extensions>
          <ns3:TrackPointExtension>
            <ns3:hr>81</ns3:hr>
          </ns3:TrackPointExtension>
        </extensions>
      </trkpt>
      <trkpt lat="-25.39785526692867279052734375" lon="-49.0142545290291309356689453125">
        <ele>965.5999755859375</ele>
        <time>2025-04-05T07:55:10.000Z</time>
        <extensions>
          <ns3:TrackPointExtension>
            <ns3:hr>81</ns3:hr>
          </ns3:TrackPointExtension>
        </extensions>
      </trkpt>
      <trkpt lat="-25.39786306209862232208251953125" lon="-49.01426383294165134429931640625">
        <ele>966</ele>
        <time>2025-04-05T07:55:11.000Z</time>
        <extensions>
          <ns3:TrackPointExtension>
            <ns3:hr>81</ns3:hr>
          </ns3:TrackPointExtension>
        </extensions>
      </trkpt>
      <trkpt lat="-25.39788234047591686248779296875" lon="-49.01427556760609149932861328125">
        <ele>966.79998779296875</ele>
        <time>2025-04-05T07:55:14.000Z</time>
        <extensions>
          <ns3:TrackPointExtension>
            <ns3:hr>84</ns3:hr>
          </ns3:TrackPointExtension>
        </extensions>
      </trkpt>
      <trkpt lat="-25.39789223112165927886962890625" lon="-49.01427707634866237640380859375">
        <ele>967</ele>
        <time>2025-04-05T07:55:15.000Z</time>
        <extensions>
          <ns3:TrackPointExtension>
            <ns3:hr>82</ns3:hr>
          </ns3:TrackPointExtension>
        </extensions>
      </trkpt>
      <trkpt lat="-25.39790279231965541839599609375" lon="-49.01428520679473876953125">
        <ele>967.20001220703125</ele>
        <time>2025-04-05T07:55:17.000Z</time>
        <extensions>
          <ns3:TrackPointExtension>
            <ns3:hr>85</ns3:hr>
          </ns3:TrackPointExtension>
        </extensions>
      </trkpt>
      <trkpt lat="-25.39791553281247615814208984375" lon="-49.01430389843881130218505859375">
        <ele>967.5999755859375</ele>
        <time>2025-04-05T07:55:19.000Z</time>
        <extensions>
          <ns3:TrackPointExtension>
            <ns3:hr>82</ns3:hr>
          </ns3:TrackPointExtension>
        </extensions>
      </trkpt>
      <trkpt lat="-25.397917963564395904541015625" lon="-49.01431135833263397216796875">
        <ele>968</ele>
        <time>2025-04-05T07:55:20.000Z</time>
        <extensions>
          <ns3:TrackPointExtension>
            <ns3:hr>82</ns3:hr>
          </ns3:TrackPointExtension>
        </extensions>
      </trkpt>
      <trkpt lat="-25.39793145842850208282470703125" lon="-49.01433709077537059783935546875">
        <ele>968.20001220703125</ele>
        <time>2025-04-05T07:55:22.000Z</time>
        <extensions>
          <ns3:TrackPointExtension>
            <ns3:hr>80</ns3:hr>
          </ns3:TrackPointExtension>
        </extensions>
      </trkpt>
      <trkpt lat="-25.397965908050537109375" lon="-49.014398865401744842529296875">
        <ele>968.5999755859375</ele>
        <time>2025-04-05T07:55:27.000Z</time>
        <extensions>
          <ns3:TrackPointExtension>
            <ns3:hr>79</ns3:hr>
          </ns3:TrackPointExtension>
        </extensions>
      </trkpt>
      <trkpt lat="-25.39799331687390804290771484375" lon="-49.0144496597349643707275390625">
        <ele>968</ele>
        <time>2025-04-05T07:55:31.000Z</time>
        <extensions>
          <ns3:TrackPointExtension>
            <ns3:hr>79</ns3:hr>
          </ns3:TrackPointExtension>
        </extensions>
      </trkpt>
      <trkpt lat="-25.39800547063350677490234375" lon="-49.01447371579706668853759765625">
        <ele>967.79998779296875</ele>
        <time>2025-04-05T07:55:33.000Z</time>
        <extensions>
          <ns3:TrackPointExtension>
            <ns3:hr>79</ns3:hr>
          </ns3:TrackPointExtension>
        </extensions>
      </trkpt>
      <trkpt lat="-25.39800371043384075164794921875" lon="-49.01447991840541362762451171875">
        <ele>968</ele>
        <time>2025-04-05T07:55:34.000Z</time>
        <extensions>
          <ns3:TrackPointExtension>
            <ns3:hr>79</ns3:hr>
          </ns3:TrackPointExtension>
        </extensions>
      </trkpt>
      <trkpt lat="-25.398024581372737884521484375" lon="-49.014510177075862884521484375">
        <ele>968.4000244140625</ele>
        <time>2025-04-05T07:55:36.000Z</time>
        <extensions>
          <ns3:TrackPointExtension>
            <ns3:hr>80</ns3:hr>
          </ns3:TrackPointExtension>
        </extensions>
      </trkpt>
      <trkpt lat="-25.39806288667023181915283203125" lon="-49.01454730890691280364990234375">
        <ele>969.5999755859375</ele>
        <time>2025-04-05T07:55:39.000Z</time>
        <extensions>
          <ns3:TrackPointExtension>
            <ns3:hr>80</ns3:hr>
          </ns3:TrackPointExtension>
        </extensions>
      </trkpt>
      <trkpt lat="-25.39805919863283634185791015625" lon="-49.0145552717149257659912109375">
        <ele>970</ele>
        <time>2025-04-05T07:55:40.000Z</time>
        <extensions>
          <ns3:TrackPointExtension>
            <ns3:hr>81</ns3:hr>
          </ns3:TrackPointExtension>
        </extensions>
      </trkpt>
      <trkpt lat="-25.39805349893867969512939453125" lon="-49.01457287371158599853515625">
        <ele>971</ele>
        <time>2025-04-05T07:55:43.000Z</time>
        <extensions>
          <ns3:TrackPointExtension>
            <ns3:hr>80</ns3:hr>
          </ns3:TrackPointExtension>
        </extensions>
      </trkpt>
      <trkpt lat="-25.39807914756238460540771484375" lon="-49.01461319066584110260009765625">
        <ele>971.5999755859375</ele>
        <time>2025-04-05T07:55:50.000Z</time>
        <extensions>
          <ns3:TrackPointExtension>
            <ns3:hr>79</ns3:hr>
          </ns3:TrackPointExtension>
        </extensions>
      </trkpt>
      <trkpt lat="-25.3981149382889270782470703125" lon="-49.01464219205081462860107421875">
        <ele>972</ele>
        <time>2025-04-05T07:55:54.000Z</time>
        <extensions>
          <ns3:TrackPointExtension>
            <ns3:hr>80</ns3:hr>
          </ns3:TrackPointExtension>
        </extensions>
      </trkpt>
      <trkpt lat="-25.39813765324652194976806640625" lon="-49.01469600386917591094970703125">
        <ele>972.4000244140625</ele>
        <time>2025-04-05T07:55:58.000Z</time>
        <extensions>
          <ns3:TrackPointExtension>
            <ns3:hr>83</ns3:hr>
          </ns3:TrackPointExtension>
        </extensions>
      </trkpt>
      <trkpt lat="-25.39814720861613750457763671875" lon="-49.01470296084880828857421875">
        <ele>972.4000244140625</ele>
        <time>2025-04-05T07:56:00.000Z</time>
        <extensions>
          <ns3:TrackPointExtension>
            <ns3:hr>83</ns3:hr>
          </ns3:TrackPointExtension>
        </extensions>
      </trkpt>
      <trkpt lat="-25.398150980472564697265625" lon="-49.0147014521062374114990234375">
        <ele>972.4000244140625</ele>
        <time>2025-04-05T07:56:01.000Z</time>
        <extensions>
          <ns3:TrackPointExtension>
            <ns3:hr>82</ns3:hr>
          </ns3:TrackPointExtension>
        </extensions>
      </trkpt>
      <trkpt lat="-25.39820604957640171051025390625" lon="-49.01472265832126140594482421875">
        <ele>971.79998779296875</ele>
        <time>2025-04-05T07:56:05.000Z</time>
        <extensions>
          <ns3:TrackPointExtension>
            <ns3:hr>84</ns3:hr>
          </ns3:TrackPointExtension>
        </extensions>
      </trkpt>
      <trkpt lat="-25.398215018212795257568359375" lon="-49.0147212333977222442626953125">
        <ele>971.79998779296875</ele>
        <time>2025-04-05T07:56:06.000Z</time>
        <extensions>
          <ns3:TrackPointExtension>
            <ns3:hr>83</ns3:hr>
          </ns3:TrackPointExtension>
        </extensions>
      </trkpt>
      <trkpt lat="-25.39825935848057270050048828125" lon="-49.01474210433661937713623046875">
        <ele>971.4000244140625</ele>
        <time>2025-04-05T07:56:10.000Z</time>
        <extensions>
          <ns3:TrackPointExtension>
            <ns3:hr>87</ns3:hr>
          </ns3:TrackPointExtension>
        </extensions>
      </trkpt>
      <trkpt lat="-25.39827595464885234832763671875" lon="-49.01475400663912296295166015625">
        <ele>971.5999755859375</ele>
        <time>2025-04-05T07:56:11.000Z</time>
        <extensions>
          <ns3:TrackPointExtension>
            <ns3:hr>85</ns3:hr>
          </ns3:TrackPointExtension>
        </extensions>
      </trkpt>
      <trkpt lat="-25.39830780588090419769287109375" lon="-49.0147594548761844635009765625">
        <ele>972.5999755859375</ele>
        <time>2025-04-05T07:56:16.000Z</time>
        <extensions>
          <ns3:TrackPointExtension>
            <ns3:hr>82</ns3:hr>
          </ns3:TrackPointExtension>
        </extensions>
      </trkpt>
      <trkpt lat="-25.39831124246120452880859375" lon="-49.0147601254284381866455078125">
        <ele>972.79998779296875</ele>
        <time>2025-04-05T07:56:17.000Z</time>
        <extensions>
          <ns3:TrackPointExtension>
            <ns3:hr>81</ns3:hr>
          </ns3:TrackPointExtension>
        </extensions>
      </trkpt>
      <trkpt lat="-25.39831124246120452880859375" lon="-49.01476054452359676361083984375">
        <ele>973.20001220703125</ele>
        <time>2025-04-05T07:56:18.000Z</time>
        <extensions>
          <ns3:TrackPointExtension>
            <ns3:hr>84</ns3:hr>
          </ns3:TrackPointExtension>
        </extensions>
      </trkpt>
      <trkpt lat="-25.39836916141211986541748046875" lon="-49.01479071937501430511474609375">
        <ele>974.79998779296875</ele>
        <time>2025-04-05T07:56:24.000Z</time>
        <extensions>
          <ns3:TrackPointExtension>
            <ns3:hr>84</ns3:hr>
          </ns3:TrackPointExtension>
        </extensions>
      </trkpt>
      <trkpt lat="-25.39839061908423900604248046875" lon="-49.01478703133761882781982421875">
        <ele>975.20001220703125</ele>
        <time>2025-04-05T07:56:26.000Z</time>
        <extensions>
          <ns3:TrackPointExtension>
            <ns3:hr>84</ns3:hr>
          </ns3:TrackPointExtension>
        </extensions>
      </trkpt>
      <trkpt lat="-25.3983989171683788299560546875" lon="-49.01478619314730167388916015625">
        <ele>975.20001220703125</ele>
        <time>2025-04-05T07:56:27.000Z</time>
        <extensions>
          <ns3:TrackPointExtension>
            <ns3:hr>88</ns3:hr>
          </ns3:TrackPointExtension>
        </extensions>
      </trkpt>
      <trkpt lat="-25.39842255413532257080078125" lon="-49.0147886238992214202880859375">
        <ele>975.5999755859375</ele>
        <time>2025-04-05T07:56:29.000Z</time>
        <extensions>
          <ns3:TrackPointExtension>
            <ns3:hr>88</ns3:hr>
          </ns3:TrackPointExtension>
        </extensions>
      </trkpt>
      <trkpt lat="-25.3984331153333187103271484375" lon="-49.0147862769663333892822265625">
        <ele>975.5999755859375</ele>
        <time>2025-04-05T07:56:30.000Z</time>
        <extensions>
          <ns3:TrackPointExtension>
            <ns3:hr>84</ns3:hr>
          </ns3:TrackPointExtension>
        </extensions>
      </trkpt>
      <trkpt lat="-25.39844208396971225738525390625" lon="-49.01478074491024017333984375">
        <ele>975.79998779296875</ele>
        <time>2025-04-05T07:56:31.000Z</time>
        <extensions>
          <ns3:TrackPointExtension>
            <ns3:hr>84</ns3:hr>
          </ns3:TrackPointExtension>
        </extensions>
      </trkpt>
      <trkpt lat="-25.398461781442165374755859375" lon="-49.01477362029254436492919921875">
        <ele>976.4000244140625</ele>
        <time>2025-04-05T07:56:33.000Z</time>
        <extensions>
          <ns3:TrackPointExtension>
            <ns3:hr>86</ns3:hr>
          </ns3:TrackPointExtension>
        </extensions>
      </trkpt>
      <trkpt lat="-25.39847225882112979888916015625" lon="-49.0147732011973857879638671875">
        <ele>976.5999755859375</ele>
        <time>2025-04-05T07:56:34.000Z</time>
        <extensions>
          <ns3:TrackPointExtension>
            <ns3:hr>88</ns3:hr>
          </ns3:TrackPointExtension>
        </extensions>
      </trkpt>
      <trkpt lat="-25.39849120192229747772216796875" lon="-49.01477797888219356536865234375">
        <ele>977.4000244140625</ele>
        <time>2025-04-05T07:56:37.000Z</time>
        <extensions>
          <ns3:TrackPointExtension>
            <ns3:hr>84</ns3:hr>
          </ns3:TrackPointExtension>
        </extensions>
      </trkpt>
      <trkpt lat="-25.3985005058348178863525390625" lon="-49.0147839300334453582763671875">
        <ele>977.5999755859375</ele>
        <time>2025-04-05T07:56:38.000Z</time>
        <extensions>
          <ns3:TrackPointExtension>
            <ns3:hr>81</ns3:hr>
          </ns3:TrackPointExtension>
        </extensions>
      </trkpt>
      <trkpt lat="-25.39851064793765544891357421875" lon="-49.01478736661374568939208984375">
        <ele>977.5999755859375</ele>
        <time>2025-04-05T07:56:39.000Z</time>
        <extensions>
          <ns3:TrackPointExtension>
            <ns3:hr>81</ns3:hr>
          </ns3:TrackPointExtension>
        </extensions>
      </trkpt>
      <trkpt lat="-25.39859019219875335693359375" lon="-49.01483237743377685546875">
        <ele>978.4000244140625</ele>
        <time>2025-04-05T07:56:45.000Z</time>
        <extensions>
          <ns3:TrackPointExtension>
            <ns3:hr>84</ns3:hr>
          </ns3:TrackPointExtension>
        </extensions>
      </trkpt>
      <trkpt lat="-25.3986121527850627899169921875" lon="-49.01483430527150630950927734375">
        <ele>978.5999755859375</ele>
        <time>2025-04-05T07:56:47.000Z</time>
        <extensions>
          <ns3:TrackPointExtension>
            <ns3:hr>81</ns3:hr>
          </ns3:TrackPointExtension>
        </extensions>
      </trkpt>
      <trkpt lat="-25.3986389748752117156982421875" lon="-49.0148382447659969329833984375">
        <ele>978.79998779296875</ele>
        <time>2025-04-05T07:56:49.000Z</time>
        <extensions>
          <ns3:TrackPointExtension>
            <ns3:hr>83</ns3:hr>
          </ns3:TrackPointExtension>
        </extensions>
      </trkpt>
      <trkpt lat="-25.39865397848188877105712890625" lon="-49.0148412622511386871337890625">
        <ele>979</ele>
        <time>2025-04-05T07:56:51.000Z</time>
        <extensions>
          <ns3:TrackPointExtension>
            <ns3:hr>83</ns3:hr>
          </ns3:TrackPointExtension>
        </extensions>
      </trkpt>
      <trkpt lat="-25.39869555272161960601806640625" lon="-49.01483195833861827850341796875">
        <ele>978.79998779296875</ele>
        <time>2025-04-05T07:56:54.000Z</time>
        <extensions>
          <ns3:TrackPointExtension>
            <ns3:hr>83</ns3:hr>
          </ns3:TrackPointExtension>
        </extensions>
      </trkpt>
      <trkpt lat="-25.39872908033430576324462890625" lon="-49.01483279652893543243408203125">
        <ele>978.4000244140625</ele>
        <time>2025-04-05T07:56:56.000Z</time>
        <extensions>
          <ns3:TrackPointExtension>
            <ns3:hr>82</ns3:hr>
          </ns3:TrackPointExtension>
        </extensions>
      </trkpt>
      <trkpt lat="-25.39875221438705921173095703125" lon="-49.0148422680795192718505859375">
        <ele>978.20001220703125</ele>
        <time>2025-04-05T07:56:57.000Z</time>
        <extensions>
          <ns3:TrackPointExtension>
            <ns3:hr>84</ns3:hr>
          </ns3:TrackPointExtension>
        </extensions>
      </trkpt>
      <trkpt lat="-25.3987905196845531463623046875" lon="-49.014829359948635101318359375">
        <ele>977.5999755859375</ele>
        <time>2025-04-05T07:57:00.000Z</time>
        <extensions>
          <ns3:TrackPointExtension>
            <ns3:hr>83</ns3:hr>
          </ns3:TrackPointExtension>
        </extensions>
      </trkpt>
      <trkpt lat="-25.3988089598715305328369140625" lon="-49.01483095251023769378662109375">
        <ele>977.4000244140625</ele>
        <time>2025-04-05T07:57:01.000Z</time>
        <extensions>
          <ns3:TrackPointExtension>
            <ns3:hr>85</ns3:hr>
          </ns3:TrackPointExtension>
        </extensions>
      </trkpt>
      <trkpt lat="-25.3988508693873882293701171875" lon="-49.01481871493160724639892578125">
        <ele>975.79998779296875</ele>
        <time>2025-04-05T07:57:04.000Z</time>
        <extensions>
          <ns3:TrackPointExtension>
            <ns3:hr>82</ns3:hr>
          </ns3:TrackPointExtension>
        </extensions>
      </trkpt>
      <trkpt lat="-25.39887190796434879302978515625" lon="-49.0148221515119075775146484375">
        <ele>975.4000244140625</ele>
        <time>2025-04-05T07:57:05.000Z</time>
        <extensions>
          <ns3:TrackPointExtension>
            <ns3:hr>85</ns3:hr>
          </ns3:TrackPointExtension>
        </extensions>
      </trkpt>
      <trkpt lat="-25.3988927789032459259033203125" lon="-49.014824666082859039306640625">
        <ele>974</ele>
        <time>2025-04-05T07:57:07.000Z</time>
        <extensions>
          <ns3:TrackPointExtension>
            <ns3:hr>85</ns3:hr>
          </ns3:TrackPointExtension>
        </extensions>
      </trkpt>
      <trkpt lat="-25.3988993167877197265625" lon="-49.01481653563678264617919921875">
        <ele>973.4000244140625</ele>
        <time>2025-04-05T07:57:08.000Z</time>
        <extensions>
          <ns3:TrackPointExtension>
            <ns3:hr>84</ns3:hr>
          </ns3:TrackPointExtension>
        </extensions>
      </trkpt>
      <trkpt lat="-25.39889973588287830352783203125" lon="-49.0147909708321094512939453125">
        <ele>972.5999755859375</ele>
        <time>2025-04-05T07:57:10.000Z</time>
        <extensions>
          <ns3:TrackPointExtension>
            <ns3:hr>84</ns3:hr>
          </ns3:TrackPointExtension>
        </extensions>
      </trkpt>
      <trkpt lat="-25.3989757597446441650390625" lon="-49.014744199812412261962890625">
        <ele>972.20001220703125</ele>
        <time>2025-04-05T07:57:15.000Z</time>
        <extensions>
          <ns3:TrackPointExtension>
            <ns3:hr>83</ns3:hr>
          </ns3:TrackPointExtension>
        </extensions>
      </trkpt>
      <trkpt lat="-25.3989712335169315338134765625" lon="-49.01470522396266460418701171875">
        <ele>972.20001220703125</ele>
        <time>2025-04-05T07:57:17.000Z</time>
        <extensions>
          <ns3:TrackPointExtension>
            <ns3:hr>83</ns3:hr>
          </ns3:TrackPointExtension>
        </extensions>
      </trkpt>
      <trkpt lat="-25.39896729402244091033935546875" lon="-49.01466750539839267730712890625">
        <ele>972.20001220703125</ele>
        <time>2025-04-05T07:57:19.000Z</time>
        <extensions>
          <ns3:TrackPointExtension>
            <ns3:hr>83</ns3:hr>
          </ns3:TrackPointExtension>
        </extensions>
      </trkpt>
      <trkpt lat="-25.39896436035633087158203125" lon="-49.014620818197727203369140625">
        <ele>972.5999755859375</ele>
        <time>2025-04-05T07:57:22.000Z</time>
        <extensions>
          <ns3:TrackPointExtension>
            <ns3:hr>85</ns3:hr>
          </ns3:TrackPointExtension>
        </extensions>
      </trkpt>
      <trkpt lat="-25.39895907975733280181884765625" lon="-49.01461201719939708709716796875">
        <ele>972.79998779296875</ele>
        <time>2025-04-05T07:57:23.000Z</time>
        <extensions>
          <ns3:TrackPointExtension>
            <ns3:hr>84</ns3:hr>
          </ns3:TrackPointExtension>
        </extensions>
      </trkpt>
      <trkpt lat="-25.39897064678370952606201171875" lon="-49.01459156535565853118896484375">
        <ele>973.20001220703125</ele>
        <time>2025-04-05T07:57:25.000Z</time>
        <extensions>
          <ns3:TrackPointExtension>
            <ns3:hr>85</ns3:hr>
          </ns3:TrackPointExtension>
        </extensions>
      </trkpt>
      <trkpt lat="-25.3989950381219387054443359375" lon="-49.01457396335899829864501953125">
        <ele>973.79998779296875</ele>
        <time>2025-04-05T07:57:27.000Z</time>
        <extensions>
          <ns3:TrackPointExtension>
            <ns3:hr>85</ns3:hr>
          </ns3:TrackPointExtension>
        </extensions>
      </trkpt>
      <trkpt lat="-25.399031750857830047607421875" lon="-49.014555104076862335205078125">
        <ele>974.20001220703125</ele>
        <time>2025-04-05T07:57:30.000Z</time>
        <extensions>
          <ns3:TrackPointExtension>
            <ns3:hr>85</ns3:hr>
          </ns3:TrackPointExtension>
        </extensions>
      </trkpt>
      <trkpt lat="-25.39906200952827930450439453125" lon="-49.014536328613758087158203125">
        <ele>974.20001220703125</ele>
        <time>2025-04-05T07:57:32.000Z</time>
        <extensions>
          <ns3:TrackPointExtension>
            <ns3:hr>85</ns3:hr>
          </ns3:TrackPointExtension>
        </extensions>
      </trkpt>
      <trkpt lat="-25.39913208223879337310791015625" lon="-49.014494419097900390625">
        <ele>974.4000244140625</ele>
        <time>2025-04-05T07:57:38.000Z</time>
        <extensions>
          <ns3:TrackPointExtension>
            <ns3:hr>87</ns3:hr>
          </ns3:TrackPointExtension>
        </extensions>
      </trkpt>
      <trkpt lat="-25.399157144129276275634765625" lon="-49.01448628865182399749755859375">
        <ele>974.20001220703125</ele>
        <time>2025-04-05T07:57:40.000Z</time>
        <extensions>
          <ns3:TrackPointExtension>
            <ns3:hr>85</ns3:hr>
          </ns3:TrackPointExtension>
        </extensions>
      </trkpt>
      <trkpt lat="-25.399173907935619354248046875" lon="-49.0144313871860504150390625">
        <ele>973</ele>
        <time>2025-04-05T07:57:43.000Z</time>
        <extensions>
          <ns3:TrackPointExtension>
            <ns3:hr>85</ns3:hr>
          </ns3:TrackPointExtension>
        </extensions>
      </trkpt>
      <trkpt lat="-25.39917466230690479278564453125" lon="-49.0143772400915622711181640625">
        <ele>971.5999755859375</ele>
        <time>2025-04-05T07:57:46.000Z</time>
        <extensions>
          <ns3:TrackPointExtension>
            <ns3:hr>84</ns3:hr>
          </ns3:TrackPointExtension>
        </extensions>
      </trkpt>
      <trkpt lat="-25.3991734050214290618896484375" lon="-49.014356620609760284423828125">
        <ele>971</ele>
        <time>2025-04-05T07:57:48.000Z</time>
        <extensions>
          <ns3:TrackPointExtension>
            <ns3:hr>86</ns3:hr>
          </ns3:TrackPointExtension>
        </extensions>
      </trkpt>
      <trkpt lat="-25.39922277443110942840576171875" lon="-49.01435519568622112274169921875">
        <ele>970.79998779296875</ele>
        <time>2025-04-05T07:57:52.000Z</time>
        <extensions>
          <ns3:TrackPointExtension>
            <ns3:hr>87</ns3:hr>
          </ns3:TrackPointExtension>
        </extensions>
      </trkpt>
      <trkpt lat="-25.39924004115164279937744140625" lon="-49.0143557824194431304931640625">
        <ele>970.79998779296875</ele>
        <time>2025-04-05T07:57:53.000Z</time>
        <extensions>
          <ns3:TrackPointExtension>
            <ns3:hr>84</ns3:hr>
          </ns3:TrackPointExtension>
        </extensions>
      </trkpt>
      <trkpt lat="-25.39924909360706806182861328125" lon="-49.0143413655459880828857421875">
        <ele>970.5999755859375</ele>
        <time>2025-04-05T07:57:55.000Z</time>
        <extensions>
          <ns3:TrackPointExtension>
            <ns3:hr>82</ns3:hr>
          </ns3:TrackPointExtension>
        </extensions>
      </trkpt>
      <trkpt lat="-25.399263761937618255615234375" lon="-49.01433507911860942840576171875">
        <ele>970.20001220703125</ele>
        <time>2025-04-05T07:57:58.000Z</time>
        <extensions>
          <ns3:TrackPointExtension>
            <ns3:hr>83</ns3:hr>
          </ns3:TrackPointExtension>
        </extensions>
      </trkpt>
      <trkpt lat="-25.3992635942995548248291015625" lon="-49.0143160521984100341796875">
        <ele>969.4000244140625</ele>
        <time>2025-04-05T07:58:00.000Z</time>
        <extensions>
          <ns3:TrackPointExtension>
            <ns3:hr>85</ns3:hr>
          </ns3:TrackPointExtension>
        </extensions>
      </trkpt>
      <trkpt lat="-25.39926216937601566314697265625" lon="-49.01430523954331874847412109375">
        <ele>969</ele>
        <time>2025-04-05T07:58:01.000Z</time>
        <extensions>
          <ns3:TrackPointExtension>
            <ns3:hr>84</ns3:hr>
          </ns3:TrackPointExtension>
        </extensions>
      </trkpt>
      <trkpt lat="-25.399223528802394866943359375" lon="-49.01423382572829723358154296875">
        <ele>968.20001220703125</ele>
        <time>2025-04-05T07:58:05.000Z</time>
        <extensions>
          <ns3:TrackPointExtension>
            <ns3:hr>81</ns3:hr>
          </ns3:TrackPointExtension>
        </extensions>
      </trkpt>
      <trkpt lat="-25.3992320783436298370361328125" lon="-49.01422242633998394012451171875">
        <ele>968</ele>
        <time>2025-04-05T07:58:07.000Z</time>
        <extensions>
          <ns3:TrackPointExtension>
            <ns3:hr>84</ns3:hr>
          </ns3:TrackPointExtension>
        </extensions>
      </trkpt>
      <trkpt lat="-25.39927021600306034088134765625" lon="-49.014198370277881622314453125">
        <ele>968.4000244140625</ele>
        <time>2025-04-05T07:58:10.000Z</time>
        <extensions>
          <ns3:TrackPointExtension>
            <ns3:hr>85</ns3:hr>
          </ns3:TrackPointExtension>
        </extensions>
      </trkpt>
      <trkpt lat="-25.3992749936878681182861328125" lon="-49.014170877635478973388671875">
        <ele>968.79998779296875</ele>
        <time>2025-04-05T07:58:11.000Z</time>
        <extensions>
          <ns3:TrackPointExtension>
            <ns3:hr>83</ns3:hr>
          </ns3:TrackPointExtension>
        </extensions>
      </trkpt>
      <trkpt lat="-25.39929435588419437408447265625" lon="-49.0141676925122737884521484375">
        <ele>969.4000244140625</ele>
        <time>2025-04-05T07:58:12.000Z</time>
        <extensions>
          <ns3:TrackPointExtension>
            <ns3:hr>86</ns3:hr>
          </ns3:TrackPointExtension>
        </extensions>
      </trkpt>
      <trkpt lat="-25.39933316409587860107421875" lon="-49.01417791843414306640625">
        <ele>970.20001220703125</ele>
        <time>2025-04-05T07:58:14.000Z</time>
        <extensions>
          <ns3:TrackPointExtension>
            <ns3:hr>84</ns3:hr>
          </ns3:TrackPointExtension>
        </extensions>
      </trkpt>
      <trkpt lat="-25.399357974529266357421875" lon="-49.01418537832796573638916015625">
        <ele>970.79998779296875</ele>
        <time>2025-04-05T07:58:15.000Z</time>
        <extensions>
          <ns3:TrackPointExtension>
            <ns3:hr>84</ns3:hr>
          </ns3:TrackPointExtension>
        </extensions>
      </trkpt>
      <trkpt lat="-25.39945696480572223663330078125" lon="-49.0141968615353107452392578125">
        <ele>972.79998779296875</ele>
        <time>2025-04-05T07:58:20.000Z</time>
        <extensions>
          <ns3:TrackPointExtension>
            <ns3:hr>88</ns3:hr>
          </ns3:TrackPointExtension>
        </extensions>
      </trkpt>
      <trkpt lat="-25.39948278106749057769775390625" lon="-49.01418688707053661346435546875">
        <ele>973.20001220703125</ele>
        <time>2025-04-05T07:58:22.000Z</time>
        <extensions>
          <ns3:TrackPointExtension>
            <ns3:hr>91</ns3:hr>
          </ns3:TrackPointExtension>
        </extensions>
      </trkpt>
      <trkpt lat="-25.39949543774127960205078125" lon="-49.0141685307025909423828125">
        <ele>973.20001220703125</ele>
        <time>2025-04-05T07:58:23.000Z</time>
        <extensions>
          <ns3:TrackPointExtension>
            <ns3:hr>86</ns3:hr>
          </ns3:TrackPointExtension>
        </extensions>
      </trkpt>
      <trkpt lat="-25.39951144717633724212646484375" lon="-49.01415687985718250274658203125">
        <ele>973.4000244140625</ele>
        <time>2025-04-05T07:58:24.000Z</time>
        <extensions>
          <ns3:TrackPointExtension>
            <ns3:hr>88</ns3:hr>
          </ns3:TrackPointExtension>
        </extensions>
      </trkpt>
      <trkpt lat="-25.39959375746548175811767578125" lon="-49.0141700394451618194580078125">
        <ele>974.20001220703125</ele>
        <time>2025-04-05T07:58:28.000Z</time>
        <extensions>
          <ns3:TrackPointExtension>
            <ns3:hr>84</ns3:hr>
          </ns3:TrackPointExtension>
        </extensions>
      </trkpt>
      <trkpt lat="-25.39960540831089019775390625" lon="-49.01416425593197345733642578125">
        <ele>974.20001220703125</ele>
        <time>2025-04-05T07:58:29.000Z</time>
        <extensions>
          <ns3:TrackPointExtension>
            <ns3:hr>86</ns3:hr>
          </ns3:TrackPointExtension>
        </extensions>
      </trkpt>
      <trkpt lat="-25.39963424205780029296875" lon="-49.014138691127300262451171875">
        <ele>974.5999755859375</ele>
        <time>2025-04-05T07:58:32.000Z</time>
        <extensions>
          <ns3:TrackPointExtension>
            <ns3:hr>84</ns3:hr>
          </ns3:TrackPointExtension>
        </extensions>
      </trkpt>
      <trkpt lat="-25.39965762756764888763427734375" lon="-49.01410709135234355926513671875">
        <ele>974.5999755859375</ele>
        <time>2025-04-05T07:58:34.000Z</time>
        <extensions>
          <ns3:TrackPointExtension>
            <ns3:hr>87</ns3:hr>
          </ns3:TrackPointExtension>
        </extensions>
      </trkpt>
      <trkpt lat="-25.39967916905879974365234375" lon="-49.01410457678139209747314453125">
        <ele>974.5999755859375</ele>
        <time>2025-04-05T07:58:35.000Z</time>
        <extensions>
          <ns3:TrackPointExtension>
            <ns3:hr>88</ns3:hr>
          </ns3:TrackPointExtension>
        </extensions>
      </trkpt>
      <trkpt lat="-25.399756617844104766845703125" lon="-49.01412586681544780731201171875">
        <ele>974.79998779296875</ele>
        <time>2025-04-05T07:58:38.000Z</time>
        <extensions>
          <ns3:TrackPointExtension>
            <ns3:hr>88</ns3:hr>
          </ns3:TrackPointExtension>
        </extensions>
      </trkpt>
      <trkpt lat="-25.39977346546947956085205078125" lon="-49.01412402279675006866455078125">
        <ele>975</ele>
        <time>2025-04-05T07:58:39.000Z</time>
        <extensions>
          <ns3:TrackPointExtension>
            <ns3:hr>86</ns3:hr>
          </ns3:TrackPointExtension>
        </extensions>
      </trkpt>
      <trkpt lat="-25.3998167999088764190673828125" lon="-49.0141175687313079833984375">
        <ele>975.20001220703125</ele>
        <time>2025-04-05T07:58:42.000Z</time>
        <extensions>
          <ns3:TrackPointExtension>
            <ns3:hr>85</ns3:hr>
          </ns3:TrackPointExtension>
        </extensions>
      </trkpt>
      <trkpt lat="-25.399833060801029205322265625" lon="-49.01410910300910472869873046875">
        <ele>975.4000244140625</ele>
        <time>2025-04-05T07:58:44.000Z</time>
        <extensions>
          <ns3:TrackPointExtension>
            <ns3:hr>85</ns3:hr>
          </ns3:TrackPointExtension>
        </extensions>
      </trkpt>
      <trkpt lat="-25.399836413562297821044921875" lon="-49.0140974521636962890625">
        <ele>975.4000244140625</ele>
        <time>2025-04-05T07:58:46.000Z</time>
        <extensions>
          <ns3:TrackPointExtension>
            <ns3:hr>84</ns3:hr>
          </ns3:TrackPointExtension>
        </extensions>
      </trkpt>
      <trkpt lat="-25.39985611103475093841552734375" lon="-49.0141053311526775360107421875">
        <ele>975.4000244140625</ele>
        <time>2025-04-05T07:58:47.000Z</time>
        <extensions>
          <ns3:TrackPointExtension>
            <ns3:hr>84</ns3:hr>
          </ns3:TrackPointExtension>
        </extensions>
      </trkpt>
      <trkpt lat="-25.3998878784477710723876953125" lon="-49.0141247771680355072021484375">
        <ele>975.4000244140625</ele>
        <time>2025-04-05T07:58:49.000Z</time>
        <extensions>
          <ns3:TrackPointExtension>
            <ns3:hr>87</ns3:hr>
          </ns3:TrackPointExtension>
        </extensions>
      </trkpt>
      <trkpt lat="-25.3999519161880016326904296875" lon="-49.01416945271193981170654296875">
        <ele>976</ele>
        <time>2025-04-05T07:58:54.000Z</time>
        <extensions>
          <ns3:TrackPointExtension>
            <ns3:hr>84</ns3:hr>
          </ns3:TrackPointExtension>
        </extensions>
      </trkpt>
      <trkpt lat="-25.399992652237415313720703125" lon="-49.01416677050292491912841796875">
        <ele>976.5999755859375</ele>
        <time>2025-04-05T07:58:57.000Z</time>
        <extensions>
          <ns3:TrackPointExtension>
            <ns3:hr>84</ns3:hr>
          </ns3:TrackPointExtension>
        </extensions>
      </trkpt>
      <trkpt lat="-25.400027520954608917236328125" lon="-49.01414061896502971649169921875">
        <ele>978.79998779296875</ele>
        <time>2025-04-05T07:59:03.000Z</time>
        <extensions>
          <ns3:TrackPointExtension>
            <ns3:hr>85</ns3:hr>
          </ns3:TrackPointExtension>
        </extensions>
      </trkpt>
      <trkpt lat="-25.4000394232571125030517578125" lon="-49.0141556225717067718505859375">
        <ele>980.79998779296875</ele>
        <time>2025-04-05T07:59:07.000Z</time>
        <extensions>
          <ns3:TrackPointExtension>
            <ns3:hr>85</ns3:hr>
          </ns3:TrackPointExtension>
        </extensions>
      </trkpt>
      <trkpt lat="-25.400132127106189727783203125" lon="-49.0141693688929080963134765625">
        <ele>982</ele>
        <time>2025-04-05T07:59:12.000Z</time>
        <extensions>
          <ns3:TrackPointExtension>
            <ns3:hr>88</ns3:hr>
          </ns3:TrackPointExtension>
        </extensions>
      </trkpt>
      <trkpt lat="-25.40015316568315029144287109375" lon="-49.01415805332362651824951171875">
        <ele>982.20001220703125</ele>
        <time>2025-04-05T07:59:14.000Z</time>
        <extensions>
          <ns3:TrackPointExtension>
            <ns3:hr>88</ns3:hr>
          </ns3:TrackPointExtension>
        </extensions>
      </trkpt>
      <trkpt lat="-25.40016305632889270782470703125" lon="-49.01414749212563037872314453125">
        <ele>982.20001220703125</ele>
        <time>2025-04-05T07:59:15.000Z</time>
        <extensions>
          <ns3:TrackPointExtension>
            <ns3:hr>85</ns3:hr>
          </ns3:TrackPointExtension>
        </extensions>
      </trkpt>
      <trkpt lat="-25.4001845978200435638427734375" lon="-49.01414279825985431671142578125">
        <ele>982.20001220703125</ele>
        <time>2025-04-05T07:59:16.000Z</time>
        <extensions>
          <ns3:TrackPointExtension>
            <ns3:hr>85</ns3:hr>
          </ns3:TrackPointExtension>
        </extensions>
      </trkpt>
      <trkpt lat="-25.40019105188548564910888671875" lon="-49.01412226259708404541015625">
        <ele>982.20001220703125</ele>
        <time>2025-04-05T07:59:17.000Z</time>
        <extensions>
          <ns3:TrackPointExtension>
            <ns3:hr>85</ns3:hr>
          </ns3:TrackPointExtension>
        </extensions>
      </trkpt>
      <trkpt lat="-25.4002006910741329193115234375" lon="-49.01408697478473186492919921875">
        <ele>982</ele>
        <time>2025-04-05T07:59:20.000Z</time>
        <extensions>
          <ns3:TrackPointExtension>
            <ns3:hr>85</ns3:hr>
          </ns3:TrackPointExtension>
        </extensions>
      </trkpt>
      <trkpt lat="-25.400211922824382781982421875" lon="-49.014080353081226348876953125">
        <ele>982</ele>
        <time>2025-04-05T07:59:21.000Z</time>
        <extensions>
          <ns3:TrackPointExtension>
            <ns3:hr>82</ns3:hr>
          </ns3:TrackPointExtension>
        </extensions>
      </trkpt>
      <trkpt lat="-25.40021804161369800567626953125" lon="-49.0140707977116107940673828125">
        <ele>981.79998779296875</ele>
        <time>2025-04-05T07:59:22.000Z</time>
        <extensions>
          <ns3:TrackPointExtension>
            <ns3:hr>85</ns3:hr>
          </ns3:TrackPointExtension>
        </extensions>
      </trkpt>
      <trkpt lat="-25.40022390894591808319091796875" lon="-49.0140543691813945770263671875">
        <ele>981.79998779296875</ele>
        <time>2025-04-05T07:59:23.000Z</time>
        <extensions>
          <ns3:TrackPointExtension>
            <ns3:hr>85</ns3:hr>
          </ns3:TrackPointExtension>
        </extensions>
      </trkpt>
      <trkpt lat="-25.40021586231887340545654296875" lon="-49.0140245296061038970947265625">
        <ele>981.79998779296875</ele>
        <time>2025-04-05T07:59:24.000Z</time>
        <extensions>
          <ns3:TrackPointExtension>
            <ns3:hr>84</ns3:hr>
          </ns3:TrackPointExtension>
        </extensions>
      </trkpt>
      <trkpt lat="-25.4002057202160358428955078125" lon="-49.013966359198093414306640625">
        <ele>981.20001220703125</ele>
        <time>2025-04-05T07:59:27.000Z</time>
        <extensions>
          <ns3:TrackPointExtension>
            <ns3:hr>87</ns3:hr>
          </ns3:TrackPointExtension>
        </extensions>
      </trkpt>
      <trkpt lat="-25.40022742934525012969970703125" lon="-49.013973064720630645751953125">
        <ele>981</ele>
        <time>2025-04-05T07:59:28.000Z</time>
        <extensions>
          <ns3:TrackPointExtension>
            <ns3:hr>85</ns3:hr>
          </ns3:TrackPointExtension>
        </extensions>
      </trkpt>
      <trkpt lat="-25.4002754576504230499267578125" lon="-49.01398119516670703887939453125">
        <ele>980.5999755859375</ele>
        <time>2025-04-05T07:59:31.000Z</time>
        <extensions>
          <ns3:TrackPointExtension>
            <ns3:hr>86</ns3:hr>
          </ns3:TrackPointExtension>
        </extensions>
      </trkpt>
      <trkpt lat="-25.400326587259769439697265625" lon="-49.0139625035226345062255859375">
        <ele>979.20001220703125</ele>
        <time>2025-04-05T07:59:35.000Z</time>
        <extensions>
          <ns3:TrackPointExtension>
            <ns3:hr>84</ns3:hr>
          </ns3:TrackPointExtension>
        </extensions>
      </trkpt>
      <trkpt lat="-25.40035366080701351165771484375" lon="-49.013924784958362579345703125">
        <ele>977.5999755859375</ele>
        <time>2025-04-05T07:59:39.000Z</time>
        <extensions>
          <ns3:TrackPointExtension>
            <ns3:hr>82</ns3:hr>
          </ns3:TrackPointExtension>
        </extensions>
      </trkpt>
      <trkpt lat="-25.40038232691586017608642578125" lon="-49.01390844024717807769775390625">
        <ele>976.20001220703125</ele>
        <time>2025-04-05T07:59:42.000Z</time>
        <extensions>
          <ns3:TrackPointExtension>
            <ns3:hr>82</ns3:hr>
          </ns3:TrackPointExtension>
        </extensions>
      </trkpt>
      <trkpt lat="-25.40040311403572559356689453125" lon="-49.01388698257505893707275390625">
        <ele>974.79998779296875</ele>
        <time>2025-04-05T07:59:44.000Z</time>
        <extensions>
          <ns3:TrackPointExtension>
            <ns3:hr>85</ns3:hr>
          </ns3:TrackPointExtension>
        </extensions>
      </trkpt>
      <trkpt lat="-25.400408394634723663330078125" lon="-49.01386342942714691162109375">
        <ele>974</ele>
        <time>2025-04-05T07:59:45.000Z</time>
        <extensions>
          <ns3:TrackPointExtension>
            <ns3:hr>85</ns3:hr>
          </ns3:TrackPointExtension>
        </extensions>
      </trkpt>
      <trkpt lat="-25.400421805679798126220703125" lon="-49.013807773590087890625">
        <ele>972.79998779296875</ele>
        <time>2025-04-05T07:59:47.000Z</time>
        <extensions>
          <ns3:TrackPointExtension>
            <ns3:hr>84</ns3:hr>
          </ns3:TrackPointExtension>
        </extensions>
      </trkpt>
      <trkpt lat="-25.40043144486844539642333984375" lon="-49.0137563087046146392822265625">
        <ele>971.5999755859375</ele>
        <time>2025-04-05T07:59:50.000Z</time>
        <extensions>
          <ns3:TrackPointExtension>
            <ns3:hr>85</ns3:hr>
          </ns3:TrackPointExtension>
        </extensions>
      </trkpt>
      <trkpt lat="-25.40042792446911334991455078125" lon="-49.0137366950511932373046875">
        <ele>971.20001220703125</ele>
        <time>2025-04-05T07:59:51.000Z</time>
        <extensions>
          <ns3:TrackPointExtension>
            <ns3:hr>81</ns3:hr>
          </ns3:TrackPointExtension>
        </extensions>
      </trkpt>
      <trkpt lat="-25.4004273377358913421630859375" lon="-49.013724625110626220703125">
        <ele>971</ele>
        <time>2025-04-05T07:59:52.000Z</time>
        <extensions>
          <ns3:TrackPointExtension>
            <ns3:hr>83</ns3:hr>
          </ns3:TrackPointExtension>
        </extensions>
      </trkpt>
      <trkpt lat="-25.40045038796961307525634765625" lon="-49.01367492042481899261474609375">
        <ele>969.4000244140625</ele>
        <time>2025-04-05T07:59:56.000Z</time>
        <extensions>
          <ns3:TrackPointExtension>
            <ns3:hr>82</ns3:hr>
          </ns3:TrackPointExtension>
        </extensions>
      </trkpt>
      <trkpt lat="-25.40046237409114837646484375" lon="-49.01367173530161380767822265625">
        <ele>969</ele>
        <time>2025-04-05T07:59:57.000Z</time>
        <extensions>
          <ns3:TrackPointExtension>
            <ns3:hr>81</ns3:hr>
          </ns3:TrackPointExtension>
        </extensions>
      </trkpt>
      <trkpt lat="-25.4004722647368907928466796875" lon="-49.01364239864051342010498046875">
        <ele>968.20001220703125</ele>
        <time>2025-04-05T07:59:59.000Z</time>
        <extensions>
          <ns3:TrackPointExtension>
            <ns3:hr>85</ns3:hr>
          </ns3:TrackPointExtension>
        </extensions>
      </trkpt>
      <trkpt lat="-25.40049129165709018707275390625" lon="-49.01364482939243316650390625">
        <ele>967.79998779296875</ele>
        <time>2025-04-05T08:00:01.000Z</time>
        <extensions>
          <ns3:TrackPointExtension>
            <ns3:hr>84</ns3:hr>
          </ns3:TrackPointExtension>
        </extensions>
      </trkpt>
      <trkpt lat="-25.40056538768112659454345703125" lon="-49.01365798898041248321533203125">
        <ele>966.4000244140625</ele>
        <time>2025-04-05T08:00:05.000Z</time>
        <extensions>
          <ns3:TrackPointExtension>
            <ns3:hr>85</ns3:hr>
          </ns3:TrackPointExtension>
        </extensions>
      </trkpt>
      <trkpt lat="-25.400678627192974090576171875" lon="-49.01368129067122936248779296875">
        <ele>965.4000244140625</ele>
        <time>2025-04-05T08:00:13.000Z</time>
        <extensions>
          <ns3:TrackPointExtension>
            <ns3:hr>84</ns3:hr>
          </ns3:TrackPointExtension>
        </extensions>
      </trkpt>
      <trkpt lat="-25.4006995819509029388427734375" lon="-49.0136714838445186614990234375">
        <ele>965</ele>
        <time>2025-04-05T08:00:16.000Z</time>
        <extensions>
          <ns3:TrackPointExtension>
            <ns3:hr>81</ns3:hr>
          </ns3:TrackPointExtension>
        </extensions>
      </trkpt>
      <trkpt lat="-25.40070737712085247039794921875" lon="-49.01366335339844226837158203125">
        <ele>965</ele>
        <time>2025-04-05T08:00:17.000Z</time>
        <extensions>
          <ns3:TrackPointExtension>
            <ns3:hr>82</ns3:hr>
          </ns3:TrackPointExtension>
        </extensions>
      </trkpt>
      <trkpt lat="-25.40071106515824794769287109375" lon="-49.0136607550084590911865234375">
        <ele>964.79998779296875</ele>
        <time>2025-04-05T08:00:18.000Z</time>
        <extensions>
          <ns3:TrackPointExtension>
            <ns3:hr>86</ns3:hr>
          </ns3:TrackPointExtension>
        </extensions>
      </trkpt>
      <trkpt lat="-25.40071559138596057891845703125" lon="-49.01363669894635677337646484375">
        <ele>964.5999755859375</ele>
        <time>2025-04-05T08:00:21.000Z</time>
        <extensions>
          <ns3:TrackPointExtension>
            <ns3:hr>84</ns3:hr>
          </ns3:TrackPointExtension>
        </extensions>
      </trkpt>
      <trkpt lat="-25.40072145871818065643310546875" lon="-49.01362462900578975677490234375">
        <ele>964.4000244140625</ele>
        <time>2025-04-05T08:00:22.000Z</time>
        <extensions>
          <ns3:TrackPointExtension>
            <ns3:hr>81</ns3:hr>
          </ns3:TrackPointExtension>
        </extensions>
      </trkpt>
      <trkpt lat="-25.40073218755424022674560546875" lon="-49.01361591182649135589599609375">
        <ele>964.20001220703125</ele>
        <time>2025-04-05T08:00:23.000Z</time>
        <extensions>
          <ns3:TrackPointExtension>
            <ns3:hr>82</ns3:hr>
          </ns3:TrackPointExtension>
        </extensions>
      </trkpt>
      <trkpt lat="-25.40074442513287067413330078125" lon="-49.01357852853834629058837890625">
        <ele>963.79998779296875</ele>
        <time>2025-04-05T08:00:26.000Z</time>
        <extensions>
          <ns3:TrackPointExtension>
            <ns3:hr>83</ns3:hr>
          </ns3:TrackPointExtension>
        </extensions>
      </trkpt>
      <trkpt lat="-25.40075079537928104400634765625" lon="-49.01355086825788021087646484375">
        <ele>963.5999755859375</ele>
        <time>2025-04-05T08:00:28.000Z</time>
        <extensions>
          <ns3:TrackPointExtension>
            <ns3:hr>84</ns3:hr>
          </ns3:TrackPointExtension>
        </extensions>
      </trkpt>
      <trkpt lat="-25.4007728397846221923828125" lon="-49.013525806367397308349609375">
        <ele>963.4000244140625</ele>
        <time>2025-04-05T08:00:31.000Z</time>
        <extensions>
          <ns3:TrackPointExtension>
            <ns3:hr>86</ns3:hr>
          </ns3:TrackPointExtension>
        </extensions>
      </trkpt>
      <trkpt lat="-25.40080511011183261871337890625" lon="-49.01351608335971832275390625">
        <ele>963</ele>
        <time>2025-04-05T08:00:34.000Z</time>
        <extensions>
          <ns3:TrackPointExtension>
            <ns3:hr>88</ns3:hr>
          </ns3:TrackPointExtension>
        </extensions>
      </trkpt>
      <trkpt lat="-25.40080728940665721893310546875" lon="-49.0134924463927745819091796875">
        <ele>962.4000244140625</ele>
        <time>2025-04-05T08:00:37.000Z</time>
        <extensions>
          <ns3:TrackPointExtension>
            <ns3:hr>88</ns3:hr>
          </ns3:TrackPointExtension>
        </extensions>
      </trkpt>
      <trkpt lat="-25.400832854211330413818359375" lon="-49.01346486993134021759033203125">
        <ele>962</ele>
        <time>2025-04-05T08:00:40.000Z</time>
        <extensions>
          <ns3:TrackPointExtension>
            <ns3:hr>88</ns3:hr>
          </ns3:TrackPointExtension>
        </extensions>
      </trkpt>
      <trkpt lat="-25.4008645378053188323974609375" lon="-49.01345347054302692413330078125">
        <ele>962.20001220703125</ele>
        <time>2025-04-05T08:00:42.000Z</time>
        <extensions>
          <ns3:TrackPointExtension>
            <ns3:hr>87</ns3:hr>
          </ns3:TrackPointExtension>
        </extensions>
      </trkpt>
      <trkpt lat="-25.400875099003314971923828125" lon="-49.0134523808956146240234375">
        <ele>962.20001220703125</ele>
        <time>2025-04-05T08:00:43.000Z</time>
        <extensions>
          <ns3:TrackPointExtension>
            <ns3:hr>87</ns3:hr>
          </ns3:TrackPointExtension>
        </extensions>
      </trkpt>
      <trkpt lat="-25.4009205289185047149658203125" lon="-49.01345497928559780120849609375">
        <ele>962.79998779296875</ele>
        <time>2025-04-05T08:00:47.000Z</time>
        <extensions>
          <ns3:TrackPointExtension>
            <ns3:hr>90</ns3:hr>
          </ns3:TrackPointExtension>
        </extensions>
      </trkpt>
      <trkpt lat="-25.4009377956390380859375" lon="-49.0134589187800884246826171875">
        <ele>963</ele>
        <time>2025-04-05T08:00:48.000Z</time>
        <extensions>
          <ns3:TrackPointExtension>
            <ns3:hr>87</ns3:hr>
          </ns3:TrackPointExtension>
        </extensions>
      </trkpt>
      <trkpt lat="-25.40098615922033786773681640625" lon="-49.01347719132900238037109375">
        <ele>963.20001220703125</ele>
        <time>2025-04-05T08:00:52.000Z</time>
        <extensions>
          <ns3:TrackPointExtension>
            <ns3:hr>86</ns3:hr>
          </ns3:TrackPointExtension>
        </extensions>
      </trkpt>
      <trkpt lat="-25.401003174483776092529296875" lon="-49.0134899318218231201171875">
        <ele>963.20001220703125</ele>
        <time>2025-04-05T08:00:53.000Z</time>
        <extensions>
          <ns3:TrackPointExtension>
            <ns3:hr>88</ns3:hr>
          </ns3:TrackPointExtension>
        </extensions>
      </trkpt>
      <trkpt lat="-25.401042737066745758056640625" lon="-49.01353754103183746337890625">
        <ele>962.5999755859375</ele>
        <time>2025-04-05T08:00:57.000Z</time>
        <extensions>
          <ns3:TrackPointExtension>
            <ns3:hr>90</ns3:hr>
          </ns3:TrackPointExtension>
        </extensions>
      </trkpt>
      <trkpt lat="-25.40105246007442474365234375" lon="-49.01355497539043426513671875">
        <ele>962.4000244140625</ele>
        <time>2025-04-05T08:00:58.000Z</time>
        <extensions>
          <ns3:TrackPointExtension>
            <ns3:hr>87</ns3:hr>
          </ns3:TrackPointExtension>
        </extensions>
      </trkpt>
      <trkpt lat="-25.4010465927422046661376953125" lon="-49.01358339004218578338623046875">
        <ele>962.20001220703125</ele>
        <time>2025-04-05T08:01:00.000Z</time>
        <extensions>
          <ns3:TrackPointExtension>
            <ns3:hr>87</ns3:hr>
          </ns3:TrackPointExtension>
        </extensions>
      </trkpt>
      <trkpt lat="-25.40105782449245452880859375" lon="-49.0135873295366764068603515625">
        <ele>963.4000244140625</ele>
        <time>2025-04-05T08:01:02.000Z</time>
        <extensions>
          <ns3:TrackPointExtension>
            <ns3:hr>85</ns3:hr>
          </ns3:TrackPointExtension>
        </extensions>
      </trkpt>
      <trkpt lat="-25.40106914006173610687255859375" lon="-49.01358523406088352203369140625">
        <ele>963.5999755859375</ele>
        <time>2025-04-05T08:01:03.000Z</time>
        <extensions>
          <ns3:TrackPointExtension>
            <ns3:hr>87</ns3:hr>
          </ns3:TrackPointExtension>
        </extensions>
      </trkpt>
      <trkpt lat="-25.4010891728103160858154296875" lon="-49.01357081718742847442626953125">
        <ele>964.20001220703125</ele>
        <time>2025-04-05T08:01:07.000Z</time>
        <extensions>
          <ns3:TrackPointExtension>
            <ns3:hr>87</ns3:hr>
          </ns3:TrackPointExtension>
        </extensions>
      </trkpt>
      <trkpt lat="-25.40110618807375431060791015625" lon="-49.01358171366155147552490234375">
        <ele>962.4000244140625</ele>
        <time>2025-04-05T08:01:11.000Z</time>
        <extensions>
          <ns3:TrackPointExtension>
            <ns3:hr>89</ns3:hr>
          </ns3:TrackPointExtension>
        </extensions>
      </trkpt>
      <trkpt lat="-25.4011113010346889495849609375" lon="-49.0135846473276615142822265625">
        <ele>961.79998779296875</ele>
        <time>2025-04-05T08:01:12.000Z</time>
        <extensions>
          <ns3:TrackPointExtension>
            <ns3:hr>89</ns3:hr>
          </ns3:TrackPointExtension>
        </extensions>
      </trkpt>
      <trkpt lat="-25.40112412534654140472412109375" lon="-49.0135859884321689605712890625">
        <ele>960.5999755859375</ele>
        <time>2025-04-05T08:01:14.000Z</time>
        <extensions>
          <ns3:TrackPointExtension>
            <ns3:hr>86</ns3:hr>
          </ns3:TrackPointExtension>
        </extensions>
      </trkpt>
      <trkpt lat="-25.40112161077558994293212890625" lon="-49.01358783245086669921875">
        <ele>959.4000244140625</ele>
        <time>2025-04-05T08:01:16.000Z</time>
        <extensions>
          <ns3:TrackPointExtension>
            <ns3:hr>87</ns3:hr>
          </ns3:TrackPointExtension>
        </extensions>
      </trkpt>
      <trkpt lat="-25.40115245617926120758056640625" lon="-49.01359797455370426177978515625">
        <ele>958.4000244140625</ele>
        <time>2025-04-05T08:01:20.000Z</time>
        <extensions>
          <ns3:TrackPointExtension>
            <ns3:hr>85</ns3:hr>
          </ns3:TrackPointExtension>
        </extensions>
      </trkpt>
      <trkpt lat="-25.40123174898326396942138671875" lon="-49.01360149495303630828857421875">
        <ele>958.20001220703125</ele>
        <time>2025-04-05T08:01:26.000Z</time>
        <extensions>
          <ns3:TrackPointExtension>
            <ns3:hr>84</ns3:hr>
          </ns3:TrackPointExtension>
        </extensions>
      </trkpt>
      <trkpt lat="-25.4012417234480381011962890625" lon="-49.013598226010799407958984375">
        <ele>958.20001220703125</ele>
        <time>2025-04-05T08:01:27.000Z</time>
        <extensions>
          <ns3:TrackPointExtension>
            <ns3:hr>87</ns3:hr>
          </ns3:TrackPointExtension>
        </extensions>
      </trkpt>
      <trkpt lat="-25.4012490995228290557861328125" lon="-49.0135957114398479461669921875">
        <ele>958.20001220703125</ele>
        <time>2025-04-05T08:01:28.000Z</time>
        <extensions>
          <ns3:TrackPointExtension>
            <ns3:hr>84</ns3:hr>
          </ns3:TrackPointExtension>
        </extensions>
      </trkpt>
      <trkpt lat="-25.40126494131982326507568359375" lon="-49.01359814219176769256591796875">
        <ele>958.4000244140625</ele>
        <time>2025-04-05T08:01:29.000Z</time>
        <extensions>
          <ns3:TrackPointExtension>
            <ns3:hr>87</ns3:hr>
          </ns3:TrackPointExtension>
        </extensions>
      </trkpt>
      <trkpt lat="-25.40127969346940517425537109375" lon="-49.01360233314335346221923828125">
        <ele>958.5999755859375</ele>
        <time>2025-04-05T08:01:31.000Z</time>
        <extensions>
          <ns3:TrackPointExtension>
            <ns3:hr>90</ns3:hr>
          </ns3:TrackPointExtension>
        </extensions>
      </trkpt>
      <trkpt lat="-25.401306934654712677001953125" lon="-49.01361507363617420196533203125">
        <ele>959.20001220703125</ele>
        <time>2025-04-05T08:01:34.000Z</time>
        <extensions>
          <ns3:TrackPointExtension>
            <ns3:hr>95</ns3:hr>
          </ns3:TrackPointExtension>
        </extensions>
      </trkpt>
      <trkpt lat="-25.401303581893444061279296875" lon="-49.01362127624452114105224609375">
        <ele>959.4000244140625</ele>
        <time>2025-04-05T08:01:36.000Z</time>
        <extensions>
          <ns3:TrackPointExtension>
            <ns3:hr>100</ns3:hr>
          </ns3:TrackPointExtension>
        </extensions>
      </trkpt>
      <trkpt lat="-25.40131397545337677001953125" lon="-49.01363535784184932708740234375">
        <ele>959.4000244140625</ele>
        <time>2025-04-05T08:01:39.000Z</time>
        <extensions>
          <ns3:TrackPointExtension>
            <ns3:hr>99</ns3:hr>
          </ns3:TrackPointExtension>
        </extensions>
      </trkpt>
      <trkpt lat="-25.40138849057257175445556640625" lon="-49.0136614255607128143310546875">
        <ele>958.79998779296875</ele>
        <time>2025-04-05T08:01:44.000Z</time>
        <extensions>
          <ns3:TrackPointExtension>
            <ns3:hr>99</ns3:hr>
          </ns3:TrackPointExtension>
        </extensions>
      </trkpt>
      <trkpt lat="-25.401394776999950408935546875" lon="-49.013662599027156829833984375">
        <ele>958.4000244140625</ele>
        <time>2025-04-05T08:01:47.000Z</time>
        <extensions>
          <ns3:TrackPointExtension>
            <ns3:hr>97</ns3:hr>
          </ns3:TrackPointExtension>
        </extensions>
      </trkpt>
      <trkpt lat="-25.401397459208965301513671875" lon="-49.0136661194264888763427734375">
        <ele>958.4000244140625</ele>
        <time>2025-04-05T08:01:48.000Z</time>
        <extensions>
          <ns3:TrackPointExtension>
            <ns3:hr>97</ns3:hr>
          </ns3:TrackPointExtension>
        </extensions>
      </trkpt>
      <trkpt lat="-25.4013946093618869781494140625" lon="-49.01366134174168109893798828125">
        <ele>958.20001220703125</ele>
        <time>2025-04-05T08:01:49.000Z</time>
        <extensions>
          <ns3:TrackPointExtension>
            <ns3:hr>94</ns3:hr>
          </ns3:TrackPointExtension>
        </extensions>
      </trkpt>
      <trkpt lat="-25.40140173397958278656005859375" lon="-49.0136496908962726593017578125">
        <ele>958</ele>
        <time>2025-04-05T08:01:51.000Z</time>
        <extensions>
          <ns3:TrackPointExtension>
            <ns3:hr>94</ns3:hr>
          </ns3:TrackPointExtension>
        </extensions>
      </trkpt>
      <trkpt lat="-25.40140206925570964813232421875" lon="-49.01364080607891082763671875">
        <ele>958</ele>
        <time>2025-04-05T08:01:52.000Z</time>
        <extensions>
          <ns3:TrackPointExtension>
            <ns3:hr>92</ns3:hr>
          </ns3:TrackPointExtension>
        </extensions>
      </trkpt>
      <trkpt lat="-25.4013932682573795318603515625" lon="-49.013617336750030517578125">
        <ele>957.79998779296875</ele>
        <time>2025-04-05T08:01:54.000Z</time>
        <extensions>
          <ns3:TrackPointExtension>
            <ns3:hr>89</ns3:hr>
          </ns3:TrackPointExtension>
        </extensions>
      </trkpt>
      <trkpt lat="-25.40139905177056789398193359375" lon="-49.01361071504652500152587890625">
        <ele>957.4000244140625</ele>
        <time>2025-04-05T08:01:56.000Z</time>
        <extensions>
          <ns3:TrackPointExtension>
            <ns3:hr>87</ns3:hr>
          </ns3:TrackPointExtension>
        </extensions>
      </trkpt>
      <trkpt lat="-25.401406846940517425537109375" lon="-49.0135972201824188232421875">
        <ele>955.79998779296875</ele>
        <time>2025-04-05T08:01:59.000Z</time>
        <extensions>
          <ns3:TrackPointExtension>
            <ns3:hr>92</ns3:hr>
          </ns3:TrackPointExtension>
        </extensions>
      </trkpt>
      <trkpt lat="-25.40142117999494075775146484375" lon="-49.01359344832599163055419921875">
        <ele>954.4000244140625</ele>
        <time>2025-04-05T08:02:02.000Z</time>
        <extensions>
          <ns3:TrackPointExtension>
            <ns3:hr>91</ns3:hr>
          </ns3:TrackPointExtension>
        </extensions>
      </trkpt>
      <trkpt lat="-25.40145621635019779205322265625" lon="-49.013577438890933990478515625">
        <ele>952.5999755859375</ele>
        <time>2025-04-05T08:02:07.000Z</time>
        <extensions>
          <ns3:TrackPointExtension>
            <ns3:hr>88</ns3:hr>
          </ns3:TrackPointExtension>
        </extensions>
      </trkpt>
      <trkpt lat="-25.40149343200027942657470703125" lon="-49.0135588310658931732177734375">
        <ele>952</ele>
        <time>2025-04-05T08:02:10.000Z</time>
        <extensions>
          <ns3:TrackPointExtension>
            <ns3:hr>90</ns3:hr>
          </ns3:TrackPointExtension>
        </extensions>
      </trkpt>
      <trkpt lat="-25.40151757188141345977783203125" lon="-49.01354433037340641021728515625">
        <ele>951.5999755859375</ele>
        <time>2025-04-05T08:02:12.000Z</time>
        <extensions>
          <ns3:TrackPointExtension>
            <ns3:hr>89</ns3:hr>
          </ns3:TrackPointExtension>
        </extensions>
      </trkpt>
      <trkpt lat="-25.40153819136321544647216796875" lon="-49.013509713113307952880859375">
        <ele>950</ele>
        <time>2025-04-05T08:02:16.000Z</time>
        <extensions>
          <ns3:TrackPointExtension>
            <ns3:hr>88</ns3:hr>
          </ns3:TrackPointExtension>
        </extensions>
      </trkpt>
      <trkpt lat="-25.40159904398024082183837890625" lon="-49.01351482607424259185791015625">
        <ele>948.79998779296875</ele>
        <time>2025-04-05T08:02:20.000Z</time>
        <extensions>
          <ns3:TrackPointExtension>
            <ns3:hr>86</ns3:hr>
          </ns3:TrackPointExtension>
        </extensions>
      </trkpt>
      <trkpt lat="-25.40162117220461368560791015625" lon="-49.01351566426455974578857421875">
        <ele>948.4000244140625</ele>
        <time>2025-04-05T08:02:22.000Z</time>
        <extensions>
          <ns3:TrackPointExtension>
            <ns3:hr>86</ns3:hr>
          </ns3:TrackPointExtension>
        </extensions>
      </trkpt>
      <trkpt lat="-25.401626117527484893798828125" lon="-49.01350845582783222198486328125">
        <ele>947</ele>
        <time>2025-04-05T08:02:25.000Z</time>
        <extensions>
          <ns3:TrackPointExtension>
            <ns3:hr>86</ns3:hr>
          </ns3:TrackPointExtension>
        </extensions>
      </trkpt>
      <trkpt lat="-25.40160792879760265350341796875" lon="-49.0134907700121402740478515625">
        <ele>945.5999755859375</ele>
        <time>2025-04-05T08:02:28.000Z</time>
        <extensions>
          <ns3:TrackPointExtension>
            <ns3:hr>84</ns3:hr>
          </ns3:TrackPointExtension>
        </extensions>
      </trkpt>
      <trkpt lat="-25.40160642005503177642822265625" lon="-49.01349269784986972808837890625">
        <ele>945.4000244140625</ele>
        <time>2025-04-05T08:02:29.000Z</time>
        <extensions>
          <ns3:TrackPointExtension>
            <ns3:hr>87</ns3:hr>
          </ns3:TrackPointExtension>
        </extensions>
      </trkpt>
      <trkpt lat="-25.401638858020305633544921875" lon="-49.01346369646489620208740234375">
        <ele>945</ele>
        <time>2025-04-05T08:02:32.000Z</time>
        <extensions>
          <ns3:TrackPointExtension>
            <ns3:hr>87</ns3:hr>
          </ns3:TrackPointExtension>
        </extensions>
      </trkpt>
      <trkpt lat="-25.4016500897705554962158203125" lon="-49.01345682330429553985595703125">
        <ele>944.5999755859375</ele>
        <time>2025-04-05T08:02:34.000Z</time>
        <extensions>
          <ns3:TrackPointExtension>
            <ns3:hr>86</ns3:hr>
          </ns3:TrackPointExtension>
        </extensions>
      </trkpt>
      <trkpt lat="-25.4016531072556972503662109375" lon="-49.01344810612499713897705078125">
        <ele>944.4000244140625</ele>
        <time>2025-04-05T08:02:35.000Z</time>
        <extensions>
          <ns3:TrackPointExtension>
            <ns3:hr>85</ns3:hr>
          </ns3:TrackPointExtension>
        </extensions>
      </trkpt>
      <trkpt lat="-25.40166827850043773651123046875" lon="-49.01344056241214275360107421875">
        <ele>944.20001220703125</ele>
        <time>2025-04-05T08:02:37.000Z</time>
        <extensions>
          <ns3:TrackPointExtension>
            <ns3:hr>85</ns3:hr>
          </ns3:TrackPointExtension>
        </extensions>
      </trkpt>
      <trkpt lat="-25.40166827850043773651123046875" lon="-49.01342966593801975250244140625">
        <ele>944.20001220703125</ele>
        <time>2025-04-05T08:02:39.000Z</time>
        <extensions>
          <ns3:TrackPointExtension>
            <ns3:hr>85</ns3:hr>
          </ns3:TrackPointExtension>
        </extensions>
      </trkpt>
      <trkpt lat="-25.40167347528040409088134765625" lon="-49.01338465511798858642578125">
        <ele>944.79998779296875</ele>
        <time>2025-04-05T08:02:42.000Z</time>
        <extensions>
          <ns3:TrackPointExtension>
            <ns3:hr>82</ns3:hr>
          </ns3:TrackPointExtension>
        </extensions>
      </trkpt>
      <trkpt lat="-25.4016795940697193145751953125" lon="-49.0133665502071380615234375">
        <ele>944.79998779296875</ele>
        <time>2025-04-05T08:02:43.000Z</time>
        <extensions>
          <ns3:TrackPointExtension>
            <ns3:hr>84</ns3:hr>
          </ns3:TrackPointExtension>
        </extensions>
      </trkpt>
      <trkpt lat="-25.40172393433749675750732421875" lon="-49.0133348666131496429443359375">
        <ele>942</ele>
        <time>2025-04-05T08:02:49.000Z</time>
        <extensions>
          <ns3:TrackPointExtension>
            <ns3:hr>84</ns3:hr>
          </ns3:TrackPointExtension>
        </extensions>
      </trkpt>
      <trkpt lat="-25.4017261974513530731201171875" lon="-49.013306535780429840087890625">
        <ele>941.20001220703125</ele>
        <time>2025-04-05T08:02:52.000Z</time>
        <extensions>
          <ns3:TrackPointExtension>
            <ns3:hr>85</ns3:hr>
          </ns3:TrackPointExtension>
        </extensions>
      </trkpt>
      <trkpt lat="-25.40173768065869808197021484375" lon="-49.01325498707592487335205078125">
        <ele>940.79998779296875</ele>
        <time>2025-04-05T08:02:57.000Z</time>
        <extensions>
          <ns3:TrackPointExtension>
            <ns3:hr>84</ns3:hr>
          </ns3:TrackPointExtension>
        </extensions>
      </trkpt>
      <trkpt lat="-25.40174338035285472869873046875" lon="-49.0132446773350238800048828125">
        <ele>940.5999755859375</ele>
        <time>2025-04-05T08:02:58.000Z</time>
        <extensions>
          <ns3:TrackPointExtension>
            <ns3:hr>84</ns3:hr>
          </ns3:TrackPointExtension>
        </extensions>
      </trkpt>
      <trkpt lat="-25.40175595320761203765869140625" lon="-49.0131792984902858734130859375">
        <ele>940.5999755859375</ele>
        <time>2025-04-05T08:03:02.000Z</time>
        <extensions>
          <ns3:TrackPointExtension>
            <ns3:hr>83</ns3:hr>
          </ns3:TrackPointExtension>
        </extensions>
      </trkpt>
      <trkpt lat="-25.40180859155952930450439453125" lon="-49.013141579926013946533203125">
        <ele>939</ele>
        <time>2025-04-05T08:03:06.000Z</time>
        <extensions>
          <ns3:TrackPointExtension>
            <ns3:hr>84</ns3:hr>
          </ns3:TrackPointExtension>
        </extensions>
      </trkpt>
      <trkpt lat="-25.40181177668273448944091796875" lon="-49.01310880668461322784423828125">
        <ele>937.79998779296875</ele>
        <time>2025-04-05T08:03:08.000Z</time>
        <extensions>
          <ns3:TrackPointExtension>
            <ns3:hr>87</ns3:hr>
          </ns3:TrackPointExtension>
        </extensions>
      </trkpt>
      <trkpt lat="-25.40181663818657398223876953125" lon="-49.013087935745716094970703125">
        <ele>937.20001220703125</ele>
        <time>2025-04-05T08:03:09.000Z</time>
        <extensions>
          <ns3:TrackPointExtension>
            <ns3:hr>87</ns3:hr>
          </ns3:TrackPointExtension>
        </extensions>
      </trkpt>
      <trkpt lat="-25.4018465615808963775634765625" lon="-49.0130834095180034637451171875">
        <ele>936.4000244140625</ele>
        <time>2025-04-05T08:03:11.000Z</time>
        <extensions>
          <ns3:TrackPointExtension>
            <ns3:hr>84</ns3:hr>
          </ns3:TrackPointExtension>
        </extensions>
      </trkpt>
      <trkpt lat="-25.40187665261328220367431640625" lon="-49.013071842491626739501953125">
        <ele>935.79998779296875</ele>
        <time>2025-04-05T08:03:13.000Z</time>
        <extensions>
          <ns3:TrackPointExtension>
            <ns3:hr>84</ns3:hr>
          </ns3:TrackPointExtension>
        </extensions>
      </trkpt>
      <trkpt lat="-25.40188536979258060455322265625" lon="-49.01306538842618465423583984375">
        <ele>935.5999755859375</ele>
        <time>2025-04-05T08:03:14.000Z</time>
        <extensions>
          <ns3:TrackPointExtension>
            <ns3:hr>83</ns3:hr>
          </ns3:TrackPointExtension>
        </extensions>
      </trkpt>
      <trkpt lat="-25.40191152133047580718994140625" lon="-49.0130059607326984405517578125">
        <ele>934.20001220703125</ele>
        <time>2025-04-05T08:03:19.000Z</time>
        <extensions>
          <ns3:TrackPointExtension>
            <ns3:hr>82</ns3:hr>
          </ns3:TrackPointExtension>
        </extensions>
      </trkpt>
      <trkpt lat="-25.40194027125835418701171875" lon="-49.01296715252101421356201171875">
        <ele>933.5999755859375</ele>
        <time>2025-04-05T08:03:22.000Z</time>
        <extensions>
          <ns3:TrackPointExtension>
            <ns3:hr>81</ns3:hr>
          </ns3:TrackPointExtension>
        </extensions>
      </trkpt>
      <trkpt lat="-25.4019840247929096221923828125" lon="-49.01294133625924587249755859375">
        <ele>933.5999755859375</ele>
        <time>2025-04-05T08:03:26.000Z</time>
        <extensions>
          <ns3:TrackPointExtension>
            <ns3:hr>82</ns3:hr>
          </ns3:TrackPointExtension>
        </extensions>
      </trkpt>
      <trkpt lat="-25.40199852548539638519287109375" lon="-49.0129439346492290496826171875">
        <ele>933.4000244140625</ele>
        <time>2025-04-05T08:03:28.000Z</time>
        <extensions>
          <ns3:TrackPointExtension>
            <ns3:hr>80</ns3:hr>
          </ns3:TrackPointExtension>
        </extensions>
      </trkpt>
      <trkpt lat="-25.40201176889240741729736328125" lon="-49.0129425935447216033935546875">
        <ele>933</ele>
        <time>2025-04-05T08:03:30.000Z</time>
        <extensions>
          <ns3:TrackPointExtension>
            <ns3:hr>80</ns3:hr>
          </ns3:TrackPointExtension>
        </extensions>
      </trkpt>
      <trkpt lat="-25.40205501951277256011962890625" lon="-49.012948460876941680908203125">
        <ele>932.4000244140625</ele>
        <time>2025-04-05T08:03:35.000Z</time>
        <extensions>
          <ns3:TrackPointExtension>
            <ns3:hr>80</ns3:hr>
          </ns3:TrackPointExtension>
        </extensions>
      </trkpt>
      <trkpt lat="-25.40208636783063411712646484375" lon="-49.0128953196108341217041015625">
        <ele>931</ele>
        <time>2025-04-05T08:03:44.000Z</time>
        <extensions>
          <ns3:TrackPointExtension>
            <ns3:hr>81</ns3:hr>
          </ns3:TrackPointExtension>
        </extensions>
      </trkpt>
      <trkpt lat="-25.402072370052337646484375" lon="-49.0128547511994838714599609375">
        <ele>930</ele>
        <time>2025-04-05T08:03:49.000Z</time>
        <extensions>
          <ns3:TrackPointExtension>
            <ns3:hr>81</ns3:hr>
          </ns3:TrackPointExtension>
        </extensions>
      </trkpt>
      <trkpt lat="-25.40210388600826263427734375" lon="-49.012828432023525238037109375">
        <ele>929.5999755859375</ele>
        <time>2025-04-05T08:03:54.000Z</time>
        <extensions>
          <ns3:TrackPointExtension>
            <ns3:hr>81</ns3:hr>
          </ns3:TrackPointExtension>
        </extensions>
      </trkpt>
      <trkpt lat="-25.40210028178989887237548828125" lon="-49.01275693438947200775146484375">
        <ele>930.20001220703125</ele>
        <time>2025-04-05T08:04:00.000Z</time>
        <extensions>
          <ns3:TrackPointExtension>
            <ns3:hr>83</ns3:hr>
          </ns3:TrackPointExtension>
        </extensions>
      </trkpt>
      <trkpt lat="-25.40214478969573974609375" lon="-49.01273849420249462127685546875">
        <ele>931</ele>
        <time>2025-04-05T08:04:05.000Z</time>
        <extensions>
          <ns3:TrackPointExtension>
            <ns3:hr>82</ns3:hr>
          </ns3:TrackPointExtension>
        </extensions>
      </trkpt>
      <trkpt lat="-25.40224512107670307159423828125" lon="-49.0127367340028285980224609375">
        <ele>934.20001220703125</ele>
        <time>2025-04-05T08:04:13.000Z</time>
        <extensions>
          <ns3:TrackPointExtension>
            <ns3:hr>82</ns3:hr>
          </ns3:TrackPointExtension>
        </extensions>
      </trkpt>
      <trkpt lat="-25.4022555984556674957275390625" lon="-49.01273950003087520599365234375">
        <ele>934.5999755859375</ele>
        <time>2025-04-05T08:04:14.000Z</time>
        <extensions>
          <ns3:TrackPointExtension>
            <ns3:hr>82</ns3:hr>
          </ns3:TrackPointExtension>
        </extensions>
      </trkpt>
      <trkpt lat="-25.4023172892630100250244140625" lon="-49.01275458745658397674560546875">
        <ele>935.79998779296875</ele>
        <time>2025-04-05T08:04:20.000Z</time>
        <extensions>
          <ns3:TrackPointExtension>
            <ns3:hr>82</ns3:hr>
          </ns3:TrackPointExtension>
        </extensions>
      </trkpt>
      <trkpt lat="-25.40237839333713054656982421875" lon="-49.01278995908796787261962890625">
        <ele>937</ele>
        <time>2025-04-05T08:04:27.000Z</time>
        <extensions>
          <ns3:TrackPointExtension>
            <ns3:hr>81</ns3:hr>
          </ns3:TrackPointExtension>
        </extensions>
      </trkpt>
      <trkpt lat="-25.4024470411241054534912109375" lon="-49.0128591097891330718994140625">
        <ele>937</ele>
        <time>2025-04-05T08:04:33.000Z</time>
        <extensions>
          <ns3:TrackPointExtension>
            <ns3:hr>82</ns3:hr>
          </ns3:TrackPointExtension>
        </extensions>
      </trkpt>
      <trkpt lat="-25.4025055468082427978515625" lon="-49.012932367622852325439453125">
        <ele>934.79998779296875</ele>
        <time>2025-04-05T08:04:40.000Z</time>
        <extensions>
          <ns3:TrackPointExtension>
            <ns3:hr>83</ns3:hr>
          </ns3:TrackPointExtension>
        </extensions>
      </trkpt>
      <trkpt lat="-25.40253547020256519317626953125" lon="-49.01295407675206661224365234375">
        <ele>934.4000244140625</ele>
        <time>2025-04-05T08:04:43.000Z</time>
        <extensions>
          <ns3:TrackPointExtension>
            <ns3:hr>80</ns3:hr>
          </ns3:TrackPointExtension>
        </extensions>
      </trkpt>
      <trkpt lat="-25.4025680758059024810791015625" lon="-49.012994728982448577880859375">
        <ele>934.5999755859375</ele>
        <time>2025-04-05T08:04:47.000Z</time>
        <extensions>
          <ns3:TrackPointExtension>
            <ns3:hr>80</ns3:hr>
          </ns3:TrackPointExtension>
        </extensions>
      </trkpt>
      <trkpt lat="-25.402640998363494873046875" lon="-49.01306957937777042388916015625">
        <ele>935.5999755859375</ele>
        <time>2025-04-05T08:04:55.000Z</time>
        <extensions>
          <ns3:TrackPointExtension>
            <ns3:hr>78</ns3:hr>
          </ns3:TrackPointExtension>
        </extensions>
      </trkpt>
      <trkpt lat="-25.40267645381391048431396484375" lon="-49.013056419789791107177734375">
        <ele>934.79998779296875</ele>
        <time>2025-04-05T08:04:59.000Z</time>
        <extensions>
          <ns3:TrackPointExtension>
            <ns3:hr>79</ns3:hr>
          </ns3:TrackPointExtension>
        </extensions>
      </trkpt>
      <trkpt lat="-25.4027119092643260955810546875" lon="-49.013050384819507598876953125">
        <ele>934.4000244140625</ele>
        <time>2025-04-05T08:05:02.000Z</time>
        <extensions>
          <ns3:TrackPointExtension>
            <ns3:hr>78</ns3:hr>
          </ns3:TrackPointExtension>
        </extensions>
      </trkpt>
      <trkpt lat="-25.40277636609971523284912109375" lon="-49.0131259895861148834228515625">
        <ele>934.20001220703125</ele>
        <time>2025-04-05T08:05:10.000Z</time>
        <extensions>
          <ns3:TrackPointExtension>
            <ns3:hr>79</ns3:hr>
          </ns3:TrackPointExtension>
        </extensions>
      </trkpt>
      <trkpt lat="-25.4028171859681606292724609375" lon="-49.0132619440555572509765625">
        <ele>936.4000244140625</ele>
        <time>2025-04-05T08:05:19.000Z</time>
        <extensions>
          <ns3:TrackPointExtension>
            <ns3:hr>77</ns3:hr>
          </ns3:TrackPointExtension>
        </extensions>
      </trkpt>
      <trkpt lat="-25.40281509049236774444580078125" lon="-49.01329035870730876922607421875">
        <ele>936.4000244140625</ele>
        <time>2025-04-05T08:05:21.000Z</time>
        <extensions>
          <ns3:TrackPointExtension>
            <ns3:hr>77</ns3:hr>
          </ns3:TrackPointExtension>
        </extensions>
      </trkpt>
      <trkpt lat="-25.40282414294779300689697265625" lon="-49.01330477558076381683349609375">
        <ele>936.79998779296875</ele>
        <time>2025-04-05T08:05:23.000Z</time>
        <extensions>
          <ns3:TrackPointExtension>
            <ns3:hr>82</ns3:hr>
          </ns3:TrackPointExtension>
        </extensions>
      </trkpt>
      <trkpt lat="-25.40283587761223316192626953125" lon="-49.0133144147694110870361328125">
        <ele>936.79998779296875</ele>
        <time>2025-04-05T08:05:24.000Z</time>
        <extensions>
          <ns3:TrackPointExtension>
            <ns3:hr>79</ns3:hr>
          </ns3:TrackPointExtension>
        </extensions>
      </trkpt>
      <trkpt lat="-25.40288935415446758270263671875" lon="-49.01335238479077816009521484375">
        <ele>938.20001220703125</ele>
        <time>2025-04-05T08:05:30.000Z</time>
        <extensions>
          <ns3:TrackPointExtension>
            <ns3:hr>78</ns3:hr>
          </ns3:TrackPointExtension>
        </extensions>
      </trkpt>
      <trkpt lat="-25.402888767421245574951171875" lon="-49.013337381184101104736328125">
        <ele>938.79998779296875</ele>
        <time>2025-04-05T08:05:32.000Z</time>
        <extensions>
          <ns3:TrackPointExtension>
            <ns3:hr>78</ns3:hr>
          </ns3:TrackPointExtension>
        </extensions>
      </trkpt>
      <trkpt lat="-25.40290729142725467681884765625" lon="-49.01331651024520397186279296875">
        <ele>939.79998779296875</ele>
        <time>2025-04-05T08:05:35.000Z</time>
        <extensions>
          <ns3:TrackPointExtension>
            <ns3:hr>79</ns3:hr>
          </ns3:TrackPointExtension>
        </extensions>
      </trkpt>
      <trkpt lat="-25.4029174335300922393798828125" lon="-49.013311900198459625244140625">
        <ele>940.20001220703125</ele>
        <time>2025-04-05T08:05:36.000Z</time>
        <extensions>
          <ns3:TrackPointExtension>
            <ns3:hr>78</ns3:hr>
          </ns3:TrackPointExtension>
        </extensions>
      </trkpt>
      <trkpt lat="-25.40294970385730266571044921875" lon="-49.0132795460522174835205078125">
        <ele>940.4000244140625</ele>
        <time>2025-04-05T08:05:42.000Z</time>
        <extensions>
          <ns3:TrackPointExtension>
            <ns3:hr>75</ns3:hr>
          </ns3:TrackPointExtension>
        </extensions>
      </trkpt>
      <trkpt lat="-25.402953810989856719970703125" lon="-49.01327669620513916015625">
        <ele>940.20001220703125</ele>
        <time>2025-04-05T08:05:43.000Z</time>
        <extensions>
          <ns3:TrackPointExtension>
            <ns3:hr>71</ns3:hr>
          </ns3:TrackPointExtension>
        </extensions>
      </trkpt>
      <trkpt lat="-25.4029616899788379669189453125" lon="-49.0132731758058071136474609375">
        <ele>940</ele>
        <time>2025-04-05T08:05:44.000Z</time>
        <extensions>
          <ns3:TrackPointExtension>
            <ns3:hr>74</ns3:hr>
          </ns3:TrackPointExtension>
        </extensions>
      </trkpt>
      <trkpt lat="-25.4029898531734943389892578125" lon="-49.01325850747525691986083984375">
        <ele>938.79998779296875</ele>
        <time>2025-04-05T08:05:48.000Z</time>
        <extensions>
          <ns3:TrackPointExtension>
            <ns3:hr>77</ns3:hr>
          </ns3:TrackPointExtension>
        </extensions>
      </trkpt>
      <trkpt lat="-25.40301457978785037994384765625" lon="-49.01325322687625885009765625">
        <ele>937.79998779296875</ele>
        <time>2025-04-05T08:05:50.000Z</time>
        <extensions>
          <ns3:TrackPointExtension>
            <ns3:hr>74</ns3:hr>
          </ns3:TrackPointExtension>
        </extensions>
      </trkpt>
      <trkpt lat="-25.40305498056113719940185546875" lon="-49.0132430009543895721435546875">
        <ele>936.4000244140625</ele>
        <time>2025-04-05T08:05:54.000Z</time>
        <extensions>
          <ns3:TrackPointExtension>
            <ns3:hr>73</ns3:hr>
          </ns3:TrackPointExtension>
        </extensions>
      </trkpt>
      <trkpt lat="-25.40306839160621166229248046875" lon="-49.01324249804019927978515625">
        <ele>935.5999755859375</ele>
        <time>2025-04-05T08:05:56.000Z</time>
        <extensions>
          <ns3:TrackPointExtension>
            <ns3:hr>74</ns3:hr>
          </ns3:TrackPointExtension>
        </extensions>
      </trkpt>
      <trkpt lat="-25.4030813835561275482177734375" lon="-49.0132349543273448944091796875">
        <ele>934.79998779296875</ele>
        <time>2025-04-05T08:05:58.000Z</time>
        <extensions>
          <ns3:TrackPointExtension>
            <ns3:hr>79</ns3:hr>
          </ns3:TrackPointExtension>
        </extensions>
      </trkpt>
      <trkpt lat="-25.40308683179318904876708984375" lon="-49.013225734233856201171875">
        <ele>934.5999755859375</ele>
        <time>2025-04-05T08:05:59.000Z</time>
        <extensions>
          <ns3:TrackPointExtension>
            <ns3:hr>78</ns3:hr>
          </ns3:TrackPointExtension>
        </extensions>
      </trkpt>
      <trkpt lat="-25.4030958004295825958251953125" lon="-49.01322347111999988555908203125">
        <ele>934.4000244140625</ele>
        <time>2025-04-05T08:06:00.000Z</time>
        <extensions>
          <ns3:TrackPointExtension>
            <ns3:hr>82</ns3:hr>
          </ns3:TrackPointExtension>
        </extensions>
      </trkpt>
      <trkpt lat="-25.4031224548816680908203125" lon="-49.01319849304854869842529296875">
        <ele>935</ele>
        <time>2025-04-05T08:06:04.000Z</time>
        <extensions>
          <ns3:TrackPointExtension>
            <ns3:hr>81</ns3:hr>
          </ns3:TrackPointExtension>
        </extensions>
      </trkpt>
      <trkpt lat="-25.4032002389430999755859375" lon="-49.01317368261516094207763671875">
        <ele>935.4000244140625</ele>
        <time>2025-04-05T08:06:11.000Z</time>
        <extensions>
          <ns3:TrackPointExtension>
            <ns3:hr>84</ns3:hr>
          </ns3:TrackPointExtension>
        </extensions>
      </trkpt>
      <trkpt lat="-25.40320199914276599884033203125" lon="-49.013173095881938934326171875">
        <ele>935.4000244140625</ele>
        <time>2025-04-05T08:06:12.000Z</time>
        <extensions>
          <ns3:TrackPointExtension>
            <ns3:hr>83</ns3:hr>
          </ns3:TrackPointExtension>
        </extensions>
      </trkpt>
      <trkpt lat="-25.40322647430002689361572265625" lon="-49.01315490715205669403076171875">
        <ele>935.79998779296875</ele>
        <time>2025-04-05T08:06:17.000Z</time>
        <extensions>
          <ns3:TrackPointExtension>
            <ns3:hr>83</ns3:hr>
          </ns3:TrackPointExtension>
        </extensions>
      </trkpt>
      <trkpt lat="-25.403314568102359771728515625" lon="-49.01313663460314273834228515625">
        <ele>937.79998779296875</ele>
        <time>2025-04-05T08:06:24.000Z</time>
        <extensions>
          <ns3:TrackPointExtension>
            <ns3:hr>82</ns3:hr>
          </ns3:TrackPointExtension>
        </extensions>
      </trkpt>
      <trkpt lat="-25.40332823060452938079833984375" lon="-49.01312154717743396759033203125">
        <ele>938.5999755859375</ele>
        <time>2025-04-05T08:06:27.000Z</time>
        <extensions>
          <ns3:TrackPointExtension>
            <ns3:hr>87</ns3:hr>
          </ns3:TrackPointExtension>
        </extensions>
      </trkpt>
      <trkpt lat="-25.4033423960208892822265625" lon="-49.0131253190338611602783203125">
        <ele>938.79998779296875</ele>
        <time>2025-04-05T08:06:29.000Z</time>
        <extensions>
          <ns3:TrackPointExtension>
            <ns3:hr>84</ns3:hr>
          </ns3:TrackPointExtension>
        </extensions>
      </trkpt>
      <trkpt lat="-25.40334968827664852142333984375" lon="-49.0131202898919582366943359375">
        <ele>939</ele>
        <time>2025-04-05T08:06:30.000Z</time>
        <extensions>
          <ns3:TrackPointExtension>
            <ns3:hr>84</ns3:hr>
          </ns3:TrackPointExtension>
        </extensions>
      </trkpt>
      <trkpt lat="-25.403370894491672515869140625" lon="-49.01310998015105724334716796875">
        <ele>940.20001220703125</ele>
        <time>2025-04-05T08:06:35.000Z</time>
        <extensions>
          <ns3:TrackPointExtension>
            <ns3:hr>85</ns3:hr>
          </ns3:TrackPointExtension>
        </extensions>
      </trkpt>
      <trkpt lat="-25.4033827967941761016845703125" lon="-49.01308148168027400970458984375">
        <ele>941.20001220703125</ele>
        <time>2025-04-05T08:06:37.000Z</time>
        <extensions>
          <ns3:TrackPointExtension>
            <ns3:hr>88</ns3:hr>
          </ns3:TrackPointExtension>
        </extensions>
      </trkpt>
      <trkpt lat="-25.40340182371437549591064453125" lon="-49.01305901817977428436279296875">
        <ele>942</ele>
        <time>2025-04-05T08:06:40.000Z</time>
        <extensions>
          <ns3:TrackPointExtension>
            <ns3:hr>83</ns3:hr>
          </ns3:TrackPointExtension>
        </extensions>
      </trkpt>
      <trkpt lat="-25.4034096188843250274658203125" lon="-49.01304108090698719024658203125">
        <ele>942.4000244140625</ele>
        <time>2025-04-05T08:06:42.000Z</time>
        <extensions>
          <ns3:TrackPointExtension>
            <ns3:hr>83</ns3:hr>
          </ns3:TrackPointExtension>
        </extensions>
      </trkpt>
      <trkpt lat="-25.40345982648432254791259765625" lon="-49.01301275007426738739013671875">
        <ele>944.20001220703125</ele>
        <time>2025-04-05T08:06:49.000Z</time>
        <extensions>
          <ns3:TrackPointExtension>
            <ns3:hr>82</ns3:hr>
          </ns3:TrackPointExtension>
        </extensions>
      </trkpt>
      <trkpt lat="-25.403493605554103851318359375" lon="-49.0129727683961391448974609375">
        <ele>947</ele>
        <time>2025-04-05T08:06:55.000Z</time>
        <extensions>
          <ns3:TrackPointExtension>
            <ns3:hr>85</ns3:hr>
          </ns3:TrackPointExtension>
        </extensions>
      </trkpt>
      <trkpt lat="-25.40349838323891162872314453125" lon="-49.01296933181583881378173828125">
        <ele>947.5999755859375</ele>
        <time>2025-04-05T08:06:56.000Z</time>
        <extensions>
          <ns3:TrackPointExtension>
            <ns3:hr>82</ns3:hr>
          </ns3:TrackPointExtension>
        </extensions>
      </trkpt>
      <trkpt lat="-25.40350659750401973724365234375" lon="-49.01295407675206661224365234375">
        <ele>948.20001220703125</ele>
        <time>2025-04-05T08:06:58.000Z</time>
        <extensions>
          <ns3:TrackPointExtension>
            <ns3:hr>81</ns3:hr>
          </ns3:TrackPointExtension>
        </extensions>
      </trkpt>
      <trkpt lat="-25.40354230441153049468994140625" lon="-49.01293278671801090240478515625">
        <ele>949.5999755859375</ele>
        <time>2025-04-05T08:07:02.000Z</time>
        <extensions>
          <ns3:TrackPointExtension>
            <ns3:hr>80</ns3:hr>
          </ns3:TrackPointExtension>
        </extensions>
      </trkpt>
      <trkpt lat="-25.40355496108531951904296875" lon="-49.01292121969163417816162109375">
        <ele>949.79998779296875</ele>
        <time>2025-04-05T08:07:03.000Z</time>
        <extensions>
          <ns3:TrackPointExtension>
            <ns3:hr>80</ns3:hr>
          </ns3:TrackPointExtension>
        </extensions>
      </trkpt>
      <trkpt lat="-25.403614975512027740478515625" lon="-49.012884758412837982177734375">
        <ele>949.79998779296875</ele>
        <time>2025-04-05T08:07:09.000Z</time>
        <extensions>
          <ns3:TrackPointExtension>
            <ns3:hr>78</ns3:hr>
          </ns3:TrackPointExtension>
        </extensions>
      </trkpt>
      <trkpt lat="-25.4036604054272174835205078125" lon="-49.01288014836609363555908203125">
        <ele>949.5999755859375</ele>
        <time>2025-04-05T08:07:12.000Z</time>
        <extensions>
          <ns3:TrackPointExtension>
            <ns3:hr>76</ns3:hr>
          </ns3:TrackPointExtension>
        </extensions>
      </trkpt>
      <trkpt lat="-25.40366895496845245361328125" lon="-49.01285718195140361785888671875">
        <ele>949.79998779296875</ele>
        <time>2025-04-05T08:07:14.000Z</time>
        <extensions>
          <ns3:TrackPointExtension>
            <ns3:hr>76</ns3:hr>
          </ns3:TrackPointExtension>
        </extensions>
      </trkpt>
      <trkpt lat="-25.4037224315106868743896484375" lon="-49.0128081478178501129150390625">
        <ele>951.5999755859375</ele>
        <time>2025-04-05T08:07:21.000Z</time>
        <extensions>
          <ns3:TrackPointExtension>
            <ns3:hr>76</ns3:hr>
          </ns3:TrackPointExtension>
        </extensions>
      </trkpt>
      <trkpt lat="-25.40372905321419239044189453125" lon="-49.012808315455913543701171875">
        <ele>951.5999755859375</ele>
        <time>2025-04-05T08:07:22.000Z</time>
        <extensions>
          <ns3:TrackPointExtension>
            <ns3:hr>76</ns3:hr>
          </ns3:TrackPointExtension>
        </extensions>
      </trkpt>
      <trkpt lat="-25.4037764109671115875244140625" lon="-49.012764394283294677734375">
        <ele>953.20001220703125</ele>
        <time>2025-04-05T08:07:28.000Z</time>
        <extensions>
          <ns3:TrackPointExtension>
            <ns3:hr>78</ns3:hr>
          </ns3:TrackPointExtension>
        </extensions>
      </trkpt>
      <trkpt lat="-25.4038320668041706085205078125" lon="-49.0127524919807910919189453125">
        <ele>954.79998779296875</ele>
        <time>2025-04-05T08:07:33.000Z</time>
        <extensions>
          <ns3:TrackPointExtension>
            <ns3:hr>75</ns3:hr>
          </ns3:TrackPointExtension>
        </extensions>
      </trkpt>
      <trkpt lat="-25.40384053252637386322021484375" lon="-49.0127550065517425537109375">
        <ele>955</ele>
        <time>2025-04-05T08:07:34.000Z</time>
        <extensions>
          <ns3:TrackPointExtension>
            <ns3:hr>76</ns3:hr>
          </ns3:TrackPointExtension>
        </extensions>
      </trkpt>
      <trkpt lat="-25.40387372486293315887451171875" lon="-49.01268501766026020050048828125">
        <ele>955.20001220703125</ele>
        <time>2025-04-05T08:07:40.000Z</time>
        <extensions>
          <ns3:TrackPointExtension>
            <ns3:hr>77</ns3:hr>
          </ns3:TrackPointExtension>
        </extensions>
      </trkpt>
      <trkpt lat="-25.40389023721218109130859375" lon="-49.01268635876476764678955078125">
        <ele>955.20001220703125</ele>
        <time>2025-04-05T08:07:41.000Z</time>
        <extensions>
          <ns3:TrackPointExtension>
            <ns3:hr>80</ns3:hr>
          </ns3:TrackPointExtension>
        </extensions>
      </trkpt>
      <trkpt lat="-25.40389803238213062286376953125" lon="-49.0126825869083404541015625">
        <ele>955.20001220703125</ele>
        <time>2025-04-05T08:07:42.000Z</time>
        <extensions>
          <ns3:TrackPointExtension>
            <ns3:hr>77</ns3:hr>
          </ns3:TrackPointExtension>
        </extensions>
      </trkpt>
      <trkpt lat="-25.4039520956575870513916015625" lon="-49.0126867778599262237548828125">
        <ele>957.5999755859375</ele>
        <time>2025-04-05T08:07:47.000Z</time>
        <extensions>
          <ns3:TrackPointExtension>
            <ns3:hr>77</ns3:hr>
          </ns3:TrackPointExtension>
        </extensions>
      </trkpt>
      <trkpt lat="-25.40396911092102527618408203125" lon="-49.0126924775540828704833984375">
        <ele>958.79998779296875</ele>
        <time>2025-04-05T08:07:53.000Z</time>
        <extensions>
          <ns3:TrackPointExtension>
            <ns3:hr>77</ns3:hr>
          </ns3:TrackPointExtension>
        </extensions>
      </trkpt>
      <trkpt lat="-25.40396575815975666046142578125" lon="-49.01271703653037548065185546875">
        <ele>960.20001220703125</ele>
        <time>2025-04-05T08:08:01.000Z</time>
        <extensions>
          <ns3:TrackPointExtension>
            <ns3:hr>77</ns3:hr>
          </ns3:TrackPointExtension>
        </extensions>
      </trkpt>
      <trkpt lat="-25.403966009616851806640625" lon="-49.01271921582520008087158203125">
        <ele>960.79998779296875</ele>
        <time>2025-04-05T08:08:21.000Z</time>
        <extensions>
          <ns3:TrackPointExtension>
            <ns3:hr>74</ns3:hr>
          </ns3:TrackPointExtension>
        </extensions>
      </trkpt>
      <trkpt lat="-25.40397296659648418426513671875" lon="-49.0127280168235301971435546875">
        <ele>962</ele>
        <time>2025-04-05T08:08:42.000Z</time>
        <extensions>
          <ns3:TrackPointExtension>
            <ns3:hr>77</ns3:hr>
          </ns3:TrackPointExtension>
        </extensions>
      </trkpt>
      <trkpt lat="-25.40397296659648418426513671875" lon="-49.0127280168235301971435546875">
        <ele>962</ele>
        <time>2025-04-05T08:08:44.000Z</time>
        <extensions>
          <ns3:TrackPointExtension>
            <ns3:hr>74</ns3:hr>
          </ns3:TrackPointExtension>
        </extensions>
      </trkpt>
      <trkpt lat="-25.40397330187261104583740234375" lon="-49.0127276815474033355712890625">
        <ele>962</ele>
        <time>2025-04-05T08:08:50.000Z</time>
        <extensions>
          <ns3:TrackPointExtension>
            <ns3:hr>77</ns3:hr>
          </ns3:TrackPointExtension>
        </extensions>
      </trkpt>
      <trkpt lat="-25.40397346951067447662353515625" lon="-49.01272374205291271209716796875">
        <ele>962</ele>
        <time>2025-04-05T08:08:57.000Z</time>
        <extensions>
          <ns3:TrackPointExtension>
            <ns3:hr>80</ns3:hr>
          </ns3:TrackPointExtension>
        </extensions>
      </trkpt>
      <trkpt lat="-25.40398252196609973907470703125" lon="-49.01272558607161045074462890625">
        <ele>961.4000244140625</ele>
        <time>2025-04-05T08:09:20.000Z</time>
        <extensions>
          <ns3:TrackPointExtension>
            <ns3:hr>83</ns3:hr>
          </ns3:TrackPointExtension>
        </extensions>
      </trkpt>
      <trkpt lat="-25.40398637764155864715576171875" lon="-49.01272885501384735107421875">
        <ele>961.4000244140625</ele>
        <time>2025-04-05T08:09:27.000Z</time>
        <extensions>
          <ns3:TrackPointExtension>
            <ns3:hr>79</ns3:hr>
          </ns3:TrackPointExtension>
        </extensions>
      </trkpt>
      <trkpt lat="-25.40398721583187580108642578125" lon="-49.0127293579280376434326171875">
        <ele>961.5999755859375</ele>
        <time>2025-04-05T08:09:29.000Z</time>
        <extensions>
          <ns3:TrackPointExtension>
            <ns3:hr>80</ns3:hr>
          </ns3:TrackPointExtension>
        </extensions>
      </trkpt>
      <trkpt lat="-25.404022000730037689208984375" lon="-49.0127300284802913665771484375">
        <ele>961.79998779296875</ele>
        <time>2025-04-05T08:09:35.000Z</time>
        <extensions>
          <ns3:TrackPointExtension>
            <ns3:hr>77</ns3:hr>
          </ns3:TrackPointExtension>
        </extensions>
      </trkpt>
      <trkpt lat="-25.4040359146893024444580078125" lon="-49.01272877119481563568115234375">
        <ele>962</ele>
        <time>2025-04-05T08:09:36.000Z</time>
        <extensions>
          <ns3:TrackPointExtension>
            <ns3:hr>81</ns3:hr>
          </ns3:TrackPointExtension>
        </extensions>
      </trkpt>
      <trkpt lat="-25.4040504992008209228515625" lon="-49.0127300284802913665771484375">
        <ele>962</ele>
        <time>2025-04-05T08:09:37.000Z</time>
        <extensions>
          <ns3:TrackPointExtension>
            <ns3:hr>78</ns3:hr>
          </ns3:TrackPointExtension>
        </extensions>
      </trkpt>
      <trkpt lat="-25.40408729575574398040771484375" lon="-49.01269122026860713958740234375">
        <ele>962.4000244140625</ele>
        <time>2025-04-05T08:09:42.000Z</time>
        <extensions>
          <ns3:TrackPointExtension>
            <ns3:hr>77</ns3:hr>
          </ns3:TrackPointExtension>
        </extensions>
      </trkpt>
      <trkpt lat="-25.40413289330899715423583984375" lon="-49.01265718974173069000244140625">
        <ele>961.79998779296875</ele>
        <time>2025-04-05T08:09:46.000Z</time>
        <extensions>
          <ns3:TrackPointExtension>
            <ns3:hr>77</ns3:hr>
          </ns3:TrackPointExtension>
        </extensions>
      </trkpt>
      <trkpt lat="-25.404156111180782318115234375" lon="-49.01262961328029632568359375">
        <ele>960.20001220703125</ele>
        <time>2025-04-05T08:09:53.000Z</time>
        <extensions>
          <ns3:TrackPointExtension>
            <ns3:hr>77</ns3:hr>
          </ns3:TrackPointExtension>
        </extensions>
      </trkpt>
      <trkpt lat="-25.4041663371026515960693359375" lon="-49.0126168727874755859375">
        <ele>960.20001220703125</ele>
        <time>2025-04-05T08:09:55.000Z</time>
        <extensions>
          <ns3:TrackPointExtension>
            <ns3:hr>77</ns3:hr>
          </ns3:TrackPointExtension>
        </extensions>
      </trkpt>
      <trkpt lat="-25.40417362935841083526611328125" lon="-49.01259482838213443756103515625">
        <ele>960.5999755859375</ele>
        <time>2025-04-05T08:09:57.000Z</time>
        <extensions>
          <ns3:TrackPointExtension>
            <ns3:hr>76</ns3:hr>
          </ns3:TrackPointExtension>
        </extensions>
      </trkpt>
      <trkpt lat="-25.4041794128715991973876953125" lon="-49.0125788189470767974853515625">
        <ele>961.20001220703125</ele>
        <time>2025-04-05T08:09:59.000Z</time>
        <extensions>
          <ns3:TrackPointExtension>
            <ns3:hr>75</ns3:hr>
          </ns3:TrackPointExtension>
        </extensions>
      </trkpt>
      <trkpt lat="-25.404196344316005706787109375" lon="-49.012578316032886505126953125">
        <ele>961.79998779296875</ele>
        <time>2025-04-05T08:10:01.000Z</time>
        <extensions>
          <ns3:TrackPointExtension>
            <ns3:hr>76</ns3:hr>
          </ns3:TrackPointExtension>
        </extensions>
      </trkpt>
      <trkpt lat="-25.4042186401784420013427734375" lon="-49.0125395916402339935302734375">
        <ele>962.5999755859375</ele>
        <time>2025-04-05T08:10:06.000Z</time>
        <extensions>
          <ns3:TrackPointExtension>
            <ns3:hr>76</ns3:hr>
          </ns3:TrackPointExtension>
        </extensions>
      </trkpt>
      <trkpt lat="-25.4042623937129974365234375" lon="-49.0125189721584320068359375">
        <ele>961.5999755859375</ele>
        <time>2025-04-05T08:10:10.000Z</time>
        <extensions>
          <ns3:TrackPointExtension>
            <ns3:hr>77</ns3:hr>
          </ns3:TrackPointExtension>
        </extensions>
      </trkpt>
      <trkpt lat="-25.4043026268482208251953125" lon="-49.01248334906995296478271484375">
        <ele>960.4000244140625</ele>
        <time>2025-04-05T08:10:15.000Z</time>
        <extensions>
          <ns3:TrackPointExtension>
            <ns3:hr>76</ns3:hr>
          </ns3:TrackPointExtension>
        </extensions>
      </trkpt>
      <trkpt lat="-25.4043084941804409027099609375" lon="-49.01244680397212505340576171875">
        <ele>960.20001220703125</ele>
        <time>2025-04-05T08:10:18.000Z</time>
        <extensions>
          <ns3:TrackPointExtension>
            <ns3:hr>76</ns3:hr>
          </ns3:TrackPointExtension>
        </extensions>
      </trkpt>
      <trkpt lat="-25.404302291572093963623046875" lon="-49.0124198980629444122314453125">
        <ele>960</ele>
        <time>2025-04-05T08:10:20.000Z</time>
        <extensions>
          <ns3:TrackPointExtension>
            <ns3:hr>79</ns3:hr>
          </ns3:TrackPointExtension>
        </extensions>
      </trkpt>
      <trkpt lat="-25.4043061472475528717041015625" lon="-49.0124115161597728729248046875">
        <ele>960</ele>
        <time>2025-04-05T08:10:22.000Z</time>
        <extensions>
          <ns3:TrackPointExtension>
            <ns3:hr>76</ns3:hr>
          </ns3:TrackPointExtension>
        </extensions>
      </trkpt>
      <trkpt lat="-25.4043172113597393035888671875" lon="-49.0123880468308925628662109375">
        <ele>959.79998779296875</ele>
        <time>2025-04-05T08:10:24.000Z</time>
        <extensions>
          <ns3:TrackPointExtension>
            <ns3:hr>78</ns3:hr>
          </ns3:TrackPointExtension>
        </extensions>
      </trkpt>
      <trkpt lat="-25.40431193076074123382568359375" lon="-49.01237421669065952301025390625">
        <ele>959.79998779296875</ele>
        <time>2025-04-05T08:10:25.000Z</time>
        <extensions>
          <ns3:TrackPointExtension>
            <ns3:hr>74</ns3:hr>
          </ns3:TrackPointExtension>
        </extensions>
      </trkpt>
      <trkpt lat="-25.40431226603686809539794921875" lon="-49.0123327262699604034423828125">
        <ele>959.79998779296875</ele>
        <time>2025-04-05T08:10:27.000Z</time>
        <extensions>
          <ns3:TrackPointExtension>
            <ns3:hr>77</ns3:hr>
          </ns3:TrackPointExtension>
        </extensions>
      </trkpt>
      <trkpt lat="-25.40431729517877101898193359375" lon="-49.01225217618048191070556640625">
        <ele>960.20001220703125</ele>
        <time>2025-04-05T08:10:30.000Z</time>
        <extensions>
          <ns3:TrackPointExtension>
            <ns3:hr>76</ns3:hr>
          </ns3:TrackPointExtension>
        </extensions>
      </trkpt>
      <trkpt lat="-25.40433171205222606658935546875" lon="-49.01213717646896839141845703125">
        <ele>965.4000244140625</ele>
        <time>2025-04-05T08:10:37.000Z</time>
        <extensions>
          <ns3:TrackPointExtension>
            <ns3:hr>76</ns3:hr>
          </ns3:TrackPointExtension>
        </extensions>
      </trkpt>
      <trkpt lat="-25.404341518878936767578125" lon="-49.01212208904325962066650390625">
        <ele>966</ele>
        <time>2025-04-05T08:10:38.000Z</time>
        <extensions>
          <ns3:TrackPointExtension>
            <ns3:hr>76</ns3:hr>
          </ns3:TrackPointExtension>
        </extensions>
      </trkpt>
      <trkpt lat="-25.4043520800769329071044921875" lon="-49.0121147967875003814697265625">
        <ele>966.4000244140625</ele>
        <time>2025-04-05T08:10:39.000Z</time>
        <extensions>
          <ns3:TrackPointExtension>
            <ns3:hr>80</ns3:hr>
          </ns3:TrackPointExtension>
        </extensions>
      </trkpt>
      <trkpt lat="-25.40436767041683197021484375" lon="-49.01211353950202465057373046875">
        <ele>966.79998779296875</ele>
        <time>2025-04-05T08:10:40.000Z</time>
        <extensions>
          <ns3:TrackPointExtension>
            <ns3:hr>77</ns3:hr>
          </ns3:TrackPointExtension>
        </extensions>
      </trkpt>
      <trkpt lat="-25.4044181294739246368408203125" lon="-49.0120978653430938720703125">
        <ele>967.5999755859375</ele>
        <time>2025-04-05T08:10:43.000Z</time>
        <extensions>
          <ns3:TrackPointExtension>
            <ns3:hr>75</ns3:hr>
          </ns3:TrackPointExtension>
        </extensions>
      </trkpt>
      <trkpt lat="-25.4044244997203350067138671875" lon="-49.01209861971437931060791015625">
        <ele>967.5999755859375</ele>
        <time>2025-04-05T08:10:44.000Z</time>
        <extensions>
          <ns3:TrackPointExtension>
            <ns3:hr>74</ns3:hr>
          </ns3:TrackPointExtension>
        </extensions>
      </trkpt>
      <trkpt lat="-25.40443548001348972320556640625" lon="-49.0120973624289035797119140625">
        <ele>968.20001220703125</ele>
        <time>2025-04-05T08:10:48.000Z</time>
        <extensions>
          <ns3:TrackPointExtension>
            <ns3:hr>76</ns3:hr>
          </ns3:TrackPointExtension>
        </extensions>
      </trkpt>
      <trkpt lat="-25.40449817664921283721923828125" lon="-49.01203022338449954986572265625">
        <ele>971.5999755859375</ele>
        <time>2025-04-05T08:10:56.000Z</time>
        <extensions>
          <ns3:TrackPointExtension>
            <ns3:hr>73</ns3:hr>
          </ns3:TrackPointExtension>
        </extensions>
      </trkpt>
      <trkpt lat="-25.404518209397792816162109375" lon="-49.011996947228908538818359375">
        <ele>972</ele>
        <time>2025-04-05T08:10:59.000Z</time>
        <extensions>
          <ns3:TrackPointExtension>
            <ns3:hr>77</ns3:hr>
          </ns3:TrackPointExtension>
        </extensions>
      </trkpt>
      <trkpt lat="-25.40456120856106281280517578125" lon="-49.01196300052106380462646484375">
        <ele>971.4000244140625</ele>
        <time>2025-04-05T08:11:04.000Z</time>
        <extensions>
          <ns3:TrackPointExtension>
            <ns3:hr>75</ns3:hr>
          </ns3:TrackPointExtension>
        </extensions>
      </trkpt>
      <trkpt lat="-25.40459305979311466217041015625" lon="-49.0119471587240695953369140625">
        <ele>970.5999755859375</ele>
        <time>2025-04-05T08:11:07.000Z</time>
        <extensions>
          <ns3:TrackPointExtension>
            <ns3:hr>78</ns3:hr>
          </ns3:TrackPointExtension>
        </extensions>
      </trkpt>
      <trkpt lat="-25.40460144169628620147705078125" lon="-49.0119327418506145477294921875">
        <ele>970</ele>
        <time>2025-04-05T08:11:08.000Z</time>
        <extensions>
          <ns3:TrackPointExtension>
            <ns3:hr>77</ns3:hr>
          </ns3:TrackPointExtension>
        </extensions>
      </trkpt>
      <trkpt lat="-25.404615104198455810546875" lon="-49.011878930032253265380859375">
        <ele>969</ele>
        <time>2025-04-05T08:11:11.000Z</time>
        <extensions>
          <ns3:TrackPointExtension>
            <ns3:hr>77</ns3:hr>
          </ns3:TrackPointExtension>
        </extensions>
      </trkpt>
      <trkpt lat="-25.40465692989528179168701171875" lon="-49.011867530643939971923828125">
        <ele>968.5999755859375</ele>
        <time>2025-04-05T08:11:15.000Z</time>
        <extensions>
          <ns3:TrackPointExtension>
            <ns3:hr>74</ns3:hr>
          </ns3:TrackPointExtension>
        </extensions>
      </trkpt>
      <trkpt lat="-25.4046662338078022003173828125" lon="-49.0118650160729885101318359375">
        <ele>968.5999755859375</ele>
        <time>2025-04-05T08:11:16.000Z</time>
        <extensions>
          <ns3:TrackPointExtension>
            <ns3:hr>77</ns3:hr>
          </ns3:TrackPointExtension>
        </extensions>
      </trkpt>
      <trkpt lat="-25.404700599610805511474609375" lon="-49.01186476461589336395263671875">
        <ele>968.5999755859375</ele>
        <time>2025-04-05T08:11:18.000Z</time>
        <extensions>
          <ns3:TrackPointExtension>
            <ns3:hr>76</ns3:hr>
          </ns3:TrackPointExtension>
        </extensions>
      </trkpt>
      <trkpt lat="-25.40470940060913562774658203125" lon="-49.01185353286564350128173828125">
        <ele>968.79998779296875</ele>
        <time>2025-04-05T08:11:19.000Z</time>
        <extensions>
          <ns3:TrackPointExtension>
            <ns3:hr>76</ns3:hr>
          </ns3:TrackPointExtension>
        </extensions>
      </trkpt>
      <trkpt lat="-25.40473722852766513824462890625" lon="-49.01180215179920196533203125">
        <ele>968.79998779296875</ele>
        <time>2025-04-05T08:11:23.000Z</time>
        <extensions>
          <ns3:TrackPointExtension>
            <ns3:hr>76</ns3:hr>
          </ns3:TrackPointExtension>
        </extensions>
      </trkpt>
      <trkpt lat="-25.40476941503584384918212890625" lon="-49.011734761297702789306640625">
        <ele>968.5999755859375</ele>
        <time>2025-04-05T08:11:28.000Z</time>
        <extensions>
          <ns3:TrackPointExtension>
            <ns3:hr>80</ns3:hr>
          </ns3:TrackPointExtension>
        </extensions>
      </trkpt>
      <trkpt lat="-25.40478114970028400421142578125" lon="-49.01169159449636936187744140625">
        <ele>968.20001220703125</ele>
        <time>2025-04-05T08:11:32.000Z</time>
        <extensions>
          <ns3:TrackPointExtension>
            <ns3:hr>79</ns3:hr>
          </ns3:TrackPointExtension>
        </extensions>
      </trkpt>
      <trkpt lat="-25.40480646304786205291748046875" lon="-49.01164985261857509613037109375">
        <ele>967.79998779296875</ele>
        <time>2025-04-05T08:11:36.000Z</time>
        <extensions>
          <ns3:TrackPointExtension>
            <ns3:hr>79</ns3:hr>
          </ns3:TrackPointExtension>
        </extensions>
      </trkpt>
      <trkpt lat="-25.4048335365951061248779296875" lon="-49.01156075298786163330078125">
        <ele>967.79998779296875</ele>
        <time>2025-04-05T08:11:41.000Z</time>
        <extensions>
          <ns3:TrackPointExtension>
            <ns3:hr>80</ns3:hr>
          </ns3:TrackPointExtension>
        </extensions>
      </trkpt>
      <trkpt lat="-25.40484015829861164093017578125" lon="-49.01154776103794574737548828125">
        <ele>967.79998779296875</ele>
        <time>2025-04-05T08:11:42.000Z</time>
        <extensions>
          <ns3:TrackPointExtension>
            <ns3:hr>78</ns3:hr>
          </ns3:TrackPointExtension>
        </extensions>
      </trkpt>
      <trkpt lat="-25.404848121106624603271484375" lon="-49.01151037774980068206787109375">
        <ele>968.20001220703125</ele>
        <time>2025-04-05T08:11:44.000Z</time>
        <extensions>
          <ns3:TrackPointExtension>
            <ns3:hr>81</ns3:hr>
          </ns3:TrackPointExtension>
        </extensions>
      </trkpt>
      <trkpt lat="-25.40487997233867645263671875" lon="-49.01145975105464458465576171875">
        <ele>968.5999755859375</ele>
        <time>2025-04-05T08:11:47.000Z</time>
        <extensions>
          <ns3:TrackPointExtension>
            <ns3:hr>78</ns3:hr>
          </ns3:TrackPointExtension>
        </extensions>
      </trkpt>
      <trkpt lat="-25.4049334488809108734130859375" lon="-49.01145187206566333770751953125">
        <ele>968.79998779296875</ele>
        <time>2025-04-05T08:11:50.000Z</time>
        <extensions>
          <ns3:TrackPointExtension>
            <ns3:hr>79</ns3:hr>
          </ns3:TrackPointExtension>
        </extensions>
      </trkpt>
      <trkpt lat="-25.404974184930324554443359375" lon="-49.011391438543796539306640625">
        <ele>968.5999755859375</ele>
        <time>2025-04-05T08:11:55.000Z</time>
        <extensions>
          <ns3:TrackPointExtension>
            <ns3:hr>75</ns3:hr>
          </ns3:TrackPointExtension>
        </extensions>
      </trkpt>
      <trkpt lat="-25.40498734451830387115478515625" lon="-49.011385738849639892578125">
        <ele>968.5999755859375</ele>
        <time>2025-04-05T08:11:56.000Z</time>
        <extensions>
          <ns3:TrackPointExtension>
            <ns3:hr>74</ns3:hr>
          </ns3:TrackPointExtension>
        </extensions>
      </trkpt>
      <trkpt lat="-25.40501140058040618896484375" lon="-49.01138716377317905426025390625">
        <ele>968.4000244140625</ele>
        <time>2025-04-05T08:11:57.000Z</time>
        <extensions>
          <ns3:TrackPointExtension>
            <ns3:hr>75</ns3:hr>
          </ns3:TrackPointExtension>
        </extensions>
      </trkpt>
      <trkpt lat="-25.4050528071820735931396484375" lon="-49.01136486791074275970458984375">
        <ele>967.20001220703125</ele>
        <time>2025-04-05T08:12:00.000Z</time>
        <extensions>
          <ns3:TrackPointExtension>
            <ns3:hr>81</ns3:hr>
          </ns3:TrackPointExtension>
        </extensions>
      </trkpt>
      <trkpt lat="-25.40505490265786647796630859375" lon="-49.01134709827601909637451171875">
        <ele>966.5999755859375</ele>
        <time>2025-04-05T08:12:02.000Z</time>
        <extensions>
          <ns3:TrackPointExtension>
            <ns3:hr>81</ns3:hr>
          </ns3:TrackPointExtension>
        </extensions>
      </trkpt>
      <trkpt lat="-25.40507376194000244140625" lon="-49.0113332681357860565185546875">
        <ele>966.20001220703125</ele>
        <time>2025-04-05T08:12:04.000Z</time>
        <extensions>
          <ns3:TrackPointExtension>
            <ns3:hr>84</ns3:hr>
          </ns3:TrackPointExtension>
        </extensions>
      </trkpt>
      <trkpt lat="-25.405080132186412811279296875" lon="-49.01127249933779239654541015625">
        <ele>966.20001220703125</ele>
        <time>2025-04-05T08:12:07.000Z</time>
        <extensions>
          <ns3:TrackPointExtension>
            <ns3:hr>85</ns3:hr>
          </ns3:TrackPointExtension>
        </extensions>
      </trkpt>
      <trkpt lat="-25.405115000903606414794921875" lon="-49.0112357027828693389892578125">
        <ele>966.79998779296875</ele>
        <time>2025-04-05T08:12:10.000Z</time>
        <extensions>
          <ns3:TrackPointExtension>
            <ns3:hr>85</ns3:hr>
          </ns3:TrackPointExtension>
        </extensions>
      </trkpt>
      <trkpt lat="-25.4051295854151248931884765625" lon="-49.01118398644030094146728515625">
        <ele>967.79998779296875</ele>
        <time>2025-04-05T08:12:13.000Z</time>
        <extensions>
          <ns3:TrackPointExtension>
            <ns3:hr>87</ns3:hr>
          </ns3:TrackPointExtension>
        </extensions>
      </trkpt>
      <trkpt lat="-25.4051600955426692962646484375" lon="-49.011179544031620025634765625">
        <ele>971.79998779296875</ele>
        <time>2025-04-05T08:12:18.000Z</time>
        <extensions>
          <ns3:TrackPointExtension>
            <ns3:hr>87</ns3:hr>
          </ns3:TrackPointExtension>
        </extensions>
      </trkpt>
      <trkpt lat="-25.40518867783248424530029296875" lon="-49.011176191270351409912109375">
        <ele>973.20001220703125</ele>
        <time>2025-04-05T08:12:20.000Z</time>
        <extensions>
          <ns3:TrackPointExtension>
            <ns3:hr>86</ns3:hr>
          </ns3:TrackPointExtension>
        </extensions>
      </trkpt>
      <trkpt lat="-25.405220277607440948486328125" lon="-49.01116822846233844757080078125">
        <ele>974.79998779296875</ele>
        <time>2025-04-05T08:12:23.000Z</time>
        <extensions>
          <ns3:TrackPointExtension>
            <ns3:hr>85</ns3:hr>
          </ns3:TrackPointExtension>
        </extensions>
      </trkpt>
      <trkpt lat="-25.40522505529224872589111328125" lon="-49.01115573942661285400390625">
        <ele>975.20001220703125</ele>
        <time>2025-04-05T08:12:24.000Z</time>
        <extensions>
          <ns3:TrackPointExtension>
            <ns3:hr>84</ns3:hr>
          </ns3:TrackPointExtension>
        </extensions>
      </trkpt>
      <trkpt lat="-25.4052628576755523681640625" lon="-49.01113369502127170562744140625">
        <ele>976.79998779296875</ele>
        <time>2025-04-05T08:12:29.000Z</time>
        <extensions>
          <ns3:TrackPointExtension>
            <ns3:hr>86</ns3:hr>
          </ns3:TrackPointExtension>
        </extensions>
      </trkpt>
      <trkpt lat="-25.405283309519290924072265625" lon="-49.0111139975488185882568359375">
        <ele>977.5999755859375</ele>
        <time>2025-04-05T08:12:31.000Z</time>
        <extensions>
          <ns3:TrackPointExtension>
            <ns3:hr>86</ns3:hr>
          </ns3:TrackPointExtension>
        </extensions>
      </trkpt>
      <trkpt lat="-25.40530778467655181884765625" lon="-49.01109404861927032470703125">
        <ele>978.4000244140625</ele>
        <time>2025-04-05T08:12:34.000Z</time>
        <extensions>
          <ns3:TrackPointExtension>
            <ns3:hr>83</ns3:hr>
          </ns3:TrackPointExtension>
        </extensions>
      </trkpt>
      <trkpt lat="-25.4053240455687046051025390625" lon="-49.01105582714080810546875">
        <ele>978.5999755859375</ele>
        <time>2025-04-05T08:12:37.000Z</time>
        <extensions>
          <ns3:TrackPointExtension>
            <ns3:hr>82</ns3:hr>
          </ns3:TrackPointExtension>
        </extensions>
      </trkpt>
      <trkpt lat="-25.40533636696636676788330078125" lon="-49.0110432542860507965087890625">
        <ele>978.79998779296875</ele>
        <time>2025-04-05T08:12:38.000Z</time>
        <extensions>
          <ns3:TrackPointExtension>
            <ns3:hr>82</ns3:hr>
          </ns3:TrackPointExtension>
        </extensions>
      </trkpt>
      <trkpt lat="-25.40536033920943737030029296875" lon="-49.01101802475750446319580078125">
        <ele>978.79998779296875</ele>
        <time>2025-04-05T08:12:40.000Z</time>
        <extensions>
          <ns3:TrackPointExtension>
            <ns3:hr>82</ns3:hr>
          </ns3:TrackPointExtension>
        </extensions>
      </trkpt>
      <trkpt lat="-25.40537810884416103363037109375" lon="-49.0109902806580066680908203125">
        <ele>979</ele>
        <time>2025-04-05T08:12:42.000Z</time>
        <extensions>
          <ns3:TrackPointExtension>
            <ns3:hr>85</ns3:hr>
          </ns3:TrackPointExtension>
        </extensions>
      </trkpt>
      <trkpt lat="-25.40537157095968723297119140625" lon="-49.01092548854649066925048828125">
        <ele>979.4000244140625</ele>
        <time>2025-04-05T08:12:45.000Z</time>
        <extensions>
          <ns3:TrackPointExtension>
            <ns3:hr>81</ns3:hr>
          </ns3:TrackPointExtension>
        </extensions>
      </trkpt>
      <trkpt lat="-25.4053850658237934112548828125" lon="-49.01090319268405437469482421875">
        <ele>980</ele>
        <time>2025-04-05T08:12:47.000Z</time>
        <extensions>
          <ns3:TrackPointExtension>
            <ns3:hr>81</ns3:hr>
          </ns3:TrackPointExtension>
        </extensions>
      </trkpt>
      <trkpt lat="-25.40538481436669826507568359375" lon="-49.01087234728038311004638671875">
        <ele>981</ele>
        <time>2025-04-05T08:12:50.000Z</time>
        <extensions>
          <ns3:TrackPointExtension>
            <ns3:hr>80</ns3:hr>
          </ns3:TrackPointExtension>
        </extensions>
      </trkpt>
      <trkpt lat="-25.40540836751461029052734375" lon="-49.01086698286235332489013671875">
        <ele>981.4000244140625</ele>
        <time>2025-04-05T08:12:52.000Z</time>
        <extensions>
          <ns3:TrackPointExtension>
            <ns3:hr>82</ns3:hr>
          </ns3:TrackPointExtension>
        </extensions>
      </trkpt>
      <trkpt lat="-25.40541641414165496826171875" lon="-49.01085130870342254638671875">
        <ele>981.79998779296875</ele>
        <time>2025-04-05T08:12:54.000Z</time>
        <extensions>
          <ns3:TrackPointExtension>
            <ns3:hr>82</ns3:hr>
          </ns3:TrackPointExtension>
        </extensions>
      </trkpt>
      <trkpt lat="-25.4054291546344757080078125" lon="-49.01085390709340572357177734375">
        <ele>982</ele>
        <time>2025-04-05T08:12:55.000Z</time>
        <extensions>
          <ns3:TrackPointExtension>
            <ns3:hr>80</ns3:hr>
          </ns3:TrackPointExtension>
        </extensions>
      </trkpt>
      <trkpt lat="-25.40545932948589324951171875" lon="-49.01086430065333843231201171875">
        <ele>982.20001220703125</ele>
        <time>2025-04-05T08:12:57.000Z</time>
        <extensions>
          <ns3:TrackPointExtension>
            <ns3:hr>80</ns3:hr>
          </ns3:TrackPointExtension>
        </extensions>
      </trkpt>
      <trkpt lat="-25.40547349490225315093994140625" lon="-49.010867066681385040283203125">
        <ele>982.20001220703125</ele>
        <time>2025-04-05T08:12:58.000Z</time>
        <extensions>
          <ns3:TrackPointExtension>
            <ns3:hr>80</ns3:hr>
          </ns3:TrackPointExtension>
        </extensions>
      </trkpt>
      <trkpt lat="-25.40549830533564090728759765625" lon="-49.0108291804790496826171875">
        <ele>982.4000244140625</ele>
        <time>2025-04-05T08:13:00.000Z</time>
        <extensions>
          <ns3:TrackPointExtension>
            <ns3:hr>77</ns3:hr>
          </ns3:TrackPointExtension>
        </extensions>
      </trkpt>
      <trkpt lat="-25.4055067710578441619873046875" lon="-49.0107995085418224334716796875">
        <ele>982.20001220703125</ele>
        <time>2025-04-05T08:13:01.000Z</time>
        <extensions>
          <ns3:TrackPointExtension>
            <ns3:hr>80</ns3:hr>
          </ns3:TrackPointExtension>
        </extensions>
      </trkpt>
      <trkpt lat="-25.40552177466452121734619140625" lon="-49.01078584603965282440185546875">
        <ele>981.79998779296875</ele>
        <time>2025-04-05T08:13:03.000Z</time>
        <extensions>
          <ns3:TrackPointExtension>
            <ns3:hr>80</ns3:hr>
          </ns3:TrackPointExtension>
        </extensions>
      </trkpt>
      <trkpt lat="-25.40552713908255100250244140625" lon="-49.01078852824866771697998046875">
        <ele>981.5999755859375</ele>
        <time>2025-04-05T08:13:04.000Z</time>
        <extensions>
          <ns3:TrackPointExtension>
            <ns3:hr>82</ns3:hr>
          </ns3:TrackPointExtension>
        </extensions>
      </trkpt>
      <trkpt lat="-25.40556728839874267578125" lon="-49.01079422794282436370849609375">
        <ele>980</ele>
        <time>2025-04-05T08:13:10.000Z</time>
        <extensions>
          <ns3:TrackPointExtension>
            <ns3:hr>80</ns3:hr>
          </ns3:TrackPointExtension>
        </extensions>
      </trkpt>
      <trkpt lat="-25.405636020004749298095703125" lon="-49.01074745692312717437744140625">
        <ele>981</ele>
        <time>2025-04-05T08:13:19.000Z</time>
        <extensions>
          <ns3:TrackPointExtension>
            <ns3:hr>80</ns3:hr>
          </ns3:TrackPointExtension>
        </extensions>
      </trkpt>
      <trkpt lat="-25.40566678158938884735107421875" lon="-49.01071577332913875579833984375">
        <ele>982</ele>
        <time>2025-04-05T08:13:25.000Z</time>
        <extensions>
          <ns3:TrackPointExtension>
            <ns3:hr>80</ns3:hr>
          </ns3:TrackPointExtension>
        </extensions>
      </trkpt>
      <trkpt lat="-25.40571053512394428253173828125" lon="-49.01067771948873996734619140625">
        <ele>983.4000244140625</ele>
        <time>2025-04-05T08:13:33.000Z</time>
        <extensions>
          <ns3:TrackPointExtension>
            <ns3:hr>81</ns3:hr>
          </ns3:TrackPointExtension>
        </extensions>
      </trkpt>
      <trkpt lat="-25.40571874938905239105224609375" lon="-49.01066632010042667388916015625">
        <ele>982.79998779296875</ele>
        <time>2025-04-05T08:13:36.000Z</time>
        <extensions>
          <ns3:TrackPointExtension>
            <ns3:hr>77</ns3:hr>
          </ns3:TrackPointExtension>
        </extensions>
      </trkpt>
      <trkpt lat="-25.405740626156330108642578125" lon="-49.0106375701725482940673828125">
        <ele>982.5999755859375</ele>
        <time>2025-04-05T08:13:39.000Z</time>
        <extensions>
          <ns3:TrackPointExtension>
            <ns3:hr>77</ns3:hr>
          </ns3:TrackPointExtension>
        </extensions>
      </trkpt>
      <trkpt lat="-25.405764095485210418701171875" lon="-49.01058518327772617340087890625">
        <ele>984.5999755859375</ele>
        <time>2025-04-05T08:13:44.000Z</time>
        <extensions>
          <ns3:TrackPointExtension>
            <ns3:hr>78</ns3:hr>
          </ns3:TrackPointExtension>
        </extensions>
      </trkpt>
      <trkpt lat="-25.40577205829322338104248046875" lon="-49.01057814247906208038330078125">
        <ele>985.4000244140625</ele>
        <time>2025-04-05T08:13:45.000Z</time>
        <extensions>
          <ns3:TrackPointExtension>
            <ns3:hr>81</ns3:hr>
          </ns3:TrackPointExtension>
        </extensions>
      </trkpt>
      <trkpt lat="-25.40577675215899944305419921875" lon="-49.01057495735585689544677734375">
        <ele>986.20001220703125</ele>
        <time>2025-04-05T08:13:46.000Z</time>
        <extensions>
          <ns3:TrackPointExtension>
            <ns3:hr>78</ns3:hr>
          </ns3:TrackPointExtension>
        </extensions>
      </trkpt>
      <trkpt lat="-25.40582369081676006317138671875" lon="-49.01058468036353588104248046875">
        <ele>987.79998779296875</ele>
        <time>2025-04-05T08:13:50.000Z</time>
        <extensions>
          <ns3:TrackPointExtension>
            <ns3:hr>76</ns3:hr>
          </ns3:TrackPointExtension>
        </extensions>
      </trkpt>
      <trkpt lat="-25.40585453622043132781982421875" lon="-49.010538160800933837890625">
        <ele>988</ele>
        <time>2025-04-05T08:13:56.000Z</time>
        <extensions>
          <ns3:TrackPointExtension>
            <ns3:hr>75</ns3:hr>
          </ns3:TrackPointExtension>
        </extensions>
      </trkpt>
      <trkpt lat="-25.40586543269455432891845703125" lon="-49.01051561348140239715576171875">
        <ele>986.79998779296875</ele>
        <time>2025-04-05T08:14:01.000Z</time>
        <extensions>
          <ns3:TrackPointExtension>
            <ns3:hr>74</ns3:hr>
          </ns3:TrackPointExtension>
        </extensions>
      </trkpt>
      <trkpt lat="-25.405902899801731109619140625" lon="-49.0104644000530242919921875">
        <ele>987.5999755859375</ele>
        <time>2025-04-05T08:14:08.000Z</time>
        <extensions>
          <ns3:TrackPointExtension>
            <ns3:hr>74</ns3:hr>
          </ns3:TrackPointExtension>
        </extensions>
      </trkpt>
      <trkpt lat="-25.4059345833957195281982421875" lon="-49.01043849997222423553466796875">
        <ele>988.20001220703125</ele>
        <time>2025-04-05T08:14:13.000Z</time>
        <extensions>
          <ns3:TrackPointExtension>
            <ns3:hr>78</ns3:hr>
          </ns3:TrackPointExtension>
        </extensions>
      </trkpt>
      <trkpt lat="-25.4059349186718463897705078125" lon="-49.01042156852781772613525390625">
        <ele>989</ele>
        <time>2025-04-05T08:14:15.000Z</time>
        <extensions>
          <ns3:TrackPointExtension>
            <ns3:hr>77</ns3:hr>
          </ns3:TrackPointExtension>
        </extensions>
      </trkpt>
      <trkpt lat="-25.405956208705902099609375" lon="-49.0104045532643795013427734375">
        <ele>990.4000244140625</ele>
        <time>2025-04-05T08:14:20.000Z</time>
        <extensions>
          <ns3:TrackPointExtension>
            <ns3:hr>78</ns3:hr>
          </ns3:TrackPointExtension>
        </extensions>
      </trkpt>
      <trkpt lat="-25.40599644184112548828125" lon="-49.0104092471301555633544921875">
        <ele>992.20001220703125</ele>
        <time>2025-04-05T08:14:25.000Z</time>
        <extensions>
          <ns3:TrackPointExtension>
            <ns3:hr>81</ns3:hr>
          </ns3:TrackPointExtension>
        </extensions>
      </trkpt>
      <trkpt lat="-25.40599803440272808074951171875" lon="-49.01040966622531414031982421875">
        <ele>992.4000244140625</ele>
        <time>2025-04-05T08:14:26.000Z</time>
        <extensions>
          <ns3:TrackPointExtension>
            <ns3:hr>81</ns3:hr>
          </ns3:TrackPointExtension>
        </extensions>
      </trkpt>
      <trkpt lat="-25.40601127780973911285400390625" lon="-49.010399021208286285400390625">
        <ele>993.4000244140625</ele>
        <time>2025-04-05T08:14:29.000Z</time>
        <extensions>
          <ns3:TrackPointExtension>
            <ns3:hr>77</ns3:hr>
          </ns3:TrackPointExtension>
        </extensions>
      </trkpt>
      <trkpt lat="-25.40603759698569774627685546875" lon="-49.01041050441563129425048828125">
        <ele>994.20001220703125</ele>
        <time>2025-04-05T08:14:32.000Z</time>
        <extensions>
          <ns3:TrackPointExtension>
            <ns3:hr>78</ns3:hr>
          </ns3:TrackPointExtension>
        </extensions>
      </trkpt>
      <trkpt lat="-25.406074225902557373046875" lon="-49.01037194766104221343994140625">
        <ele>995.4000244140625</ele>
        <time>2025-04-05T08:14:37.000Z</time>
        <extensions>
          <ns3:TrackPointExtension>
            <ns3:hr>77</ns3:hr>
          </ns3:TrackPointExtension>
        </extensions>
      </trkpt>
      <trkpt lat="-25.40611035190522670745849609375" lon="-49.0103599615395069122314453125">
        <ele>996</ele>
        <time>2025-04-05T08:14:42.000Z</time>
        <extensions>
          <ns3:TrackPointExtension>
            <ns3:hr>74</ns3:hr>
          </ns3:TrackPointExtension>
        </extensions>
      </trkpt>
      <trkpt lat="-25.40610984899103641510009765625" lon="-49.0103571116924285888671875">
        <ele>996</ele>
        <time>2025-04-05T08:14:44.000Z</time>
        <extensions>
          <ns3:TrackPointExtension>
            <ns3:hr>77</ns3:hr>
          </ns3:TrackPointExtension>
        </extensions>
      </trkpt>
      <trkpt lat="-25.40614639408886432647705078125" lon="-49.0102986060082912445068359375">
        <ele>996.20001220703125</ele>
        <time>2025-04-05T08:14:50.000Z</time>
        <extensions>
          <ns3:TrackPointExtension>
            <ns3:hr>78</ns3:hr>
          </ns3:TrackPointExtension>
        </extensions>
      </trkpt>
      <trkpt lat="-25.406138263642787933349609375" lon="-49.01027438230812549591064453125">
        <ele>996.4000244140625</ele>
        <time>2025-04-05T08:14:51.000Z</time>
        <extensions>
          <ns3:TrackPointExtension>
            <ns3:hr>77</ns3:hr>
          </ns3:TrackPointExtension>
        </extensions>
      </trkpt>
      <trkpt lat="-25.40612560696899890899658203125" lon="-49.01021135039627552032470703125">
        <ele>997.5999755859375</ele>
        <time>2025-04-05T08:14:55.000Z</time>
        <extensions>
          <ns3:TrackPointExtension>
            <ns3:hr>77</ns3:hr>
          </ns3:TrackPointExtension>
        </extensions>
      </trkpt>
      <trkpt lat="-25.406146980822086334228515625" lon="-49.01016022078692913055419921875">
        <ele>1000.5999755859375</ele>
        <time>2025-04-05T08:15:01.000Z</time>
        <extensions>
          <ns3:TrackPointExtension>
            <ns3:hr>77</ns3:hr>
          </ns3:TrackPointExtension>
        </extensions>
      </trkpt>
      <trkpt lat="-25.40620942600071430206298828125" lon="-49.01012250222265720367431640625">
        <ele>1003.4000244140625</ele>
        <time>2025-04-05T08:15:08.000Z</time>
        <extensions>
          <ns3:TrackPointExtension>
            <ns3:hr>76</ns3:hr>
          </ns3:TrackPointExtension>
        </extensions>
      </trkpt>
      <trkpt lat="-25.40621328167617321014404296875" lon="-49.0101118572056293487548828125">
        <ele>1003.5999755859375</ele>
        <time>2025-04-05T08:15:09.000Z</time>
        <extensions>
          <ns3:TrackPointExtension>
            <ns3:hr>75</ns3:hr>
          </ns3:TrackPointExtension>
        </extensions>
      </trkpt>
      <trkpt lat="-25.40625954978168010711669921875" lon="-49.010084532201290130615234375">
        <ele>1003.5999755859375</ele>
        <time>2025-04-05T08:15:14.000Z</time>
        <extensions>
          <ns3:TrackPointExtension>
            <ns3:hr>75</ns3:hr>
          </ns3:TrackPointExtension>
        </extensions>
      </trkpt>
      <trkpt lat="-25.40627078153192996978759765625" lon="-49.01007304899394512176513671875">
        <ele>1003.4000244140625</ele>
        <time>2025-04-05T08:15:15.000Z</time>
        <extensions>
          <ns3:TrackPointExtension>
            <ns3:hr>75</ns3:hr>
          </ns3:TrackPointExtension>
        </extensions>
      </trkpt>
      <trkpt lat="-25.40629081428050994873046875" lon="-49.0100448019802570343017578125">
        <ele>1002.4000244140625</ele>
        <time>2025-04-05T08:15:18.000Z</time>
        <extensions>
          <ns3:TrackPointExtension>
            <ns3:hr>75</ns3:hr>
          </ns3:TrackPointExtension>
        </extensions>
      </trkpt>
      <trkpt lat="-25.40629575960338115692138671875" lon="-49.01002393104135990142822265625">
        <ele>1001.79998779296875</ele>
        <time>2025-04-05T08:15:20.000Z</time>
        <extensions>
          <ns3:TrackPointExtension>
            <ns3:hr>75</ns3:hr>
          </ns3:TrackPointExtension>
        </extensions>
      </trkpt>
      <trkpt lat="-25.406318642199039459228515625" lon="-49.01000113226473331451416015625">
        <ele>999.5999755859375</ele>
        <time>2025-04-05T08:15:25.000Z</time>
        <extensions>
          <ns3:TrackPointExtension>
            <ns3:hr>76</ns3:hr>
          </ns3:TrackPointExtension>
        </extensions>
      </trkpt>
      <trkpt lat="-25.40629751980304718017578125" lon="-49.0099180676043033599853515625">
        <ele>999.20001220703125</ele>
        <time>2025-04-05T08:15:32.000Z</time>
        <extensions>
          <ns3:TrackPointExtension>
            <ns3:hr>78</ns3:hr>
          </ns3:TrackPointExtension>
        </extensions>
      </trkpt>
      <trkpt lat="-25.40628201328217983245849609375" lon="-49.0098982863128185272216796875">
        <ele>999.4000244140625</ele>
        <time>2025-04-05T08:15:33.000Z</time>
        <extensions>
          <ns3:TrackPointExtension>
            <ns3:hr>78</ns3:hr>
          </ns3:TrackPointExtension>
        </extensions>
      </trkpt>
      <trkpt lat="-25.40628469549119472503662109375" lon="-49.0098429657518863677978515625">
        <ele>1005.79998779296875</ele>
        <time>2025-04-05T08:15:41.000Z</time>
        <extensions>
          <ns3:TrackPointExtension>
            <ns3:hr>79</ns3:hr>
          </ns3:TrackPointExtension>
        </extensions>
      </trkpt>
      <trkpt lat="-25.40627782233059406280517578125" lon="-49.00981170125305652618408203125">
        <ele>1008.5999755859375</ele>
        <time>2025-04-05T08:15:46.000Z</time>
        <extensions>
          <ns3:TrackPointExtension>
            <ns3:hr>79</ns3:hr>
          </ns3:TrackPointExtension>
        </extensions>
      </trkpt>
      <trkpt lat="-25.40626642294228076934814453125" lon="-49.0097541175782680511474609375">
        <ele>1012</ele>
        <time>2025-04-05T08:15:53.000Z</time>
        <extensions>
          <ns3:TrackPointExtension>
            <ns3:hr>76</ns3:hr>
          </ns3:TrackPointExtension>
        </extensions>
      </trkpt>
      <trkpt lat="-25.40623909793794155120849609375" lon="-49.00972872041165828704833984375">
        <ele>1012.79998779296875</ele>
        <time>2025-04-05T08:15:57.000Z</time>
        <extensions>
          <ns3:TrackPointExtension>
            <ns3:hr>78</ns3:hr>
          </ns3:TrackPointExtension>
        </extensions>
      </trkpt>
      <trkpt lat="-25.40623323060572147369384765625" lon="-49.00970675982534885406494140625">
        <ele>1014</ele>
        <time>2025-04-05T08:16:01.000Z</time>
        <extensions>
          <ns3:TrackPointExtension>
            <ns3:hr>77</ns3:hr>
          </ns3:TrackPointExtension>
        </extensions>
      </trkpt>
      <trkpt lat="-25.40622250176966190338134765625" lon="-49.0096986293792724609375">
        <ele>1014.20001220703125</ele>
        <time>2025-04-05T08:16:02.000Z</time>
        <extensions>
          <ns3:TrackPointExtension>
            <ns3:hr>79</ns3:hr>
          </ns3:TrackPointExtension>
        </extensions>
      </trkpt>
      <trkpt lat="-25.40619668550789356231689453125" lon="-49.009665437042713165283203125">
        <ele>1014.79998779296875</ele>
        <time>2025-04-05T08:16:05.000Z</time>
        <extensions>
          <ns3:TrackPointExtension>
            <ns3:hr>78</ns3:hr>
          </ns3:TrackPointExtension>
        </extensions>
      </trkpt>
      <trkpt lat="-25.40618863888084888458251953125" lon="-49.00965646840631961822509765625">
        <ele>1015</ele>
        <time>2025-04-05T08:16:07.000Z</time>
        <extensions>
          <ns3:TrackPointExtension>
            <ns3:hr>76</ns3:hr>
          </ns3:TrackPointExtension>
        </extensions>
      </trkpt>
      <trkpt lat="-25.4061810113489627838134765625" lon="-49.0096042491495609283447265625">
        <ele>1016.4000244140625</ele>
        <time>2025-04-05T08:16:12.000Z</time>
        <extensions>
          <ns3:TrackPointExtension>
            <ns3:hr>75</ns3:hr>
          </ns3:TrackPointExtension>
        </extensions>
      </trkpt>
      <trkpt lat="-25.4061981104314327239990234375" lon="-49.00958002544939517974853515625">
        <ele>1016.5999755859375</ele>
        <time>2025-04-05T08:16:14.000Z</time>
        <extensions>
          <ns3:TrackPointExtension>
            <ns3:hr>74</ns3:hr>
          </ns3:TrackPointExtension>
        </extensions>
      </trkpt>
      <trkpt lat="-25.40620959363877773284912109375" lon="-49.00956225581467151641845703125">
        <ele>1016.5999755859375</ele>
        <time>2025-04-05T08:16:16.000Z</time>
        <extensions>
          <ns3:TrackPointExtension>
            <ns3:hr>75</ns3:hr>
          </ns3:TrackPointExtension>
        </extensions>
      </trkpt>
      <trkpt lat="-25.40623256005346775054931640625" lon="-49.00955404154956340789794921875">
        <ele>1016.20001220703125</ele>
        <time>2025-04-05T08:16:18.000Z</time>
        <extensions>
          <ns3:TrackPointExtension>
            <ns3:hr>77</ns3:hr>
          </ns3:TrackPointExtension>
        </extensions>
      </trkpt>
      <trkpt lat="-25.40625460445880889892578125" lon="-49.009535349905490875244140625">
        <ele>1015</ele>
        <time>2025-04-05T08:16:21.000Z</time>
        <extensions>
          <ns3:TrackPointExtension>
            <ns3:hr>76</ns3:hr>
          </ns3:TrackPointExtension>
        </extensions>
      </trkpt>
      <trkpt lat="-25.40625058114528656005859375" lon="-49.00949704460799694061279296875">
        <ele>1013.5999755859375</ele>
        <time>2025-04-05T08:16:23.000Z</time>
        <extensions>
          <ns3:TrackPointExtension>
            <ns3:hr>76</ns3:hr>
          </ns3:TrackPointExtension>
        </extensions>
      </trkpt>
      <trkpt lat="-25.4062370024621486663818359375" lon="-49.00942479260265827178955078125">
        <ele>1012.4000244140625</ele>
        <time>2025-04-05T08:16:26.000Z</time>
        <extensions>
          <ns3:TrackPointExtension>
            <ns3:hr>81</ns3:hr>
          </ns3:TrackPointExtension>
        </extensions>
      </trkpt>
      <trkpt lat="-25.406239517033100128173828125" lon="-49.0093963779509067535400390625">
        <ele>1012</ele>
        <time>2025-04-05T08:16:28.000Z</time>
        <extensions>
          <ns3:TrackPointExtension>
            <ns3:hr>77</ns3:hr>
          </ns3:TrackPointExtension>
        </extensions>
      </trkpt>
      <trkpt lat="-25.4062284529209136962890625" lon="-49.00935103185474872589111328125">
        <ele>1012</ele>
        <time>2025-04-05T08:16:30.000Z</time>
        <extensions>
          <ns3:TrackPointExtension>
            <ns3:hr>78</ns3:hr>
          </ns3:TrackPointExtension>
        </extensions>
      </trkpt>
      <trkpt lat="-25.406234823167324066162109375" lon="-49.0092622675001621246337890625">
        <ele>1012</ele>
        <time>2025-04-05T08:16:36.000Z</time>
        <extensions>
          <ns3:TrackPointExtension>
            <ns3:hr>77</ns3:hr>
          </ns3:TrackPointExtension>
        </extensions>
      </trkpt>
      <trkpt lat="-25.406244210898876190185546875" lon="-49.00919864885509014129638671875">
        <ele>1012.5999755859375</ele>
        <time>2025-04-05T08:16:41.000Z</time>
        <extensions>
          <ns3:TrackPointExtension>
            <ns3:hr>77</ns3:hr>
          </ns3:TrackPointExtension>
        </extensions>
      </trkpt>
      <trkpt lat="-25.40624865330755710601806640625" lon="-49.0091660432517528533935546875">
        <ele>1014</ele>
        <time>2025-04-05T08:16:43.000Z</time>
        <extensions>
          <ns3:TrackPointExtension>
            <ns3:hr>77</ns3:hr>
          </ns3:TrackPointExtension>
        </extensions>
      </trkpt>
      <trkpt lat="-25.40624597109854221343994140625" lon="-49.00911902077496051788330078125">
        <ele>1015.4000244140625</ele>
        <time>2025-04-05T08:16:45.000Z</time>
        <extensions>
          <ns3:TrackPointExtension>
            <ns3:hr>76</ns3:hr>
          </ns3:TrackPointExtension>
        </extensions>
      </trkpt>
      <trkpt lat="-25.40625250898301601409912109375" lon="-49.0090959705412387847900390625">
        <ele>1015.79998779296875</ele>
        <time>2025-04-05T08:16:46.000Z</time>
        <extensions>
          <ns3:TrackPointExtension>
            <ns3:hr>77</ns3:hr>
          </ns3:TrackPointExtension>
        </extensions>
      </trkpt>
      <trkpt lat="-25.406295172870159149169921875" lon="-49.00895926170051097869873046875">
        <ele>1016.4000244140625</ele>
        <time>2025-04-05T08:16:53.000Z</time>
        <extensions>
          <ns3:TrackPointExtension>
            <ns3:hr>78</ns3:hr>
          </ns3:TrackPointExtension>
        </extensions>
      </trkpt>
      <trkpt lat="-25.40630950592458248138427734375" lon="-49.0089216269552707672119140625">
        <ele>1016</ele>
        <time>2025-04-05T08:16:55.000Z</time>
        <extensions>
          <ns3:TrackPointExtension>
            <ns3:hr>77</ns3:hr>
          </ns3:TrackPointExtension>
        </extensions>
      </trkpt>
      <trkpt lat="-25.40632165968418121337890625" lon="-49.00891886092722415924072265625">
        <ele>1015.79998779296875</ele>
        <time>2025-04-05T08:16:56.000Z</time>
        <extensions>
          <ns3:TrackPointExtension>
            <ns3:hr>78</ns3:hr>
          </ns3:TrackPointExtension>
        </extensions>
      </trkpt>
      <trkpt lat="-25.40636415593326091766357421875" lon="-49.00890477932989597320556640625">
        <ele>1015.5999755859375</ele>
        <time>2025-04-05T08:16:59.000Z</time>
        <extensions>
          <ns3:TrackPointExtension>
            <ns3:hr>78</ns3:hr>
          </ns3:TrackPointExtension>
        </extensions>
      </trkpt>
      <trkpt lat="-25.40637102909386157989501953125" lon="-49.0088948048651218414306640625">
        <ele>1015.5999755859375</ele>
        <time>2025-04-05T08:17:00.000Z</time>
        <extensions>
          <ns3:TrackPointExtension>
            <ns3:hr>78</ns3:hr>
          </ns3:TrackPointExtension>
        </extensions>
      </trkpt>
      <trkpt lat="-25.40637823753058910369873046875" lon="-49.0088939666748046875">
        <ele>1015.5999755859375</ele>
        <time>2025-04-05T08:17:01.000Z</time>
        <extensions>
          <ns3:TrackPointExtension>
            <ns3:hr>80</ns3:hr>
          </ns3:TrackPointExtension>
        </extensions>
      </trkpt>
      <trkpt lat="-25.40636097081005573272705078125" lon="-49.0088502131402492523193359375">
        <ele>1016</ele>
        <time>2025-04-05T08:17:03.000Z</time>
        <extensions>
          <ns3:TrackPointExtension>
            <ns3:hr>81</ns3:hr>
          </ns3:TrackPointExtension>
        </extensions>
      </trkpt>
      <trkpt lat="-25.406353175640106201171875" lon="-49.00882087647914886474609375">
        <ele>1016.20001220703125</ele>
        <time>2025-04-05T08:17:04.000Z</time>
        <extensions>
          <ns3:TrackPointExtension>
            <ns3:hr>79</ns3:hr>
          </ns3:TrackPointExtension>
        </extensions>
      </trkpt>
      <trkpt lat="-25.40637169964611530303955078125" lon="-49.00878198444843292236328125">
        <ele>1017.20001220703125</ele>
        <time>2025-04-05T08:17:07.000Z</time>
        <extensions>
          <ns3:TrackPointExtension>
            <ns3:hr>77</ns3:hr>
          </ns3:TrackPointExtension>
        </extensions>
      </trkpt>
      <trkpt lat="-25.40639148093760013580322265625" lon="-49.00875625200569629669189453125">
        <ele>1017.79998779296875</ele>
        <time>2025-04-05T08:17:10.000Z</time>
        <extensions>
          <ns3:TrackPointExtension>
            <ns3:hr>80</ns3:hr>
          </ns3:TrackPointExtension>
        </extensions>
      </trkpt>
      <trkpt lat="-25.40639407932758331298828125" lon="-49.008746445178985595703125">
        <ele>1018</ele>
        <time>2025-04-05T08:17:11.000Z</time>
        <extensions>
          <ns3:TrackPointExtension>
            <ns3:hr>78</ns3:hr>
          </ns3:TrackPointExtension>
        </extensions>
      </trkpt>
      <trkpt lat="-25.40640053339302539825439453125" lon="-49.00874569080770015716552734375">
        <ele>1018.4000244140625</ele>
        <time>2025-04-05T08:17:12.000Z</time>
        <extensions>
          <ns3:TrackPointExtension>
            <ns3:hr>80</ns3:hr>
          </ns3:TrackPointExtension>
        </extensions>
      </trkpt>
      <trkpt lat="-25.40639969520270824432373046875" lon="-49.00872792117297649383544921875">
        <ele>1019.5999755859375</ele>
        <time>2025-04-05T08:17:15.000Z</time>
        <extensions>
          <ns3:TrackPointExtension>
            <ns3:hr>82</ns3:hr>
          </ns3:TrackPointExtension>
        </extensions>
      </trkpt>
      <trkpt lat="-25.40641327388584613800048828125" lon="-49.00871803052723407745361328125">
        <ele>1021.5999755859375</ele>
        <time>2025-04-05T08:17:19.000Z</time>
        <extensions>
          <ns3:TrackPointExtension>
            <ns3:hr>83</ns3:hr>
          </ns3:TrackPointExtension>
        </extensions>
      </trkpt>
      <trkpt lat="-25.4064247570931911468505859375" lon="-49.00871316902339458465576171875">
        <ele>1023.20001220703125</ele>
        <time>2025-04-05T08:17:22.000Z</time>
        <extensions>
          <ns3:TrackPointExtension>
            <ns3:hr>80</ns3:hr>
          </ns3:TrackPointExtension>
        </extensions>
      </trkpt>
      <trkpt lat="-25.40641930885612964630126953125" lon="-49.00869774632155895233154296875">
        <ele>1023.79998779296875</ele>
        <time>2025-04-05T08:17:24.000Z</time>
        <extensions>
          <ns3:TrackPointExtension>
            <ns3:hr>82</ns3:hr>
          </ns3:TrackPointExtension>
        </extensions>
      </trkpt>
      <trkpt lat="-25.40641763247549533843994140625" lon="-49.00867612101137638092041015625">
        <ele>1024.199951171875</ele>
        <time>2025-04-05T08:17:26.000Z</time>
        <extensions>
          <ns3:TrackPointExtension>
            <ns3:hr>79</ns3:hr>
          </ns3:TrackPointExtension>
        </extensions>
      </trkpt>
      <trkpt lat="-25.40640321560204029083251953125" lon="-49.00863739661872386932373046875">
        <ele>1024.4000244140625</ele>
        <time>2025-04-05T08:17:28.000Z</time>
        <extensions>
          <ns3:TrackPointExtension>
            <ns3:hr>79</ns3:hr>
          </ns3:TrackPointExtension>
        </extensions>
      </trkpt>
      <trkpt lat="-25.40638930164277553558349609375" lon="-49.00859816931188106536865234375">
        <ele>1024.4000244140625</ele>
        <time>2025-04-05T08:17:30.000Z</time>
        <extensions>
          <ns3:TrackPointExtension>
            <ns3:hr>78</ns3:hr>
          </ns3:TrackPointExtension>
        </extensions>
      </trkpt>
      <trkpt lat="-25.4063764773309230804443359375" lon="-49.00852181017398834228515625">
        <ele>1024.199951171875</ele>
        <time>2025-04-05T08:17:35.000Z</time>
        <extensions>
          <ns3:TrackPointExtension>
            <ns3:hr>75</ns3:hr>
          </ns3:TrackPointExtension>
        </extensions>
      </trkpt>
      <trkpt lat="-25.406395085155963897705078125" lon="-49.00848828256130218505859375">
        <ele>1024</ele>
        <time>2025-04-05T08:17:37.000Z</time>
        <extensions>
          <ns3:TrackPointExtension>
            <ns3:hr>75</ns3:hr>
          </ns3:TrackPointExtension>
        </extensions>
      </trkpt>
      <trkpt lat="-25.4064143635332584381103515625" lon="-49.00846422649919986724853515625">
        <ele>1024.199951171875</ele>
        <time>2025-04-05T08:17:39.000Z</time>
        <extensions>
          <ns3:TrackPointExtension>
            <ns3:hr>72</ns3:hr>
          </ns3:TrackPointExtension>
        </extensions>
      </trkpt>
      <trkpt lat="-25.4064468853175640106201171875" lon="-49.00844276882708072662353515625">
        <ele>1024.199951171875</ele>
        <time>2025-04-05T08:17:41.000Z</time>
        <extensions>
          <ns3:TrackPointExtension>
            <ns3:hr>74</ns3:hr>
          </ns3:TrackPointExtension>
        </extensions>
      </trkpt>
      <trkpt lat="-25.4064576141536235809326171875" lon="-49.00842298753559589385986328125">
        <ele>1024.199951171875</ele>
        <time>2025-04-05T08:17:42.000Z</time>
        <extensions>
          <ns3:TrackPointExtension>
            <ns3:hr>74</ns3:hr>
          </ns3:TrackPointExtension>
        </extensions>
      </trkpt>
      <trkpt lat="-25.40647312067449092864990234375" lon="-49.00839650072157382965087890625">
        <ele>1024.199951171875</ele>
        <time>2025-04-05T08:17:44.000Z</time>
        <extensions>
          <ns3:TrackPointExtension>
            <ns3:hr>76</ns3:hr>
          </ns3:TrackPointExtension>
        </extensions>
      </trkpt>
      <trkpt lat="-25.40648267604410648345947265625" lon="-49.0083918906748294830322265625">
        <ele>1024.199951171875</ele>
        <time>2025-04-05T08:17:45.000Z</time>
        <extensions>
          <ns3:TrackPointExtension>
            <ns3:hr>78</ns3:hr>
          </ns3:TrackPointExtension>
        </extensions>
      </trkpt>
      <trkpt lat="-25.40648787282407283782958984375" lon="-49.00837588123977184295654296875">
        <ele>1024.199951171875</ele>
        <time>2025-04-05T08:17:46.000Z</time>
        <extensions>
          <ns3:TrackPointExtension>
            <ns3:hr>78</ns3:hr>
          </ns3:TrackPointExtension>
        </extensions>
      </trkpt>
      <trkpt lat="-25.40652927942574024200439453125" lon="-49.00835375301539897918701171875">
        <ele>1024.199951171875</ele>
        <time>2025-04-05T08:17:49.000Z</time>
        <extensions>
          <ns3:TrackPointExtension>
            <ns3:hr>80</ns3:hr>
          </ns3:TrackPointExtension>
        </extensions>
      </trkpt>
      <trkpt lat="-25.4065369069576263427734375" lon="-49.00831955485045909881591796875">
        <ele>1024.199951171875</ele>
        <time>2025-04-05T08:17:51.000Z</time>
        <extensions>
          <ns3:TrackPointExtension>
            <ns3:hr>78</ns3:hr>
          </ns3:TrackPointExtension>
        </extensions>
      </trkpt>
      <trkpt lat="-25.40653028525412082672119140625" lon="-49.00826406665146350860595703125">
        <ele>1024.4000244140625</ele>
        <time>2025-04-05T08:17:53.000Z</time>
        <extensions>
          <ns3:TrackPointExtension>
            <ns3:hr>78</ns3:hr>
          </ns3:TrackPointExtension>
        </extensions>
      </trkpt>
      <trkpt lat="-25.40653849951922893524169921875" lon="-49.0081877075135707855224609375">
        <ele>1022.4000244140625</ele>
        <time>2025-04-05T08:17:59.000Z</time>
        <extensions>
          <ns3:TrackPointExtension>
            <ns3:hr>79</ns3:hr>
          </ns3:TrackPointExtension>
        </extensions>
      </trkpt>
      <trkpt lat="-25.4065471328794956207275390625" lon="-49.0081501565873622894287109375">
        <ele>1020.5999755859375</ele>
        <time>2025-04-05T08:18:02.000Z</time>
        <extensions>
          <ns3:TrackPointExtension>
            <ns3:hr>82</ns3:hr>
          </ns3:TrackPointExtension>
        </extensions>
      </trkpt>
      <trkpt lat="-25.406551323831081390380859375" lon="-49.00813280604779720306396484375">
        <ele>1019.4000244140625</ele>
        <time>2025-04-05T08:18:05.000Z</time>
        <extensions>
          <ns3:TrackPointExtension>
            <ns3:hr>79</ns3:hr>
          </ns3:TrackPointExtension>
        </extensions>
      </trkpt>
      <trkpt lat="-25.40655140765011310577392578125" lon="-49.008132554590702056884765625">
        <ele>1019.20001220703125</ele>
        <time>2025-04-05T08:18:06.000Z</time>
        <extensions>
          <ns3:TrackPointExtension>
            <ns3:hr>79</ns3:hr>
          </ns3:TrackPointExtension>
        </extensions>
      </trkpt>
      <trkpt lat="-25.40656984783709049224853515625" lon="-49.0081390924751758575439453125">
        <ele>1018.5999755859375</ele>
        <time>2025-04-05T08:18:11.000Z</time>
        <extensions>
          <ns3:TrackPointExtension>
            <ns3:hr>83</ns3:hr>
          </ns3:TrackPointExtension>
        </extensions>
      </trkpt>
      <trkpt lat="-25.40658342652022838592529296875" lon="-49.00812375359237194061279296875">
        <ele>1018.4000244140625</ele>
        <time>2025-04-05T08:18:13.000Z</time>
        <extensions>
          <ns3:TrackPointExtension>
            <ns3:hr>83</ns3:hr>
          </ns3:TrackPointExtension>
        </extensions>
      </trkpt>
      <trkpt lat="-25.4066041298210620880126953125" lon="-49.0080911479890346527099609375">
        <ele>1017.79998779296875</ele>
        <time>2025-04-05T08:18:17.000Z</time>
        <extensions>
          <ns3:TrackPointExtension>
            <ns3:hr>82</ns3:hr>
          </ns3:TrackPointExtension>
        </extensions>
      </trkpt>
      <trkpt lat="-25.406609661877155303955078125" lon="-49.0080576203763484954833984375">
        <ele>1017</ele>
        <time>2025-04-05T08:18:25.000Z</time>
        <extensions>
          <ns3:TrackPointExtension>
            <ns3:hr>81</ns3:hr>
          </ns3:TrackPointExtension>
        </extensions>
      </trkpt>
      <trkpt lat="-25.406611673533916473388671875" lon="-49.00804412551224231719970703125">
        <ele>1018.20001220703125</ele>
        <time>2025-04-05T08:18:30.000Z</time>
        <extensions>
          <ns3:TrackPointExtension>
            <ns3:hr>79</ns3:hr>
          </ns3:TrackPointExtension>
        </extensions>
      </trkpt>
      <trkpt lat="-25.40662718005478382110595703125" lon="-49.0080398507416248321533203125">
        <ele>1019</ele>
        <time>2025-04-05T08:18:34.000Z</time>
        <extensions>
          <ns3:TrackPointExtension>
            <ns3:hr>76</ns3:hr>
          </ns3:TrackPointExtension>
        </extensions>
      </trkpt>
      <trkpt lat="-25.4066388309001922607421875" lon="-49.008038006722927093505859375">
        <ele>1019.20001220703125</ele>
        <time>2025-04-05T08:18:37.000Z</time>
        <extensions>
          <ns3:TrackPointExtension>
            <ns3:hr>79</ns3:hr>
          </ns3:TrackPointExtension>
        </extensions>
      </trkpt>
      <trkpt lat="-25.40664662607014179229736328125" lon="-49.00804563425481319427490234375">
        <ele>1019.20001220703125</ele>
        <time>2025-04-05T08:18:38.000Z</time>
        <extensions>
          <ns3:TrackPointExtension>
            <ns3:hr>77</ns3:hr>
          </ns3:TrackPointExtension>
        </extensions>
      </trkpt>
      <trkpt lat="-25.4066503979265689849853515625" lon="-49.008051417768001556396484375">
        <ele>1019.5999755859375</ele>
        <time>2025-04-05T08:18:43.000Z</time>
        <extensions>
          <ns3:TrackPointExtension>
            <ns3:hr>80</ns3:hr>
          </ns3:TrackPointExtension>
        </extensions>
      </trkpt>
      <trkpt lat="-25.40665299631655216217041015625" lon="-49.0080542676150798797607421875">
        <ele>1019.79998779296875</ele>
        <time>2025-04-05T08:18:44.000Z</time>
        <extensions>
          <ns3:TrackPointExtension>
            <ns3:hr>80</ns3:hr>
          </ns3:TrackPointExtension>
        </extensions>
      </trkpt>
      <trkpt lat="-25.40664209984242916107177734375" lon="-49.00803892873227596282958984375">
        <ele>1020.4000244140625</ele>
        <time>2025-04-05T08:18:48.000Z</time>
        <extensions>
          <ns3:TrackPointExtension>
            <ns3:hr>77</ns3:hr>
          </ns3:TrackPointExtension>
        </extensions>
      </trkpt>
      <trkpt lat="-25.40663405321538448333740234375" lon="-49.00799701921641826629638671875">
        <ele>1020.5999755859375</ele>
        <time>2025-04-05T08:18:50.000Z</time>
        <extensions>
          <ns3:TrackPointExtension>
            <ns3:hr>78</ns3:hr>
          </ns3:TrackPointExtension>
        </extensions>
      </trkpt>
      <trkpt lat="-25.40663287974894046783447265625" lon="-49.0079670958220958709716796875">
        <ele>1021</ele>
        <time>2025-04-05T08:18:52.000Z</time>
        <extensions>
          <ns3:TrackPointExtension>
            <ns3:hr>79</ns3:hr>
          </ns3:TrackPointExtension>
        </extensions>
      </trkpt>
      <trkpt lat="-25.4066195525228977203369140625" lon="-49.0078948438167572021484375">
        <ele>1021.79998779296875</ele>
        <time>2025-04-05T08:18:56.000Z</time>
        <extensions>
          <ns3:TrackPointExtension>
            <ns3:hr>78</ns3:hr>
          </ns3:TrackPointExtension>
        </extensions>
      </trkpt>
      <trkpt lat="-25.4066235758364200592041015625" lon="-49.0078795887529850006103515625">
        <ele>1022</ele>
        <time>2025-04-05T08:18:57.000Z</time>
        <extensions>
          <ns3:TrackPointExtension>
            <ns3:hr>78</ns3:hr>
          </ns3:TrackPointExtension>
        </extensions>
      </trkpt>
      <trkpt lat="-25.4066334664821624755859375" lon="-49.0078500844538211822509765625">
        <ele>1023.4000244140625</ele>
        <time>2025-04-05T08:19:00.000Z</time>
        <extensions>
          <ns3:TrackPointExtension>
            <ns3:hr>80</ns3:hr>
          </ns3:TrackPointExtension>
        </extensions>
      </trkpt>
      <trkpt lat="-25.40663304738700389862060546875" lon="-49.00784128345549106597900390625">
        <ele>1023.79998779296875</ele>
        <time>2025-04-05T08:19:01.000Z</time>
        <extensions>
          <ns3:TrackPointExtension>
            <ns3:hr>79</ns3:hr>
          </ns3:TrackPointExtension>
        </extensions>
      </trkpt>
      <trkpt lat="-25.40662952698767185211181640625" lon="-49.0078286267817020416259765625">
        <ele>1024</ele>
        <time>2025-04-05T08:19:02.000Z</time>
        <extensions>
          <ns3:TrackPointExtension>
            <ns3:hr>80</ns3:hr>
          </ns3:TrackPointExtension>
        </extensions>
      </trkpt>
      <trkpt lat="-25.40663086809217929840087890625" lon="-49.0077850408852100372314453125">
        <ele>1024.800048828125</ele>
        <time>2025-04-05T08:19:06.000Z</time>
        <extensions>
          <ns3:TrackPointExtension>
            <ns3:hr>81</ns3:hr>
          </ns3:TrackPointExtension>
        </extensions>
      </trkpt>
      <trkpt lat="-25.4066503979265689849853515625" lon="-49.00777213275432586669921875">
        <ele>1025</ele>
        <time>2025-04-05T08:19:08.000Z</time>
        <extensions>
          <ns3:TrackPointExtension>
            <ns3:hr>82</ns3:hr>
          </ns3:TrackPointExtension>
        </extensions>
      </trkpt>
      <trkpt lat="-25.4066869430243968963623046875" lon="-49.00773835368454456329345703125">
        <ele>1025</ele>
        <time>2025-04-05T08:19:11.000Z</time>
        <extensions>
          <ns3:TrackPointExtension>
            <ns3:hr>84</ns3:hr>
          </ns3:TrackPointExtension>
        </extensions>
      </trkpt>
      <trkpt lat="-25.4066949896514415740966796875" lon="-49.00772544555366039276123046875">
        <ele>1024.800048828125</ele>
        <time>2025-04-05T08:19:12.000Z</time>
        <extensions>
          <ns3:TrackPointExtension>
            <ns3:hr>82</ns3:hr>
          </ns3:TrackPointExtension>
        </extensions>
      </trkpt>
      <trkpt lat="-25.40672541595995426177978515625" lon="-49.00768739171326160430908203125">
        <ele>1024</ele>
        <time>2025-04-05T08:19:15.000Z</time>
        <extensions>
          <ns3:TrackPointExtension>
            <ns3:hr>82</ns3:hr>
          </ns3:TrackPointExtension>
        </extensions>
      </trkpt>
      <trkpt lat="-25.4067221470177173614501953125" lon="-49.0076727233827114105224609375">
        <ele>1023.79998779296875</ele>
        <time>2025-04-05T08:19:16.000Z</time>
        <extensions>
          <ns3:TrackPointExtension>
            <ns3:hr>82</ns3:hr>
          </ns3:TrackPointExtension>
        </extensions>
      </trkpt>
      <trkpt lat="-25.40672994218766689300537109375" lon="-49.00765939615666866302490234375">
        <ele>1023.4000244140625</ele>
        <time>2025-04-05T08:19:18.000Z</time>
        <extensions>
          <ns3:TrackPointExtension>
            <ns3:hr>82</ns3:hr>
          </ns3:TrackPointExtension>
        </extensions>
      </trkpt>
      <trkpt lat="-25.40676020085811614990234375" lon="-49.00761916302144527435302734375">
        <ele>1023.20001220703125</ele>
        <time>2025-04-05T08:19:21.000Z</time>
        <extensions>
          <ns3:TrackPointExtension>
            <ns3:hr>80</ns3:hr>
          </ns3:TrackPointExtension>
        </extensions>
      </trkpt>
      <trkpt lat="-25.40675626136362552642822265625" lon="-49.0076117031276226043701171875">
        <ele>1023.20001220703125</ele>
        <time>2025-04-05T08:19:22.000Z</time>
        <extensions>
          <ns3:TrackPointExtension>
            <ns3:hr>79</ns3:hr>
          </ns3:TrackPointExtension>
        </extensions>
      </trkpt>
      <trkpt lat="-25.40675374679267406463623046875" lon="-49.00759820826351642608642578125">
        <ele>1023.20001220703125</ele>
        <time>2025-04-05T08:19:24.000Z</time>
        <extensions>
          <ns3:TrackPointExtension>
            <ns3:hr>79</ns3:hr>
          </ns3:TrackPointExtension>
        </extensions>
      </trkpt>
      <trkpt lat="-25.40676095522940158843994140625" lon="-49.00760985910892486572265625">
        <ele>1023.20001220703125</ele>
        <time>2025-04-05T08:19:25.000Z</time>
        <extensions>
          <ns3:TrackPointExtension>
            <ns3:hr>78</ns3:hr>
          </ns3:TrackPointExtension>
        </extensions>
      </trkpt>
      <trkpt lat="-25.40684058330953121185302734375" lon="-49.00768320076167583465576171875">
        <ele>1023.79998779296875</ele>
        <time>2025-04-05T08:19:30.000Z</time>
        <extensions>
          <ns3:TrackPointExtension>
            <ns3:hr>81</ns3:hr>
          </ns3:TrackPointExtension>
        </extensions>
      </trkpt>
      <trkpt lat="-25.40688601322472095489501953125" lon="-49.0077267028391361236572265625">
        <ele>1024.199951171875</ele>
        <time>2025-04-05T08:19:34.000Z</time>
        <extensions>
          <ns3:TrackPointExtension>
            <ns3:hr>78</ns3:hr>
          </ns3:TrackPointExtension>
        </extensions>
      </trkpt>
      <trkpt lat="-25.4069209657609462738037109375" lon="-49.00775511749088764190673828125">
        <ele>1024.199951171875</ele>
        <time>2025-04-05T08:19:36.000Z</time>
        <extensions>
          <ns3:TrackPointExtension>
            <ns3:hr>83</ns3:hr>
          </ns3:TrackPointExtension>
        </extensions>
      </trkpt>
      <trkpt lat="-25.406926162540912628173828125" lon="-49.00776232592761516571044921875">
        <ele>1024.4000244140625</ele>
        <time>2025-04-05T08:19:37.000Z</time>
        <extensions>
          <ns3:TrackPointExtension>
            <ns3:hr>82</ns3:hr>
          </ns3:TrackPointExtension>
        </extensions>
      </trkpt>
      <trkpt lat="-25.4069276712834835052490234375" lon="-49.00777288712561130523681640625">
        <ele>1024.199951171875</ele>
        <time>2025-04-05T08:19:39.000Z</time>
        <extensions>
          <ns3:TrackPointExtension>
            <ns3:hr>83</ns3:hr>
          </ns3:TrackPointExtension>
        </extensions>
      </trkpt>
      <trkpt lat="-25.40694334544241428375244140625" lon="-49.00780574418604373931884765625">
        <ele>1024.199951171875</ele>
        <time>2025-04-05T08:19:44.000Z</time>
        <extensions>
          <ns3:TrackPointExtension>
            <ns3:hr>82</ns3:hr>
          </ns3:TrackPointExtension>
        </extensions>
      </trkpt>
      <trkpt lat="-25.406941585242748260498046875" lon="-49.00780976749956607818603515625">
        <ele>1024</ele>
        <time>2025-04-05T08:19:45.000Z</time>
        <extensions>
          <ns3:TrackPointExtension>
            <ns3:hr>80</ns3:hr>
          </ns3:TrackPointExtension>
        </extensions>
      </trkpt>
      <trkpt lat="-25.40693563409149646759033203125" lon="-49.00780188851058483123779296875">
        <ele>1023.79998779296875</ele>
        <time>2025-04-05T08:19:48.000Z</time>
        <extensions>
          <ns3:TrackPointExtension>
            <ns3:hr>82</ns3:hr>
          </ns3:TrackPointExtension>
        </extensions>
      </trkpt>
      <trkpt lat="-25.4069491289556026458740234375" lon="-49.00782250799238681793212890625">
        <ele>1023.79998779296875</ele>
        <time>2025-04-05T08:19:50.000Z</time>
        <extensions>
          <ns3:TrackPointExtension>
            <ns3:hr>82</ns3:hr>
          </ns3:TrackPointExtension>
        </extensions>
      </trkpt>
      <trkpt lat="-25.40696664713323116302490234375" lon="-49.007850922644138336181640625">
        <ele>1023.20001220703125</ele>
        <time>2025-04-05T08:19:53.000Z</time>
        <extensions>
          <ns3:TrackPointExtension>
            <ns3:hr>80</ns3:hr>
          </ns3:TrackPointExtension>
        </extensions>
      </trkpt>
      <trkpt lat="-25.4069397412240505218505859375" lon="-49.00781630538403987884521484375">
        <ele>1022.4000244140625</ele>
        <time>2025-04-05T08:19:57.000Z</time>
        <extensions>
          <ns3:TrackPointExtension>
            <ns3:hr>83</ns3:hr>
          </ns3:TrackPointExtension>
        </extensions>
      </trkpt>
      <trkpt lat="-25.40693965740501880645751953125" lon="-49.00781597010791301727294921875">
        <ele>1022.20001220703125</ele>
        <time>2025-04-05T08:19:58.000Z</time>
        <extensions>
          <ns3:TrackPointExtension>
            <ns3:hr>82</ns3:hr>
          </ns3:TrackPointExtension>
        </extensions>
      </trkpt>
      <trkpt lat="-25.406932197511196136474609375" lon="-49.0078199096024036407470703125">
        <ele>1020.79998779296875</ele>
        <time>2025-04-05T08:20:06.000Z</time>
        <extensions>
          <ns3:TrackPointExtension>
            <ns3:hr>82</ns3:hr>
          </ns3:TrackPointExtension>
        </extensions>
      </trkpt>
      <trkpt lat="-25.4069446027278900146484375" lon="-49.0078168921172618865966796875">
        <ele>1020.5999755859375</ele>
        <time>2025-04-05T08:20:10.000Z</time>
        <extensions>
          <ns3:TrackPointExtension>
            <ns3:hr>86</ns3:hr>
          </ns3:TrackPointExtension>
        </extensions>
      </trkpt>
      <trkpt lat="-25.40696061216294765472412109375" lon="-49.0078028105199337005615234375">
        <ele>1019.5999755859375</ele>
        <time>2025-04-05T08:20:15.000Z</time>
        <extensions>
          <ns3:TrackPointExtension>
            <ns3:hr>87</ns3:hr>
          </ns3:TrackPointExtension>
        </extensions>
      </trkpt>
      <trkpt lat="-25.40695658884942531585693359375" lon="-49.00774908252060413360595703125">
        <ele>1019</ele>
        <time>2025-04-05T08:20:20.000Z</time>
        <extensions>
          <ns3:TrackPointExtension>
            <ns3:hr>88</ns3:hr>
          </ns3:TrackPointExtension>
        </extensions>
      </trkpt>
      <trkpt lat="-25.40691719390451908111572265625" lon="-49.007627964019775390625">
        <ele>1019</ele>
        <time>2025-04-05T08:20:26.000Z</time>
        <extensions>
          <ns3:TrackPointExtension>
            <ns3:hr>85</ns3:hr>
          </ns3:TrackPointExtension>
        </extensions>
      </trkpt>
      <trkpt lat="-25.40690026246011257171630859375" lon="-49.0075483359396457672119140625">
        <ele>1019</ele>
        <time>2025-04-05T08:20:30.000Z</time>
        <extensions>
          <ns3:TrackPointExtension>
            <ns3:hr>89</ns3:hr>
          </ns3:TrackPointExtension>
        </extensions>
      </trkpt>
      <trkpt lat="-25.40689422748982906341552734375" lon="-49.007525034248828887939453125">
        <ele>1019</ele>
        <time>2025-04-05T08:20:31.000Z</time>
        <extensions>
          <ns3:TrackPointExtension>
            <ns3:hr>87</ns3:hr>
          </ns3:TrackPointExtension>
        </extensions>
      </trkpt>
      <trkpt lat="-25.40685382671654224395751953125" lon="-49.007401652634143829345703125">
        <ele>1020</ele>
        <time>2025-04-05T08:20:35.000Z</time>
        <extensions>
          <ns3:TrackPointExtension>
            <ns3:hr>84</ns3:hr>
          </ns3:TrackPointExtension>
        </extensions>
      </trkpt>
      <trkpt lat="-25.40684410370886325836181640625" lon="-49.00736636482179164886474609375">
        <ele>1020.79998779296875</ele>
        <time>2025-04-05T08:20:36.000Z</time>
        <extensions>
          <ns3:TrackPointExtension>
            <ns3:hr>84</ns3:hr>
          </ns3:TrackPointExtension>
        </extensions>
      </trkpt>
      <trkpt lat="-25.40683790110051631927490234375" lon="-49.007321856915950775146484375">
        <ele>1021.5999755859375</ele>
        <time>2025-04-05T08:20:37.000Z</time>
        <extensions>
          <ns3:TrackPointExtension>
            <ns3:hr>84</ns3:hr>
          </ns3:TrackPointExtension>
        </extensions>
      </trkpt>
      <trkpt lat="-25.4068374820053577423095703125" lon="-49.00727231986820697784423828125">
        <ele>1023.5999755859375</ele>
        <time>2025-04-05T08:20:40.000Z</time>
        <extensions>
          <ns3:TrackPointExtension>
            <ns3:hr>84</ns3:hr>
          </ns3:TrackPointExtension>
        </extensions>
      </trkpt>
      <trkpt lat="-25.40684661827981472015380859375" lon="-49.00724465958774089813232421875">
        <ele>1024.4000244140625</ele>
        <time>2025-04-05T08:20:42.000Z</time>
        <extensions>
          <ns3:TrackPointExtension>
            <ns3:hr>85</ns3:hr>
          </ns3:TrackPointExtension>
        </extensions>
      </trkpt>
      <trkpt lat="-25.40688601322472095489501953125" lon="-49.00721046142280101776123046875">
        <ele>1023.4000244140625</ele>
        <time>2025-04-05T08:20:48.000Z</time>
        <extensions>
          <ns3:TrackPointExtension>
            <ns3:hr>82</ns3:hr>
          </ns3:TrackPointExtension>
        </extensions>
      </trkpt>
      <trkpt lat="-25.40691216476261615753173828125" lon="-49.00723225437104701995849609375">
        <ele>1023</ele>
        <time>2025-04-05T08:20:49.000Z</time>
        <extensions>
          <ns3:TrackPointExtension>
            <ns3:hr>82</ns3:hr>
          </ns3:TrackPointExtension>
        </extensions>
      </trkpt>
      <trkpt lat="-25.4069244861602783203125" lon="-49.007201492786407470703125">
        <ele>1022.4000244140625</ele>
        <time>2025-04-05T08:20:52.000Z</time>
        <extensions>
          <ns3:TrackPointExtension>
            <ns3:hr>83</ns3:hr>
          </ns3:TrackPointExtension>
        </extensions>
      </trkpt>
      <trkpt lat="-25.40693848393857479095458984375" lon="-49.00717928074300289154052734375">
        <ele>1022.20001220703125</ele>
        <time>2025-04-05T08:20:53.000Z</time>
        <extensions>
          <ns3:TrackPointExtension>
            <ns3:hr>81</ns3:hr>
          </ns3:TrackPointExtension>
        </extensions>
      </trkpt>
      <trkpt lat="-25.40693077258765697479248046875" lon="-49.00708372704684734344482421875">
        <ele>1022.20001220703125</ele>
        <time>2025-04-05T08:20:59.000Z</time>
        <extensions>
          <ns3:TrackPointExtension>
            <ns3:hr>81</ns3:hr>
          </ns3:TrackPointExtension>
        </extensions>
      </trkpt>
      <trkpt lat="-25.40693714283406734466552734375" lon="-49.00706729851663112640380859375">
        <ele>1022.20001220703125</ele>
        <time>2025-04-05T08:21:01.000Z</time>
        <extensions>
          <ns3:TrackPointExtension>
            <ns3:hr>80</ns3:hr>
          </ns3:TrackPointExtension>
        </extensions>
      </trkpt>
      <trkpt lat="-25.406954325735569000244140625" lon="-49.0070584975183010101318359375">
        <ele>1022.20001220703125</ele>
        <time>2025-04-05T08:21:04.000Z</time>
        <extensions>
          <ns3:TrackPointExtension>
            <ns3:hr>81</ns3:hr>
          </ns3:TrackPointExtension>
        </extensions>
      </trkpt>
      <trkpt lat="-25.40697972290217876434326171875" lon="-49.00704248808324337005615234375">
        <ele>1022.5999755859375</ele>
        <time>2025-04-05T08:21:09.000Z</time>
        <extensions>
          <ns3:TrackPointExtension>
            <ns3:hr>83</ns3:hr>
          </ns3:TrackPointExtension>
        </extensions>
      </trkpt>
      <trkpt lat="-25.407005287706851959228515625" lon="-49.00702941231429576873779296875">
        <ele>1023.4000244140625</ele>
        <time>2025-04-05T08:21:13.000Z</time>
        <extensions>
          <ns3:TrackPointExtension>
            <ns3:hr>81</ns3:hr>
          </ns3:TrackPointExtension>
        </extensions>
      </trkpt>
      <trkpt lat="-25.4070197045803070068359375" lon="-49.00701616890728473663330078125">
        <ele>1023.79998779296875</ele>
        <time>2025-04-05T08:21:15.000Z</time>
        <extensions>
          <ns3:TrackPointExtension>
            <ns3:hr>82</ns3:hr>
          </ns3:TrackPointExtension>
        </extensions>
      </trkpt>
      <trkpt lat="-25.4070319421589374542236328125" lon="-49.0069877542555332183837890625">
        <ele>1024</ele>
        <time>2025-04-05T08:21:20.000Z</time>
        <extensions>
          <ns3:TrackPointExtension>
            <ns3:hr>82</ns3:hr>
          </ns3:TrackPointExtension>
        </extensions>
      </trkpt>
      <trkpt lat="-25.40704124607145786285400390625" lon="-49.0069735050201416015625">
        <ele>1024</ele>
        <time>2025-04-05T08:21:24.000Z</time>
        <extensions>
          <ns3:TrackPointExtension>
            <ns3:hr>82</ns3:hr>
          </ns3:TrackPointExtension>
        </extensions>
      </trkpt>
      <trkpt lat="-25.4070634581148624420166015625" lon="-49.0069488622248172760009765625">
        <ele>1025.4000244140625</ele>
        <time>2025-04-05T08:21:29.000Z</time>
        <extensions>
          <ns3:TrackPointExtension>
            <ns3:hr>82</ns3:hr>
          </ns3:TrackPointExtension>
        </extensions>
      </trkpt>
      <trkpt lat="-25.40707896463572978973388671875" lon="-49.00691726244986057281494140625">
        <ele>1028</ele>
        <time>2025-04-05T08:21:34.000Z</time>
        <extensions>
          <ns3:TrackPointExtension>
            <ns3:hr>79</ns3:hr>
          </ns3:TrackPointExtension>
        </extensions>
      </trkpt>
      <trkpt lat="-25.40707678534090518951416015625" lon="-49.0068995766341686248779296875">
        <ele>1028.800048828125</ele>
        <time>2025-04-05T08:21:35.000Z</time>
        <extensions>
          <ns3:TrackPointExtension>
            <ns3:hr>82</ns3:hr>
          </ns3:TrackPointExtension>
        </extensions>
      </trkpt>
      <trkpt lat="-25.40706823579967021942138671875" lon="-49.0068576671183109283447265625">
        <ele>1030.199951171875</ele>
        <time>2025-04-05T08:21:38.000Z</time>
        <extensions>
          <ns3:TrackPointExtension>
            <ns3:hr>85</ns3:hr>
          </ns3:TrackPointExtension>
        </extensions>
      </trkpt>
      <trkpt lat="-25.40706639178097248077392578125" lon="-49.00684216059744358062744140625">
        <ele>1031.4000244140625</ele>
        <time>2025-04-05T08:21:40.000Z</time>
        <extensions>
          <ns3:TrackPointExtension>
            <ns3:hr>86</ns3:hr>
          </ns3:TrackPointExtension>
        </extensions>
      </trkpt>
      <trkpt lat="-25.407068319618701934814453125" lon="-49.00679421611130237579345703125">
        <ele>1033.199951171875</ele>
        <time>2025-04-05T08:21:44.000Z</time>
        <extensions>
          <ns3:TrackPointExtension>
            <ns3:hr>83</ns3:hr>
          </ns3:TrackPointExtension>
        </extensions>
      </trkpt>
      <trkpt lat="-25.4070835746824741363525390625" lon="-49.00679404847323894500732421875">
        <ele>1033.5999755859375</ele>
        <time>2025-04-05T08:21:45.000Z</time>
        <extensions>
          <ns3:TrackPointExtension>
            <ns3:hr>83</ns3:hr>
          </ns3:TrackPointExtension>
        </extensions>
      </trkpt>
      <trkpt lat="-25.40709354914724826812744140625" lon="-49.0067892707884311676025390625">
        <ele>1034.800048828125</ele>
        <time>2025-04-05T08:21:48.000Z</time>
        <extensions>
          <ns3:TrackPointExtension>
            <ns3:hr>81</ns3:hr>
          </ns3:TrackPointExtension>
        </extensions>
      </trkpt>
      <trkpt lat="-25.40711098350584506988525390625" lon="-49.0067584253847599029541015625">
        <ele>1035.800048828125</ele>
        <time>2025-04-05T08:21:51.000Z</time>
        <extensions>
          <ns3:TrackPointExtension>
            <ns3:hr>80</ns3:hr>
          </ns3:TrackPointExtension>
        </extensions>
      </trkpt>
      <trkpt lat="-25.4071147553622722625732421875" lon="-49.00674752891063690185546875">
        <ele>1036.199951171875</ele>
        <time>2025-04-05T08:21:52.000Z</time>
        <extensions>
          <ns3:TrackPointExtension>
            <ns3:hr>82</ns3:hr>
          </ns3:TrackPointExtension>
        </extensions>
      </trkpt>
      <trkpt lat="-25.40711157023906707763671875" lon="-49.00671073235571384429931640625">
        <ele>1036.5999755859375</ele>
        <time>2025-04-05T08:21:55.000Z</time>
        <extensions>
          <ns3:TrackPointExtension>
            <ns3:hr>81</ns3:hr>
          </ns3:TrackPointExtension>
        </extensions>
      </trkpt>
      <trkpt lat="-25.407109893858432769775390625" lon="-49.00667485781013965606689453125">
        <ele>1036.5999755859375</ele>
        <time>2025-04-05T08:21:57.000Z</time>
        <extensions>
          <ns3:TrackPointExtension>
            <ns3:hr>81</ns3:hr>
          </ns3:TrackPointExtension>
        </extensions>
      </trkpt>
      <trkpt lat="-25.4071176052093505859375" lon="-49.006665050983428955078125">
        <ele>1036.800048828125</ele>
        <time>2025-04-05T08:21:58.000Z</time>
        <extensions>
          <ns3:TrackPointExtension>
            <ns3:hr>80</ns3:hr>
          </ns3:TrackPointExtension>
        </extensions>
      </trkpt>
      <trkpt lat="-25.4071241430938243865966796875" lon="-49.00665423832833766937255859375">
        <ele>1036.800048828125</ele>
        <time>2025-04-05T08:21:59.000Z</time>
        <extensions>
          <ns3:TrackPointExtension>
            <ns3:hr>83</ns3:hr>
          </ns3:TrackPointExtension>
        </extensions>
      </trkpt>
      <trkpt lat="-25.40713143534958362579345703125" lon="-49.006622470915317535400390625">
        <ele>1037</ele>
        <time>2025-04-05T08:22:01.000Z</time>
        <extensions>
          <ns3:TrackPointExtension>
            <ns3:hr>82</ns3:hr>
          </ns3:TrackPointExtension>
        </extensions>
      </trkpt>
      <trkpt lat="-25.40712942369282245635986328125" lon="-49.00657980702817440032958984375">
        <ele>1037.199951171875</ele>
        <time>2025-04-05T08:22:03.000Z</time>
        <extensions>
          <ns3:TrackPointExtension>
            <ns3:hr>83</ns3:hr>
          </ns3:TrackPointExtension>
        </extensions>
      </trkpt>
      <trkpt lat="-25.4071358777582645416259765625" lon="-49.0065751969814300537109375">
        <ele>1037.199951171875</ele>
        <time>2025-04-05T08:22:04.000Z</time>
        <extensions>
          <ns3:TrackPointExtension>
            <ns3:hr>84</ns3:hr>
          </ns3:TrackPointExtension>
        </extensions>
      </trkpt>
      <trkpt lat="-25.4071429185569286346435546875" lon="-49.006576873362064361572265625">
        <ele>1037.5999755859375</ele>
        <time>2025-04-05T08:22:06.000Z</time>
        <extensions>
          <ns3:TrackPointExtension>
            <ns3:hr>84</ns3:hr>
          </ns3:TrackPointExtension>
        </extensions>
      </trkpt>
      <trkpt lat="-25.4071435891091823577880859375" lon="-49.00655516423285007476806640625">
        <ele>1039.199951171875</ele>
        <time>2025-04-05T08:22:11.000Z</time>
        <extensions>
          <ns3:TrackPointExtension>
            <ns3:hr>80</ns3:hr>
          </ns3:TrackPointExtension>
        </extensions>
      </trkpt>
      <trkpt lat="-25.40714417584240436553955078125" lon="-49.006524570286273956298828125">
        <ele>1040.199951171875</ele>
        <time>2025-04-05T08:22:13.000Z</time>
        <extensions>
          <ns3:TrackPointExtension>
            <ns3:hr>77</ns3:hr>
          </ns3:TrackPointExtension>
        </extensions>
      </trkpt>
      <trkpt lat="-25.4071509651839733123779296875" lon="-49.0065086446702480316162109375">
        <ele>1040.5999755859375</ele>
        <time>2025-04-05T08:22:14.000Z</time>
        <extensions>
          <ns3:TrackPointExtension>
            <ns3:hr>80</ns3:hr>
          </ns3:TrackPointExtension>
        </extensions>
      </trkpt>
      <trkpt lat="-25.40716395713388919830322265625" lon="-49.00647285394370555877685546875">
        <ele>1041.199951171875</ele>
        <time>2025-04-05T08:22:16.000Z</time>
        <extensions>
          <ns3:TrackPointExtension>
            <ns3:hr>79</ns3:hr>
          </ns3:TrackPointExtension>
        </extensions>
      </trkpt>
      <trkpt lat="-25.4071677289903163909912109375" lon="-49.0064680762588977813720703125">
        <ele>1041.4000244140625</ele>
        <time>2025-04-05T08:22:17.000Z</time>
        <extensions>
          <ns3:TrackPointExtension>
            <ns3:hr>79</ns3:hr>
          </ns3:TrackPointExtension>
        </extensions>
      </trkpt>
      <trkpt lat="-25.4071844927966594696044921875" lon="-49.00644670240581035614013671875">
        <ele>1041.5999755859375</ele>
        <time>2025-04-05T08:22:19.000Z</time>
        <extensions>
          <ns3:TrackPointExtension>
            <ns3:hr>80</ns3:hr>
          </ns3:TrackPointExtension>
        </extensions>
      </trkpt>
      <trkpt lat="-25.40719731710851192474365234375" lon="-49.00641820393502712249755859375">
        <ele>1041.5999755859375</ele>
        <time>2025-04-05T08:22:21.000Z</time>
        <extensions>
          <ns3:TrackPointExtension>
            <ns3:hr>81</ns3:hr>
          </ns3:TrackPointExtension>
        </extensions>
      </trkpt>
      <trkpt lat="-25.4072036035358905792236328125" lon="-49.00640261359512805938720703125">
        <ele>1041.5999755859375</ele>
        <time>2025-04-05T08:22:22.000Z</time>
        <extensions>
          <ns3:TrackPointExtension>
            <ns3:hr>81</ns3:hr>
          </ns3:TrackPointExtension>
        </extensions>
      </trkpt>
      <trkpt lat="-25.40720921941101551055908203125" lon="-49.00636757723987102508544921875">
        <ele>1041.4000244140625</ele>
        <time>2025-04-05T08:22:24.000Z</time>
        <extensions>
          <ns3:TrackPointExtension>
            <ns3:hr>82</ns3:hr>
          </ns3:TrackPointExtension>
        </extensions>
      </trkpt>
      <trkpt lat="-25.4072103090584278106689453125" lon="-49.00633941404521465301513671875">
        <ele>1040.800048828125</ele>
        <time>2025-04-05T08:22:26.000Z</time>
        <extensions>
          <ns3:TrackPointExtension>
            <ns3:hr>81</ns3:hr>
          </ns3:TrackPointExtension>
        </extensions>
      </trkpt>
      <trkpt lat="-25.4072128236293792724609375" lon="-49.00632734410464763641357421875">
        <ele>1040.5999755859375</ele>
        <time>2025-04-05T08:22:27.000Z</time>
        <extensions>
          <ns3:TrackPointExtension>
            <ns3:hr>82</ns3:hr>
          </ns3:TrackPointExtension>
        </extensions>
      </trkpt>
      <trkpt lat="-25.40722246281802654266357421875" lon="-49.006295911967754364013671875">
        <ele>1040.199951171875</ele>
        <time>2025-04-05T08:22:29.000Z</time>
        <extensions>
          <ns3:TrackPointExtension>
            <ns3:hr>83</ns3:hr>
          </ns3:TrackPointExtension>
        </extensions>
      </trkpt>
      <trkpt lat="-25.40723201818764209747314453125" lon="-49.00628392584621906280517578125">
        <ele>1040.199951171875</ele>
        <time>2025-04-05T08:22:30.000Z</time>
        <extensions>
          <ns3:TrackPointExtension>
            <ns3:hr>84</ns3:hr>
          </ns3:TrackPointExtension>
        </extensions>
      </trkpt>
      <trkpt lat="-25.40723872371017932891845703125" lon="-49.00622106157243251800537109375">
        <ele>1039.5999755859375</ele>
        <time>2025-04-05T08:22:35.000Z</time>
        <extensions>
          <ns3:TrackPointExtension>
            <ns3:hr>84</ns3:hr>
          </ns3:TrackPointExtension>
        </extensions>
      </trkpt>
      <trkpt lat="-25.40726051665842533111572265625" lon="-49.00612969882786273956298828125">
        <ele>1038.800048828125</ele>
        <time>2025-04-05T08:22:41.000Z</time>
        <extensions>
          <ns3:TrackPointExtension>
            <ns3:hr>87</ns3:hr>
          </ns3:TrackPointExtension>
        </extensions>
      </trkpt>
      <trkpt lat="-25.40727526880800724029541015625" lon="-49.006098099052906036376953125">
        <ele>1038.4000244140625</ele>
        <time>2025-04-05T08:22:43.000Z</time>
        <extensions>
          <ns3:TrackPointExtension>
            <ns3:hr>84</ns3:hr>
          </ns3:TrackPointExtension>
        </extensions>
      </trkpt>
      <trkpt lat="-25.4072837345302104949951171875" lon="-49.00606750510632991790771484375">
        <ele>1038</ele>
        <time>2025-04-05T08:22:45.000Z</time>
        <extensions>
          <ns3:TrackPointExtension>
            <ns3:hr>83</ns3:hr>
          </ns3:TrackPointExtension>
        </extensions>
      </trkpt>
      <trkpt lat="-25.40729722939431667327880859375" lon="-49.00602224282920360565185546875">
        <ele>1037.4000244140625</ele>
        <time>2025-04-05T08:22:47.000Z</time>
        <extensions>
          <ns3:TrackPointExtension>
            <ns3:hr>84</ns3:hr>
          </ns3:TrackPointExtension>
        </extensions>
      </trkpt>
      <trkpt lat="-25.4073635302484035491943359375" lon="-49.00593389756977558135986328125">
        <ele>1035.4000244140625</ele>
        <time>2025-04-05T08:22:54.000Z</time>
        <extensions>
          <ns3:TrackPointExtension>
            <ns3:hr>88</ns3:hr>
          </ns3:TrackPointExtension>
        </extensions>
      </trkpt>
      <trkpt lat="-25.40737166069447994232177734375" lon="-49.005936495959758758544921875">
        <ele>1034.800048828125</ele>
        <time>2025-04-05T08:22:56.000Z</time>
        <extensions>
          <ns3:TrackPointExtension>
            <ns3:hr>87</ns3:hr>
          </ns3:TrackPointExtension>
        </extensions>
      </trkpt>
      <trkpt lat="-25.4073719121515750885009765625" lon="-49.0059369988739490509033203125">
        <ele>1034.5999755859375</ele>
        <time>2025-04-05T08:22:57.000Z</time>
        <extensions>
          <ns3:TrackPointExtension>
            <ns3:hr>82</ns3:hr>
          </ns3:TrackPointExtension>
        </extensions>
      </trkpt>
      <trkpt lat="-25.40738205425441265106201171875" lon="-49.00593574158847332000732421875">
        <ele>1034.199951171875</ele>
        <time>2025-04-05T08:22:59.000Z</time>
        <extensions>
          <ns3:TrackPointExtension>
            <ns3:hr>79</ns3:hr>
          </ns3:TrackPointExtension>
        </extensions>
      </trkpt>
      <trkpt lat="-25.40738456882536411285400390625" lon="-49.005919396877288818359375">
        <ele>1034.199951171875</ele>
        <time>2025-04-05T08:23:02.000Z</time>
        <extensions>
          <ns3:TrackPointExtension>
            <ns3:hr>77</ns3:hr>
          </ns3:TrackPointExtension>
        </extensions>
      </trkpt>
      <trkpt lat="-25.40737685747444629669189453125" lon="-49.00590573437511920928955078125">
        <ele>1034.199951171875</ele>
        <time>2025-04-05T08:23:03.000Z</time>
        <extensions>
          <ns3:TrackPointExtension>
            <ns3:hr>77</ns3:hr>
          </ns3:TrackPointExtension>
        </extensions>
      </trkpt>
      <trkpt lat="-25.4073833115398883819580078125" lon="-49.005890227854251861572265625">
        <ele>1034.5999755859375</ele>
        <time>2025-04-05T08:23:06.000Z</time>
        <extensions>
          <ns3:TrackPointExtension>
            <ns3:hr>77</ns3:hr>
          </ns3:TrackPointExtension>
        </extensions>
      </trkpt>
      <trkpt lat="-25.4074165038764476776123046875" lon="-49.005827195942401885986328125">
        <ele>1035.4000244140625</ele>
        <time>2025-04-05T08:23:13.000Z</time>
        <extensions>
          <ns3:TrackPointExtension>
            <ns3:hr>77</ns3:hr>
          </ns3:TrackPointExtension>
        </extensions>
      </trkpt>
      <trkpt lat="-25.4074423201382160186767578125" lon="-49.0057914890348911285400390625">
        <ele>1035</ele>
        <time>2025-04-05T08:23:18.000Z</time>
        <extensions>
          <ns3:TrackPointExtension>
            <ns3:hr>78</ns3:hr>
          </ns3:TrackPointExtension>
        </extensions>
      </trkpt>
      <trkpt lat="-25.4074926115572452545166015625" lon="-49.00577765889465808868408203125">
        <ele>1034.5999755859375</ele>
        <time>2025-04-05T08:23:22.000Z</time>
        <extensions>
          <ns3:TrackPointExtension>
            <ns3:hr>81</ns3:hr>
          </ns3:TrackPointExtension>
        </extensions>
      </trkpt>
      <trkpt lat="-25.40750929154455661773681640625" lon="-49.00579132139682769775390625">
        <ele>1034.5999755859375</ele>
        <time>2025-04-05T08:23:23.000Z</time>
        <extensions>
          <ns3:TrackPointExtension>
            <ns3:hr>77</ns3:hr>
          </ns3:TrackPointExtension>
        </extensions>
      </trkpt>
      <trkpt lat="-25.40752840228378772735595703125" lon="-49.00579526089131832122802734375">
        <ele>1033.4000244140625</ele>
        <time>2025-04-05T08:23:27.000Z</time>
        <extensions>
          <ns3:TrackPointExtension>
            <ns3:hr>78</ns3:hr>
          </ns3:TrackPointExtension>
        </extensions>
      </trkpt>
      <trkpt lat="-25.40747777558863162994384765625" lon="-49.00573977269232273101806640625">
        <ele>1033</ele>
        <time>2025-04-05T08:23:31.000Z</time>
        <extensions>
          <ns3:TrackPointExtension>
            <ns3:hr>79</ns3:hr>
          </ns3:TrackPointExtension>
        </extensions>
      </trkpt>
      <trkpt lat="-25.40751683525741100311279296875" lon="-49.0057222545146942138671875">
        <ele>1036</ele>
        <time>2025-04-05T08:23:36.000Z</time>
        <extensions>
          <ns3:TrackPointExtension>
            <ns3:hr>78</ns3:hr>
          </ns3:TrackPointExtension>
        </extensions>
      </trkpt>
      <trkpt lat="-25.4075132310390472412109375" lon="-49.00570959784090518951416015625">
        <ele>1036.5999755859375</ele>
        <time>2025-04-05T08:23:37.000Z</time>
        <extensions>
          <ns3:TrackPointExtension>
            <ns3:hr>79</ns3:hr>
          </ns3:TrackPointExtension>
        </extensions>
      </trkpt>
      <trkpt lat="-25.40751666761934757232666015625" lon="-49.0056882239878177642822265625">
        <ele>1037.4000244140625</ele>
        <time>2025-04-05T08:23:39.000Z</time>
        <extensions>
          <ns3:TrackPointExtension>
            <ns3:hr>79</ns3:hr>
          </ns3:TrackPointExtension>
        </extensions>
      </trkpt>
      <trkpt lat="-25.40750074200332164764404296875" lon="-49.0055822767317295074462890625">
        <ele>1038.199951171875</ele>
        <time>2025-04-05T08:23:44.000Z</time>
        <extensions>
          <ns3:TrackPointExtension>
            <ns3:hr>79</ns3:hr>
          </ns3:TrackPointExtension>
        </extensions>
      </trkpt>
      <trkpt lat="-25.40753644891083240509033203125" lon="-49.0055303089320659637451171875">
        <ele>1037</ele>
        <time>2025-04-05T08:23:50.000Z</time>
        <extensions>
          <ns3:TrackPointExtension>
            <ns3:hr>80</ns3:hr>
          </ns3:TrackPointExtension>
        </extensions>
      </trkpt>
      <trkpt lat="-25.4075405560433864593505859375" lon="-49.00552041828632354736328125">
        <ele>1037</ele>
        <time>2025-04-05T08:23:52.000Z</time>
        <extensions>
          <ns3:TrackPointExtension>
            <ns3:hr>83</ns3:hr>
          </ns3:TrackPointExtension>
        </extensions>
      </trkpt>
      <trkpt lat="-25.40752689354121685028076171875" lon="-49.00545428507030010223388671875">
        <ele>1037.5999755859375</ele>
        <time>2025-04-05T08:23:56.000Z</time>
        <extensions>
          <ns3:TrackPointExtension>
            <ns3:hr>81</ns3:hr>
          </ns3:TrackPointExtension>
        </extensions>
      </trkpt>
      <trkpt lat="-25.40753007866442203521728515625" lon="-49.00543433614075183868408203125">
        <ele>1037.800048828125</ele>
        <time>2025-04-05T08:23:57.000Z</time>
        <extensions>
          <ns3:TrackPointExtension>
            <ns3:hr>80</ns3:hr>
          </ns3:TrackPointExtension>
        </extensions>
      </trkpt>
      <trkpt lat="-25.40755656547844409942626953125" lon="-49.0054253675043582916259765625">
        <ele>1038.4000244140625</ele>
        <time>2025-04-05T08:24:01.000Z</time>
        <extensions>
          <ns3:TrackPointExtension>
            <ns3:hr>80</ns3:hr>
          </ns3:TrackPointExtension>
        </extensions>
      </trkpt>
      <trkpt lat="-25.4075734131038188934326171875" lon="-49.00542478077113628387451171875">
        <ele>1038.5999755859375</ele>
        <time>2025-04-05T08:24:02.000Z</time>
        <extensions>
          <ns3:TrackPointExtension>
            <ns3:hr>82</ns3:hr>
          </ns3:TrackPointExtension>
        </extensions>
      </trkpt>
      <trkpt lat="-25.40757651440799236297607421875" lon="-49.00534347631037235260009765625">
        <ele>1038.199951171875</ele>
        <time>2025-04-05T08:24:08.000Z</time>
        <extensions>
          <ns3:TrackPointExtension>
            <ns3:hr>82</ns3:hr>
          </ns3:TrackPointExtension>
        </extensions>
      </trkpt>
      <trkpt lat="-25.40760107338428497314453125" lon="-49.00534615851938724517822265625">
        <ele>1038.199951171875</ele>
        <time>2025-04-05T08:24:11.000Z</time>
        <extensions>
          <ns3:TrackPointExtension>
            <ns3:hr>80</ns3:hr>
          </ns3:TrackPointExtension>
        </extensions>
      </trkpt>
      <trkpt lat="-25.4076401330530643463134765625" lon="-49.005342386662960052490234375">
        <ele>1038</ele>
        <time>2025-04-05T08:24:15.000Z</time>
        <extensions>
          <ns3:TrackPointExtension>
            <ns3:hr>82</ns3:hr>
          </ns3:TrackPointExtension>
        </extensions>
      </trkpt>
      <trkpt lat="-25.40764390490949153900146484375" lon="-49.00532050989568233489990234375">
        <ele>1038</ele>
        <time>2025-04-05T08:24:17.000Z</time>
        <extensions>
          <ns3:TrackPointExtension>
            <ns3:hr>82</ns3:hr>
          </ns3:TrackPointExtension>
        </extensions>
      </trkpt>
      <trkpt lat="-25.4076418094336986541748046875" lon="-49.00529067032039165496826171875">
        <ele>1037.800048828125</ele>
        <time>2025-04-05T08:24:21.000Z</time>
        <extensions>
          <ns3:TrackPointExtension>
            <ns3:hr>82</ns3:hr>
          </ns3:TrackPointExtension>
        </extensions>
      </trkpt>
      <trkpt lat="-25.40765329264104366302490234375" lon="-49.00526703335344791412353515625">
        <ele>1038</ele>
        <time>2025-04-05T08:24:24.000Z</time>
        <extensions>
          <ns3:TrackPointExtension>
            <ns3:hr>82</ns3:hr>
          </ns3:TrackPointExtension>
        </extensions>
      </trkpt>
      <trkpt lat="-25.4076500236988067626953125" lon="-49.00525697506964206695556640625">
        <ele>1038.199951171875</ele>
        <time>2025-04-05T08:24:25.000Z</time>
        <extensions>
          <ns3:TrackPointExtension>
            <ns3:hr>81</ns3:hr>
          </ns3:TrackPointExtension>
        </extensions>
      </trkpt>
      <trkpt lat="-25.407653041183948516845703125" lon="-49.00525496341288089752197265625">
        <ele>1038.4000244140625</ele>
        <time>2025-04-05T08:24:26.000Z</time>
        <extensions>
          <ns3:TrackPointExtension>
            <ns3:hr>82</ns3:hr>
          </ns3:TrackPointExtension>
        </extensions>
      </trkpt>
      <trkpt lat="-25.407638959586620330810546875" lon="-49.00524205528199672698974609375">
        <ele>1038.4000244140625</ele>
        <time>2025-04-05T08:24:27.000Z</time>
        <extensions>
          <ns3:TrackPointExtension>
            <ns3:hr>80</ns3:hr>
          </ns3:TrackPointExtension>
        </extensions>
      </trkpt>
      <trkpt lat="-25.40763887576758861541748046875" lon="-49.00522847659885883331298828125">
        <ele>1038.5999755859375</ele>
        <time>2025-04-05T08:24:29.000Z</time>
        <extensions>
          <ns3:TrackPointExtension>
            <ns3:hr>83</ns3:hr>
          </ns3:TrackPointExtension>
        </extensions>
      </trkpt>
      <trkpt lat="-25.4076471738517284393310546875" lon="-49.0052242018282413482666015625">
        <ele>1038.4000244140625</ele>
        <time>2025-04-05T08:24:31.000Z</time>
        <extensions>
          <ns3:TrackPointExtension>
            <ns3:hr>85</ns3:hr>
          </ns3:TrackPointExtension>
        </extensions>
      </trkpt>
      <trkpt lat="-25.40767994709312915802001953125" lon="-49.0052014030516147613525390625">
        <ele>1037.5999755859375</ele>
        <time>2025-04-05T08:24:38.000Z</time>
        <extensions>
          <ns3:TrackPointExtension>
            <ns3:hr>87</ns3:hr>
          </ns3:TrackPointExtension>
        </extensions>
      </trkpt>
      <trkpt lat="-25.40766737423837184906005859375" lon="-49.0051638521254062652587890625">
        <ele>1037.5999755859375</ele>
        <time>2025-04-05T08:24:41.000Z</time>
        <extensions>
          <ns3:TrackPointExtension>
            <ns3:hr>90</ns3:hr>
          </ns3:TrackPointExtension>
        </extensions>
      </trkpt>
      <trkpt lat="-25.4076589085161685943603515625" lon="-49.00514750741422176361083984375">
        <ele>1037.5999755859375</ele>
        <time>2025-04-05T08:24:42.000Z</time>
        <extensions>
          <ns3:TrackPointExtension>
            <ns3:hr>93</ns3:hr>
          </ns3:TrackPointExtension>
        </extensions>
      </trkpt>
      <trkpt lat="-25.4076505266129970550537109375" lon="-49.0051226131618022918701171875">
        <ele>1038.4000244140625</ele>
        <time>2025-04-05T08:24:45.000Z</time>
        <extensions>
          <ns3:TrackPointExtension>
            <ns3:hr>96</ns3:hr>
          </ns3:TrackPointExtension>
        </extensions>
      </trkpt>
      <trkpt lat="-25.4076795279979705810546875" lon="-49.00514935143291950225830078125">
        <ele>1039.5999755859375</ele>
        <time>2025-04-05T08:24:48.000Z</time>
        <extensions>
          <ns3:TrackPointExtension>
            <ns3:hr>95</ns3:hr>
          </ns3:TrackPointExtension>
        </extensions>
      </trkpt>
      <trkpt lat="-25.40770836174488067626953125" lon="-49.005161337554454803466796875">
        <ele>1040.5999755859375</ele>
        <time>2025-04-05T08:24:51.000Z</time>
        <extensions>
          <ns3:TrackPointExtension>
            <ns3:hr>97</ns3:hr>
          </ns3:TrackPointExtension>
        </extensions>
      </trkpt>
      <trkpt lat="-25.4077172465622425079345703125" lon="-49.00514901615679264068603515625">
        <ele>1041.199951171875</ele>
        <time>2025-04-05T08:24:55.000Z</time>
        <extensions>
          <ns3:TrackPointExtension>
            <ns3:hr>99</ns3:hr>
          </ns3:TrackPointExtension>
        </extensions>
      </trkpt>
      <trkpt lat="-25.4077051766216754913330078125" lon="-49.00512613356113433837890625">
        <ele>1041.199951171875</ele>
        <time>2025-04-05T08:24:58.000Z</time>
        <extensions>
          <ns3:TrackPointExtension>
            <ns3:hr>96</ns3:hr>
          </ns3:TrackPointExtension>
        </extensions>
      </trkpt>
      <trkpt lat="-25.4076944477856159210205078125" lon="-49.0051088668406009674072265625">
        <ele>1041.199951171875</ele>
        <time>2025-04-05T08:24:59.000Z</time>
        <extensions>
          <ns3:TrackPointExtension>
            <ns3:hr>97</ns3:hr>
          </ns3:TrackPointExtension>
        </extensions>
      </trkpt>
      <trkpt lat="-25.40765513665974140167236328125" lon="-49.00503200478851795196533203125">
        <ele>1041.4000244140625</ele>
        <time>2025-04-05T08:25:05.000Z</time>
        <extensions>
          <ns3:TrackPointExtension>
            <ns3:hr>99</ns3:hr>
          </ns3:TrackPointExtension>
        </extensions>
      </trkpt>
      <trkpt lat="-25.40764843113720417022705078125" lon="-49.00499160401523113250732421875">
        <ele>1041.4000244140625</ele>
        <time>2025-04-05T08:25:07.000Z</time>
        <extensions>
          <ns3:TrackPointExtension>
            <ns3:hr>96</ns3:hr>
          </ns3:TrackPointExtension>
        </extensions>
      </trkpt>
      <trkpt lat="-25.407666452229022979736328125" lon="-49.004964195191860198974609375">
        <ele>1041.4000244140625</ele>
        <time>2025-04-05T08:25:10.000Z</time>
        <extensions>
          <ns3:TrackPointExtension>
            <ns3:hr>96</ns3:hr>
          </ns3:TrackPointExtension>
        </extensions>
      </trkpt>
      <trkpt lat="-25.40767349302768707275390625" lon="-49.004946090281009674072265625">
        <ele>1041.4000244140625</ele>
        <time>2025-04-05T08:25:12.000Z</time>
        <extensions>
          <ns3:TrackPointExtension>
            <ns3:hr>94</ns3:hr>
          </ns3:TrackPointExtension>
        </extensions>
      </trkpt>
      <trkpt lat="-25.40765765123069286346435546875" lon="-49.0049103833734989166259765625">
        <ele>1042</ele>
        <time>2025-04-05T08:25:14.000Z</time>
        <extensions>
          <ns3:TrackPointExtension>
            <ns3:hr>93</ns3:hr>
          </ns3:TrackPointExtension>
        </extensions>
      </trkpt>
      <trkpt lat="-25.4076562263071537017822265625" lon="-49.004884064197540283203125">
        <ele>1042.5999755859375</ele>
        <time>2025-04-05T08:25:16.000Z</time>
        <extensions>
          <ns3:TrackPointExtension>
            <ns3:hr>90</ns3:hr>
          </ns3:TrackPointExtension>
        </extensions>
      </trkpt>
      <trkpt lat="-25.40766418911516666412353515625" lon="-49.0048795379698276519775390625">
        <ele>1043.5999755859375</ele>
        <time>2025-04-05T08:25:18.000Z</time>
        <extensions>
          <ns3:TrackPointExtension>
            <ns3:hr>92</ns3:hr>
          </ns3:TrackPointExtension>
        </extensions>
      </trkpt>
      <trkpt lat="-25.40765513665974140167236328125" lon="-49.004811309278011322021484375">
        <ele>1045.800048828125</ele>
        <time>2025-04-05T08:25:23.000Z</time>
        <extensions>
          <ns3:TrackPointExtension>
            <ns3:hr>91</ns3:hr>
          </ns3:TrackPointExtension>
        </extensions>
      </trkpt>
      <trkpt lat="-25.4076589085161685943603515625" lon="-49.00478708557784557342529296875">
        <ele>1046.800048828125</ele>
        <time>2025-04-05T08:25:26.000Z</time>
        <extensions>
          <ns3:TrackPointExtension>
            <ns3:hr>94</ns3:hr>
          </ns3:TrackPointExtension>
        </extensions>
      </trkpt>
      <trkpt lat="-25.4076589085161685943603515625" lon="-49.00478322990238666534423828125">
        <ele>1047</ele>
        <time>2025-04-05T08:25:27.000Z</time>
        <extensions>
          <ns3:TrackPointExtension>
            <ns3:hr>92</ns3:hr>
          </ns3:TrackPointExtension>
        </extensions>
      </trkpt>
      <trkpt lat="-25.40766485966742038726806640625" lon="-49.00477476418018341064453125">
        <ele>1047.4000244140625</ele>
        <time>2025-04-05T08:25:29.000Z</time>
        <extensions>
          <ns3:TrackPointExtension>
            <ns3:hr>91</ns3:hr>
          </ns3:TrackPointExtension>
        </extensions>
      </trkpt>
      <trkpt lat="-25.40765379555523395538330078125" lon="-49.00474919937551021575927734375">
        <ele>1047.800048828125</ele>
        <time>2025-04-05T08:25:31.000Z</time>
        <extensions>
          <ns3:TrackPointExtension>
            <ns3:hr>89</ns3:hr>
          </ns3:TrackPointExtension>
        </extensions>
      </trkpt>
      <trkpt lat="-25.40765815414488315582275390625" lon="-49.0047390572726726531982421875">
        <ele>1048</ele>
        <time>2025-04-05T08:25:32.000Z</time>
        <extensions>
          <ns3:TrackPointExtension>
            <ns3:hr>92</ns3:hr>
          </ns3:TrackPointExtension>
        </extensions>
      </trkpt>
      <trkpt lat="-25.40764256380498409271240234375" lon="-49.0046949684619903564453125">
        <ele>1048.199951171875</ele>
        <time>2025-04-05T08:25:35.000Z</time>
        <extensions>
          <ns3:TrackPointExtension>
            <ns3:hr>93</ns3:hr>
          </ns3:TrackPointExtension>
        </extensions>
      </trkpt>
      <trkpt lat="-25.4076877422630786895751953125" lon="-49.00467711500823497772216796875">
        <ele>1048.800048828125</ele>
        <time>2025-04-05T08:25:39.000Z</time>
        <extensions>
          <ns3:TrackPointExtension>
            <ns3:hr>92</ns3:hr>
          </ns3:TrackPointExtension>
        </extensions>
      </trkpt>
      <trkpt lat="-25.4077009856700897216796875" lon="-49.004663117229938507080078125">
        <ele>1049.199951171875</ele>
        <time>2025-04-05T08:25:42.000Z</time>
        <extensions>
          <ns3:TrackPointExtension>
            <ns3:hr>92</ns3:hr>
          </ns3:TrackPointExtension>
        </extensions>
      </trkpt>
      <trkpt lat="-25.40771649219095706939697265625" lon="-49.00462397374212741851806640625">
        <ele>1049.800048828125</ele>
        <time>2025-04-05T08:25:46.000Z</time>
        <extensions>
          <ns3:TrackPointExtension>
            <ns3:hr>91</ns3:hr>
          </ns3:TrackPointExtension>
        </extensions>
      </trkpt>
      <trkpt lat="-25.40773979388177394866943359375" lon="-49.00462053716182708740234375">
        <ele>1050</ele>
        <time>2025-04-05T08:25:47.000Z</time>
        <extensions>
          <ns3:TrackPointExtension>
            <ns3:hr>91</ns3:hr>
          </ns3:TrackPointExtension>
        </extensions>
      </trkpt>
      <trkpt lat="-25.40775454603135585784912109375" lon="-49.004567563533782958984375">
        <ele>1051</ele>
        <time>2025-04-05T08:25:51.000Z</time>
        <extensions>
          <ns3:TrackPointExtension>
            <ns3:hr>91</ns3:hr>
          </ns3:TrackPointExtension>
        </extensions>
      </trkpt>
      <trkpt lat="-25.4077464155852794647216796875" lon="-49.00452439673244953155517578125">
        <ele>1051.800048828125</ele>
        <time>2025-04-05T08:25:53.000Z</time>
        <extensions>
          <ns3:TrackPointExtension>
            <ns3:hr>91</ns3:hr>
          </ns3:TrackPointExtension>
        </extensions>
      </trkpt>
      <trkpt lat="-25.40773677639663219451904296875" lon="-49.004474692046642303466796875">
        <ele>1052.4000244140625</ele>
        <time>2025-04-05T08:25:56.000Z</time>
        <extensions>
          <ns3:TrackPointExtension>
            <ns3:hr>89</ns3:hr>
          </ns3:TrackPointExtension>
        </extensions>
      </trkpt>
      <trkpt lat="-25.40772311389446258544921875" lon="-49.00445415638387203216552734375">
        <ele>1052.5999755859375</ele>
        <time>2025-04-05T08:25:57.000Z</time>
        <extensions>
          <ns3:TrackPointExtension>
            <ns3:hr>90</ns3:hr>
          </ns3:TrackPointExtension>
        </extensions>
      </trkpt>
      <trkpt lat="-25.4076800309121608734130859375" lon="-49.00441342033445835113525390625">
        <ele>1053</ele>
        <time>2025-04-05T08:26:00.000Z</time>
        <extensions>
          <ns3:TrackPointExtension>
            <ns3:hr>90</ns3:hr>
          </ns3:TrackPointExtension>
        </extensions>
      </trkpt>
      <trkpt lat="-25.40766955353319644927978515625" lon="-49.00439397431910037994384765625">
        <ele>1053.199951171875</ele>
        <time>2025-04-05T08:26:01.000Z</time>
        <extensions>
          <ns3:TrackPointExtension>
            <ns3:hr>90</ns3:hr>
          </ns3:TrackPointExtension>
        </extensions>
      </trkpt>
      <trkpt lat="-25.407597720623016357421875" lon="-49.00433010421693325042724609375">
        <ele>1054</ele>
        <time>2025-04-05T08:26:05.000Z</time>
        <extensions>
          <ns3:TrackPointExtension>
            <ns3:hr>88</ns3:hr>
          </ns3:TrackPointExtension>
        </extensions>
      </trkpt>
      <trkpt lat="-25.40759839117527008056640625" lon="-49.00432406924664974212646484375">
        <ele>1054</ele>
        <time>2025-04-05T08:26:06.000Z</time>
        <extensions>
          <ns3:TrackPointExtension>
            <ns3:hr>90</ns3:hr>
          </ns3:TrackPointExtension>
        </extensions>
      </trkpt>
      <trkpt lat="-25.40757735259830951690673828125" lon="-49.00430269539356231689453125">
        <ele>1054</ele>
        <time>2025-04-05T08:26:09.000Z</time>
        <extensions>
          <ns3:TrackPointExtension>
            <ns3:hr>91</ns3:hr>
          </ns3:TrackPointExtension>
        </extensions>
      </trkpt>
      <trkpt lat="-25.407571233808994293212890625" lon="-49.00429867208003997802734375">
        <ele>1054</ele>
        <time>2025-04-05T08:26:10.000Z</time>
        <extensions>
          <ns3:TrackPointExtension>
            <ns3:hr>90</ns3:hr>
          </ns3:TrackPointExtension>
        </extensions>
      </trkpt>
      <trkpt lat="-25.40754985995590686798095703125" lon="-49.0042711794376373291015625">
        <ele>1053.800048828125</ele>
        <time>2025-04-05T08:26:12.000Z</time>
        <extensions>
          <ns3:TrackPointExtension>
            <ns3:hr>90</ns3:hr>
          </ns3:TrackPointExtension>
        </extensions>
      </trkpt>
      <trkpt lat="-25.40753561072051525115966796875" lon="-49.004260785877704620361328125">
        <ele>1053.800048828125</ele>
        <time>2025-04-05T08:26:13.000Z</time>
        <extensions>
          <ns3:TrackPointExtension>
            <ns3:hr>89</ns3:hr>
          </ns3:TrackPointExtension>
        </extensions>
      </trkpt>
      <trkpt lat="-25.40751465596258640289306640625" lon="-49.004231281578540802001953125">
        <ele>1053.800048828125</ele>
        <time>2025-04-05T08:26:15.000Z</time>
        <extensions>
          <ns3:TrackPointExtension>
            <ns3:hr>90</ns3:hr>
          </ns3:TrackPointExtension>
        </extensions>
      </trkpt>
      <trkpt lat="-25.4074741713702678680419921875" lon="-49.00419406592845916748046875">
        <ele>1053.800048828125</ele>
        <time>2025-04-05T08:26:17.000Z</time>
        <extensions>
          <ns3:TrackPointExtension>
            <ns3:hr>92</ns3:hr>
          </ns3:TrackPointExtension>
        </extensions>
      </trkpt>
      <trkpt lat="-25.40744550526142120361328125" lon="-49.00414955802261829376220703125">
        <ele>1053.800048828125</ele>
        <time>2025-04-05T08:26:20.000Z</time>
        <extensions>
          <ns3:TrackPointExtension>
            <ns3:hr>92</ns3:hr>
          </ns3:TrackPointExtension>
        </extensions>
      </trkpt>
      <trkpt lat="-25.4074590839445590972900390625" lon="-49.00415458716452121734619140625">
        <ele>1053</ele>
        <time>2025-04-05T08:26:23.000Z</time>
        <extensions>
          <ns3:TrackPointExtension>
            <ns3:hr>89</ns3:hr>
          </ns3:TrackPointExtension>
        </extensions>
      </trkpt>
      <trkpt lat="-25.40745363570749759674072265625" lon="-49.00415115058422088623046875">
        <ele>1052.800048828125</ele>
        <time>2025-04-05T08:26:24.000Z</time>
        <extensions>
          <ns3:TrackPointExtension>
            <ns3:hr>93</ns3:hr>
          </ns3:TrackPointExtension>
        </extensions>
      </trkpt>
      <trkpt lat="-25.40743871591985225677490234375" lon="-49.004146791994571685791015625">
        <ele>1052.800048828125</ele>
        <time>2025-04-05T08:26:25.000Z</time>
        <extensions>
          <ns3:TrackPointExtension>
            <ns3:hr>92</ns3:hr>
          </ns3:TrackPointExtension>
        </extensions>
      </trkpt>
      <trkpt lat="-25.40742899291217327117919921875" lon="-49.00413882918655872344970703125">
        <ele>1052.800048828125</ele>
        <time>2025-04-05T08:26:27.000Z</time>
        <extensions>
          <ns3:TrackPointExtension>
            <ns3:hr>93</ns3:hr>
          </ns3:TrackPointExtension>
        </extensions>
      </trkpt>
      <trkpt lat="-25.4074232093989849090576171875" lon="-49.00411418639123439788818359375">
        <ele>1053.199951171875</ele>
        <time>2025-04-05T08:26:29.000Z</time>
        <extensions>
          <ns3:TrackPointExtension>
            <ns3:hr>94</ns3:hr>
          </ns3:TrackPointExtension>
        </extensions>
      </trkpt>
      <trkpt lat="-25.40741373784840106964111328125" lon="-49.00410077534615993499755859375">
        <ele>1053.800048828125</ele>
        <time>2025-04-05T08:26:31.000Z</time>
        <extensions>
          <ns3:TrackPointExtension>
            <ns3:hr>95</ns3:hr>
          </ns3:TrackPointExtension>
        </extensions>
      </trkpt>
      <trkpt lat="-25.40738624520599842071533203125" lon="-49.0040420182049274444580078125">
        <ele>1054.4000244140625</ele>
        <time>2025-04-05T08:26:34.000Z</time>
        <extensions>
          <ns3:TrackPointExtension>
            <ns3:hr>92</ns3:hr>
          </ns3:TrackPointExtension>
        </extensions>
      </trkpt>
      <trkpt lat="-25.40735808201134204864501953125" lon="-49.00401779450476169586181640625">
        <ele>1054.5999755859375</ele>
        <time>2025-04-05T08:26:35.000Z</time>
        <extensions>
          <ns3:TrackPointExtension>
            <ns3:hr>91</ns3:hr>
          </ns3:TrackPointExtension>
        </extensions>
      </trkpt>
      <trkpt lat="-25.40732773952186107635498046875" lon="-49.00398611091077327728271484375">
        <ele>1054.800048828125</ele>
        <time>2025-04-05T08:26:37.000Z</time>
        <extensions>
          <ns3:TrackPointExtension>
            <ns3:hr>91</ns3:hr>
          </ns3:TrackPointExtension>
        </extensions>
      </trkpt>
      <trkpt lat="-25.4073125682771205902099609375" lon="-49.00398083031177520751953125">
        <ele>1055.199951171875</ele>
        <time>2025-04-05T08:26:39.000Z</time>
        <extensions>
          <ns3:TrackPointExtension>
            <ns3:hr>91</ns3:hr>
          </ns3:TrackPointExtension>
        </extensions>
      </trkpt>
      <trkpt lat="-25.40728264488279819488525390625" lon="-49.00395241566002368927001953125">
        <ele>1055.800048828125</ele>
        <time>2025-04-05T08:26:42.000Z</time>
        <extensions>
          <ns3:TrackPointExtension>
            <ns3:hr>89</ns3:hr>
          </ns3:TrackPointExtension>
        </extensions>
      </trkpt>
      <trkpt lat="-25.40729261934757232666015625" lon="-49.00394738651812076568603515625">
        <ele>1056</ele>
        <time>2025-04-05T08:26:43.000Z</time>
        <extensions>
          <ns3:TrackPointExtension>
            <ns3:hr>88</ns3:hr>
          </ns3:TrackPointExtension>
        </extensions>
      </trkpt>
      <trkpt lat="-25.40730460546910762786865234375" lon="-49.003938250243663787841796875">
        <ele>1056.4000244140625</ele>
        <time>2025-04-05T08:26:44.000Z</time>
        <extensions>
          <ns3:TrackPointExtension>
            <ns3:hr>89</ns3:hr>
          </ns3:TrackPointExtension>
        </extensions>
      </trkpt>
      <trkpt lat="-25.407331846654415130615234375" lon="-49.003929533064365386962890625">
        <ele>1057</ele>
        <time>2025-04-05T08:26:46.000Z</time>
        <extensions>
          <ns3:TrackPointExtension>
            <ns3:hr>92</ns3:hr>
          </ns3:TrackPointExtension>
        </extensions>
      </trkpt>
      <trkpt lat="-25.40733293630182743072509765625" lon="-49.00394084863364696502685546875">
        <ele>1057.4000244140625</ele>
        <time>2025-04-05T08:26:47.000Z</time>
        <extensions>
          <ns3:TrackPointExtension>
            <ns3:hr>91</ns3:hr>
          </ns3:TrackPointExtension>
        </extensions>
      </trkpt>
      <trkpt lat="-25.40734617970883846282958984375" lon="-49.003925509750843048095703125">
        <ele>1058.4000244140625</ele>
        <time>2025-04-05T08:26:50.000Z</time>
        <extensions>
          <ns3:TrackPointExtension>
            <ns3:hr>91</ns3:hr>
          </ns3:TrackPointExtension>
        </extensions>
      </trkpt>
      <trkpt lat="-25.40734701789915561676025390625" lon="-49.0039149485528469085693359375">
        <ele>1058.5999755859375</ele>
        <time>2025-04-05T08:26:51.000Z</time>
        <extensions>
          <ns3:TrackPointExtension>
            <ns3:hr>91</ns3:hr>
          </ns3:TrackPointExtension>
        </extensions>
      </trkpt>
      <trkpt lat="-25.40735657326877117156982421875" lon="-49.003897346556186676025390625">
        <ele>1058.800048828125</ele>
        <time>2025-04-05T08:26:53.000Z</time>
        <extensions>
          <ns3:TrackPointExtension>
            <ns3:hr>88</ns3:hr>
          </ns3:TrackPointExtension>
        </extensions>
      </trkpt>
      <trkpt lat="-25.40736101567745208740234375" lon="-49.00388318113982677459716796875">
        <ele>1058.800048828125</ele>
        <time>2025-04-05T08:26:54.000Z</time>
        <extensions>
          <ns3:TrackPointExtension>
            <ns3:hr>91</ns3:hr>
          </ns3:TrackPointExtension>
        </extensions>
      </trkpt>
      <trkpt lat="-25.40735640563070774078369140625" lon="-49.0038686804473400115966796875">
        <ele>1058.800048828125</ele>
        <time>2025-04-05T08:26:55.000Z</time>
        <extensions>
          <ns3:TrackPointExtension>
            <ns3:hr>91</ns3:hr>
          </ns3:TrackPointExtension>
        </extensions>
      </trkpt>
      <trkpt lat="-25.407334864139556884765625" lon="-49.003815539181232452392578125">
        <ele>1058.5999755859375</ele>
        <time>2025-04-05T08:26:59.000Z</time>
        <extensions>
          <ns3:TrackPointExtension>
            <ns3:hr>92</ns3:hr>
          </ns3:TrackPointExtension>
        </extensions>
      </trkpt>
      <trkpt lat="-25.40734668262302875518798828125" lon="-49.0037851966917514801025390625">
        <ele>1058.199951171875</ele>
        <time>2025-04-05T08:27:04.000Z</time>
        <extensions>
          <ns3:TrackPointExtension>
            <ns3:hr>92</ns3:hr>
          </ns3:TrackPointExtension>
        </extensions>
      </trkpt>
      <trkpt lat="-25.407302342355251312255859375" lon="-49.0036990307271480560302734375">
        <ele>1058.4000244140625</ele>
        <time>2025-04-05T08:27:09.000Z</time>
        <extensions>
          <ns3:TrackPointExtension>
            <ns3:hr>91</ns3:hr>
          </ns3:TrackPointExtension>
        </extensions>
      </trkpt>
      <trkpt lat="-25.407313741743564605712890625" lon="-49.003695510327816009521484375">
        <ele>1058.800048828125</ele>
        <time>2025-04-05T08:27:10.000Z</time>
        <extensions>
          <ns3:TrackPointExtension>
            <ns3:hr>94</ns3:hr>
          </ns3:TrackPointExtension>
        </extensions>
      </trkpt>
      <trkpt lat="-25.407321788370609283447265625" lon="-49.0037003718316555023193359375">
        <ele>1059</ele>
        <time>2025-04-05T08:27:11.000Z</time>
        <extensions>
          <ns3:TrackPointExtension>
            <ns3:hr>91</ns3:hr>
          </ns3:TrackPointExtension>
        </extensions>
      </trkpt>
      <trkpt lat="-25.40734651498496532440185546875" lon="-49.0036971867084503173828125">
        <ele>1059.199951171875</ele>
        <time>2025-04-05T08:27:13.000Z</time>
        <extensions>
          <ns3:TrackPointExtension>
            <ns3:hr>91</ns3:hr>
          </ns3:TrackPointExtension>
        </extensions>
      </trkpt>
      <trkpt lat="-25.407380126416683197021484375" lon="-49.0036757290363311767578125">
        <ele>1059.5999755859375</ele>
        <time>2025-04-05T08:27:16.000Z</time>
        <extensions>
          <ns3:TrackPointExtension>
            <ns3:hr>90</ns3:hr>
          </ns3:TrackPointExtension>
        </extensions>
      </trkpt>
      <trkpt lat="-25.4073869995772838592529296875" lon="-49.00367480702698230743408203125">
        <ele>1059.5999755859375</ele>
        <time>2025-04-05T08:27:18.000Z</time>
        <extensions>
          <ns3:TrackPointExtension>
            <ns3:hr>90</ns3:hr>
          </ns3:TrackPointExtension>
        </extensions>
      </trkpt>
      <trkpt lat="-25.407372415065765380859375" lon="-49.00364412926137447357177734375">
        <ele>1059.5999755859375</ele>
        <time>2025-04-05T08:27:20.000Z</time>
        <extensions>
          <ns3:TrackPointExtension>
            <ns3:hr>88</ns3:hr>
          </ns3:TrackPointExtension>
        </extensions>
      </trkpt>
      <trkpt lat="-25.4073675535619258880615234375" lon="-49.00359903462231159210205078125">
        <ele>1059.5999755859375</ele>
        <time>2025-04-05T08:27:22.000Z</time>
        <extensions>
          <ns3:TrackPointExtension>
            <ns3:hr>90</ns3:hr>
          </ns3:TrackPointExtension>
        </extensions>
      </trkpt>
      <trkpt lat="-25.40737769566476345062255859375" lon="-49.00356919504702091217041015625">
        <ele>1060.199951171875</ele>
        <time>2025-04-05T08:27:25.000Z</time>
        <extensions>
          <ns3:TrackPointExtension>
            <ns3:hr>92</ns3:hr>
          </ns3:TrackPointExtension>
        </extensions>
      </trkpt>
      <trkpt lat="-25.40739948861300945281982421875" lon="-49.00356181897222995758056640625">
        <ele>1060.4000244140625</ele>
        <time>2025-04-05T08:27:26.000Z</time>
        <extensions>
          <ns3:TrackPointExtension>
            <ns3:hr>88</ns3:hr>
          </ns3:TrackPointExtension>
        </extensions>
      </trkpt>
      <trkpt lat="-25.4074040986597537994384765625" lon="-49.00354622863233089447021484375">
        <ele>1060.800048828125</ele>
        <time>2025-04-05T08:27:27.000Z</time>
        <extensions>
          <ns3:TrackPointExtension>
            <ns3:hr>89</ns3:hr>
          </ns3:TrackPointExtension>
        </extensions>
      </trkpt>
      <trkpt lat="-25.4073963873088359832763671875" lon="-49.00353080593049526214599609375">
        <ele>1061</ele>
        <time>2025-04-05T08:27:28.000Z</time>
        <extensions>
          <ns3:TrackPointExtension>
            <ns3:hr>88</ns3:hr>
          </ns3:TrackPointExtension>
        </extensions>
      </trkpt>
      <trkpt lat="-25.40740300901234149932861328125" lon="-49.00352795608341693878173828125">
        <ele>1061.5999755859375</ele>
        <time>2025-04-05T08:27:30.000Z</time>
        <extensions>
          <ns3:TrackPointExtension>
            <ns3:hr>86</ns3:hr>
          </ns3:TrackPointExtension>
        </extensions>
      </trkpt>
      <trkpt lat="-25.40742396377027034759521484375" lon="-49.00350473821163177490234375">
        <ele>1062.199951171875</ele>
        <time>2025-04-05T08:27:32.000Z</time>
        <extensions>
          <ns3:TrackPointExtension>
            <ns3:hr>86</ns3:hr>
          </ns3:TrackPointExtension>
        </extensions>
      </trkpt>
      <trkpt lat="-25.4074255563318729400634765625" lon="-49.00348059833049774169921875">
        <ele>1063</ele>
        <time>2025-04-05T08:27:34.000Z</time>
        <extensions>
          <ns3:TrackPointExtension>
            <ns3:hr>86</ns3:hr>
          </ns3:TrackPointExtension>
        </extensions>
      </trkpt>
      <trkpt lat="-25.40741465985774993896484375" lon="-49.00342469103634357452392578125">
        <ele>1063.4000244140625</ele>
        <time>2025-04-05T08:27:36.000Z</time>
        <extensions>
          <ns3:TrackPointExtension>
            <ns3:hr>89</ns3:hr>
          </ns3:TrackPointExtension>
        </extensions>
      </trkpt>
      <trkpt lat="-25.40738691575825214385986328125" lon="-49.00335327722132205963134765625">
        <ele>1063.5999755859375</ele>
        <time>2025-04-05T08:27:39.000Z</time>
        <extensions>
          <ns3:TrackPointExtension>
            <ns3:hr>89</ns3:hr>
          </ns3:TrackPointExtension>
        </extensions>
      </trkpt>
      <trkpt lat="-25.40737350471317768096923828125" lon="-49.00332226417958736419677734375">
        <ele>1063.5999755859375</ele>
        <time>2025-04-05T08:27:40.000Z</time>
        <extensions>
          <ns3:TrackPointExtension>
            <ns3:hr>89</ns3:hr>
          </ns3:TrackPointExtension>
        </extensions>
      </trkpt>
      <trkpt lat="-25.40739043615758419036865234375" lon="-49.00329695083200931549072265625">
        <ele>1062.800048828125</ele>
        <time>2025-04-05T08:27:43.000Z</time>
        <extensions>
          <ns3:TrackPointExtension>
            <ns3:hr>88</ns3:hr>
          </ns3:TrackPointExtension>
        </extensions>
      </trkpt>
      <trkpt lat="-25.40738909505307674407958984375" lon="-49.00329560972750186920166015625">
        <ele>1062.800048828125</ele>
        <time>2025-04-05T08:27:44.000Z</time>
        <extensions>
          <ns3:TrackPointExtension>
            <ns3:hr>84</ns3:hr>
          </ns3:TrackPointExtension>
        </extensions>
      </trkpt>
      <trkpt lat="-25.40738406591117382049560546875" lon="-49.003285802900791168212890625">
        <ele>1062.5999755859375</ele>
        <time>2025-04-05T08:27:45.000Z</time>
        <extensions>
          <ns3:TrackPointExtension>
            <ns3:hr>85</ns3:hr>
          </ns3:TrackPointExtension>
        </extensions>
      </trkpt>
      <trkpt lat="-25.40738381445407867431640625" lon="-49.0032658539712429046630859375">
        <ele>1062.5999755859375</ele>
        <time>2025-04-05T08:27:47.000Z</time>
        <extensions>
          <ns3:TrackPointExtension>
            <ns3:hr>86</ns3:hr>
          </ns3:TrackPointExtension>
        </extensions>
      </trkpt>
      <trkpt lat="-25.40741004981100559234619140625" lon="-49.00325529277324676513671875">
        <ele>1062.5999755859375</ele>
        <time>2025-04-05T08:27:49.000Z</time>
        <extensions>
          <ns3:TrackPointExtension>
            <ns3:hr>86</ns3:hr>
          </ns3:TrackPointExtension>
        </extensions>
      </trkpt>
      <trkpt lat="-25.4074339382350444793701171875" lon="-49.0032464079558849334716796875">
        <ele>1062.5999755859375</ele>
        <time>2025-04-05T08:27:50.000Z</time>
        <extensions>
          <ns3:TrackPointExtension>
            <ns3:hr>86</ns3:hr>
          </ns3:TrackPointExtension>
        </extensions>
      </trkpt>
      <trkpt lat="-25.40743703953921794891357421875" lon="-49.0032340027391910552978515625">
        <ele>1062.5999755859375</ele>
        <time>2025-04-05T08:27:52.000Z</time>
        <extensions>
          <ns3:TrackPointExtension>
            <ns3:hr>88</ns3:hr>
          </ns3:TrackPointExtension>
        </extensions>
      </trkpt>
      <trkpt lat="-25.40743318386375904083251953125" lon="-49.00322335772216320037841796875">
        <ele>1062.5999755859375</ele>
        <time>2025-04-05T08:27:53.000Z</time>
        <extensions>
          <ns3:TrackPointExtension>
            <ns3:hr>84</ns3:hr>
          </ns3:TrackPointExtension>
        </extensions>
      </trkpt>
      <trkpt lat="-25.407444499433040618896484375" lon="-49.003186561167240142822265625">
        <ele>1062.199951171875</ele>
        <time>2025-04-05T08:27:58.000Z</time>
        <extensions>
          <ns3:TrackPointExtension>
            <ns3:hr>87</ns3:hr>
          </ns3:TrackPointExtension>
        </extensions>
      </trkpt>
      <trkpt lat="-25.4074503667652606964111328125" lon="-49.00317750871181488037109375">
        <ele>1062.199951171875</ele>
        <time>2025-04-05T08:28:00.000Z</time>
        <extensions>
          <ns3:TrackPointExtension>
            <ns3:hr>83</ns3:hr>
          </ns3:TrackPointExtension>
        </extensions>
      </trkpt>
      <trkpt lat="-25.40745313279330730438232421875" lon="-49.00317692197859287261962890625">
        <ele>1062</ele>
        <time>2025-04-05T08:28:01.000Z</time>
        <extensions>
          <ns3:TrackPointExtension>
            <ns3:hr>86</ns3:hr>
          </ns3:TrackPointExtension>
        </extensions>
      </trkpt>
      <trkpt lat="-25.4074382968246936798095703125" lon="-49.00315470993518829345703125">
        <ele>1062</ele>
        <time>2025-04-05T08:28:02.000Z</time>
        <extensions>
          <ns3:TrackPointExtension>
            <ns3:hr>85</ns3:hr>
          </ns3:TrackPointExtension>
        </extensions>
      </trkpt>
      <trkpt lat="-25.4074419848620891571044921875" lon="-49.00314926169812679290771484375">
        <ele>1061.5999755859375</ele>
        <time>2025-04-05T08:28:05.000Z</time>
        <extensions>
          <ns3:TrackPointExtension>
            <ns3:hr>86</ns3:hr>
          </ns3:TrackPointExtension>
        </extensions>
      </trkpt>
      <trkpt lat="-25.407444499433040618896484375" lon="-49.00313970632851123809814453125">
        <ele>1061.4000244140625</ele>
        <time>2025-04-05T08:28:08.000Z</time>
        <extensions>
          <ns3:TrackPointExtension>
            <ns3:hr>85</ns3:hr>
          </ns3:TrackPointExtension>
        </extensions>
      </trkpt>
      <trkpt lat="-25.40744693018496036529541015625" lon="-49.0031344257295131683349609375">
        <ele>1061.4000244140625</ele>
        <time>2025-04-05T08:28:09.000Z</time>
        <extensions>
          <ns3:TrackPointExtension>
            <ns3:hr>86</ns3:hr>
          </ns3:TrackPointExtension>
        </extensions>
      </trkpt>
      <trkpt lat="-25.4074376262724399566650390625" lon="-49.00310433469712734222412109375">
        <ele>1061</ele>
        <time>2025-04-05T08:28:12.000Z</time>
        <extensions>
          <ns3:TrackPointExtension>
            <ns3:hr>90</ns3:hr>
          </ns3:TrackPointExtension>
        </extensions>
      </trkpt>
      <trkpt lat="-25.40743955411016941070556640625" lon="-49.00308857671916484832763671875">
        <ele>1060.5999755859375</ele>
        <time>2025-04-05T08:28:14.000Z</time>
        <extensions>
          <ns3:TrackPointExtension>
            <ns3:hr>92</ns3:hr>
          </ns3:TrackPointExtension>
        </extensions>
      </trkpt>
      <trkpt lat="-25.40744290687143802642822265625" lon="-49.0030851401388645172119140625">
        <ele>1060.5999755859375</ele>
        <time>2025-04-05T08:28:15.000Z</time>
        <extensions>
          <ns3:TrackPointExtension>
            <ns3:hr>90</ns3:hr>
          </ns3:TrackPointExtension>
        </extensions>
      </trkpt>
      <trkpt lat="-25.407453887164592742919921875" lon="-49.0030858106911182403564453125">
        <ele>1060.4000244140625</ele>
        <time>2025-04-05T08:28:17.000Z</time>
        <extensions>
          <ns3:TrackPointExtension>
            <ns3:hr>91</ns3:hr>
          </ns3:TrackPointExtension>
        </extensions>
      </trkpt>
      <trkpt lat="-25.40747827850282192230224609375" lon="-49.00309880264103412628173828125">
        <ele>1060.199951171875</ele>
        <time>2025-04-05T08:28:19.000Z</time>
        <extensions>
          <ns3:TrackPointExtension>
            <ns3:hr>90</ns3:hr>
          </ns3:TrackPointExtension>
        </extensions>
      </trkpt>
      <trkpt lat="-25.40750677697360515594482421875" lon="-49.00312294252216815948486328125">
        <ele>1059.199951171875</ele>
        <time>2025-04-05T08:28:23.000Z</time>
        <extensions>
          <ns3:TrackPointExtension>
            <ns3:hr>90</ns3:hr>
          </ns3:TrackPointExtension>
        </extensions>
      </trkpt>
      <trkpt lat="-25.40748481638729572296142578125" lon="-49.003100730478763580322265625">
        <ele>1058.5999755859375</ele>
        <time>2025-04-05T08:28:25.000Z</time>
        <extensions>
          <ns3:TrackPointExtension>
            <ns3:hr>89</ns3:hr>
          </ns3:TrackPointExtension>
        </extensions>
      </trkpt>
      <trkpt lat="-25.40746671147644519805908203125" lon="-49.00307700969278812408447265625">
        <ele>1057.4000244140625</ele>
        <time>2025-04-05T08:28:28.000Z</time>
        <extensions>
          <ns3:TrackPointExtension>
            <ns3:hr>91</ns3:hr>
          </ns3:TrackPointExtension>
        </extensions>
      </trkpt>
      <trkpt lat="-25.40750124491751194000244140625" lon="-49.0030775964260101318359375">
        <ele>1057</ele>
        <time>2025-04-05T08:28:30.000Z</time>
        <extensions>
          <ns3:TrackPointExtension>
            <ns3:hr>91</ns3:hr>
          </ns3:TrackPointExtension>
        </extensions>
      </trkpt>
      <trkpt lat="-25.40754499845206737518310546875" lon="-49.00305521674454212188720703125">
        <ele>1056.5999755859375</ele>
        <time>2025-04-05T08:28:32.000Z</time>
        <extensions>
          <ns3:TrackPointExtension>
            <ns3:hr>91</ns3:hr>
          </ns3:TrackPointExtension>
        </extensions>
      </trkpt>
      <trkpt lat="-25.40754483081400394439697265625" lon="-49.00303090922534465789794921875">
        <ele>1056.4000244140625</ele>
        <time>2025-04-05T08:28:33.000Z</time>
        <extensions>
          <ns3:TrackPointExtension>
            <ns3:hr>92</ns3:hr>
          </ns3:TrackPointExtension>
        </extensions>
      </trkpt>
      <trkpt lat="-25.40754399262368679046630859375" lon="-49.0029810369014739990234375">
        <ele>1056.199951171875</ele>
        <time>2025-04-05T08:28:36.000Z</time>
        <extensions>
          <ns3:TrackPointExtension>
            <ns3:hr>90</ns3:hr>
          </ns3:TrackPointExtension>
        </extensions>
      </trkpt>
      <trkpt lat="-25.40754985995590686798095703125" lon="-49.0029728226363658905029296875">
        <ele>1056.199951171875</ele>
        <time>2025-04-05T08:28:38.000Z</time>
        <extensions>
          <ns3:TrackPointExtension>
            <ns3:hr>91</ns3:hr>
          </ns3:TrackPointExtension>
        </extensions>
      </trkpt>
      <trkpt lat="-25.4075422324240207672119140625" lon="-49.00295010767877101898193359375">
        <ele>1056.199951171875</ele>
        <time>2025-04-05T08:28:40.000Z</time>
        <extensions>
          <ns3:TrackPointExtension>
            <ns3:hr>90</ns3:hr>
          </ns3:TrackPointExtension>
        </extensions>
      </trkpt>
      <trkpt lat="-25.4075345210731029510498046875" lon="-49.0029443241655826568603515625">
        <ele>1056.199951171875</ele>
        <time>2025-04-05T08:28:41.000Z</time>
        <extensions>
          <ns3:TrackPointExtension>
            <ns3:hr>89</ns3:hr>
          </ns3:TrackPointExtension>
        </extensions>
      </trkpt>
      <trkpt lat="-25.4075408913195133209228515625" lon="-49.00291507132351398468017578125">
        <ele>1056.5999755859375</ele>
        <time>2025-04-05T08:28:45.000Z</time>
        <extensions>
          <ns3:TrackPointExtension>
            <ns3:hr>92</ns3:hr>
          </ns3:TrackPointExtension>
        </extensions>
      </trkpt>
      <trkpt lat="-25.40753024630248546600341796875" lon="-49.0028965473175048828125">
        <ele>1056.5999755859375</ele>
        <time>2025-04-05T08:28:46.000Z</time>
        <extensions>
          <ns3:TrackPointExtension>
            <ns3:hr>91</ns3:hr>
          </ns3:TrackPointExtension>
        </extensions>
      </trkpt>
      <trkpt lat="-25.40752186439931392669677734375" lon="-49.002881459891796112060546875">
        <ele>1056.4000244140625</ele>
        <time>2025-04-05T08:28:48.000Z</time>
        <extensions>
          <ns3:TrackPointExtension>
            <ns3:hr>90</ns3:hr>
          </ns3:TrackPointExtension>
        </extensions>
      </trkpt>
      <trkpt lat="-25.40755572728812694549560546875" lon="-49.00287752039730548858642578125">
        <ele>1055.800048828125</ele>
        <time>2025-04-05T08:28:50.000Z</time>
        <extensions>
          <ns3:TrackPointExtension>
            <ns3:hr>90</ns3:hr>
          </ns3:TrackPointExtension>
        </extensions>
      </trkpt>
      <trkpt lat="-25.40757148526608943939208984375" lon="-49.002877771854400634765625">
        <ele>1055.5999755859375</ele>
        <time>2025-04-05T08:28:51.000Z</time>
        <extensions>
          <ns3:TrackPointExtension>
            <ns3:hr>90</ns3:hr>
          </ns3:TrackPointExtension>
        </extensions>
      </trkpt>
      <trkpt lat="-25.40760182775557041168212890625" lon="-49.00283779017627239227294921875">
        <ele>1054.4000244140625</ele>
        <time>2025-04-05T08:28:55.000Z</time>
        <extensions>
          <ns3:TrackPointExtension>
            <ns3:hr>90</ns3:hr>
          </ns3:TrackPointExtension>
        </extensions>
      </trkpt>
      <trkpt lat="-25.40759294293820858001708984375" lon="-49.00281834416091442108154296875">
        <ele>1054.199951171875</ele>
        <time>2025-04-05T08:28:56.000Z</time>
        <extensions>
          <ns3:TrackPointExtension>
            <ns3:hr>90</ns3:hr>
          </ns3:TrackPointExtension>
        </extensions>
      </trkpt>
      <trkpt lat="-25.40754650719463825225830078125" lon="-49.00276578962802886962890625">
        <ele>1052.800048828125</ele>
        <time>2025-04-05T08:28:59.000Z</time>
        <extensions>
          <ns3:TrackPointExtension>
            <ns3:hr>90</ns3:hr>
          </ns3:TrackPointExtension>
        </extensions>
      </trkpt>
      <trkpt lat="-25.40753175504505634307861328125" lon="-49.00275078602135181427001953125">
        <ele>1052.4000244140625</ele>
        <time>2025-04-05T08:29:00.000Z</time>
        <extensions>
          <ns3:TrackPointExtension>
            <ns3:hr>93</ns3:hr>
          </ns3:TrackPointExtension>
        </extensions>
      </trkpt>
      <trkpt lat="-25.4075418971478939056396484375" lon="-49.00272564031183719635009765625">
        <ele>1051.5999755859375</ele>
        <time>2025-04-05T08:29:02.000Z</time>
        <extensions>
          <ns3:TrackPointExtension>
            <ns3:hr>96</ns3:hr>
          </ns3:TrackPointExtension>
        </extensions>
      </trkpt>
      <trkpt lat="-25.40754667483270168304443359375" lon="-49.00272480212152004241943359375">
        <ele>1051.4000244140625</ele>
        <time>2025-04-05T08:29:03.000Z</time>
        <extensions>
          <ns3:TrackPointExtension>
            <ns3:hr>93</ns3:hr>
          </ns3:TrackPointExtension>
        </extensions>
      </trkpt>
      <trkpt lat="-25.4075462557375431060791015625" lon="-49.00266663171350955963134765625">
        <ele>1051</ele>
        <time>2025-04-05T08:29:08.000Z</time>
        <extensions>
          <ns3:TrackPointExtension>
            <ns3:hr>96</ns3:hr>
          </ns3:TrackPointExtension>
        </extensions>
      </trkpt>
      <trkpt lat="-25.407581292092800140380859375" lon="-49.00261902250349521636962890625">
        <ele>1050.5999755859375</ele>
        <time>2025-04-05T08:29:14.000Z</time>
        <extensions>
          <ns3:TrackPointExtension>
            <ns3:hr>95</ns3:hr>
          </ns3:TrackPointExtension>
        </extensions>
      </trkpt>
      <trkpt lat="-25.407595373690128326416015625" lon="-49.0026077069342136383056640625">
        <ele>1049.800048828125</ele>
        <time>2025-04-05T08:29:18.000Z</time>
        <extensions>
          <ns3:TrackPointExtension>
            <ns3:hr>96</ns3:hr>
          </ns3:TrackPointExtension>
        </extensions>
      </trkpt>
      <trkpt lat="-25.40761314332485198974609375" lon="-49.00259857065975666046142578125">
        <ele>1049.4000244140625</ele>
        <time>2025-04-05T08:29:20.000Z</time>
        <extensions>
          <ns3:TrackPointExtension>
            <ns3:hr>96</ns3:hr>
          </ns3:TrackPointExtension>
        </extensions>
      </trkpt>
      <trkpt lat="-25.40763317607343196868896484375" lon="-49.0025852434337139129638671875">
        <ele>1048.800048828125</ele>
        <time>2025-04-05T08:29:24.000Z</time>
        <extensions>
          <ns3:TrackPointExtension>
            <ns3:hr>93</ns3:hr>
          </ns3:TrackPointExtension>
        </extensions>
      </trkpt>
      <trkpt lat="-25.4076538793742656707763671875" lon="-49.002573005855083465576171875">
        <ele>1047.800048828125</ele>
        <time>2025-04-05T08:29:27.000Z</time>
        <extensions>
          <ns3:TrackPointExtension>
            <ns3:hr>92</ns3:hr>
          </ns3:TrackPointExtension>
        </extensions>
      </trkpt>
      <trkpt lat="-25.4076434858143329620361328125" lon="-49.0025698207318782806396484375">
        <ele>1046.800048828125</ele>
        <time>2025-04-05T08:29:32.000Z</time>
        <extensions>
          <ns3:TrackPointExtension>
            <ns3:hr>92</ns3:hr>
          </ns3:TrackPointExtension>
        </extensions>
      </trkpt>
      <trkpt lat="-25.4075834713876247406005859375" lon="-49.00248457677662372589111328125">
        <ele>1046.5999755859375</ele>
        <time>2025-04-05T08:29:35.000Z</time>
        <extensions>
          <ns3:TrackPointExtension>
            <ns3:hr>91</ns3:hr>
          </ns3:TrackPointExtension>
        </extensions>
      </trkpt>
      <trkpt lat="-25.407567881047725677490234375" lon="-49.00245155207812786102294921875">
        <ele>1051.5999755859375</ele>
        <time>2025-04-05T08:29:40.000Z</time>
        <extensions>
          <ns3:TrackPointExtension>
            <ns3:hr>90</ns3:hr>
          </ns3:TrackPointExtension>
        </extensions>
      </trkpt>
      <trkpt lat="-25.40752102620899677276611328125" lon="-49.0024367161095142364501953125">
        <ele>1054.4000244140625</ele>
        <time>2025-04-05T08:29:44.000Z</time>
        <extensions>
          <ns3:TrackPointExtension>
            <ns3:hr>93</ns3:hr>
          </ns3:TrackPointExtension>
        </extensions>
      </trkpt>
      <trkpt lat="-25.407517254352569580078125" lon="-49.00243679992854595184326171875">
        <ele>1054.5999755859375</ele>
        <time>2025-04-05T08:29:45.000Z</time>
        <extensions>
          <ns3:TrackPointExtension>
            <ns3:hr>90</ns3:hr>
          </ns3:TrackPointExtension>
        </extensions>
      </trkpt>
      <trkpt lat="-25.40750317275524139404296875" lon="-49.0024189464747905731201171875">
        <ele>1054.5999755859375</ele>
        <time>2025-04-05T08:29:50.000Z</time>
        <extensions>
          <ns3:TrackPointExtension>
            <ns3:hr>87</ns3:hr>
          </ns3:TrackPointExtension>
        </extensions>
      </trkpt>
      <trkpt lat="-25.40749604813754558563232421875" lon="-49.002412743866443634033203125">
        <ele>1054.5999755859375</ele>
        <time>2025-04-05T08:29:51.000Z</time>
        <extensions>
          <ns3:TrackPointExtension>
            <ns3:hr>88</ns3:hr>
          </ns3:TrackPointExtension>
        </extensions>
      </trkpt>
      <trkpt lat="-25.4074731655418872833251953125" lon="-49.00240260176360607147216796875">
        <ele>1054</ele>
        <time>2025-04-05T08:29:58.000Z</time>
        <extensions>
          <ns3:TrackPointExtension>
            <ns3:hr>89</ns3:hr>
          </ns3:TrackPointExtension>
        </extensions>
      </trkpt>
      <trkpt lat="-25.40747324936091899871826171875" lon="-49.0024035237729549407958984375">
        <ele>1054</ele>
        <time>2025-04-05T08:30:00.000Z</time>
        <extensions>
          <ns3:TrackPointExtension>
            <ns3:hr>86</ns3:hr>
          </ns3:TrackPointExtension>
        </extensions>
      </trkpt>
      <trkpt lat="-25.407468974590301513671875" lon="-49.0023921243846416473388671875">
        <ele>1054</ele>
        <time>2025-04-05T08:30:01.000Z</time>
        <extensions>
          <ns3:TrackPointExtension>
            <ns3:hr>90</ns3:hr>
          </ns3:TrackPointExtension>
        </extensions>
      </trkpt>
      <trkpt lat="-25.4074594192206859588623046875" lon="-49.00235733948647975921630859375">
        <ele>1054</ele>
        <time>2025-04-05T08:30:03.000Z</time>
        <extensions>
          <ns3:TrackPointExtension>
            <ns3:hr>87</ns3:hr>
          </ns3:TrackPointExtension>
        </extensions>
      </trkpt>
      <trkpt lat="-25.40746084414422512054443359375" lon="-49.0023311041295528411865234375">
        <ele>1054.5999755859375</ele>
        <time>2025-04-05T08:30:07.000Z</time>
        <extensions>
          <ns3:TrackPointExtension>
            <ns3:hr>86</ns3:hr>
          </ns3:TrackPointExtension>
        </extensions>
      </trkpt>
      <trkpt lat="-25.407462604343891143798828125" lon="-49.00231190957129001617431640625">
        <ele>1055.800048828125</ele>
        <time>2025-04-05T08:30:11.000Z</time>
        <extensions>
          <ns3:TrackPointExtension>
            <ns3:hr>88</ns3:hr>
          </ns3:TrackPointExtension>
        </extensions>
      </trkpt>
      <trkpt lat="-25.407480709254741668701171875" lon="-49.00230654515326023101806640625">
        <ele>1056</ele>
        <time>2025-04-05T08:30:13.000Z</time>
        <extensions>
          <ns3:TrackPointExtension>
            <ns3:hr>84</ns3:hr>
          </ns3:TrackPointExtension>
        </extensions>
      </trkpt>
      <trkpt lat="-25.40749336592853069305419921875" lon="-49.0022831596434116363525390625">
        <ele>1056.199951171875</ele>
        <time>2025-04-05T08:30:15.000Z</time>
        <extensions>
          <ns3:TrackPointExtension>
            <ns3:hr>81</ns3:hr>
          </ns3:TrackPointExtension>
        </extensions>
      </trkpt>
      <trkpt lat="-25.40748481638729572296142578125" lon="-49.0022586844861507415771484375">
        <ele>1056.199951171875</ele>
        <time>2025-04-05T08:30:17.000Z</time>
        <extensions>
          <ns3:TrackPointExtension>
            <ns3:hr>78</ns3:hr>
          </ns3:TrackPointExtension>
        </extensions>
      </trkpt>
      <trkpt lat="-25.40748439729213714599609375" lon="-49.0022546611726284027099609375">
        <ele>1056.199951171875</ele>
        <time>2025-04-05T08:30:18.000Z</time>
        <extensions>
          <ns3:TrackPointExtension>
            <ns3:hr>81</ns3:hr>
          </ns3:TrackPointExtension>
        </extensions>
      </trkpt>
      <trkpt lat="-25.4074783623218536376953125" lon="-49.00221593677997589111328125">
        <ele>1056.4000244140625</ele>
        <time>2025-04-05T08:30:20.000Z</time>
        <extensions>
          <ns3:TrackPointExtension>
            <ns3:hr>79</ns3:hr>
          </ns3:TrackPointExtension>
        </extensions>
      </trkpt>
      <trkpt lat="-25.40747827850282192230224609375" lon="-49.0021899528801441192626953125">
        <ele>1056.5999755859375</ele>
        <time>2025-04-05T08:30:21.000Z</time>
        <extensions>
          <ns3:TrackPointExtension>
            <ns3:hr>79</ns3:hr>
          </ns3:TrackPointExtension>
        </extensions>
      </trkpt>
      <trkpt lat="-25.40749051608145236968994140625" lon="-49.002176038920879364013671875">
        <ele>1056.800048828125</ele>
        <time>2025-04-05T08:30:22.000Z</time>
        <extensions>
          <ns3:TrackPointExtension>
            <ns3:hr>79</ns3:hr>
          </ns3:TrackPointExtension>
        </extensions>
      </trkpt>
      <trkpt lat="-25.40750174783170223236083984375" lon="-49.00209532119333744049072265625">
        <ele>1058.5999755859375</ele>
        <time>2025-04-05T08:30:26.000Z</time>
        <extensions>
          <ns3:TrackPointExtension>
            <ns3:hr>76</ns3:hr>
          </ns3:TrackPointExtension>
        </extensions>
      </trkpt>
      <trkpt lat="-25.4074543900787830352783203125" lon="-49.0020159445703029632568359375">
        <ele>1063.199951171875</ele>
        <time>2025-04-05T08:30:31.000Z</time>
        <extensions>
          <ns3:TrackPointExtension>
            <ns3:hr>77</ns3:hr>
          </ns3:TrackPointExtension>
        </extensions>
      </trkpt>
      <trkpt lat="-25.407469980418682098388671875" lon="-49.00194461457431316375732421875">
        <ele>1064.199951171875</ele>
        <time>2025-04-05T08:30:36.000Z</time>
        <extensions>
          <ns3:TrackPointExtension>
            <ns3:hr>76</ns3:hr>
          </ns3:TrackPointExtension>
        </extensions>
      </trkpt>
      <trkpt lat="-25.4075140692293643951416015625" lon="-49.00184436701238155364990234375">
        <ele>1065</ele>
        <time>2025-04-05T08:30:43.000Z</time>
        <extensions>
          <ns3:TrackPointExtension>
            <ns3:hr>80</ns3:hr>
          </ns3:TrackPointExtension>
        </extensions>
      </trkpt>
      <trkpt lat="-25.4075137339532375335693359375" lon="-49.00182961486279964447021484375">
        <ele>1065.199951171875</ele>
        <time>2025-04-05T08:30:44.000Z</time>
        <extensions>
          <ns3:TrackPointExtension>
            <ns3:hr>80</ns3:hr>
          </ns3:TrackPointExtension>
        </extensions>
      </trkpt>
      <trkpt lat="-25.40753443725407123565673828125" lon="-49.00177965871989727020263671875">
        <ele>1065.800048828125</ele>
        <time>2025-04-05T08:30:50.000Z</time>
        <extensions>
          <ns3:TrackPointExtension>
            <ns3:hr>76</ns3:hr>
          </ns3:TrackPointExtension>
        </extensions>
      </trkpt>
      <trkpt lat="-25.40753292851150035858154296875" lon="-49.001737497746944427490234375">
        <ele>1066.199951171875</ele>
        <time>2025-04-05T08:30:53.000Z</time>
        <extensions>
          <ns3:TrackPointExtension>
            <ns3:hr>78</ns3:hr>
          </ns3:TrackPointExtension>
        </extensions>
      </trkpt>
      <trkpt lat="-25.4075281508266925811767578125" lon="-49.0016582049429416656494140625">
        <ele>1065.800048828125</ele>
        <time>2025-04-05T08:30:57.000Z</time>
        <extensions>
          <ns3:TrackPointExtension>
            <ns3:hr>81</ns3:hr>
          </ns3:TrackPointExtension>
        </extensions>
      </trkpt>
      <trkpt lat="-25.4075536318123340606689453125" lon="-49.00160162709653377532958984375">
        <ele>1065</ele>
        <time>2025-04-05T08:31:04.000Z</time>
        <extensions>
          <ns3:TrackPointExtension>
            <ns3:hr>79</ns3:hr>
          </ns3:TrackPointExtension>
        </extensions>
      </trkpt>
      <trkpt lat="-25.407565869390964508056640625" lon="-49.001597352325916290283203125">
        <ele>1065</ele>
        <time>2025-04-05T08:31:05.000Z</time>
        <extensions>
          <ns3:TrackPointExtension>
            <ns3:hr>79</ns3:hr>
          </ns3:TrackPointExtension>
        </extensions>
      </trkpt>
      <trkpt lat="-25.4075871594250202178955078125" lon="-49.00157514028251171112060546875">
        <ele>1064.800048828125</ele>
        <time>2025-04-05T08:31:08.000Z</time>
        <extensions>
          <ns3:TrackPointExtension>
            <ns3:hr>78</ns3:hr>
          </ns3:TrackPointExtension>
        </extensions>
      </trkpt>
      <trkpt lat="-25.4076059348881244659423828125" lon="-49.00155016221106052398681640625">
        <ele>1064.5999755859375</ele>
        <time>2025-04-05T08:31:10.000Z</time>
        <extensions>
          <ns3:TrackPointExtension>
            <ns3:hr>77</ns3:hr>
          </ns3:TrackPointExtension>
        </extensions>
      </trkpt>
      <trkpt lat="-25.40763719938695430755615234375" lon="-49.0014781616628170013427734375">
        <ele>1064.5999755859375</ele>
        <time>2025-04-05T08:31:16.000Z</time>
        <extensions>
          <ns3:TrackPointExtension>
            <ns3:hr>79</ns3:hr>
          </ns3:TrackPointExtension>
        </extensions>
      </trkpt>
      <trkpt lat="-25.4076418094336986541748046875" lon="-49.001420326530933380126953125">
        <ele>1065</ele>
        <time>2025-04-05T08:31:20.000Z</time>
        <extensions>
          <ns3:TrackPointExtension>
            <ns3:hr>78</ns3:hr>
          </ns3:TrackPointExtension>
        </extensions>
      </trkpt>
      <trkpt lat="-25.40764541365206241607666015625" lon="-49.001394174993038177490234375">
        <ele>1065.4000244140625</ele>
        <time>2025-04-05T08:31:23.000Z</time>
        <extensions>
          <ns3:TrackPointExtension>
            <ns3:hr>79</ns3:hr>
          </ns3:TrackPointExtension>
        </extensions>
      </trkpt>
      <trkpt lat="-25.40767391212284564971923828125" lon="-49.0013671852648258209228515625">
        <ele>1065.800048828125</ele>
        <time>2025-04-05T08:31:28.000Z</time>
        <extensions>
          <ns3:TrackPointExtension>
            <ns3:hr>77</ns3:hr>
          </ns3:TrackPointExtension>
        </extensions>
      </trkpt>
      <trkpt lat="-25.40767885744571685791015625" lon="-49.0013128705322742462158203125">
        <ele>1066</ele>
        <time>2025-04-05T08:31:31.000Z</time>
        <extensions>
          <ns3:TrackPointExtension>
            <ns3:hr>76</ns3:hr>
          </ns3:TrackPointExtension>
        </extensions>
      </trkpt>
      <trkpt lat="-25.4076795279979705810546875" lon="-49.00129250250756740570068359375">
        <ele>1066</ele>
        <time>2025-04-05T08:31:33.000Z</time>
        <extensions>
          <ns3:TrackPointExtension>
            <ns3:hr>75</ns3:hr>
          </ns3:TrackPointExtension>
        </extensions>
      </trkpt>
      <trkpt lat="-25.40767575614154338836669921875" lon="-49.00125377811491489410400390625">
        <ele>1065.5999755859375</ele>
        <time>2025-04-05T08:31:36.000Z</time>
        <extensions>
          <ns3:TrackPointExtension>
            <ns3:hr>77</ns3:hr>
          </ns3:TrackPointExtension>
        </extensions>
      </trkpt>
      <trkpt lat="-25.40767491795122623443603515625" lon="-49.0012169815599918365478515625">
        <ele>1065.4000244140625</ele>
        <time>2025-04-05T08:31:38.000Z</time>
        <extensions>
          <ns3:TrackPointExtension>
            <ns3:hr>78</ns3:hr>
          </ns3:TrackPointExtension>
        </extensions>
      </trkpt>
      <trkpt lat="-25.40767877362668514251708984375" lon="-49.00120206177234649658203125">
        <ele>1065</ele>
        <time>2025-04-05T08:31:39.000Z</time>
        <extensions>
          <ns3:TrackPointExtension>
            <ns3:hr>75</ns3:hr>
          </ns3:TrackPointExtension>
        </extensions>
      </trkpt>
      <trkpt lat="-25.40769101120531558990478515625" lon="-49.0011619962751865386962890625">
        <ele>1064</ele>
        <time>2025-04-05T08:31:42.000Z</time>
        <extensions>
          <ns3:TrackPointExtension>
            <ns3:hr>78</ns3:hr>
          </ns3:TrackPointExtension>
        </extensions>
      </trkpt>
      <trkpt lat="-25.407701991498470306396484375" lon="-49.00115302763879299163818359375">
        <ele>1063.199951171875</ele>
        <time>2025-04-05T08:31:45.000Z</time>
        <extensions>
          <ns3:TrackPointExtension>
            <ns3:hr>77</ns3:hr>
          </ns3:TrackPointExtension>
        </extensions>
      </trkpt>
      <trkpt lat="-25.4076924361288547515869140625" lon="-49.00107792578637599945068359375">
        <ele>1062.4000244140625</ele>
        <time>2025-04-05T08:31:52.000Z</time>
        <extensions>
          <ns3:TrackPointExtension>
            <ns3:hr>75</ns3:hr>
          </ns3:TrackPointExtension>
        </extensions>
      </trkpt>
      <trkpt lat="-25.40768916718661785125732421875" lon="-49.00105596520006656646728515625">
        <ele>1062.800048828125</ele>
        <time>2025-04-05T08:31:54.000Z</time>
        <extensions>
          <ns3:TrackPointExtension>
            <ns3:hr>78</ns3:hr>
          </ns3:TrackPointExtension>
        </extensions>
      </trkpt>
      <trkpt lat="-25.40768145583570003509521484375" lon="-49.0010382793843746185302734375">
        <ele>1063</ele>
        <time>2025-04-05T08:31:55.000Z</time>
        <extensions>
          <ns3:TrackPointExtension>
            <ns3:hr>75</ns3:hr>
          </ns3:TrackPointExtension>
        </extensions>
      </trkpt>
      <trkpt lat="-25.40766368620097637176513671875" lon="-49.00101573206484317779541015625">
        <ele>1063.5999755859375</ele>
        <time>2025-04-05T08:31:58.000Z</time>
        <extensions>
          <ns3:TrackPointExtension>
            <ns3:hr>78</ns3:hr>
          </ns3:TrackPointExtension>
        </extensions>
      </trkpt>
      <trkpt lat="-25.40766301564872264862060546875" lon="-49.0010074339807033538818359375">
        <ele>1063.800048828125</ele>
        <time>2025-04-05T08:31:59.000Z</time>
        <extensions>
          <ns3:TrackPointExtension>
            <ns3:hr>75</ns3:hr>
          </ns3:TrackPointExtension>
        </extensions>
      </trkpt>
      <trkpt lat="-25.4076703079044818878173828125" lon="-49.00099863298237323760986328125">
        <ele>1063.800048828125</ele>
        <time>2025-04-05T08:32:00.000Z</time>
        <extensions>
          <ns3:TrackPointExtension>
            <ns3:hr>79</ns3:hr>
          </ns3:TrackPointExtension>
        </extensions>
      </trkpt>
      <trkpt lat="-25.40768933482468128204345703125" lon="-49.0010017342865467071533203125">
        <ele>1064</ele>
        <time>2025-04-05T08:32:02.000Z</time>
        <extensions>
          <ns3:TrackPointExtension>
            <ns3:hr>76</ns3:hr>
          </ns3:TrackPointExtension>
        </extensions>
      </trkpt>
      <trkpt lat="-25.40770643390715122222900390625" lon="-49.0010024048388004302978515625">
        <ele>1064</ele>
        <time>2025-04-05T08:32:03.000Z</time>
        <extensions>
          <ns3:TrackPointExtension>
            <ns3:hr>82</ns3:hr>
          </ns3:TrackPointExtension>
        </extensions>
      </trkpt>
      <trkpt lat="-25.40771330706775188446044921875" lon="-49.0010020695626735687255859375">
        <ele>1064</ele>
        <time>2025-04-05T08:32:04.000Z</time>
        <extensions>
          <ns3:TrackPointExtension>
            <ns3:hr>82</ns3:hr>
          </ns3:TrackPointExtension>
        </extensions>
      </trkpt>
      <trkpt lat="-25.40773677639663219451904296875" lon="-49.00100785307586193084716796875">
        <ele>1064.4000244140625</ele>
        <time>2025-04-05T08:32:08.000Z</time>
        <extensions>
          <ns3:TrackPointExtension>
            <ns3:hr>85</ns3:hr>
          </ns3:TrackPointExtension>
        </extensions>
      </trkpt>
      <trkpt lat="-25.40773979388177394866943359375" lon="-49.0010151453316211700439453125">
        <ele>1064.4000244140625</ele>
        <time>2025-04-05T08:32:09.000Z</time>
        <extensions>
          <ns3:TrackPointExtension>
            <ns3:hr>85</ns3:hr>
          </ns3:TrackPointExtension>
        </extensions>
      </trkpt>
      <trkpt lat="-25.407745577394962310791015625" lon="-49.00102210231125354766845703125">
        <ele>1064.5999755859375</ele>
        <time>2025-04-05T08:32:10.000Z</time>
        <extensions>
          <ns3:TrackPointExtension>
            <ns3:hr>84</ns3:hr>
          </ns3:TrackPointExtension>
        </extensions>
      </trkpt>
      <trkpt lat="-25.4077635146677494049072265625" lon="-49.00102947838604450225830078125">
        <ele>1064.5999755859375</ele>
        <time>2025-04-05T08:32:12.000Z</time>
        <extensions>
          <ns3:TrackPointExtension>
            <ns3:hr>85</ns3:hr>
          </ns3:TrackPointExtension>
        </extensions>
      </trkpt>
      <trkpt lat="-25.407779775559902191162109375" lon="-49.00102210231125354766845703125">
        <ele>1065</ele>
        <time>2025-04-05T08:32:14.000Z</time>
        <extensions>
          <ns3:TrackPointExtension>
            <ns3:hr>84</ns3:hr>
          </ns3:TrackPointExtension>
        </extensions>
      </trkpt>
      <trkpt lat="-25.40781774558126926422119140625" lon="-49.00102746672928333282470703125">
        <ele>1066</ele>
        <time>2025-04-05T08:32:19.000Z</time>
        <extensions>
          <ns3:TrackPointExtension>
            <ns3:hr>87</ns3:hr>
          </ns3:TrackPointExtension>
        </extensions>
      </trkpt>
      <trkpt lat="-25.40782906115055084228515625" lon="-49.001022689044475555419921875">
        <ele>1066</ele>
        <time>2025-04-05T08:32:20.000Z</time>
        <extensions>
          <ns3:TrackPointExtension>
            <ns3:hr>87</ns3:hr>
          </ns3:TrackPointExtension>
        </extensions>
      </trkpt>
      <trkpt lat="-25.40784808807075023651123046875" lon="-49.00099528022110462188720703125">
        <ele>1066</ele>
        <time>2025-04-05T08:32:22.000Z</time>
        <extensions>
          <ns3:TrackPointExtension>
            <ns3:hr>86</ns3:hr>
          </ns3:TrackPointExtension>
        </extensions>
      </trkpt>
      <trkpt lat="-25.40788002312183380126953125" lon="-49.00095839984714984893798828125">
        <ele>1065</ele>
        <time>2025-04-05T08:32:26.000Z</time>
        <extensions>
          <ns3:TrackPointExtension>
            <ns3:hr>87</ns3:hr>
          </ns3:TrackPointExtension>
        </extensions>
      </trkpt>
      <trkpt lat="-25.407876335084438323974609375" lon="-49.00092503987252712249755859375">
        <ele>1063.5999755859375</ele>
        <time>2025-04-05T08:32:29.000Z</time>
        <extensions>
          <ns3:TrackPointExtension>
            <ns3:hr>89</ns3:hr>
          </ns3:TrackPointExtension>
        </extensions>
      </trkpt>
      <trkpt lat="-25.4078456573188304901123046875" lon="-49.00083853863179683685302734375">
        <ele>1062.4000244140625</ele>
        <time>2025-04-05T08:32:33.000Z</time>
        <extensions>
          <ns3:TrackPointExtension>
            <ns3:hr>90</ns3:hr>
          </ns3:TrackPointExtension>
        </extensions>
      </trkpt>
      <trkpt lat="-25.4078121297061443328857421875" lon="-49.00078003294765949249267578125">
        <ele>1062.5999755859375</ele>
        <time>2025-04-05T08:32:39.000Z</time>
        <extensions>
          <ns3:TrackPointExtension>
            <ns3:hr>91</ns3:hr>
          </ns3:TrackPointExtension>
        </extensions>
      </trkpt>
      <trkpt lat="-25.40781757794320583343505859375" lon="-49.000686742365360260009765625">
        <ele>1064.5999755859375</ele>
        <time>2025-04-05T08:32:46.000Z</time>
        <extensions>
          <ns3:TrackPointExtension>
            <ns3:hr>92</ns3:hr>
          </ns3:TrackPointExtension>
        </extensions>
      </trkpt>
      <trkpt lat="-25.40778790600597858428955078125" lon="-49.00061239488422870635986328125">
        <ele>1066.199951171875</ele>
        <time>2025-04-05T08:32:52.000Z</time>
        <extensions>
          <ns3:TrackPointExtension>
            <ns3:hr>95</ns3:hr>
          </ns3:TrackPointExtension>
        </extensions>
      </trkpt>
      <trkpt lat="-25.40778120048344135284423828125" lon="-49.0005819685757160186767578125">
        <ele>1066.5999755859375</ele>
        <time>2025-04-05T08:32:54.000Z</time>
        <extensions>
          <ns3:TrackPointExtension>
            <ns3:hr>98</ns3:hr>
          </ns3:TrackPointExtension>
        </extensions>
      </trkpt>
      <trkpt lat="-25.40777273476123809814453125" lon="-49.0005576610565185546875">
        <ele>1066.800048828125</ele>
        <time>2025-04-05T08:32:56.000Z</time>
        <extensions>
          <ns3:TrackPointExtension>
            <ns3:hr>94</ns3:hr>
          </ns3:TrackPointExtension>
        </extensions>
      </trkpt>
      <trkpt lat="-25.4077621735632419586181640625" lon="-49.0005454234778881072998046875">
        <ele>1066.800048828125</ele>
        <time>2025-04-05T08:32:57.000Z</time>
        <extensions>
          <ns3:TrackPointExtension>
            <ns3:hr>95</ns3:hr>
          </ns3:TrackPointExtension>
        </extensions>
      </trkpt>
      <trkpt lat="-25.40775504894554615020751953125" lon="-49.00051751174032688140869140625">
        <ele>1067.4000244140625</ele>
        <time>2025-04-05T08:32:59.000Z</time>
        <extensions>
          <ns3:TrackPointExtension>
            <ns3:hr>96</ns3:hr>
          </ns3:TrackPointExtension>
        </extensions>
      </trkpt>
      <trkpt lat="-25.40776561014354228973388671875" lon="-49.000490941107273101806640625">
        <ele>1068</ele>
        <time>2025-04-05T08:33:02.000Z</time>
        <extensions>
          <ns3:TrackPointExtension>
            <ns3:hr>96</ns3:hr>
          </ns3:TrackPointExtension>
        </extensions>
      </trkpt>
      <trkpt lat="-25.40776158683001995086669921875" lon="-49.0004718303680419921875">
        <ele>1068.800048828125</ele>
        <time>2025-04-05T08:33:04.000Z</time>
        <extensions>
          <ns3:TrackPointExtension>
            <ns3:hr>96</ns3:hr>
          </ns3:TrackPointExtension>
        </extensions>
      </trkpt>
      <trkpt lat="-25.40775932371616363525390625" lon="-49.0004093013703823089599609375">
        <ele>1069.800048828125</ele>
        <time>2025-04-05T08:33:11.000Z</time>
        <extensions>
          <ns3:TrackPointExtension>
            <ns3:hr>93</ns3:hr>
          </ns3:TrackPointExtension>
        </extensions>
      </trkpt>
      <trkpt lat="-25.4077829606831073760986328125" lon="-49.00037183426320552825927734375">
        <ele>1069.5999755859375</ele>
        <time>2025-04-05T08:33:14.000Z</time>
        <extensions>
          <ns3:TrackPointExtension>
            <ns3:hr>93</ns3:hr>
          </ns3:TrackPointExtension>
        </extensions>
      </trkpt>
      <trkpt lat="-25.40779209695756435394287109375" lon="-49.000285081565380096435546875">
        <ele>1069.4000244140625</ele>
        <time>2025-04-05T08:33:20.000Z</time>
        <extensions>
          <ns3:TrackPointExtension>
            <ns3:hr>91</ns3:hr>
          </ns3:TrackPointExtension>
        </extensions>
      </trkpt>
      <trkpt lat="-25.4078037478029727935791015625" lon="-49.0002617798745632171630859375">
        <ele>1069.5999755859375</ele>
        <time>2025-04-05T08:33:22.000Z</time>
        <extensions>
          <ns3:TrackPointExtension>
            <ns3:hr>88</ns3:hr>
          </ns3:TrackPointExtension>
        </extensions>
      </trkpt>
      <trkpt lat="-25.407808609306812286376953125" lon="-49.0002319402992725372314453125">
        <ele>1069.5999755859375</ele>
        <time>2025-04-05T08:33:24.000Z</time>
        <extensions>
          <ns3:TrackPointExtension>
            <ns3:hr>89</ns3:hr>
          </ns3:TrackPointExtension>
        </extensions>
      </trkpt>
      <trkpt lat="-25.40784289129078388214111328125" lon="-49.000189192593097686767578125">
        <ele>1069.5999755859375</ele>
        <time>2025-04-05T08:33:27.000Z</time>
        <extensions>
          <ns3:TrackPointExtension>
            <ns3:hr>90</ns3:hr>
          </ns3:TrackPointExtension>
        </extensions>
      </trkpt>
      <trkpt lat="-25.4078828729689121246337890625" lon="-49.00010378099977970123291015625">
        <ele>1069.199951171875</ele>
        <time>2025-04-05T08:33:35.000Z</time>
        <extensions>
          <ns3:TrackPointExtension>
            <ns3:hr>91</ns3:hr>
          </ns3:TrackPointExtension>
        </extensions>
      </trkpt>
      <trkpt lat="-25.40788496844470500946044921875" lon="-49.0000502206385135650634765625">
        <ele>1069.4000244140625</ele>
        <time>2025-04-05T08:33:40.000Z</time>
        <extensions>
          <ns3:TrackPointExtension>
            <ns3:hr>91</ns3:hr>
          </ns3:TrackPointExtension>
        </extensions>
      </trkpt>
      <trkpt lat="-25.4078875668346881866455078125" lon="-49.000029601156711578369140625">
        <ele>1070.199951171875</ele>
        <time>2025-04-05T08:33:42.000Z</time>
        <extensions>
          <ns3:TrackPointExtension>
            <ns3:hr>91</ns3:hr>
          </ns3:TrackPointExtension>
        </extensions>
      </trkpt>
      <trkpt lat="-25.40788480080664157867431640625" lon="-48.99998123757541179656982421875">
        <ele>1071.5999755859375</ele>
        <time>2025-04-05T08:33:47.000Z</time>
        <extensions>
          <ns3:TrackPointExtension>
            <ns3:hr>90</ns3:hr>
          </ns3:TrackPointExtension>
        </extensions>
      </trkpt>
      <trkpt lat="-25.407883711159229278564453125" lon="-48.99995827116072177886962890625">
        <ele>1072.199951171875</ele>
        <time>2025-04-05T08:33:49.000Z</time>
        <extensions>
          <ns3:TrackPointExtension>
            <ns3:hr>90</ns3:hr>
          </ns3:TrackPointExtension>
        </extensions>
      </trkpt>
      <trkpt lat="-25.4078687913715839385986328125" lon="-48.9999211393296718597412109375">
        <ele>1072.5999755859375</ele>
        <time>2025-04-05T08:33:52.000Z</time>
        <extensions>
          <ns3:TrackPointExtension>
            <ns3:hr>86</ns3:hr>
          </ns3:TrackPointExtension>
        </extensions>
      </trkpt>
      <trkpt lat="-25.4078862257301807403564453125" lon="-48.99988132528960704803466796875">
        <ele>1073</ele>
        <time>2025-04-05T08:33:55.000Z</time>
        <extensions>
          <ns3:TrackPointExtension>
            <ns3:hr>84</ns3:hr>
          </ns3:TrackPointExtension>
        </extensions>
      </trkpt>
      <trkpt lat="-25.40790357626974582672119140625" lon="-48.9997612126171588897705078125">
        <ele>1074.5999755859375</ele>
        <time>2025-04-05T08:34:05.000Z</time>
        <extensions>
          <ns3:TrackPointExtension>
            <ns3:hr>82</ns3:hr>
          </ns3:TrackPointExtension>
        </extensions>
      </trkpt>
      <trkpt lat="-25.40794230066239833831787109375" lon="-48.99964830838143825531005859375">
        <ele>1074</ele>
        <time>2025-04-05T08:34:15.000Z</time>
        <extensions>
          <ns3:TrackPointExtension>
            <ns3:hr>82</ns3:hr>
          </ns3:TrackPointExtension>
        </extensions>
      </trkpt>
      <trkpt lat="-25.40803768672049045562744140625" lon="-48.99959667585790157318115234375">
        <ele>1071.800048828125</ele>
        <time>2025-04-05T08:34:23.000Z</time>
        <extensions>
          <ns3:TrackPointExtension>
            <ns3:hr>85</ns3:hr>
          </ns3:TrackPointExtension>
        </extensions>
      </trkpt>
      <trkpt lat="-25.40805210359394550323486328125" lon="-48.9995747990906238555908203125">
        <ele>1071</ele>
        <time>2025-04-05T08:34:25.000Z</time>
        <extensions>
          <ns3:TrackPointExtension>
            <ns3:hr>86</ns3:hr>
          </ns3:TrackPointExtension>
        </extensions>
      </trkpt>
      <trkpt lat="-25.40807783603668212890625" lon="-48.99956331588327884674072265625">
        <ele>1070.4000244140625</ele>
        <time>2025-04-05T08:34:28.000Z</time>
        <extensions>
          <ns3:TrackPointExtension>
            <ns3:hr>87</ns3:hr>
          </ns3:TrackPointExtension>
        </extensions>
      </trkpt>
      <trkpt lat="-25.40810130536556243896484375" lon="-48.9995610527694225311279296875">
        <ele>1070</ele>
        <time>2025-04-05T08:34:30.000Z</time>
        <extensions>
          <ns3:TrackPointExtension>
            <ns3:hr>87</ns3:hr>
          </ns3:TrackPointExtension>
        </extensions>
      </trkpt>
      <trkpt lat="-25.4081356711685657501220703125" lon="-48.99954772554337978363037109375">
        <ele>1069.5999755859375</ele>
        <time>2025-04-05T08:34:34.000Z</time>
        <extensions>
          <ns3:TrackPointExtension>
            <ns3:hr>90</ns3:hr>
          </ns3:TrackPointExtension>
        </extensions>
      </trkpt>
      <trkpt lat="-25.40817330591380596160888671875" lon="-48.99953314103186130523681640625">
        <ele>1068.5999755859375</ele>
        <time>2025-04-05T08:34:38.000Z</time>
        <extensions>
          <ns3:TrackPointExtension>
            <ns3:hr>91</ns3:hr>
          </ns3:TrackPointExtension>
        </extensions>
      </trkpt>
      <trkpt lat="-25.40823415853083133697509765625" lon="-48.99949877522885799407958984375">
        <ele>1067</ele>
        <time>2025-04-05T08:34:46.000Z</time>
        <extensions>
          <ns3:TrackPointExtension>
            <ns3:hr>91</ns3:hr>
          </ns3:TrackPointExtension>
        </extensions>
      </trkpt>
      <trkpt lat="-25.40828478522598743438720703125" lon="-48.99948452599346637725830078125">
        <ele>1066</ele>
        <time>2025-04-05T08:34:52.000Z</time>
        <extensions>
          <ns3:TrackPointExtension>
            <ns3:hr>91</ns3:hr>
          </ns3:TrackPointExtension>
        </extensions>
      </trkpt>
      <trkpt lat="-25.40832451544702053070068359375" lon="-48.9994973503053188323974609375">
        <ele>1065.4000244140625</ele>
        <time>2025-04-05T08:34:56.000Z</time>
        <extensions>
          <ns3:TrackPointExtension>
            <ns3:hr>92</ns3:hr>
          </ns3:TrackPointExtension>
        </extensions>
      </trkpt>
      <trkpt lat="-25.4083422012627124786376953125" lon="-48.99951101280748844146728515625">
        <ele>1065.199951171875</ele>
        <time>2025-04-05T08:34:58.000Z</time>
        <extensions>
          <ns3:TrackPointExtension>
            <ns3:hr>92</ns3:hr>
          </ns3:TrackPointExtension>
        </extensions>
      </trkpt>
      <trkpt lat="-25.4083546064794063568115234375" lon="-48.99952526204288005828857421875">
        <ele>1065.4000244140625</ele>
        <time>2025-04-05T08:35:00.000Z</time>
        <extensions>
          <ns3:TrackPointExtension>
            <ns3:hr>89</ns3:hr>
          </ns3:TrackPointExtension>
        </extensions>
      </trkpt>
      <trkpt lat="-25.4083730466663837432861328125" lon="-48.99953247047960758209228515625">
        <ele>1065.5999755859375</ele>
        <time>2025-04-05T08:35:02.000Z</time>
        <extensions>
          <ns3:TrackPointExtension>
            <ns3:hr>92</ns3:hr>
          </ns3:TrackPointExtension>
        </extensions>
      </trkpt>
      <trkpt lat="-25.4084250144660472869873046875" lon="-48.999568261206150054931640625">
        <ele>1066</ele>
        <time>2025-04-05T08:35:08.000Z</time>
        <extensions>
          <ns3:TrackPointExtension>
            <ns3:hr>93</ns3:hr>
          </ns3:TrackPointExtension>
        </extensions>
      </trkpt>
      <trkpt lat="-25.408438928425312042236328125" lon="-48.9995747990906238555908203125">
        <ele>1066.4000244140625</ele>
        <time>2025-04-05T08:35:10.000Z</time>
        <extensions>
          <ns3:TrackPointExtension>
            <ns3:hr>90</ns3:hr>
          </ns3:TrackPointExtension>
        </extensions>
      </trkpt>
      <trkpt lat="-25.40846600197255611419677734375" lon="-48.99960220791399478912353515625">
        <ele>1068.800048828125</ele>
        <time>2025-04-05T08:35:15.000Z</time>
        <extensions>
          <ns3:TrackPointExtension>
            <ns3:hr>88</ns3:hr>
          </ns3:TrackPointExtension>
        </extensions>
      </trkpt>
      <trkpt lat="-25.4085078276693820953369140625" lon="-48.999625928699970245361328125">
        <ele>1071.800048828125</ele>
        <time>2025-04-05T08:35:21.000Z</time>
        <extensions>
          <ns3:TrackPointExtension>
            <ns3:hr>89</ns3:hr>
          </ns3:TrackPointExtension>
        </extensions>
      </trkpt>
      <trkpt lat="-25.40852685458958148956298828125" lon="-48.99962919764220714569091796875">
        <ele>1072.800048828125</ele>
        <time>2025-04-05T08:35:23.000Z</time>
        <extensions>
          <ns3:TrackPointExtension>
            <ns3:hr>88</ns3:hr>
          </ns3:TrackPointExtension>
        </extensions>
      </trkpt>
      <trkpt lat="-25.40853439830243587493896484375" lon="-48.9996509067714214324951171875">
        <ele>1073.5999755859375</ele>
        <time>2025-04-05T08:35:26.000Z</time>
        <extensions>
          <ns3:TrackPointExtension>
            <ns3:hr>87</ns3:hr>
          </ns3:TrackPointExtension>
        </extensions>
      </trkpt>
      <trkpt lat="-25.40853448212146759033203125" lon="-48.9996631443500518798828125">
        <ele>1074.199951171875</ele>
        <time>2025-04-05T08:35:27.000Z</time>
        <extensions>
          <ns3:TrackPointExtension>
            <ns3:hr>87</ns3:hr>
          </ns3:TrackPointExtension>
        </extensions>
      </trkpt>
      <trkpt lat="-25.40853607468307018280029296875" lon="-48.99966716766357421875">
        <ele>1075.4000244140625</ele>
        <time>2025-04-05T08:35:30.000Z</time>
        <extensions>
          <ns3:TrackPointExtension>
            <ns3:hr>86</ns3:hr>
          </ns3:TrackPointExtension>
        </extensions>
      </trkpt>
      <trkpt lat="-25.40852283127605915069580078125" lon="-48.99967378936707973480224609375">
        <ele>1076</ele>
        <time>2025-04-05T08:35:32.000Z</time>
        <extensions>
          <ns3:TrackPointExtension>
            <ns3:hr>86</ns3:hr>
          </ns3:TrackPointExtension>
        </extensions>
      </trkpt>
      <trkpt lat="-25.4085182212293148040771484375" lon="-48.9996757172048091888427734375">
        <ele>1076.4000244140625</ele>
        <time>2025-04-05T08:35:35.000Z</time>
        <extensions>
          <ns3:TrackPointExtension>
            <ns3:hr>85</ns3:hr>
          </ns3:TrackPointExtension>
        </extensions>
      </trkpt>
      <trkpt lat="-25.4085168801248073577880859375" lon="-48.9996700175106525421142578125">
        <ele>1076.199951171875</ele>
        <time>2025-04-05T08:35:40.000Z</time>
        <extensions>
          <ns3:TrackPointExtension>
            <ns3:hr>84</ns3:hr>
          </ns3:TrackPointExtension>
        </extensions>
      </trkpt>
      <trkpt lat="-25.40853842161595821380615234375" lon="-48.99970949627459049224853515625">
        <ele>1076.4000244140625</ele>
        <time>2025-04-05T08:35:45.000Z</time>
        <extensions>
          <ns3:TrackPointExtension>
            <ns3:hr>84</ns3:hr>
          </ns3:TrackPointExtension>
        </extensions>
      </trkpt>
      <trkpt lat="-25.4085688479244709014892578125" lon="-48.9997478015720844268798828125">
        <ele>1079.199951171875</ele>
        <time>2025-04-05T08:35:51.000Z</time>
        <extensions>
          <ns3:TrackPointExtension>
            <ns3:hr>85</ns3:hr>
          </ns3:TrackPointExtension>
        </extensions>
      </trkpt>
      <trkpt lat="-25.40860690176486968994140625" lon="-48.9997625537216663360595703125">
        <ele>1079.5999755859375</ele>
        <time>2025-04-05T08:35:56.000Z</time>
        <extensions>
          <ns3:TrackPointExtension>
            <ns3:hr>83</ns3:hr>
          </ns3:TrackPointExtension>
        </extensions>
      </trkpt>
      <trkpt lat="-25.408618636429309844970703125" lon="-48.999762721359729766845703125">
        <ele>1079.4000244140625</ele>
        <time>2025-04-05T08:35:57.000Z</time>
        <extensions>
          <ns3:TrackPointExtension>
            <ns3:hr>81</ns3:hr>
          </ns3:TrackPointExtension>
        </extensions>
      </trkpt>
      <trkpt lat="-25.40864981710910797119140625" lon="-48.99975107051432132720947265625">
        <ele>1078.800048828125</ele>
        <time>2025-04-05T08:36:00.000Z</time>
        <extensions>
          <ns3:TrackPointExtension>
            <ns3:hr>86</ns3:hr>
          </ns3:TrackPointExtension>
        </extensions>
      </trkpt>
      <trkpt lat="-25.40867404080927371978759765625" lon="-48.9997508190572261810302734375">
        <ele>1078.4000244140625</ele>
        <time>2025-04-05T08:36:02.000Z</time>
        <extensions>
          <ns3:TrackPointExtension>
            <ns3:hr>86</ns3:hr>
          </ns3:TrackPointExtension>
        </extensions>
      </trkpt>
      <trkpt lat="-25.40874981321394443511962890625" lon="-48.99970597587525844573974609375">
        <ele>1078.4000244140625</ele>
        <time>2025-04-05T08:36:08.000Z</time>
        <extensions>
          <ns3:TrackPointExtension>
            <ns3:hr>85</ns3:hr>
          </ns3:TrackPointExtension>
        </extensions>
      </trkpt>
      <trkpt lat="-25.40877311490476131439208984375" lon="-48.9996884576976299285888671875">
        <ele>1079.199951171875</ele>
        <time>2025-04-05T08:36:13.000Z</time>
        <extensions>
          <ns3:TrackPointExtension>
            <ns3:hr>85</ns3:hr>
          </ns3:TrackPointExtension>
        </extensions>
      </trkpt>
      <trkpt lat="-25.40878401137888431549072265625" lon="-48.999703712761402130126953125">
        <ele>1079.4000244140625</ele>
        <time>2025-04-05T08:36:16.000Z</time>
        <extensions>
          <ns3:TrackPointExtension>
            <ns3:hr>88</ns3:hr>
          </ns3:TrackPointExtension>
        </extensions>
      </trkpt>
      <trkpt lat="-25.40879172272980213165283203125" lon="-48.99970966391265392303466796875">
        <ele>1079.4000244140625</ele>
        <time>2025-04-05T08:36:17.000Z</time>
        <extensions>
          <ns3:TrackPointExtension>
            <ns3:hr>85</ns3:hr>
          </ns3:TrackPointExtension>
        </extensions>
      </trkpt>
      <trkpt lat="-25.40879867970943450927734375" lon="-48.99972072802484035491943359375">
        <ele>1079.5999755859375</ele>
        <time>2025-04-05T08:36:18.000Z</time>
        <extensions>
          <ns3:TrackPointExtension>
            <ns3:hr>86</ns3:hr>
          </ns3:TrackPointExtension>
        </extensions>
      </trkpt>
      <trkpt lat="-25.408839918673038482666015625" lon="-48.9997514896094799041748046875">
        <ele>1079.800048828125</ele>
        <time>2025-04-05T08:36:24.000Z</time>
        <extensions>
          <ns3:TrackPointExtension>
            <ns3:hr>85</ns3:hr>
          </ns3:TrackPointExtension>
        </extensions>
      </trkpt>
      <trkpt lat="-25.40886707603931427001953125" lon="-48.999761380255222320556640625">
        <ele>1079.800048828125</ele>
        <time>2025-04-05T08:36:27.000Z</time>
        <extensions>
          <ns3:TrackPointExtension>
            <ns3:hr>88</ns3:hr>
          </ns3:TrackPointExtension>
        </extensions>
      </trkpt>
      <trkpt lat="-25.40890588425099849700927734375" lon="-48.99975073523819446563720703125">
        <ele>1079.4000244140625</ele>
        <time>2025-04-05T08:36:31.000Z</time>
        <extensions>
          <ns3:TrackPointExtension>
            <ns3:hr>86</ns3:hr>
          </ns3:TrackPointExtension>
        </extensions>
      </trkpt>
      <trkpt lat="-25.40896338410675525665283203125" lon="-48.99975995533168315887451171875">
        <ele>1079</ele>
        <time>2025-04-05T08:36:37.000Z</time>
        <extensions>
          <ns3:TrackPointExtension>
            <ns3:hr>84</ns3:hr>
          </ns3:TrackPointExtension>
        </extensions>
      </trkpt>
      <trkpt lat="-25.40896774269640445709228515625" lon="-48.99977110326290130615234375">
        <ele>1079.5999755859375</ele>
        <time>2025-04-05T08:36:38.000Z</time>
        <extensions>
          <ns3:TrackPointExtension>
            <ns3:hr>84</ns3:hr>
          </ns3:TrackPointExtension>
        </extensions>
      </trkpt>
      <trkpt lat="-25.4089953191578388214111328125" lon="-48.99978987872600555419921875">
        <ele>1083.800048828125</ele>
        <time>2025-04-05T08:36:43.000Z</time>
        <extensions>
          <ns3:TrackPointExtension>
            <ns3:hr>88</ns3:hr>
          </ns3:TrackPointExtension>
        </extensions>
      </trkpt>
      <trkpt lat="-25.4090072214603424072265625" lon="-48.99980052374303340911865234375">
        <ele>1085.4000244140625</ele>
        <time>2025-04-05T08:36:45.000Z</time>
        <extensions>
          <ns3:TrackPointExtension>
            <ns3:hr>86</ns3:hr>
          </ns3:TrackPointExtension>
        </extensions>
      </trkpt>
      <trkpt lat="-25.4090348817408084869384765625" lon="-48.9998027868568897247314453125">
        <ele>1086.4000244140625</ele>
        <time>2025-04-05T08:36:47.000Z</time>
        <extensions>
          <ns3:TrackPointExtension>
            <ns3:hr>86</ns3:hr>
          </ns3:TrackPointExtension>
        </extensions>
      </trkpt>
      <trkpt lat="-25.40907762944698333740234375" lon="-48.99982206523418426513671875">
        <ele>1087.800048828125</ele>
        <time>2025-04-05T08:36:51.000Z</time>
        <extensions>
          <ns3:TrackPointExtension>
            <ns3:hr>86</ns3:hr>
          </ns3:TrackPointExtension>
        </extensions>
      </trkpt>
      <trkpt lat="-25.409098081290721893310546875" lon="-48.99982617236673831939697265625">
        <ele>1088.5999755859375</ele>
        <time>2025-04-05T08:36:53.000Z</time>
        <extensions>
          <ns3:TrackPointExtension>
            <ns3:hr>85</ns3:hr>
          </ns3:TrackPointExtension>
        </extensions>
      </trkpt>
      <trkpt lat="-25.4090959019958972930908203125" lon="-48.99983187206089496612548828125">
        <ele>1089</ele>
        <time>2025-04-05T08:36:54.000Z</time>
        <extensions>
          <ns3:TrackPointExtension>
            <ns3:hr>88</ns3:hr>
          </ns3:TrackPointExtension>
        </extensions>
      </trkpt>
      <trkpt lat="-25.4091076366603374481201171875" lon="-48.99982550181448459625244140625">
        <ele>1090.199951171875</ele>
        <time>2025-04-05T08:36:56.000Z</time>
        <extensions>
          <ns3:TrackPointExtension>
            <ns3:hr>87</ns3:hr>
          </ns3:TrackPointExtension>
        </extensions>
      </trkpt>
      <trkpt lat="-25.4091475345194339752197265625" lon="-48.99982273578643798828125">
        <ele>1091.5999755859375</ele>
        <time>2025-04-05T08:37:02.000Z</time>
        <extensions>
          <ns3:TrackPointExtension>
            <ns3:hr>89</ns3:hr>
          </ns3:TrackPointExtension>
        </extensions>
      </trkpt>
      <trkpt lat="-25.40922121144831180572509765625" lon="-48.99979121983051300048828125">
        <ele>1092.199951171875</ele>
        <time>2025-04-05T08:37:06.000Z</time>
        <extensions>
          <ns3:TrackPointExtension>
            <ns3:hr>85</ns3:hr>
          </ns3:TrackPointExtension>
        </extensions>
      </trkpt>
      <trkpt lat="-25.40925331413745880126953125" lon="-48.99977956898510456085205078125">
        <ele>1093.199951171875</ele>
        <time>2025-04-05T08:37:08.000Z</time>
        <extensions>
          <ns3:TrackPointExtension>
            <ns3:hr>86</ns3:hr>
          </ns3:TrackPointExtension>
        </extensions>
      </trkpt>
      <trkpt lat="-25.40930151008069515228271484375" lon="-48.9997945725917816162109375">
        <ele>1096.199951171875</ele>
        <time>2025-04-05T08:37:13.000Z</time>
        <extensions>
          <ns3:TrackPointExtension>
            <ns3:hr>86</ns3:hr>
          </ns3:TrackPointExtension>
        </extensions>
      </trkpt>
      <trkpt lat="-25.40931106545031070709228515625" lon="-48.99978987872600555419921875">
        <ele>1097.4000244140625</ele>
        <time>2025-04-05T08:37:18.000Z</time>
        <extensions>
          <ns3:TrackPointExtension>
            <ns3:hr>88</ns3:hr>
          </ns3:TrackPointExtension>
        </extensions>
      </trkpt>
      <trkpt lat="-25.40933151729404926300048828125" lon="-48.999789543449878692626953125">
        <ele>1097.800048828125</ele>
        <time>2025-04-05T08:37:22.000Z</time>
        <extensions>
          <ns3:TrackPointExtension>
            <ns3:hr>87</ns3:hr>
          </ns3:TrackPointExtension>
        </extensions>
      </trkpt>
      <trkpt lat="-25.40936185978353023529052734375" lon="-48.9998051337897777557373046875">
        <ele>1099</ele>
        <time>2025-04-05T08:37:28.000Z</time>
        <extensions>
          <ns3:TrackPointExtension>
            <ns3:hr>89</ns3:hr>
          </ns3:TrackPointExtension>
        </extensions>
      </trkpt>
      <trkpt lat="-25.4094010032713413238525390625" lon="-48.99977822788059711456298828125">
        <ele>1100.4000244140625</ele>
        <time>2025-04-05T08:37:35.000Z</time>
        <extensions>
          <ns3:TrackPointExtension>
            <ns3:hr>91</ns3:hr>
          </ns3:TrackPointExtension>
        </extensions>
      </trkpt>
      <trkpt lat="-25.4094241373240947723388671875" lon="-48.9997588656842708587646484375">
        <ele>1101.5999755859375</ele>
        <time>2025-04-05T08:37:39.000Z</time>
        <extensions>
          <ns3:TrackPointExtension>
            <ns3:hr>89</ns3:hr>
          </ns3:TrackPointExtension>
        </extensions>
      </trkpt>
      <trkpt lat="-25.4094496183097362518310546875" lon="-48.999753333628177642822265625">
        <ele>1102.199951171875</ele>
        <time>2025-04-05T08:37:45.000Z</time>
        <extensions>
          <ns3:TrackPointExtension>
            <ns3:hr>92</ns3:hr>
          </ns3:TrackPointExtension>
        </extensions>
      </trkpt>
      <trkpt lat="-25.4094551503658294677734375" lon="-48.99975861422717571258544921875">
        <ele>1102.199951171875</ele>
        <time>2025-04-05T08:37:46.000Z</time>
        <extensions>
          <ns3:TrackPointExtension>
            <ns3:hr>89</ns3:hr>
          </ns3:TrackPointExtension>
        </extensions>
      </trkpt>
      <trkpt lat="-25.40945984423160552978515625" lon="-48.99976079352200031280517578125">
        <ele>1102.199951171875</ele>
        <time>2025-04-05T08:37:47.000Z</time>
        <extensions>
          <ns3:TrackPointExtension>
            <ns3:hr>92</ns3:hr>
          </ns3:TrackPointExtension>
        </extensions>
      </trkpt>
      <trkpt lat="-25.40946294553577899932861328125" lon="-48.99975760839879512786865234375">
        <ele>1102.4000244140625</ele>
        <time>2025-04-05T08:37:49.000Z</time>
        <extensions>
          <ns3:TrackPointExtension>
            <ns3:hr>89</ns3:hr>
          </ns3:TrackPointExtension>
        </extensions>
      </trkpt>
      <trkpt lat="-25.40946495719254016876220703125" lon="-48.99975492618978023529052734375">
        <ele>1102.4000244140625</ele>
        <time>2025-04-05T08:37:52.000Z</time>
        <extensions>
          <ns3:TrackPointExtension>
            <ns3:hr>92</ns3:hr>
          </ns3:TrackPointExtension>
        </extensions>
      </trkpt>
      <trkpt lat="-25.4094636999070644378662109375" lon="-48.9997570216655731201171875">
        <ele>1102.4000244140625</ele>
        <time>2025-04-05T08:37:53.000Z</time>
        <extensions>
          <ns3:TrackPointExtension>
            <ns3:hr>90</ns3:hr>
          </ns3:TrackPointExtension>
        </extensions>
      </trkpt>
      <trkpt lat="-25.4094712436199188232421875" lon="-48.99975903332233428955078125">
        <ele>1101.4000244140625</ele>
        <time>2025-04-05T08:37:59.000Z</time>
        <extensions>
          <ns3:TrackPointExtension>
            <ns3:hr>93</ns3:hr>
          </ns3:TrackPointExtension>
        </extensions>
      </trkpt>
      <trkpt lat="-25.4094712436199188232421875" lon="-48.99975903332233428955078125">
        <ele>1101</ele>
        <time>2025-04-05T08:38:01.000Z</time>
        <extensions>
          <ns3:TrackPointExtension>
            <ns3:hr>89</ns3:hr>
          </ns3:TrackPointExtension>
        </extensions>
      </trkpt>
      <trkpt lat="-25.4094712436199188232421875" lon="-48.99975903332233428955078125">
        <ele>1100.4000244140625</ele>
        <time>2025-04-05T08:38:06.000Z</time>
        <extensions>
          <ns3:TrackPointExtension>
            <ns3:hr>86</ns3:hr>
          </ns3:TrackPointExtension>
        </extensions>
      </trkpt>
      <trkpt lat="-25.4094712436199188232421875" lon="-48.9997571893036365509033203125">
        <ele>1100.4000244140625</ele>
        <time>2025-04-05T08:38:13.000Z</time>
        <extensions>
          <ns3:TrackPointExtension>
            <ns3:hr>90</ns3:hr>
          </ns3:TrackPointExtension>
        </extensions>
      </trkpt>
      <trkpt lat="-25.4094712436199188232421875" lon="-48.9997570216655731201171875">
        <ele>1100.4000244140625</ele>
        <time>2025-04-05T08:38:14.000Z</time>
        <extensions>
          <ns3:TrackPointExtension>
            <ns3:hr>87</ns3:hr>
          </ns3:TrackPointExtension>
        </extensions>
      </trkpt>
      <trkpt lat="-25.4094717465341091156005859375" lon="-48.99975559674203395843505859375">
        <ele>1100.4000244140625</ele>
        <time>2025-04-05T08:38:15.000Z</time>
        <extensions>
          <ns3:TrackPointExtension>
            <ns3:hr>91</ns3:hr>
          </ns3:TrackPointExtension>
        </extensions>
      </trkpt>
      <trkpt lat="-25.4094774462282657623291015625" lon="-48.9997501485049724578857421875">
        <ele>1100.4000244140625</ele>
        <time>2025-04-05T08:38:18.000Z</time>
        <extensions>
          <ns3:TrackPointExtension>
            <ns3:hr>88</ns3:hr>
          </ns3:TrackPointExtension>
        </extensions>
      </trkpt>
      <trkpt lat="-25.4096641950309276580810546875" lon="-48.9997424371540546417236328125">
        <ele>1100</ele>
        <time>2025-04-05T08:38:42.000Z</time>
        <extensions>
          <ns3:TrackPointExtension>
            <ns3:hr>88</ns3:hr>
          </ns3:TrackPointExtension>
        </extensions>
      </trkpt>
      <trkpt lat="-25.40970015339553356170654296875" lon="-48.99973648600280284881591796875">
        <ele>1100</ele>
        <time>2025-04-05T08:38:48.000Z</time>
        <extensions>
          <ns3:TrackPointExtension>
            <ns3:hr>85</ns3:hr>
          </ns3:TrackPointExtension>
        </extensions>
      </trkpt>
      <trkpt lat="-25.40968389250338077545166015625" lon="-48.9997508190572261810302734375">
        <ele>1100.199951171875</ele>
        <time>2025-04-05T08:38:54.000Z</time>
        <extensions>
          <ns3:TrackPointExtension>
            <ns3:hr>83</ns3:hr>
          </ns3:TrackPointExtension>
        </extensions>
      </trkpt>
      <trkpt lat="-25.4096724092960357666015625" lon="-48.99978627450764179229736328125">
        <ele>1100.800048828125</ele>
        <time>2025-04-05T08:38:59.000Z</time>
        <extensions>
          <ns3:TrackPointExtension>
            <ns3:hr>86</ns3:hr>
          </ns3:TrackPointExtension>
        </extensions>
      </trkpt>
      <trkpt lat="-25.40966763161122798919677734375" lon="-48.99979314766824245452880859375">
        <ele>1101</ele>
        <time>2025-04-05T08:39:00.000Z</time>
        <extensions>
          <ns3:TrackPointExtension>
            <ns3:hr>85</ns3:hr>
          </ns3:TrackPointExtension>
        </extensions>
      </trkpt>
      <trkpt lat="-25.4096494428813457489013671875" lon="-48.99983388371765613555908203125">
        <ele>1101.4000244140625</ele>
        <time>2025-04-05T08:39:07.000Z</time>
        <extensions>
          <ns3:TrackPointExtension>
            <ns3:hr>85</ns3:hr>
          </ns3:TrackPointExtension>
        </extensions>
      </trkpt>
      <trkpt lat="-25.40963821113109588623046875" lon="-48.99992474354803562164306640625">
        <ele>1102</ele>
        <time>2025-04-05T08:39:13.000Z</time>
        <extensions>
          <ns3:TrackPointExtension>
            <ns3:hr>82</ns3:hr>
          </ns3:TrackPointExtension>
        </extensions>
      </trkpt>
      <trkpt lat="-25.409637875854969024658203125" lon="-48.999931700527667999267578125">
        <ele>1102</ele>
        <time>2025-04-05T08:39:14.000Z</time>
        <extensions>
          <ns3:TrackPointExtension>
            <ns3:hr>82</ns3:hr>
          </ns3:TrackPointExtension>
        </extensions>
      </trkpt>
      <trkpt lat="-25.4096222855150699615478515625" lon="-49.0000083111226558685302734375">
        <ele>1105.800048828125</ele>
        <time>2025-04-05T08:39:21.000Z</time>
        <extensions>
          <ns3:TrackPointExtension>
            <ns3:hr>79</ns3:hr>
          </ns3:TrackPointExtension>
        </extensions>
      </trkpt>
      <trkpt lat="-25.40962773375213146209716796875" lon="-49.00002591311931610107421875">
        <ele>1108</ele>
        <time>2025-04-05T08:39:23.000Z</time>
        <extensions>
          <ns3:TrackPointExtension>
            <ns3:hr>81</ns3:hr>
          </ns3:TrackPointExtension>
        </extensions>
      </trkpt>
      <trkpt lat="-25.40964382700622081756591796875" lon="-49.00005768053233623504638671875">
        <ele>1111.4000244140625</ele>
        <time>2025-04-05T08:39:30.000Z</time>
        <extensions>
          <ns3:TrackPointExtension>
            <ns3:hr>81</ns3:hr>
          </ns3:TrackPointExtension>
        </extensions>
      </trkpt>
      <trkpt lat="-25.4096484370529651641845703125" lon="-49.00008492171764373779296875">
        <ele>1112</ele>
        <time>2025-04-05T08:39:37.000Z</time>
        <extensions>
          <ns3:TrackPointExtension>
            <ns3:hr>83</ns3:hr>
          </ns3:TrackPointExtension>
        </extensions>
      </trkpt>
      <trkpt lat="-25.4096643626689910888671875" lon="-49.00011618621647357940673828125">
        <ele>1111</ele>
        <time>2025-04-05T08:39:43.000Z</time>
        <extensions>
          <ns3:TrackPointExtension>
            <ns3:hr>84</ns3:hr>
          </ns3:TrackPointExtension>
        </extensions>
      </trkpt>
      <trkpt lat="-25.409684143960475921630859375" lon="-49.0001856721937656402587890625">
        <ele>1111.199951171875</ele>
        <time>2025-04-05T08:39:50.000Z</time>
        <extensions>
          <ns3:TrackPointExtension>
            <ns3:hr>85</ns3:hr>
          </ns3:TrackPointExtension>
        </extensions>
      </trkpt>
      <trkpt lat="-25.40971440263092517852783203125" lon="-49.00020251981914043426513671875">
        <ele>1115</ele>
        <time>2025-04-05T08:39:56.000Z</time>
        <extensions>
          <ns3:TrackPointExtension>
            <ns3:hr>85</ns3:hr>
          </ns3:TrackPointExtension>
        </extensions>
      </trkpt>
      <trkpt lat="-25.4097550548613071441650390625" lon="-49.00018927641212940216064453125">
        <ele>1115.5999755859375</ele>
        <time>2025-04-05T08:40:03.000Z</time>
        <extensions>
          <ns3:TrackPointExtension>
            <ns3:hr>85</ns3:hr>
          </ns3:TrackPointExtension>
        </extensions>
      </trkpt>
      <trkpt lat="-25.4097691364586353302001953125" lon="-49.00018726475536823272705078125">
        <ele>1115.4000244140625</ele>
        <time>2025-04-05T08:40:08.000Z</time>
        <extensions>
          <ns3:TrackPointExtension>
            <ns3:hr>86</ns3:hr>
          </ns3:TrackPointExtension>
        </extensions>
      </trkpt>
      <trkpt lat="-25.4098023287951946258544921875" lon="-49.00014250539243221282958984375">
        <ele>1115.199951171875</ele>
        <time>2025-04-05T08:40:16.000Z</time>
        <extensions>
          <ns3:TrackPointExtension>
            <ns3:hr>87</ns3:hr>
          </ns3:TrackPointExtension>
        </extensions>
      </trkpt>
      <trkpt lat="-25.409834347665309906005859375" lon="-49.00012138299643993377685546875">
        <ele>1116.800048828125</ele>
        <time>2025-04-05T08:40:22.000Z</time>
        <extensions>
          <ns3:TrackPointExtension>
            <ns3:hr>86</ns3:hr>
          </ns3:TrackPointExtension>
        </extensions>
      </trkpt>
      <trkpt lat="-25.40988539345562458038330078125" lon="-49.00011383928358554840087890625">
        <ele>1118.5999755859375</ele>
        <time>2025-04-05T08:40:30.000Z</time>
        <extensions>
          <ns3:TrackPointExtension>
            <ns3:hr>87</ns3:hr>
          </ns3:TrackPointExtension>
        </extensions>
      </trkpt>
      <trkpt lat="-25.40993300266563892364501953125" lon="-49.00009028613567352294921875">
        <ele>1118.5999755859375</ele>
        <time>2025-04-05T08:40:36.000Z</time>
        <extensions>
          <ns3:TrackPointExtension>
            <ns3:hr>88</ns3:hr>
          </ns3:TrackPointExtension>
        </extensions>
      </trkpt>
      <trkpt lat="-25.40994373150169849395751953125" lon="-49.00011098943650722503662109375">
        <ele>1118.4000244140625</ele>
        <time>2025-04-05T08:40:40.000Z</time>
        <extensions>
          <ns3:TrackPointExtension>
            <ns3:hr>85</ns3:hr>
          </ns3:TrackPointExtension>
        </extensions>
      </trkpt>
      <trkpt lat="-25.4099379479885101318359375" lon="-49.00012808851897716522216796875">
        <ele>1118.4000244140625</ele>
        <time>2025-04-05T08:40:42.000Z</time>
        <extensions>
          <ns3:TrackPointExtension>
            <ns3:hr>85</ns3:hr>
          </ns3:TrackPointExtension>
        </extensions>
      </trkpt>
      <trkpt lat="-25.40992319583892822265625" lon="-49.000136889517307281494140625">
        <ele>1121.199951171875</ele>
        <time>2025-04-05T08:40:48.000Z</time>
        <extensions>
          <ns3:TrackPointExtension>
            <ns3:hr>83</ns3:hr>
          </ns3:TrackPointExtension>
        </extensions>
      </trkpt>
      <trkpt lat="-25.40992193855345249176025390625" lon="-49.0001655556261539459228515625">
        <ele>1121.800048828125</ele>
        <time>2025-04-05T08:40:51.000Z</time>
        <extensions>
          <ns3:TrackPointExtension>
            <ns3:hr>86</ns3:hr>
          </ns3:TrackPointExtension>
        </extensions>
      </trkpt>
      <trkpt lat="-25.40993099100887775421142578125" lon="-49.0001987479627132415771484375">
        <ele>1121.5999755859375</ele>
        <time>2025-04-05T08:40:55.000Z</time>
        <extensions>
          <ns3:TrackPointExtension>
            <ns3:hr>83</ns3:hr>
          </ns3:TrackPointExtension>
        </extensions>
      </trkpt>
      <trkpt lat="-25.40993149392306804656982421875" lon="-49.0002114884555339813232421875">
        <ele>1121.5999755859375</ele>
        <time>2025-04-05T08:40:56.000Z</time>
        <extensions>
          <ns3:TrackPointExtension>
            <ns3:hr>84</ns3:hr>
          </ns3:TrackPointExtension>
        </extensions>
      </trkpt>
      <trkpt lat="-25.4099379479885101318359375" lon="-49.00023688562214374542236328125">
        <ele>1121.5999755859375</ele>
        <time>2025-04-05T08:40:59.000Z</time>
        <extensions>
          <ns3:TrackPointExtension>
            <ns3:hr>87</ns3:hr>
          </ns3:TrackPointExtension>
        </extensions>
      </trkpt>
      <trkpt lat="-25.409949682652950286865234375" lon="-49.00025147013366222381591796875">
        <ele>1121.800048828125</ele>
        <time>2025-04-05T08:41:03.000Z</time>
        <extensions>
          <ns3:TrackPointExtension>
            <ns3:hr>83</ns3:hr>
          </ns3:TrackPointExtension>
        </extensions>
      </trkpt>
      <trkpt lat="-25.409966446459293365478515625" lon="-49.00027024559676647186279296875">
        <ele>1122</ele>
        <time>2025-04-05T08:41:06.000Z</time>
        <extensions>
          <ns3:TrackPointExtension>
            <ns3:hr>86</ns3:hr>
          </ns3:TrackPointExtension>
        </extensions>
      </trkpt>
      <trkpt lat="-25.40997155942022800445556640625" lon="-49.0002731792628765106201171875">
        <ele>1122</ele>
        <time>2025-04-05T08:41:07.000Z</time>
        <extensions>
          <ns3:TrackPointExtension>
            <ns3:hr>83</ns3:hr>
          </ns3:TrackPointExtension>
        </extensions>
      </trkpt>
      <trkpt lat="-25.40997591800987720489501953125" lon="-49.0002773702144622802734375">
        <ele>1122</ele>
        <time>2025-04-05T08:41:08.000Z</time>
        <extensions>
          <ns3:TrackPointExtension>
            <ns3:hr>84</ns3:hr>
          </ns3:TrackPointExtension>
        </extensions>
      </trkpt>
      <trkpt lat="-25.4099947772920131683349609375" lon="-49.00030075572431087493896484375">
        <ele>1121</ele>
        <time>2025-04-05T08:41:12.000Z</time>
        <extensions>
          <ns3:TrackPointExtension>
            <ns3:hr>88</ns3:hr>
          </ns3:TrackPointExtension>
        </extensions>
      </trkpt>
      <trkpt lat="-25.41000458411872386932373046875" lon="-49.0003097243607044219970703125">
        <ele>1120.800048828125</ele>
        <time>2025-04-05T08:41:13.000Z</time>
        <extensions>
          <ns3:TrackPointExtension>
            <ns3:hr>87</ns3:hr>
          </ns3:TrackPointExtension>
        </extensions>
      </trkpt>
      <trkpt lat="-25.41005395352840423583984375" lon="-49.00035875849425792694091796875">
        <ele>1119.5999755859375</ele>
        <time>2025-04-05T08:41:22.000Z</time>
        <extensions>
          <ns3:TrackPointExtension>
            <ns3:hr>87</ns3:hr>
          </ns3:TrackPointExtension>
        </extensions>
      </trkpt>
      <trkpt lat="-25.41007918305695056915283203125" lon="-49.00038993917405605316162109375">
        <ele>1120.800048828125</ele>
        <time>2025-04-05T08:41:26.000Z</time>
        <extensions>
          <ns3:TrackPointExtension>
            <ns3:hr>85</ns3:hr>
          </ns3:TrackPointExtension>
        </extensions>
      </trkpt>
      <trkpt lat="-25.41006443090736865997314453125" lon="-49.0004119835793972015380859375">
        <ele>1122.5999755859375</ele>
        <time>2025-04-05T08:41:30.000Z</time>
        <extensions>
          <ns3:TrackPointExtension>
            <ns3:hr>83</ns3:hr>
          </ns3:TrackPointExtension>
        </extensions>
      </trkpt>
      <trkpt lat="-25.41009929962456226348876953125" lon="-49.00041692890226840972900390625">
        <ele>1125.800048828125</ele>
        <time>2025-04-05T08:41:36.000Z</time>
        <extensions>
          <ns3:TrackPointExtension>
            <ns3:hr>81</ns3:hr>
          </ns3:TrackPointExtension>
        </extensions>
      </trkpt>
      <trkpt lat="-25.41012025438249111175537109375" lon="-49.0004337765276432037353515625">
        <ele>1127.5999755859375</ele>
        <time>2025-04-05T08:41:40.000Z</time>
        <extensions>
          <ns3:TrackPointExtension>
            <ns3:hr>83</ns3:hr>
          </ns3:TrackPointExtension>
        </extensions>
      </trkpt>
      <trkpt lat="-25.410128049552440643310546875" lon="-49.00047493167221546173095703125">
        <ele>1128.800048828125</ele>
        <time>2025-04-05T08:41:42.000Z</time>
        <extensions>
          <ns3:TrackPointExtension>
            <ns3:hr>82</ns3:hr>
          </ns3:TrackPointExtension>
        </extensions>
      </trkpt>
      <trkpt lat="-25.41012771427631378173828125" lon="-49.0004914440214633941650390625">
        <ele>1129.4000244140625</ele>
        <time>2025-04-05T08:41:43.000Z</time>
        <extensions>
          <ns3:TrackPointExtension>
            <ns3:hr>85</ns3:hr>
          </ns3:TrackPointExtension>
        </extensions>
      </trkpt>
      <trkpt lat="-25.410128049552440643310546875" lon="-49.00052052922546863555908203125">
        <ele>1130.199951171875</ele>
        <time>2025-04-05T08:41:45.000Z</time>
        <extensions>
          <ns3:TrackPointExtension>
            <ns3:hr>83</ns3:hr>
          </ns3:TrackPointExtension>
        </extensions>
      </trkpt>
      <trkpt lat="-25.41013584472239017486572265625" lon="-49.00052505545318126678466796875">
        <ele>1130.4000244140625</ele>
        <time>2025-04-05T08:41:46.000Z</time>
        <extensions>
          <ns3:TrackPointExtension>
            <ns3:hr>83</ns3:hr>
          </ns3:TrackPointExtension>
        </extensions>
      </trkpt>
      <trkpt lat="-25.4101416282355785369873046875" lon="-49.00053955614566802978515625">
        <ele>1131.4000244140625</ele>
        <time>2025-04-05T08:41:51.000Z</time>
        <extensions>
          <ns3:TrackPointExtension>
            <ns3:hr>79</ns3:hr>
          </ns3:TrackPointExtension>
        </extensions>
      </trkpt>
      <trkpt lat="-25.41014271788299083709716796875" lon="-49.00053913705050945281982421875">
        <ele>1131.4000244140625</ele>
        <time>2025-04-05T08:41:52.000Z</time>
        <extensions>
          <ns3:TrackPointExtension>
            <ns3:hr>83</ns3:hr>
          </ns3:TrackPointExtension>
        </extensions>
      </trkpt>
      <trkpt lat="-25.410141460597515106201171875" lon="-49.00053746066987514495849609375">
        <ele>1131.199951171875</ele>
        <time>2025-04-05T08:41:57.000Z</time>
        <extensions>
          <ns3:TrackPointExtension>
            <ns3:hr>86</ns3:hr>
          </ns3:TrackPointExtension>
        </extensions>
      </trkpt>
      <trkpt lat="-25.41014104150235652923583984375" lon="-49.00053779594600200653076171875">
        <ele>1131.199951171875</ele>
        <time>2025-04-05T08:41:58.000Z</time>
        <extensions>
          <ns3:TrackPointExtension>
            <ns3:hr>85</ns3:hr>
          </ns3:TrackPointExtension>
        </extensions>
      </trkpt>
      <trkpt lat="-25.4101476632058620452880859375" lon="-49.0005214512348175048828125">
        <ele>1130.800048828125</ele>
        <time>2025-04-05T08:42:05.000Z</time>
        <extensions>
          <ns3:TrackPointExtension>
            <ns3:hr>88</ns3:hr>
          </ns3:TrackPointExtension>
        </extensions>
      </trkpt>
      <trkpt lat="-25.410147495567798614501953125" lon="-49.00051265023648738861083984375">
        <ele>1131.4000244140625</ele>
        <time>2025-04-05T08:42:15.000Z</time>
        <extensions>
          <ns3:TrackPointExtension>
            <ns3:hr>89</ns3:hr>
          </ns3:TrackPointExtension>
        </extensions>
      </trkpt>
      <trkpt lat="-25.41016518138349056243896484375" lon="-49.00047074072062969207763671875">
        <ele>1133.4000244140625</ele>
        <time>2025-04-05T08:42:24.000Z</time>
        <extensions>
          <ns3:TrackPointExtension>
            <ns3:hr>89</ns3:hr>
          </ns3:TrackPointExtension>
        </extensions>
      </trkpt>
      <trkpt lat="-25.410152189433574676513671875" lon="-49.0004766918718814849853515625">
        <ele>1134.5999755859375</ele>
        <time>2025-04-05T08:42:30.000Z</time>
        <extensions>
          <ns3:TrackPointExtension>
            <ns3:hr>92</ns3:hr>
          </ns3:TrackPointExtension>
        </extensions>
      </trkpt>
      <trkpt lat="-25.4101614095270633697509765625" lon="-49.00048457086086273193359375">
        <ele>1135</ele>
        <time>2025-04-05T08:42:38.000Z</time>
        <extensions>
          <ns3:TrackPointExtension>
            <ns3:hr>93</ns3:hr>
          </ns3:TrackPointExtension>
        </extensions>
      </trkpt>
      <trkpt lat="-25.41015747003257274627685546875" lon="-49.00048348121345043182373046875">
        <ele>1134.4000244140625</ele>
        <time>2025-04-05T08:42:54.000Z</time>
        <extensions>
          <ns3:TrackPointExtension>
            <ns3:hr>92</ns3:hr>
          </ns3:TrackPointExtension>
        </extensions>
      </trkpt>
      <trkpt lat="-25.410148166120052337646484375" lon="-49.00048247538506984710693359375">
        <ele>1136</ele>
        <time>2025-04-05T08:43:08.000Z</time>
        <extensions>
          <ns3:TrackPointExtension>
            <ns3:hr>89</ns3:hr>
          </ns3:TrackPointExtension>
        </extensions>
      </trkpt>
      <trkpt lat="-25.410140790045261383056640625" lon="-49.00048482231795787811279296875">
        <ele>1136.4000244140625</ele>
        <time>2025-04-05T08:43:14.000Z</time>
        <extensions>
          <ns3:TrackPointExtension>
            <ns3:hr>86</ns3:hr>
          </ns3:TrackPointExtension>
        </extensions>
      </trkpt>
      <trkpt lat="-25.4101523570716381072998046875" lon="-49.000477530062198638916015625">
        <ele>1137</ele>
        <time>2025-04-05T08:43:19.000Z</time>
        <extensions>
          <ns3:TrackPointExtension>
            <ns3:hr>84</ns3:hr>
          </ns3:TrackPointExtension>
        </extensions>
      </trkpt>
      <trkpt lat="-25.41017054580152034759521484375" lon="-49.0004683099687099456787109375">
        <ele>1137.4000244140625</ele>
        <time>2025-04-05T08:43:22.000Z</time>
        <extensions>
          <ns3:TrackPointExtension>
            <ns3:hr>87</ns3:hr>
          </ns3:TrackPointExtension>
        </extensions>
      </trkpt>
      <trkpt lat="-25.4101959429681301116943359375" lon="-49.00047141127288341522216796875">
        <ele>1137.800048828125</ele>
        <time>2025-04-05T08:43:27.000Z</time>
        <extensions>
          <ns3:TrackPointExtension>
            <ns3:hr>86</ns3:hr>
          </ns3:TrackPointExtension>
        </extensions>
      </trkpt>
      <trkpt lat="-25.410221256315708160400390625" lon="-49.00047115981578826904296875">
        <ele>1138.5999755859375</ele>
        <time>2025-04-05T08:43:33.000Z</time>
        <extensions>
          <ns3:TrackPointExtension>
            <ns3:hr>84</ns3:hr>
          </ns3:TrackPointExtension>
        </extensions>
      </trkpt>
      <trkpt lat="-25.41024682112038135528564453125" lon="-49.000468812882900238037109375">
        <ele>1139</ele>
        <time>2025-04-05T08:43:38.000Z</time>
        <extensions>
          <ns3:TrackPointExtension>
            <ns3:hr>84</ns3:hr>
          </ns3:TrackPointExtension>
        </extensions>
      </trkpt>
      <trkpt lat="-25.4102743975818157196044921875" lon="-49.00045447982847690582275390625">
        <ele>1140.4000244140625</ele>
        <time>2025-04-05T08:43:46.000Z</time>
        <extensions>
          <ns3:TrackPointExtension>
            <ns3:hr>84</ns3:hr>
          </ns3:TrackPointExtension>
        </extensions>
      </trkpt>
      <trkpt lat="-25.410298369824886322021484375" lon="-49.00043754838407039642333984375">
        <ele>1140.5999755859375</ele>
        <time>2025-04-05T08:43:52.000Z</time>
        <extensions>
          <ns3:TrackPointExtension>
            <ns3:hr>84</ns3:hr>
          </ns3:TrackPointExtension>
        </extensions>
      </trkpt>
      <trkpt lat="-25.41032058186829090118408203125" lon="-49.0004109777510166168212890625">
        <ele>1140.4000244140625</ele>
        <time>2025-04-05T08:43:58.000Z</time>
        <extensions>
          <ns3:TrackPointExtension>
            <ns3:hr>84</ns3:hr>
          </ns3:TrackPointExtension>
        </extensions>
      </trkpt>
      <trkpt lat="-25.4103263653814792633056640625" lon="-49.00040117092430591583251953125">
        <ele>1140.199951171875</ele>
        <time>2025-04-05T08:44:04.000Z</time>
        <extensions>
          <ns3:TrackPointExtension>
            <ns3:hr>83</ns3:hr>
          </ns3:TrackPointExtension>
        </extensions>
      </trkpt>
      <trkpt lat="-25.41033516637980937957763671875" lon="-49.00039312429726123809814453125">
        <ele>1140.5999755859375</ele>
        <time>2025-04-05T08:44:11.000Z</time>
        <extensions>
          <ns3:TrackPointExtension>
            <ns3:hr>84</ns3:hr>
          </ns3:TrackPointExtension>
        </extensions>
      </trkpt>
      <trkpt lat="-25.41035461239516735076904296875" lon="-49.00037602521479129791259765625">
        <ele>1143.199951171875</ele>
        <time>2025-04-05T08:44:20.000Z</time>
        <extensions>
          <ns3:TrackPointExtension>
            <ns3:hr>84</ns3:hr>
          </ns3:TrackPointExtension>
        </extensions>
      </trkpt>
      <trkpt lat="-25.4103505052626132965087890625" lon="-49.00038206018507480621337890625">
        <ele>1144.5999755859375</ele>
        <time>2025-04-05T08:44:27.000Z</time>
        <extensions>
          <ns3:TrackPointExtension>
            <ns3:hr>83</ns3:hr>
          </ns3:TrackPointExtension>
        </extensions>
      </trkpt>
      <trkpt lat="-25.41035478003323078155517578125" lon="-49.00037652812898159027099609375">
        <ele>1145.199951171875</ele>
        <time>2025-04-05T08:44:29.000Z</time>
        <extensions>
          <ns3:TrackPointExtension>
            <ns3:hr>89</ns3:hr>
          </ns3:TrackPointExtension>
        </extensions>
      </trkpt>
      <trkpt lat="-25.41035561822354793548583984375" lon="-49.00037652812898159027099609375">
        <ele>1145.4000244140625</ele>
        <time>2025-04-05T08:44:30.000Z</time>
        <extensions>
          <ns3:TrackPointExtension>
            <ns3:hr>89</ns3:hr>
          </ns3:TrackPointExtension>
        </extensions>
      </trkpt>
      <trkpt lat="-25.41035863570868968963623046875" lon="-49.00037518702447414398193359375">
        <ele>1146</ele>
        <time>2025-04-05T08:44:32.000Z</time>
        <extensions>
          <ns3:TrackPointExtension>
            <ns3:hr>93</ns3:hr>
          </ns3:TrackPointExtension>
        </extensions>
      </trkpt>
      <trkpt lat="-25.410366766154766082763671875" lon="-49.000388681888580322265625">
        <ele>1149.4000244140625</ele>
        <time>2025-04-05T08:44:38.000Z</time>
        <extensions>
          <ns3:TrackPointExtension>
            <ns3:hr>94</ns3:hr>
          </ns3:TrackPointExtension>
        </extensions>
      </trkpt>
      <trkpt lat="-25.41038663126528263092041015625" lon="-49.0003905259072780609130859375">
        <ele>1153.199951171875</ele>
        <time>2025-04-05T08:44:44.000Z</time>
        <extensions>
          <ns3:TrackPointExtension>
            <ns3:hr>95</ns3:hr>
          </ns3:TrackPointExtension>
        </extensions>
      </trkpt>
      <trkpt lat="-25.4103992879390716552734375" lon="-49.000411815941333770751953125">
        <ele>1155</ele>
        <time>2025-04-05T08:44:50.000Z</time>
        <extensions>
          <ns3:TrackPointExtension>
            <ns3:hr>95</ns3:hr>
          </ns3:TrackPointExtension>
        </extensions>
      </trkpt>
      <trkpt lat="-25.41039995849132537841796875" lon="-49.00041223503649234771728515625">
        <ele>1155.800048828125</ele>
        <time>2025-04-05T08:44:54.000Z</time>
        <extensions>
          <ns3:TrackPointExtension>
            <ns3:hr>92</ns3:hr>
          </ns3:TrackPointExtension>
        </extensions>
      </trkpt>
      <trkpt lat="-25.41039995849132537841796875" lon="-49.00041223503649234771728515625">
        <ele>1156.5999755859375</ele>
        <time>2025-04-05T08:44:57.000Z</time>
        <extensions>
          <ns3:TrackPointExtension>
            <ns3:hr>93</ns3:hr>
          </ns3:TrackPointExtension>
        </extensions>
      </trkpt>
      <trkpt lat="-25.41039987467229366302490234375" lon="-49.000412486493587493896484375">
        <ele>1156.5999755859375</ele>
        <time>2025-04-05T08:45:12.000Z</time>
        <extensions>
          <ns3:TrackPointExtension>
            <ns3:hr>90</ns3:hr>
          </ns3:TrackPointExtension>
        </extensions>
      </trkpt>
      <trkpt lat="-25.41039526462554931640625" lon="-49.00041273795068264007568359375">
        <ele>1156.5999755859375</ele>
        <time>2025-04-05T08:45:28.000Z</time>
        <extensions>
          <ns3:TrackPointExtension>
            <ns3:hr>87</ns3:hr>
          </ns3:TrackPointExtension>
        </extensions>
      </trkpt>
      <trkpt lat="-25.41039467789232730865478515625" lon="-49.00041282176971435546875">
        <ele>1156.5999755859375</ele>
        <time>2025-04-05T08:45:31.000Z</time>
        <extensions>
          <ns3:TrackPointExtension>
            <ns3:hr>84</ns3:hr>
          </ns3:TrackPointExtension>
        </extensions>
      </trkpt>
      <trkpt lat="-25.41039283387362957000732421875" lon="-49.00041282176971435546875">
        <ele>1156.800048828125</ele>
        <time>2025-04-05T08:45:37.000Z</time>
        <extensions>
          <ns3:TrackPointExtension>
            <ns3:hr>81</ns3:hr>
          </ns3:TrackPointExtension>
        </extensions>
      </trkpt>
      <trkpt lat="-25.4103924147784709930419921875" lon="-49.00041156448423862457275390625">
        <ele>1157.5999755859375</ele>
        <time>2025-04-05T08:45:54.000Z</time>
        <extensions>
          <ns3:TrackPointExtension>
            <ns3:hr>84</ns3:hr>
          </ns3:TrackPointExtension>
        </extensions>
      </trkpt>
      <trkpt lat="-25.4103934206068515777587890625" lon="-49.00041139684617519378662109375">
        <ele>1158.4000244140625</ele>
        <time>2025-04-05T08:46:00.000Z</time>
        <extensions>
          <ns3:TrackPointExtension>
            <ns3:hr>87</ns3:hr>
          </ns3:TrackPointExtension>
        </extensions>
      </trkpt>
      <trkpt lat="-25.41042552329599857330322265625" lon="-49.00047861970961093902587890625">
        <ele>1159.5999755859375</ele>
        <time>2025-04-05T08:46:36.000Z</time>
        <extensions>
          <ns3:TrackPointExtension>
            <ns3:hr>90</ns3:hr>
          </ns3:TrackPointExtension>
        </extensions>
      </trkpt>
      <trkpt lat="-25.41044153273105621337890625" lon="-49.00050292722880840301513671875">
        <ele>1159.5999755859375</ele>
        <time>2025-04-05T08:46:38.000Z</time>
        <extensions>
          <ns3:TrackPointExtension>
            <ns3:hr>90</ns3:hr>
          </ns3:TrackPointExtension>
        </extensions>
      </trkpt>
      <trkpt lat="-25.41049920022487640380859375" lon="-49.0005427412688732147216796875">
        <ele>1159.800048828125</ele>
        <time>2025-04-05T08:46:45.000Z</time>
        <extensions>
          <ns3:TrackPointExtension>
            <ns3:hr>91</ns3:hr>
          </ns3:TrackPointExtension>
        </extensions>
      </trkpt>
      <trkpt lat="-25.41054454632103443145751953125" lon="-49.0005367062985897064208984375">
        <ele>1159.5999755859375</ele>
        <time>2025-04-05T08:46:56.000Z</time>
        <extensions>
          <ns3:TrackPointExtension>
            <ns3:hr>92</ns3:hr>
          </ns3:TrackPointExtension>
        </extensions>
      </trkpt>
      <trkpt lat="-25.41054689325392246246337890625" lon="-49.000524468719959259033203125">
        <ele>1160.5999755859375</ele>
        <time>2025-04-05T08:47:01.000Z</time>
        <extensions>
          <ns3:TrackPointExtension>
            <ns3:hr>95</ns3:hr>
          </ns3:TrackPointExtension>
        </extensions>
      </trkpt>
      <trkpt lat="-25.41054655797779560089111328125" lon="-49.0005259774625301361083984375">
        <ele>1160.800048828125</ele>
        <time>2025-04-05T08:47:04.000Z</time>
        <extensions>
          <ns3:TrackPointExtension>
            <ns3:hr>92</ns3:hr>
          </ns3:TrackPointExtension>
        </extensions>
      </trkpt>
      <trkpt lat="-25.41054639033973217010498046875" lon="-49.000531174242496490478515625">
        <ele>1162.199951171875</ele>
        <time>2025-04-05T08:47:13.000Z</time>
        <extensions>
          <ns3:TrackPointExtension>
            <ns3:hr>92</ns3:hr>
          </ns3:TrackPointExtension>
        </extensions>
      </trkpt>
      <trkpt lat="-25.41054639033973217010498046875" lon="-49.00052974931895732879638671875">
        <ele>1162.5999755859375</ele>
        <time>2025-04-05T08:47:18.000Z</time>
        <extensions>
          <ns3:TrackPointExtension>
            <ns3:hr>89</ns3:hr>
          </ns3:TrackPointExtension>
        </extensions>
      </trkpt>
      <trkpt lat="-25.41054639033973217010498046875" lon="-49.00052824057638645172119140625">
        <ele>1162.5999755859375</ele>
        <time>2025-04-05T08:47:20.000Z</time>
        <extensions>
          <ns3:TrackPointExtension>
            <ns3:hr>92</ns3:hr>
          </ns3:TrackPointExtension>
        </extensions>
      </trkpt>
      <trkpt lat="-25.41054639033973217010498046875" lon="-49.00052455253899097442626953125">
        <ele>1162.4000244140625</ele>
        <time>2025-04-05T08:47:26.000Z</time>
        <extensions>
          <ns3:TrackPointExtension>
            <ns3:hr>89</ns3:hr>
          </ns3:TrackPointExtension>
        </extensions>
      </trkpt>
      <trkpt lat="-25.410546474158763885498046875" lon="-49.00051717646420001983642578125">
        <ele>1162</ele>
        <time>2025-04-05T08:47:40.000Z</time>
        <extensions>
          <ns3:TrackPointExtension>
            <ns3:hr>86</ns3:hr>
          </ns3:TrackPointExtension>
        </extensions>
      </trkpt>
      <trkpt lat="-25.41057539172470569610595703125" lon="-49.00053561665117740631103515625">
        <ele>1162.4000244140625</ele>
        <time>2025-04-05T08:47:55.000Z</time>
        <extensions>
          <ns3:TrackPointExtension>
            <ns3:hr>87</ns3:hr>
          </ns3:TrackPointExtension>
        </extensions>
      </trkpt>
      <trkpt lat="-25.41061277501285076141357421875" lon="-49.00052438490092754364013671875">
        <ele>1166.4000244140625</ele>
        <time>2025-04-05T08:48:01.000Z</time>
        <extensions>
          <ns3:TrackPointExtension>
            <ns3:hr>88</ns3:hr>
          </ns3:TrackPointExtension>
        </extensions>
      </trkpt>
      <trkpt lat="-25.41063339449465274810791015625" lon="-49.00050058029592037200927734375">
        <ele>1172.4000244140625</ele>
        <time>2025-04-05T08:48:08.000Z</time>
        <extensions>
          <ns3:TrackPointExtension>
            <ns3:hr>86</ns3:hr>
          </ns3:TrackPointExtension>
        </extensions>
      </trkpt>
      <trkpt lat="-25.4106425307691097259521484375" lon="-49.00050695054233074188232421875">
        <ele>1173.5999755859375</ele>
        <time>2025-04-05T08:48:11.000Z</time>
        <extensions>
          <ns3:TrackPointExtension>
            <ns3:hr>83</ns3:hr>
          </ns3:TrackPointExtension>
        </extensions>
      </trkpt>
      <trkpt lat="-25.4106435365974903106689453125" lon="-49.00050527416169643402099609375">
        <ele>1173.800048828125</ele>
        <time>2025-04-05T08:48:12.000Z</time>
        <extensions>
          <ns3:TrackPointExtension>
            <ns3:hr>87</ns3:hr>
          </ns3:TrackPointExtension>
        </extensions>
      </trkpt>
      <trkpt lat="-25.41064395569264888763427734375" lon="-49.00050527416169643402099609375">
        <ele>1174</ele>
        <time>2025-04-05T08:48:13.000Z</time>
        <extensions>
          <ns3:TrackPointExtension>
            <ns3:hr>83</ns3:hr>
          </ns3:TrackPointExtension>
        </extensions>
      </trkpt>
      <trkpt lat="-25.4106539301574230194091796875" lon="-49.000490270555019378662109375">
        <ele>1174.5999755859375</ele>
        <time>2025-04-05T08:48:21.000Z</time>
        <extensions>
          <ns3:TrackPointExtension>
            <ns3:hr>86</ns3:hr>
          </ns3:TrackPointExtension>
        </extensions>
      </trkpt>
      <trkpt lat="-25.4106539301574230194091796875" lon="-49.000490270555019378662109375">
        <ele>1174.5999755859375</ele>
        <time>2025-04-05T08:48:22.000Z</time>
        <extensions>
          <ns3:TrackPointExtension>
            <ns3:hr>83</ns3:hr>
          </ns3:TrackPointExtension>
        </extensions>
      </trkpt>
      <trkpt lat="-25.4106539301574230194091796875" lon="-49.000490270555019378662109375">
        <ele>1174.4000244140625</ele>
        <time>2025-04-05T08:48:34.000Z</time>
        <extensions>
          <ns3:TrackPointExtension>
            <ns3:hr>79</ns3:hr>
          </ns3:TrackPointExtension>
        </extensions>
      </trkpt>
      <trkpt lat="-25.41066105477511882781982421875" lon="-49.000490270555019378662109375">
        <ele>1174.4000244140625</ele>
        <time>2025-04-05T08:48:36.000Z</time>
        <extensions>
          <ns3:TrackPointExtension>
            <ns3:hr>82</ns3:hr>
          </ns3:TrackPointExtension>
        </extensions>
      </trkpt>
      <trkpt lat="-25.410666503012180328369140625" lon="-49.0004892647266387939453125">
        <ele>1174.5999755859375</ele>
        <time>2025-04-05T08:48:40.000Z</time>
        <extensions>
          <ns3:TrackPointExtension>
            <ns3:hr>89</ns3:hr>
          </ns3:TrackPointExtension>
        </extensions>
      </trkpt>
      <trkpt lat="-25.41067429818212985992431640625" lon="-49.000482894480228424072265625">
        <ele>1174.800048828125</ele>
        <time>2025-04-05T08:48:44.000Z</time>
        <extensions>
          <ns3:TrackPointExtension>
            <ns3:hr>93</ns3:hr>
          </ns3:TrackPointExtension>
        </extensions>
      </trkpt>
      <trkpt lat="-25.41068552993237972259521484375" lon="-49.0004589222371578216552734375">
        <ele>1175.5999755859375</ele>
        <time>2025-04-05T08:48:49.000Z</time>
        <extensions>
          <ns3:TrackPointExtension>
            <ns3:hr>93</ns3:hr>
          </ns3:TrackPointExtension>
        </extensions>
      </trkpt>
      <trkpt lat="-25.41067111305892467498779296875" lon="-49.00045028887689113616943359375">
        <ele>1177.5999755859375</ele>
        <time>2025-04-05T08:48:55.000Z</time>
        <extensions>
          <ns3:TrackPointExtension>
            <ns3:hr>92</ns3:hr>
          </ns3:TrackPointExtension>
        </extensions>
      </trkpt>
      <trkpt lat="-25.41066440753638744354248046875" lon="-49.00044794194400310516357421875">
        <ele>1181.5999755859375</ele>
        <time>2025-04-05T08:49:01.000Z</time>
        <extensions>
          <ns3:TrackPointExtension>
            <ns3:hr>92</ns3:hr>
          </ns3:TrackPointExtension>
        </extensions>
      </trkpt>
      <trkpt lat="-25.4106660000979900360107421875" lon="-49.0004490315914154052734375">
        <ele>1185.199951171875</ele>
        <time>2025-04-05T08:49:07.000Z</time>
        <extensions>
          <ns3:TrackPointExtension>
            <ns3:hr>93</ns3:hr>
          </ns3:TrackPointExtension>
        </extensions>
      </trkpt>
      <trkpt lat="-25.41064948774874210357666015625" lon="-49.0004512108862400054931640625">
        <ele>1188.199951171875</ele>
        <time>2025-04-05T08:49:14.000Z</time>
        <extensions>
          <ns3:TrackPointExtension>
            <ns3:hr>93</ns3:hr>
          </ns3:TrackPointExtension>
        </extensions>
      </trkpt>
      <trkpt lat="-25.41067999787628650665283203125" lon="-49.000437967479228973388671875">
        <ele>1191.4000244140625</ele>
        <time>2025-04-05T08:49:28.000Z</time>
        <extensions>
          <ns3:TrackPointExtension>
            <ns3:hr>91</ns3:hr>
          </ns3:TrackPointExtension>
        </extensions>
      </trkpt>
      <trkpt lat="-25.41070614941418170928955078125" lon="-49.0004186891019344329833984375">
        <ele>1194.199951171875</ele>
        <time>2025-04-05T08:49:35.000Z</time>
        <extensions>
          <ns3:TrackPointExtension>
            <ns3:hr>91</ns3:hr>
          </ns3:TrackPointExtension>
        </extensions>
      </trkpt>
      <trkpt lat="-25.4107206501066684722900390625" lon="-49.0004230476915836334228515625">
        <ele>1194.800048828125</ele>
        <time>2025-04-05T08:49:38.000Z</time>
        <extensions>
          <ns3:TrackPointExtension>
            <ns3:hr>87</ns3:hr>
          </ns3:TrackPointExtension>
        </extensions>
      </trkpt>
      <trkpt lat="-25.41072442196309566497802734375" lon="-49.00042983703315258026123046875">
        <ele>1195</ele>
        <time>2025-04-05T08:49:39.000Z</time>
        <extensions>
          <ns3:TrackPointExtension>
            <ns3:hr>90</ns3:hr>
          </ns3:TrackPointExtension>
        </extensions>
      </trkpt>
      <trkpt lat="-25.410730540752410888671875" lon="-49.00043017230927944183349609375">
        <ele>1195.199951171875</ele>
        <time>2025-04-05T08:49:42.000Z</time>
        <extensions>
          <ns3:TrackPointExtension>
            <ns3:hr>88</ns3:hr>
          </ns3:TrackPointExtension>
        </extensions>
      </trkpt>
      <trkpt lat="-25.410742945969104766845703125" lon="-49.000432603061199188232421875">
        <ele>1196</ele>
        <time>2025-04-05T08:49:45.000Z</time>
        <extensions>
          <ns3:TrackPointExtension>
            <ns3:hr>91</ns3:hr>
          </ns3:TrackPointExtension>
        </extensions>
      </trkpt>
      <trkpt lat="-25.41075862012803554534912109375" lon="-49.00043402798473834991455078125">
        <ele>1197.199951171875</ele>
        <time>2025-04-05T08:49:49.000Z</time>
        <extensions>
          <ns3:TrackPointExtension>
            <ns3:hr>91</ns3:hr>
          </ns3:TrackPointExtension>
        </extensions>
      </trkpt>
      <trkpt lat="-25.410771779716014862060546875" lon="-49.000427238643169403076171875">
        <ele>1197.800048828125</ele>
        <time>2025-04-05T08:49:55.000Z</time>
        <extensions>
          <ns3:TrackPointExtension>
            <ns3:hr>92</ns3:hr>
          </ns3:TrackPointExtension>
        </extensions>
      </trkpt>
      <trkpt lat="-25.41077404282987117767333984375" lon="-49.0004428289830684661865234375">
        <ele>1198.4000244140625</ele>
        <time>2025-04-05T08:50:01.000Z</time>
        <extensions>
          <ns3:TrackPointExtension>
            <ns3:hr>91</ns3:hr>
          </ns3:TrackPointExtension>
        </extensions>
      </trkpt>
      <trkpt lat="-25.4107796587049961090087890625" lon="-49.0004525519907474517822265625">
        <ele>1199.5999755859375</ele>
        <time>2025-04-05T08:50:08.000Z</time>
        <extensions>
          <ns3:TrackPointExtension>
            <ns3:hr>93</ns3:hr>
          </ns3:TrackPointExtension>
        </extensions>
      </trkpt>
      <trkpt lat="-25.41077169589698314666748046875" lon="-49.00046135298907756805419921875">
        <ele>1200.199951171875</ele>
        <time>2025-04-05T08:50:13.000Z</time>
        <extensions>
          <ns3:TrackPointExtension>
            <ns3:hr>94</ns3:hr>
          </ns3:TrackPointExtension>
        </extensions>
      </trkpt>
      <trkpt lat="-25.4107732884585857391357421875" lon="-49.00047007016837596893310546875">
        <ele>1200.4000244140625</ele>
        <time>2025-04-05T08:50:14.000Z</time>
        <extensions>
          <ns3:TrackPointExtension>
            <ns3:hr>97</ns3:hr>
          </ns3:TrackPointExtension>
        </extensions>
      </trkpt>
      <trkpt lat="-25.410780496895313262939453125" lon="-49.00047375820577144622802734375">
        <ele>1200.800048828125</ele>
        <time>2025-04-05T08:50:16.000Z</time>
        <extensions>
          <ns3:TrackPointExtension>
            <ns3:hr>94</ns3:hr>
          </ns3:TrackPointExtension>
        </extensions>
      </trkpt>
      <trkpt lat="-25.410778820514678955078125" lon="-49.00048700161278247833251953125">
        <ele>1200.800048828125</ele>
        <time>2025-04-05T08:50:18.000Z</time>
        <extensions>
          <ns3:TrackPointExtension>
            <ns3:hr>95</ns3:hr>
          </ns3:TrackPointExtension>
        </extensions>
      </trkpt>
      <trkpt lat="-25.4107960872352123260498046875" lon="-49.00048482231795787811279296875">
        <ele>1200</ele>
        <time>2025-04-05T08:50:24.000Z</time>
        <extensions>
          <ns3:TrackPointExtension>
            <ns3:hr>92</ns3:hr>
          </ns3:TrackPointExtension>
        </extensions>
      </trkpt>
      <trkpt lat="-25.4107950814068317413330078125" lon="-49.000485241413116455078125">
        <ele>1200</ele>
        <time>2025-04-05T08:50:25.000Z</time>
        <extensions>
          <ns3:TrackPointExtension>
            <ns3:hr>93</ns3:hr>
          </ns3:TrackPointExtension>
        </extensions>
      </trkpt>
      <trkpt lat="-25.41081829927861690521240234375" lon="-49.0004760213196277618408203125">
        <ele>1199.800048828125</ele>
        <time>2025-04-05T08:50:29.000Z</time>
        <extensions>
          <ns3:TrackPointExtension>
            <ns3:hr>93</ns3:hr>
          </ns3:TrackPointExtension>
        </extensions>
      </trkpt>
      <trkpt lat="-25.41082818992435932159423828125" lon="-49.00047627277672290802001953125">
        <ele>1199.4000244140625</ele>
        <time>2025-04-05T08:50:33.000Z</time>
        <extensions>
          <ns3:TrackPointExtension>
            <ns3:hr>94</ns3:hr>
          </ns3:TrackPointExtension>
        </extensions>
      </trkpt>
      <trkpt lat="-25.41083875112235546112060546875" lon="-49.0005008317530155181884765625">
        <ele>1198.800048828125</ele>
        <time>2025-04-05T08:50:39.000Z</time>
        <extensions>
          <ns3:TrackPointExtension>
            <ns3:hr>91</ns3:hr>
          </ns3:TrackPointExtension>
        </extensions>
      </trkpt>
      <trkpt lat="-25.4108379967510700225830078125" lon="-49.00050560943782329559326171875">
        <ele>1198.800048828125</ele>
        <time>2025-04-05T08:50:40.000Z</time>
        <extensions>
          <ns3:TrackPointExtension>
            <ns3:hr>91</ns3:hr>
          </ns3:TrackPointExtension>
        </extensions>
      </trkpt>
      <trkpt lat="-25.41084118187427520751953125" lon="-49.0005061961710453033447265625">
        <ele>1198.4000244140625</ele>
        <time>2025-04-05T08:50:44.000Z</time>
        <extensions>
          <ns3:TrackPointExtension>
            <ns3:hr>88</ns3:hr>
          </ns3:TrackPointExtension>
        </extensions>
      </trkpt>
      <trkpt lat="-25.41084327735006809234619140625" lon="-49.00050711818039417266845703125">
        <ele>1198</ele>
        <time>2025-04-05T08:50:51.000Z</time>
        <extensions>
          <ns3:TrackPointExtension>
            <ns3:hr>87</ns3:hr>
          </ns3:TrackPointExtension>
        </extensions>
      </trkpt>
      <trkpt lat="-25.41084797121584415435791015625" lon="-49.0004968084394931793212890625">
        <ele>1200</ele>
        <time>2025-04-05T08:51:00.000Z</time>
        <extensions>
          <ns3:TrackPointExtension>
            <ns3:hr>88</ns3:hr>
          </ns3:TrackPointExtension>
        </extensions>
      </trkpt>
      <trkpt lat="-25.41086272336542606353759765625" lon="-49.0004865825176239013671875">
        <ele>1201.199951171875</ele>
        <time>2025-04-05T08:51:06.000Z</time>
        <extensions>
          <ns3:TrackPointExtension>
            <ns3:hr>87</ns3:hr>
          </ns3:TrackPointExtension>
        </extensions>
      </trkpt>
      <trkpt lat="-25.41087982244789600372314453125" lon="-49.00049253366887569427490234375">
        <ele>1203</ele>
        <time>2025-04-05T08:51:13.000Z</time>
        <extensions>
          <ns3:TrackPointExtension>
            <ns3:hr>87</ns3:hr>
          </ns3:TrackPointExtension>
        </extensions>
      </trkpt>
      <trkpt lat="-25.41088367812335491180419921875" lon="-49.000506363809108734130859375">
        <ele>1204.4000244140625</ele>
        <time>2025-04-05T08:51:20.000Z</time>
        <extensions>
          <ns3:TrackPointExtension>
            <ns3:hr>88</ns3:hr>
          </ns3:TrackPointExtension>
        </extensions>
      </trkpt>
      <trkpt lat="-25.41088367812335491180419921875" lon="-49.00050225667655467987060546875">
        <ele>1205.800048828125</ele>
        <time>2025-04-05T08:51:35.000Z</time>
        <extensions>
          <ns3:TrackPointExtension>
            <ns3:hr>91</ns3:hr>
          </ns3:TrackPointExtension>
        </extensions>
      </trkpt>
      <trkpt lat="-25.41091628372669219970703125" lon="-49.0004968084394931793212890625">
        <ele>1204.4000244140625</ele>
        <time>2025-04-05T08:51:54.000Z</time>
        <extensions>
          <ns3:TrackPointExtension>
            <ns3:hr>94</ns3:hr>
          </ns3:TrackPointExtension>
        </extensions>
      </trkpt>
      <trkpt lat="-25.41091754101216793060302734375" lon="-49.00049672462046146392822265625">
        <ele>1204.199951171875</ele>
        <time>2025-04-05T08:51:55.000Z</time>
        <extensions>
          <ns3:TrackPointExtension>
            <ns3:hr>91</ns3:hr>
          </ns3:TrackPointExtension>
        </extensions>
      </trkpt>
      <trkpt lat="-25.410943441092967987060546875" lon="-49.00050091557204723358154296875">
        <ele>1203.5999755859375</ele>
        <time>2025-04-05T08:52:01.000Z</time>
        <extensions>
          <ns3:TrackPointExtension>
            <ns3:hr>94</ns3:hr>
          </ns3:TrackPointExtension>
        </extensions>
      </trkpt>
      <trkpt lat="-25.41095106862485408782958984375" lon="-49.0004974789917469024658203125">
        <ele>1203.4000244140625</ele>
        <time>2025-04-05T08:52:03.000Z</time>
        <extensions>
          <ns3:TrackPointExtension>
            <ns3:hr>87</ns3:hr>
          </ns3:TrackPointExtension>
        </extensions>
      </trkpt>
      <trkpt lat="-25.41097051464021205902099609375" lon="-49.0004740096628665924072265625">
        <ele>1203</ele>
        <time>2025-04-05T08:52:05.000Z</time>
        <extensions>
          <ns3:TrackPointExtension>
            <ns3:hr>85</ns3:hr>
          </ns3:TrackPointExtension>
        </extensions>
      </trkpt>
      <trkpt lat="-25.41097839362919330596923828125" lon="-49.00045548565685749053955078125">
        <ele>1202.4000244140625</ele>
        <time>2025-04-05T08:52:12.000Z</time>
        <extensions>
          <ns3:TrackPointExtension>
            <ns3:hr>84</ns3:hr>
          </ns3:TrackPointExtension>
        </extensions>
      </trkpt>
      <trkpt lat="-25.41096447966992855072021484375" lon="-49.0004448406398296356201171875">
        <ele>1208</ele>
        <time>2025-04-05T08:52:55.000Z</time>
        <extensions>
          <ns3:TrackPointExtension>
            <ns3:hr>89</ns3:hr>
          </ns3:TrackPointExtension>
        </extensions>
      </trkpt>
      <trkpt lat="-25.410960875451564788818359375" lon="-49.00044358335435390472412109375">
        <ele>1208</ele>
        <time>2025-04-05T08:52:56.000Z</time>
        <extensions>
          <ns3:TrackPointExtension>
            <ns3:hr>88</ns3:hr>
          </ns3:TrackPointExtension>
        </extensions>
      </trkpt>
      <trkpt lat="-25.41096431203186511993408203125" lon="-49.0004337765276432037353515625">
        <ele>1208.800048828125</ele>
        <time>2025-04-05T08:53:03.000Z</time>
        <extensions>
          <ns3:TrackPointExtension>
            <ns3:hr>87</ns3:hr>
          </ns3:TrackPointExtension>
        </extensions>
      </trkpt>
      <trkpt lat="-25.4109613783657550811767578125" lon="-49.000415839254856109619140625">
        <ele>1210.5999755859375</ele>
        <time>2025-04-05T08:53:08.000Z</time>
        <extensions>
          <ns3:TrackPointExtension>
            <ns3:hr>90</ns3:hr>
          </ns3:TrackPointExtension>
        </extensions>
      </trkpt>
      <trkpt lat="-25.41096146218478679656982421875" lon="-49.00041156448423862457275390625">
        <ele>1212.4000244140625</ele>
        <time>2025-04-05T08:53:12.000Z</time>
        <extensions>
          <ns3:TrackPointExtension>
            <ns3:hr>89</ns3:hr>
          </ns3:TrackPointExtension>
        </extensions>
      </trkpt>
      <trkpt lat="-25.4109771363437175750732421875" lon="-49.0004074573516845703125">
        <ele>1214</ele>
        <time>2025-04-05T08:53:19.000Z</time>
        <extensions>
          <ns3:TrackPointExtension>
            <ns3:hr>86</ns3:hr>
          </ns3:TrackPointExtension>
        </extensions>
      </trkpt>
      <trkpt lat="-25.4109771363437175750732421875" lon="-49.0004074573516845703125">
        <ele>1214</ele>
        <time>2025-04-05T08:53:20.000Z</time>
        <extensions>
          <ns3:TrackPointExtension>
            <ns3:hr>87</ns3:hr>
          </ns3:TrackPointExtension>
        </extensions>
      </trkpt>
      <trkpt lat="-25.4109667427837848663330078125" lon="-49.00039513595402240753173828125">
        <ele>1214.5999755859375</ele>
        <time>2025-04-05T08:53:49.000Z</time>
        <extensions>
          <ns3:TrackPointExtension>
            <ns3:hr>90</ns3:hr>
          </ns3:TrackPointExtension>
        </extensions>
      </trkpt>
      <trkpt lat="-25.41097202338278293609619140625" lon="-49.00037887506186962127685546875">
        <ele>1218.5999755859375</ele>
        <time>2025-04-05T08:54:17.000Z</time>
        <extensions>
          <ns3:TrackPointExtension>
            <ns3:hr>88</ns3:hr>
          </ns3:TrackPointExtension>
        </extensions>
      </trkpt>
      <trkpt lat="-25.41097705252468585968017578125" lon="-49.00038063526153564453125">
        <ele>1225.5999755859375</ele>
        <time>2025-04-05T08:54:34.000Z</time>
        <extensions>
          <ns3:TrackPointExtension>
            <ns3:hr>88</ns3:hr>
          </ns3:TrackPointExtension>
        </extensions>
      </trkpt>
      <trkpt lat="-25.4109888710081577301025390625" lon="-49.00036118924617767333984375">
        <ele>1226.199951171875</ele>
        <time>2025-04-05T08:54:55.000Z</time>
        <extensions>
          <ns3:TrackPointExtension>
            <ns3:hr>88</ns3:hr>
          </ns3:TrackPointExtension>
        </extensions>
      </trkpt>
      <trkpt lat="-25.4109995998442173004150390625" lon="-49.0003362111747264862060546875">
        <ele>1226</ele>
        <time>2025-04-05T08:55:08.000Z</time>
        <extensions>
          <ns3:TrackPointExtension>
            <ns3:hr>88</ns3:hr>
          </ns3:TrackPointExtension>
        </extensions>
      </trkpt>
      <trkpt lat="-25.4110116697847843170166015625" lon="-49.000293798744678497314453125">
        <ele>1222.4000244140625</ele>
        <time>2025-04-05T08:55:27.000Z</time>
        <extensions>
          <ns3:TrackPointExtension>
            <ns3:hr>91</ns3:hr>
          </ns3:TrackPointExtension>
        </extensions>
      </trkpt>
      <trkpt lat="-25.4110170342028141021728515625" lon="-49.00029958225786685943603515625">
        <ele>1221.199951171875</ele>
        <time>2025-04-05T08:55:47.000Z</time>
        <extensions>
          <ns3:TrackPointExtension>
            <ns3:hr>90</ns3:hr>
          </ns3:TrackPointExtension>
        </extensions>
      </trkpt>
      <trkpt lat="-25.4110549204051494598388671875" lon="-49.00028902105987071990966796875">
        <ele>1221.5999755859375</ele>
        <time>2025-04-05T08:55:54.000Z</time>
        <extensions>
          <ns3:TrackPointExtension>
            <ns3:hr>89</ns3:hr>
          </ns3:TrackPointExtension>
        </extensions>
      </trkpt>
      <trkpt lat="-25.411055088043212890625" lon="-49.00029145181179046630859375">
        <ele>1222.5999755859375</ele>
        <time>2025-04-05T08:56:04.000Z</time>
        <extensions>
          <ns3:TrackPointExtension>
            <ns3:hr>88</ns3:hr>
          </ns3:TrackPointExtension>
        </extensions>
      </trkpt>
      <trkpt lat="-25.41105466894805431365966796875" lon="-49.00029145181179046630859375">
        <ele>1222.5999755859375</ele>
        <time>2025-04-05T08:56:10.000Z</time>
        <extensions>
          <ns3:TrackPointExtension>
            <ns3:hr>91</ns3:hr>
          </ns3:TrackPointExtension>
        </extensions>
      </trkpt>
      <trkpt lat="-25.41105500422418117523193359375" lon="-49.00029187090694904327392578125">
        <ele>1224</ele>
        <time>2025-04-05T08:56:26.000Z</time>
        <extensions>
          <ns3:TrackPointExtension>
            <ns3:hr>88</ns3:hr>
          </ns3:TrackPointExtension>
        </extensions>
      </trkpt>
      <trkpt lat="-25.4110777191817760467529296875" lon="-49.00028902105987071990966796875">
        <ele>1226.800048828125</ele>
        <time>2025-04-05T08:56:52.000Z</time>
        <extensions>
          <ns3:TrackPointExtension>
            <ns3:hr>85</ns3:hr>
          </ns3:TrackPointExtension>
        </extensions>
      </trkpt>
      <trkpt lat="-25.41109741665422916412353515625" lon="-49.00028902105987071990966796875">
        <ele>1227</ele>
        <time>2025-04-05T08:56:58.000Z</time>
        <extensions>
          <ns3:TrackPointExtension>
            <ns3:hr>88</ns3:hr>
          </ns3:TrackPointExtension>
        </extensions>
      </trkpt>
      <trkpt lat="-25.411098003387451171875" lon="-49.00028902105987071990966796875">
        <ele>1227.199951171875</ele>
        <time>2025-04-05T08:56:59.000Z</time>
        <extensions>
          <ns3:TrackPointExtension>
            <ns3:hr>88</ns3:hr>
          </ns3:TrackPointExtension>
        </extensions>
      </trkpt>
      <trkpt lat="-25.4110988415777683258056640625" lon="-49.00028499774634838104248046875">
        <ele>1227.199951171875</ele>
        <time>2025-04-05T08:57:02.000Z</time>
        <extensions>
          <ns3:TrackPointExtension>
            <ns3:hr>85</ns3:hr>
          </ns3:TrackPointExtension>
        </extensions>
      </trkpt>
      <trkpt lat="-25.4110988415777683258056640625" lon="-49.0002829022705554962158203125">
        <ele>1227.199951171875</ele>
        <time>2025-04-05T08:57:03.000Z</time>
        <extensions>
          <ns3:TrackPointExtension>
            <ns3:hr>88</ns3:hr>
          </ns3:TrackPointExtension>
        </extensions>
      </trkpt>
      <trkpt lat="-25.411098003387451171875" lon="-49.00027561001479625701904296875">
        <ele>1227.4000244140625</ele>
        <time>2025-04-05T08:57:14.000Z</time>
        <extensions>
          <ns3:TrackPointExtension>
            <ns3:hr>84</ns3:hr>
          </ns3:TrackPointExtension>
        </extensions>
      </trkpt>
      <trkpt lat="-25.411087609827518463134765625" lon="-49.00027561001479625701904296875">
        <ele>1227.5999755859375</ele>
        <time>2025-04-05T08:57:17.000Z</time>
        <extensions>
          <ns3:TrackPointExtension>
            <ns3:hr>87</ns3:hr>
          </ns3:TrackPointExtension>
        </extensions>
      </trkpt>
      <trkpt lat="-25.4110760428011417388916015625" lon="-49.0002795495092868804931640625">
        <ele>1227.800048828125</ele>
        <time>2025-04-05T08:57:27.000Z</time>
        <extensions>
          <ns3:TrackPointExtension>
            <ns3:hr>83</ns3:hr>
          </ns3:TrackPointExtension>
        </extensions>
      </trkpt>
      <trkpt lat="-25.4110760428011417388916015625" lon="-49.000282399356365203857421875">
        <ele>1227.800048828125</ele>
        <time>2025-04-05T08:57:29.000Z</time>
        <extensions>
          <ns3:TrackPointExtension>
            <ns3:hr>79</ns3:hr>
          </ns3:TrackPointExtension>
        </extensions>
      </trkpt>
      <trkpt lat="-25.41107612662017345428466796875" lon="-49.00029673241078853607177734375">
        <ele>1227.800048828125</ele>
        <time>2025-04-05T08:57:36.000Z</time>
        <extensions>
          <ns3:TrackPointExtension>
            <ns3:hr>84</ns3:hr>
          </ns3:TrackPointExtension>
        </extensions>
      </trkpt>
      <trkpt lat="-25.41107612662017345428466796875" lon="-49.00030243210494518280029296875">
        <ele>1227.800048828125</ele>
        <time>2025-04-05T08:57:37.000Z</time>
        <extensions>
          <ns3:TrackPointExtension>
            <ns3:hr>81</ns3:hr>
          </ns3:TrackPointExtension>
        </extensions>
      </trkpt>
      <trkpt lat="-25.411093644797801971435546875" lon="-49.0003107301890850067138671875">
        <ele>1228.199951171875</ele>
        <time>2025-04-05T08:57:46.000Z</time>
        <extensions>
          <ns3:TrackPointExtension>
            <ns3:hr>84</ns3:hr>
          </ns3:TrackPointExtension>
        </extensions>
      </trkpt>
      <trkpt lat="-25.411098003387451171875" lon="-49.0003107301890850067138671875">
        <ele>1228.199951171875</ele>
        <time>2025-04-05T08:57:52.000Z</time>
        <extensions>
          <ns3:TrackPointExtension>
            <ns3:hr>87</ns3:hr>
          </ns3:TrackPointExtension>
        </extensions>
      </trkpt>
      <trkpt lat="-25.41111610829830169677734375" lon="-49.000270664691925048828125">
        <ele>1229.199951171875</ele>
        <time>2025-04-05T08:58:13.000Z</time>
        <extensions>
          <ns3:TrackPointExtension>
            <ns3:hr>90</ns3:hr>
          </ns3:TrackPointExtension>
        </extensions>
      </trkpt>
      <trkpt lat="-25.4111162759363651275634765625" lon="-49.00027058087289333343505859375">
        <ele>1229.199951171875</ele>
        <time>2025-04-05T08:58:15.000Z</time>
        <extensions>
          <ns3:TrackPointExtension>
            <ns3:hr>87</ns3:hr>
          </ns3:TrackPointExtension>
        </extensions>
      </trkpt>
      <trkpt lat="-25.41111703030765056610107421875" lon="-49.0002704970538616180419921875">
        <ele>1229.4000244140625</ele>
        <time>2025-04-05T08:58:23.000Z</time>
        <extensions>
          <ns3:TrackPointExtension>
            <ns3:hr>84</ns3:hr>
          </ns3:TrackPointExtension>
        </extensions>
      </trkpt>
      <trkpt lat="-25.4111390747129917144775390625" lon="-49.00028700940310955047607421875">
        <ele>1228.5999755859375</ele>
        <time>2025-04-05T08:58:30.000Z</time>
        <extensions>
          <ns3:TrackPointExtension>
            <ns3:hr>81</ns3:hr>
          </ns3:TrackPointExtension>
        </extensions>
      </trkpt>
      <trkpt lat="-25.4111628793179988861083984375" lon="-49.0002872608602046966552734375">
        <ele>1228.199951171875</ele>
        <time>2025-04-05T08:58:32.000Z</time>
        <extensions>
          <ns3:TrackPointExtension>
            <ns3:hr>81</ns3:hr>
          </ns3:TrackPointExtension>
        </extensions>
      </trkpt>
      <trkpt lat="-25.41125164367258548736572265625" lon="-49.0002889372408390045166015625">
        <ele>1225.199951171875</ele>
        <time>2025-04-05T08:58:38.000Z</time>
        <extensions>
          <ns3:TrackPointExtension>
            <ns3:hr>81</ns3:hr>
          </ns3:TrackPointExtension>
        </extensions>
      </trkpt>
      <trkpt lat="-25.4112715087831020355224609375" lon="-49.00027292780578136444091796875">
        <ele>1224</ele>
        <time>2025-04-05T08:58:44.000Z</time>
        <extensions>
          <ns3:TrackPointExtension>
            <ns3:hr>82</ns3:hr>
          </ns3:TrackPointExtension>
        </extensions>
      </trkpt>
      <trkpt lat="-25.4113187827169895172119140625" lon="-49.00025851093232631683349609375">
        <ele>1225.5999755859375</ele>
        <time>2025-04-05T08:58:50.000Z</time>
        <extensions>
          <ns3:TrackPointExtension>
            <ns3:hr>84</ns3:hr>
          </ns3:TrackPointExtension>
        </extensions>
      </trkpt>
      <trkpt lat="-25.41134946048259735107421875" lon="-49.00022950954735279083251953125">
        <ele>1230.4000244140625</ele>
        <time>2025-04-05T08:58:57.000Z</time>
        <extensions>
          <ns3:TrackPointExtension>
            <ns3:hr>83</ns3:hr>
          </ns3:TrackPointExtension>
        </extensions>
      </trkpt>
      <trkpt lat="-25.411363877356052398681640625" lon="-49.0002074651420116424560546875">
        <ele>1232.800048828125</ele>
        <time>2025-04-05T08:59:03.000Z</time>
        <extensions>
          <ns3:TrackPointExtension>
            <ns3:hr>84</ns3:hr>
          </ns3:TrackPointExtension>
        </extensions>
      </trkpt>
      <trkpt lat="-25.4113928787410259246826171875" lon="-49.00018927641212940216064453125">
        <ele>1234.4000244140625</ele>
        <time>2025-04-05T08:59:09.000Z</time>
        <extensions>
          <ns3:TrackPointExtension>
            <ns3:hr>86</ns3:hr>
          </ns3:TrackPointExtension>
        </extensions>
      </trkpt>
      <trkpt lat="-25.4113985784351825714111328125" lon="-49.0001729317009449005126953125">
        <ele>1236.5999755859375</ele>
        <time>2025-04-05T08:59:14.000Z</time>
        <extensions>
          <ns3:TrackPointExtension>
            <ns3:hr>84</ns3:hr>
          </ns3:TrackPointExtension>
        </extensions>
      </trkpt>
      <trkpt lat="-25.41145599447190761566162109375" lon="-49.00014250539243221282958984375">
        <ele>1239.5999755859375</ele>
        <time>2025-04-05T08:59:22.000Z</time>
        <extensions>
          <ns3:TrackPointExtension>
            <ns3:hr>84</ns3:hr>
          </ns3:TrackPointExtension>
        </extensions>
      </trkpt>
      <trkpt lat="-25.411502681672573089599609375" lon="-49.00010797195136547088623046875">
        <ele>1242.199951171875</ele>
        <time>2025-04-05T08:59:31.000Z</time>
        <extensions>
          <ns3:TrackPointExtension>
            <ns3:hr>83</ns3:hr>
          </ns3:TrackPointExtension>
        </extensions>
      </trkpt>
      <trkpt lat="-25.411559678614139556884765625" lon="-49.0000991709530353546142578125">
        <ele>1243</ele>
        <time>2025-04-05T08:59:39.000Z</time>
        <extensions>
          <ns3:TrackPointExtension>
            <ns3:hr>85</ns3:hr>
          </ns3:TrackPointExtension>
        </extensions>
      </trkpt>
      <trkpt lat="-25.4116071201860904693603515625" lon="-49.0000770427286624908447265625">
        <ele>1243</ele>
        <time>2025-04-05T08:59:44.000Z</time>
        <extensions>
          <ns3:TrackPointExtension>
            <ns3:hr>88</ns3:hr>
          </ns3:TrackPointExtension>
        </extensions>
      </trkpt>
      <trkpt lat="-25.41161189787089824676513671875" lon="-49.00008299387991428375244140625">
        <ele>1243</ele>
        <time>2025-04-05T08:59:45.000Z</time>
        <extensions>
          <ns3:TrackPointExtension>
            <ns3:hr>85</ns3:hr>
          </ns3:TrackPointExtension>
        </extensions>
      </trkpt>
      <trkpt lat="-25.41162849403917789459228515625" lon="-49.000085256993770599365234375">
        <ele>1242.5999755859375</ele>
        <time>2025-04-05T08:59:47.000Z</time>
        <extensions>
          <ns3:TrackPointExtension>
            <ns3:hr>86</ns3:hr>
          </ns3:TrackPointExtension>
        </extensions>
      </trkpt>
      <trkpt lat="-25.41167266666889190673828125" lon="-49.00007310323417186737060546875">
        <ele>1242.199951171875</ele>
        <time>2025-04-05T08:59:53.000Z</time>
        <extensions>
          <ns3:TrackPointExtension>
            <ns3:hr>86</ns3:hr>
          </ns3:TrackPointExtension>
        </extensions>
      </trkpt>
      <trkpt lat="-25.41168532334268093109130859375" lon="-49.00006270967423915863037109375">
        <ele>1242.199951171875</ele>
        <time>2025-04-05T08:59:56.000Z</time>
        <extensions>
          <ns3:TrackPointExtension>
            <ns3:hr>89</ns3:hr>
          </ns3:TrackPointExtension>
        </extensions>
      </trkpt>
      <trkpt lat="-25.41168599389493465423583984375" lon="-49.00006078183650970458984375">
        <ele>1242.199951171875</ele>
        <time>2025-04-05T08:59:57.000Z</time>
        <extensions>
          <ns3:TrackPointExtension>
            <ns3:hr>85</ns3:hr>
          </ns3:TrackPointExtension>
        </extensions>
      </trkpt>
      <trkpt lat="-25.4116894304752349853515625" lon="-49.00006270967423915863037109375">
        <ele>1242</ele>
        <time>2025-04-05T08:59:59.000Z</time>
        <extensions>
          <ns3:TrackPointExtension>
            <ns3:hr>85</ns3:hr>
          </ns3:TrackPointExtension>
        </extensions>
      </trkpt>
      <trkpt lat="-25.41171801276504993438720703125" lon="-49.0000592730939388275146484375">
        <ele>1241.800048828125</ele>
        <time>2025-04-05T09:00:04.000Z</time>
        <extensions>
          <ns3:TrackPointExtension>
            <ns3:hr>85</ns3:hr>
          </ns3:TrackPointExtension>
        </extensions>
      </trkpt>
      <trkpt lat="-25.41172505356371402740478515625" lon="-49.0000626258552074432373046875">
        <ele>1241.5999755859375</ele>
        <time>2025-04-05T09:00:05.000Z</time>
        <extensions>
          <ns3:TrackPointExtension>
            <ns3:hr>86</ns3:hr>
          </ns3:TrackPointExtension>
        </extensions>
      </trkpt>
      <trkpt lat="-25.41174382902681827545166015625" lon="-49.00006807409226894378662109375">
        <ele>1241.199951171875</ele>
        <time>2025-04-05T09:00:11.000Z</time>
        <extensions>
          <ns3:TrackPointExtension>
            <ns3:hr>85</ns3:hr>
          </ns3:TrackPointExtension>
        </extensions>
      </trkpt>
      <trkpt lat="-25.41174835525453090667724609375" lon="-49.00006991811096668243408203125">
        <ele>1241.199951171875</ele>
        <time>2025-04-05T09:00:15.000Z</time>
        <extensions>
          <ns3:TrackPointExtension>
            <ns3:hr>88</ns3:hr>
          </ns3:TrackPointExtension>
        </extensions>
      </trkpt>
      <trkpt lat="-25.41175053454935550689697265625" lon="-49.00006991811096668243408203125">
        <ele>1241.4000244140625</ele>
        <time>2025-04-05T09:00:17.000Z</time>
        <extensions>
          <ns3:TrackPointExtension>
            <ns3:hr>87</ns3:hr>
          </ns3:TrackPointExtension>
        </extensions>
      </trkpt>
      <trkpt lat="-25.4117913544178009033203125" lon="-49.0000857599079608917236328125">
        <ele>1242.800048828125</ele>
        <time>2025-04-05T09:00:24.000Z</time>
        <extensions>
          <ns3:TrackPointExtension>
            <ns3:hr>90</ns3:hr>
          </ns3:TrackPointExtension>
        </extensions>
      </trkpt>
      <trkpt lat="-25.41186578571796417236328125" lon="-49.00005298666656017303466796875">
        <ele>1245.4000244140625</ele>
        <time>2025-04-05T09:00:33.000Z</time>
        <extensions>
          <ns3:TrackPointExtension>
            <ns3:hr>90</ns3:hr>
          </ns3:TrackPointExtension>
        </extensions>
      </trkpt>
      <trkpt lat="-25.4118719883263111114501953125" lon="-49.000048376619815826416015625">
        <ele>1246.800048828125</ele>
        <time>2025-04-05T09:00:40.000Z</time>
        <extensions>
          <ns3:TrackPointExtension>
            <ns3:hr>90</ns3:hr>
          </ns3:TrackPointExtension>
        </extensions>
      </trkpt>
      <trkpt lat="-25.411874838173389434814453125" lon="-49.000050388276576995849609375">
        <ele>1246.800048828125</ele>
        <time>2025-04-05T09:00:53.000Z</time>
        <extensions>
          <ns3:TrackPointExtension>
            <ns3:hr>91</ns3:hr>
          </ns3:TrackPointExtension>
        </extensions>
      </trkpt>
      <trkpt lat="-25.41193476878106594085693359375" lon="-49.00010914541780948638916015625">
        <ele>1246.5999755859375</ele>
        <time>2025-04-05T09:01:04.000Z</time>
        <extensions>
          <ns3:TrackPointExtension>
            <ns3:hr>93</ns3:hr>
          </ns3:TrackPointExtension>
        </extensions>
      </trkpt>
      <trkpt lat="-25.4119777679443359375" lon="-49.00014669634401798248291015625">
        <ele>1245.800048828125</ele>
        <time>2025-04-05T09:01:09.000Z</time>
        <extensions>
          <ns3:TrackPointExtension>
            <ns3:hr>94</ns3:hr>
          </ns3:TrackPointExtension>
        </extensions>
      </trkpt>
      <trkpt lat="-25.4119946993887424468994140625" lon="-49.0001702494919300079345703125">
        <ele>1244.4000244140625</ele>
        <time>2025-04-05T09:01:14.000Z</time>
        <extensions>
          <ns3:TrackPointExtension>
            <ns3:hr>91</ns3:hr>
          </ns3:TrackPointExtension>
        </extensions>
      </trkpt>
      <trkpt lat="-25.411995537579059600830078125" lon="-49.0001719258725643157958984375">
        <ele>1244.199951171875</ele>
        <time>2025-04-05T09:01:15.000Z</time>
        <extensions>
          <ns3:TrackPointExtension>
            <ns3:hr>92</ns3:hr>
          </ns3:TrackPointExtension>
        </extensions>
      </trkpt>
      <trkpt lat="-25.41199763305485248565673828125" lon="-49.00017569772899150848388671875">
        <ele>1243.5999755859375</ele>
        <time>2025-04-05T09:01:23.000Z</time>
        <extensions>
          <ns3:TrackPointExtension>
            <ns3:hr>92</ns3:hr>
          </ns3:TrackPointExtension>
        </extensions>
      </trkpt>
      <trkpt lat="-25.41200836189091205596923828125" lon="-49.000179804861545562744140625">
        <ele>1243.5999755859375</ele>
        <time>2025-04-05T09:01:30.000Z</time>
        <extensions>
          <ns3:TrackPointExtension>
            <ns3:hr>94</ns3:hr>
          </ns3:TrackPointExtension>
        </extensions>
      </trkpt>
      <trkpt lat="-25.4120081104338169097900390625" lon="-49.00018139742314815521240234375">
        <ele>1242.5999755859375</ele>
        <time>2025-04-05T09:01:38.000Z</time>
        <extensions>
          <ns3:TrackPointExtension>
            <ns3:hr>97</ns3:hr>
          </ns3:TrackPointExtension>
        </extensions>
      </trkpt>
      <trkpt lat="-25.4120081104338169097900390625" lon="-49.00018139742314815521240234375">
        <ele>1242.4000244140625</ele>
        <time>2025-04-05T09:01:43.000Z</time>
        <extensions>
          <ns3:TrackPointExtension>
            <ns3:hr>100</ns3:hr>
          </ns3:TrackPointExtension>
        </extensions>
      </trkpt>
      <trkpt lat="-25.4120081104338169097900390625" lon="-49.00018139742314815521240234375">
        <ele>1242.4000244140625</ele>
        <time>2025-04-05T09:01:47.000Z</time>
        <extensions>
          <ns3:TrackPointExtension>
            <ns3:hr>104</ns3:hr>
          </ns3:TrackPointExtension>
        </extensions>
      </trkpt>
      <trkpt lat="-25.41200836189091205596923828125" lon="-49.0001816488802433013916015625">
        <ele>1242.4000244140625</ele>
        <time>2025-04-05T09:01:51.000Z</time>
        <extensions>
          <ns3:TrackPointExtension>
            <ns3:hr>107</ns3:hr>
          </ns3:TrackPointExtension>
        </extensions>
      </trkpt>
      <trkpt lat="-25.41201003827154636383056640625" lon="-49.0001813136041164398193359375">
        <ele>1242.4000244140625</ele>
        <time>2025-04-05T09:02:00.000Z</time>
        <extensions>
          <ns3:TrackPointExtension>
            <ns3:hr>104</ns3:hr>
          </ns3:TrackPointExtension>
        </extensions>
      </trkpt>
      <trkpt lat="-25.4120225273072719573974609375" lon="-49.0001813136041164398193359375">
        <ele>1242.4000244140625</ele>
        <time>2025-04-05T09:02:02.000Z</time>
        <extensions>
          <ns3:TrackPointExtension>
            <ns3:hr>107</ns3:hr>
          </ns3:TrackPointExtension>
        </extensions>
      </trkpt>
      <trkpt lat="-25.41205228306353092193603515625" lon="-49.0001568384468555450439453125">
        <ele>1242.5999755859375</ele>
        <time>2025-04-05T09:02:06.000Z</time>
        <extensions>
          <ns3:TrackPointExtension>
            <ns3:hr>108</ns3:hr>
          </ns3:TrackPointExtension>
        </extensions>
      </trkpt>
      <trkpt lat="-25.412119589745998382568359375" lon="-49.00010243989527225494384765625">
        <ele>1246.199951171875</ele>
        <time>2025-04-05T09:02:16.000Z</time>
        <extensions>
          <ns3:TrackPointExtension>
            <ns3:hr>107</ns3:hr>
          </ns3:TrackPointExtension>
        </extensions>
      </trkpt>
      <trkpt lat="-25.4121301509439945220947265625" lon="-49.00007327087223529815673828125">
        <ele>1246.4000244140625</ele>
        <time>2025-04-05T09:02:20.000Z</time>
        <extensions>
          <ns3:TrackPointExtension>
            <ns3:hr>103</ns3:hr>
          </ns3:TrackPointExtension>
        </extensions>
      </trkpt>
      <trkpt lat="-25.41213400661945343017578125" lon="-49.0000654757022857666015625">
        <ele>1246.5999755859375</ele>
        <time>2025-04-05T09:02:22.000Z</time>
        <extensions>
          <ns3:TrackPointExtension>
            <ns3:hr>101</ns3:hr>
          </ns3:TrackPointExtension>
        </extensions>
      </trkpt>
      <trkpt lat="-25.41215638630092144012451171875" lon="-49.000056087970733642578125">
        <ele>1247.4000244140625</ele>
        <time>2025-04-05T09:02:26.000Z</time>
        <extensions>
          <ns3:TrackPointExtension>
            <ns3:hr>97</ns3:hr>
          </ns3:TrackPointExtension>
        </extensions>
      </trkpt>
      <trkpt lat="-25.41216351091861724853515625" lon="-49.0000515617430210113525390625">
        <ele>1247.800048828125</ele>
        <time>2025-04-05T09:02:30.000Z</time>
        <extensions>
          <ns3:TrackPointExtension>
            <ns3:hr>93</ns3:hr>
          </ns3:TrackPointExtension>
        </extensions>
      </trkpt>
      <trkpt lat="-25.4121693782508373260498046875" lon="-49.000047035515308380126953125">
        <ele>1247.800048828125</ele>
        <time>2025-04-05T09:02:31.000Z</time>
        <extensions>
          <ns3:TrackPointExtension>
            <ns3:hr>93</ns3:hr>
          </ns3:TrackPointExtension>
        </extensions>
      </trkpt>
      <trkpt lat="-25.4122260399162769317626953125" lon="-49.0000539086759090423583984375">
        <ele>1250</ele>
        <time>2025-04-05T09:02:41.000Z</time>
        <extensions>
          <ns3:TrackPointExtension>
            <ns3:hr>92</ns3:hr>
          </ns3:TrackPointExtension>
        </extensions>
      </trkpt>
      <trkpt lat="-25.4122599028050899505615234375" lon="-49.00006589479744434356689453125">
        <ele>1252.199951171875</ele>
        <time>2025-04-05T09:02:48.000Z</time>
        <extensions>
          <ns3:TrackPointExtension>
            <ns3:hr>91</ns3:hr>
          </ns3:TrackPointExtension>
        </extensions>
      </trkpt>
      <trkpt lat="-25.41228446178138256072998046875" lon="-49.0000673197209835052490234375">
        <ele>1253.199951171875</ele>
        <time>2025-04-05T09:02:54.000Z</time>
        <extensions>
          <ns3:TrackPointExtension>
            <ns3:hr>93</ns3:hr>
          </ns3:TrackPointExtension>
        </extensions>
      </trkpt>
      <trkpt lat="-25.41227641515433788299560546875" lon="-49.0000928007066249847412109375">
        <ele>1254.199951171875</ele>
        <time>2025-04-05T09:03:01.000Z</time>
        <extensions>
          <ns3:TrackPointExtension>
            <ns3:hr>94</ns3:hr>
          </ns3:TrackPointExtension>
        </extensions>
      </trkpt>
      <trkpt lat="-25.4123009741306304931640625" lon="-49.0000575967133045196533203125">
        <ele>1254.199951171875</ele>
        <time>2025-04-05T09:03:07.000Z</time>
        <extensions>
          <ns3:TrackPointExtension>
            <ns3:hr>91</ns3:hr>
          </ns3:TrackPointExtension>
        </extensions>
      </trkpt>
      <trkpt lat="-25.412330143153667449951171875" lon="-49.00001090951263904571533203125">
        <ele>1255</ele>
        <time>2025-04-05T09:03:14.000Z</time>
        <extensions>
          <ns3:TrackPointExtension>
            <ns3:hr>93</ns3:hr>
          </ns3:TrackPointExtension>
        </extensions>
      </trkpt>
      <trkpt lat="-25.41235864162445068359375" lon="-48.99998744018375873565673828125">
        <ele>1255.800048828125</ele>
        <time>2025-04-05T09:03:20.000Z</time>
        <extensions>
          <ns3:TrackPointExtension>
            <ns3:hr>91</ns3:hr>
          </ns3:TrackPointExtension>
        </extensions>
      </trkpt>
      <trkpt lat="-25.4123638384044170379638671875" lon="-48.9999865181744098663330078125">
        <ele>1256.800048828125</ele>
        <time>2025-04-05T09:03:28.000Z</time>
        <extensions>
          <ns3:TrackPointExtension>
            <ns3:hr>89</ns3:hr>
          </ns3:TrackPointExtension>
        </extensions>
      </trkpt>
      <trkpt lat="-25.4123675264418125152587890625" lon="-48.9999835006892681121826171875">
        <ele>1258</ele>
        <time>2025-04-05T09:03:35.000Z</time>
        <extensions>
          <ns3:TrackPointExtension>
            <ns3:hr>89</ns3:hr>
          </ns3:TrackPointExtension>
        </extensions>
      </trkpt>
      <trkpt lat="-25.4123675264418125152587890625" lon="-48.9999835006892681121826171875">
        <ele>1258.199951171875</ele>
        <time>2025-04-05T09:03:36.000Z</time>
        <extensions>
          <ns3:TrackPointExtension>
            <ns3:hr>86</ns3:hr>
          </ns3:TrackPointExtension>
        </extensions>
      </trkpt>
      <trkpt lat="-25.4123675264418125152587890625" lon="-48.9999835006892681121826171875">
        <ele>1258.5999755859375</ele>
        <time>2025-04-05T09:03:39.000Z</time>
        <extensions>
          <ns3:TrackPointExtension>
            <ns3:hr>89</ns3:hr>
          </ns3:TrackPointExtension>
        </extensions>
      </trkpt>
      <trkpt lat="-25.41236911900341510772705078125" lon="-48.99998341687023639678955078125">
        <ele>1258.800048828125</ele>
        <time>2025-04-05T09:03:52.000Z</time>
        <extensions>
          <ns3:TrackPointExtension>
            <ns3:hr>92</ns3:hr>
          </ns3:TrackPointExtension>
        </extensions>
      </trkpt>
      <trkpt lat="-25.412372387945652008056640625" lon="-48.99998140521347522735595703125">
        <ele>1259.4000244140625</ele>
        <time>2025-04-05T09:03:58.000Z</time>
        <extensions>
          <ns3:TrackPointExtension>
            <ns3:hr>89</ns3:hr>
          </ns3:TrackPointExtension>
        </extensions>
      </trkpt>
      <trkpt lat="-25.4123943485319614410400390625" lon="-48.9999715983867645263671875">
        <ele>1261.4000244140625</ele>
        <time>2025-04-05T09:04:14.000Z</time>
        <extensions>
          <ns3:TrackPointExtension>
            <ns3:hr>86</ns3:hr>
          </ns3:TrackPointExtension>
        </extensions>
      </trkpt>
      <trkpt lat="-25.41239527054131031036376953125" lon="-48.99997151456773281097412109375">
        <ele>1261.800048828125</ele>
        <time>2025-04-05T09:04:17.000Z</time>
        <extensions>
          <ns3:TrackPointExtension>
            <ns3:hr>89</ns3:hr>
          </ns3:TrackPointExtension>
        </extensions>
      </trkpt>
      <trkpt lat="-25.41242443956434726715087890625" lon="-48.99998106993734836578369140625">
        <ele>1262.4000244140625</ele>
        <time>2025-04-05T09:04:33.000Z</time>
        <extensions>
          <ns3:TrackPointExtension>
            <ns3:hr>86</ns3:hr>
          </ns3:TrackPointExtension>
        </extensions>
      </trkpt>
      <trkpt lat="-25.41245897300541400909423828125" lon="-48.99999515153467655181884765625">
        <ele>1263.5999755859375</ele>
        <time>2025-04-05T09:04:54.000Z</time>
        <extensions>
          <ns3:TrackPointExtension>
            <ns3:hr>83</ns3:hr>
          </ns3:TrackPointExtension>
        </extensions>
      </trkpt>
      <trkpt lat="-25.41248093359172344207763671875" lon="-49.00004175491631031036376953125">
        <ele>1265.5999755859375</ele>
        <time>2025-04-05T09:05:16.000Z</time>
        <extensions>
          <ns3:TrackPointExtension>
            <ns3:hr>85</ns3:hr>
          </ns3:TrackPointExtension>
        </extensions>
      </trkpt>
      <trkpt lat="-25.41247892193496227264404296875" lon="-49.00008986704051494598388671875">
        <ele>1267</ele>
        <time>2025-04-05T09:05:23.000Z</time>
        <extensions>
          <ns3:TrackPointExtension>
            <ns3:hr>85</ns3:hr>
          </ns3:TrackPointExtension>
        </extensions>
      </trkpt>
      <trkpt lat="-25.41250004433095455169677734375" lon="-49.00008483789861202239990234375">
        <ele>1267.5999755859375</ele>
        <time>2025-04-05T09:05:28.000Z</time>
        <extensions>
          <ns3:TrackPointExtension>
            <ns3:hr>87</ns3:hr>
          </ns3:TrackPointExtension>
        </extensions>
      </trkpt>
      <trkpt lat="-25.4125343263149261474609375" lon="-49.0001083910465240478515625">
        <ele>1267.4000244140625</ele>
        <time>2025-04-05T09:05:36.000Z</time>
        <extensions>
          <ns3:TrackPointExtension>
            <ns3:hr>84</ns3:hr>
          </ns3:TrackPointExtension>
        </extensions>
      </trkpt>
      <trkpt lat="-25.41254262439906597137451171875" lon="-49.000106714665889739990234375">
        <ele>1267.4000244140625</ele>
        <time>2025-04-05T09:05:37.000Z</time>
        <extensions>
          <ns3:TrackPointExtension>
            <ns3:hr>87</ns3:hr>
          </ns3:TrackPointExtension>
        </extensions>
      </trkpt>
      <trkpt lat="-25.4125546105206012725830078125" lon="-49.000108055770397186279296875">
        <ele>1268.199951171875</ele>
        <time>2025-04-05T09:05:43.000Z</time>
        <extensions>
          <ns3:TrackPointExtension>
            <ns3:hr>87</ns3:hr>
          </ns3:TrackPointExtension>
        </extensions>
      </trkpt>
      <trkpt lat="-25.41255955584347248077392578125" lon="-49.00014217011630535125732421875">
        <ele>1269.4000244140625</ele>
        <time>2025-04-05T09:05:48.000Z</time>
        <extensions>
          <ns3:TrackPointExtension>
            <ns3:hr>84</ns3:hr>
          </ns3:TrackPointExtension>
        </extensions>
      </trkpt>
      <trkpt lat="-25.41256525553762912750244140625" lon="-49.0001474507153034210205078125">
        <ele>1269.5999755859375</ele>
        <time>2025-04-05T09:05:49.000Z</time>
        <extensions>
          <ns3:TrackPointExtension>
            <ns3:hr>84</ns3:hr>
          </ns3:TrackPointExtension>
        </extensions>
      </trkpt>
      <trkpt lat="-25.41259207762777805328369140625" lon="-49.00016714818775653839111328125">
        <ele>1271.4000244140625</ele>
        <time>2025-04-05T09:05:55.000Z</time>
        <extensions>
          <ns3:TrackPointExtension>
            <ns3:hr>84</ns3:hr>
          </ns3:TrackPointExtension>
        </extensions>
      </trkpt>
      <trkpt lat="-25.412637256085872650146484375" lon="-49.00016295723617076873779296875">
        <ele>1272.199951171875</ele>
        <time>2025-04-05T09:06:02.000Z</time>
        <extensions>
          <ns3:TrackPointExtension>
            <ns3:hr>86</ns3:hr>
          </ns3:TrackPointExtension>
        </extensions>
      </trkpt>
      <trkpt lat="-25.4126806743443012237548828125" lon="-49.0001551620662212371826171875">
        <ele>1273.4000244140625</ele>
        <time>2025-04-05T09:06:09.000Z</time>
        <extensions>
          <ns3:TrackPointExtension>
            <ns3:hr>87</ns3:hr>
          </ns3:TrackPointExtension>
        </extensions>
      </trkpt>
      <trkpt lat="-25.41271738708019256591796875" lon="-49.000125490128993988037109375">
        <ele>1274.5999755859375</ele>
        <time>2025-04-05T09:06:17.000Z</time>
        <extensions>
          <ns3:TrackPointExtension>
            <ns3:hr>85</ns3:hr>
          </ns3:TrackPointExtension>
        </extensions>
      </trkpt>
      <trkpt lat="-25.4127571173012256622314453125" lon="-49.00011551566421985626220703125">
        <ele>1274.5999755859375</ele>
        <time>2025-04-05T09:06:25.000Z</time>
        <extensions>
          <ns3:TrackPointExtension>
            <ns3:hr>88</ns3:hr>
          </ns3:TrackPointExtension>
        </extensions>
      </trkpt>
      <trkpt lat="-25.4127520881593227386474609375" lon="-49.0000871010124683380126953125">
        <ele>1274.4000244140625</ele>
        <time>2025-04-05T09:06:29.000Z</time>
        <extensions>
          <ns3:TrackPointExtension>
            <ns3:hr>91</ns3:hr>
          </ns3:TrackPointExtension>
        </extensions>
      </trkpt>
      <trkpt lat="-25.4127584584057331085205078125" lon="-49.00006924755871295928955078125">
        <ele>1274.4000244140625</ele>
        <time>2025-04-05T09:06:31.000Z</time>
        <extensions>
          <ns3:TrackPointExtension>
            <ns3:hr>91</ns3:hr>
          </ns3:TrackPointExtension>
        </extensions>
      </trkpt>
      <trkpt lat="-25.41276457719504833221435546875" lon="-49.00004544295370578765869140625">
        <ele>1274.199951171875</ele>
        <time>2025-04-05T09:06:34.000Z</time>
        <extensions>
          <ns3:TrackPointExtension>
            <ns3:hr>94</ns3:hr>
          </ns3:TrackPointExtension>
        </extensions>
      </trkpt>
      <trkpt lat="-25.41276843287050724029541015625" lon="-49.00004242546856403350830078125">
        <ele>1274</ele>
        <time>2025-04-05T09:06:38.000Z</time>
        <extensions>
          <ns3:TrackPointExtension>
            <ns3:hr>97</ns3:hr>
          </ns3:TrackPointExtension>
        </extensions>
      </trkpt>
      <trkpt lat="-25.4127752222120761871337890625" lon="-49.00004745461046695709228515625">
        <ele>1274</ele>
        <time>2025-04-05T09:06:46.000Z</time>
        <extensions>
          <ns3:TrackPointExtension>
            <ns3:hr>99</ns3:hr>
          </ns3:TrackPointExtension>
        </extensions>
      </trkpt>
      <trkpt lat="-25.4127752222120761871337890625" lon="-49.00004745461046695709228515625">
        <ele>1274.199951171875</ele>
        <time>2025-04-05T09:06:51.000Z</time>
        <extensions>
          <ns3:TrackPointExtension>
            <ns3:hr>96</ns3:hr>
          </ns3:TrackPointExtension>
        </extensions>
      </trkpt>
      <trkpt lat="-25.4127918183803558349609375" lon="-49.00010931305587291717529296875">
        <ele>1274.4000244140625</ele>
        <time>2025-04-05T09:07:07.000Z</time>
        <extensions>
          <ns3:TrackPointExtension>
            <ns3:hr>97</ns3:hr>
          </ns3:TrackPointExtension>
        </extensions>
      </trkpt>
      <trkpt lat="-25.412814617156982421875" lon="-49.0001679025590419769287109375">
        <ele>1275.800048828125</ele>
        <time>2025-04-05T09:07:14.000Z</time>
        <extensions>
          <ns3:TrackPointExtension>
            <ns3:hr>97</ns3:hr>
          </ns3:TrackPointExtension>
        </extensions>
      </trkpt>
      <trkpt lat="-25.41284906677901744842529296875" lon="-49.00017553009092807769775390625">
        <ele>1277.800048828125</ele>
        <time>2025-04-05T09:07:21.000Z</time>
        <extensions>
          <ns3:TrackPointExtension>
            <ns3:hr>100</ns3:hr>
          </ns3:TrackPointExtension>
        </extensions>
      </trkpt>
      <trkpt lat="-25.41288360022008419036865234375" lon="-49.00016781874001026153564453125">
        <ele>1279.4000244140625</ele>
        <time>2025-04-05T09:07:29.000Z</time>
        <extensions>
          <ns3:TrackPointExtension>
            <ns3:hr>100</ns3:hr>
          </ns3:TrackPointExtension>
        </extensions>
      </trkpt>
      <trkpt lat="-25.41290774010121822357177734375" lon="-49.00018424727022647857666015625">
        <ele>1281.4000244140625</ele>
        <time>2025-04-05T09:07:35.000Z</time>
        <extensions>
          <ns3:TrackPointExtension>
            <ns3:hr>101</ns3:hr>
          </ns3:TrackPointExtension>
        </extensions>
      </trkpt>
      <trkpt lat="-25.41291452944278717041015625" lon="-49.00021509267389774322509765625">
        <ele>1282.4000244140625</ele>
        <time>2025-04-05T09:07:43.000Z</time>
        <extensions>
          <ns3:TrackPointExtension>
            <ns3:hr>99</ns3:hr>
          </ns3:TrackPointExtension>
        </extensions>
      </trkpt>
      <trkpt lat="-25.412910170853137969970703125" lon="-49.00024258531630039215087890625">
        <ele>1283.4000244140625</ele>
        <time>2025-04-05T09:07:49.000Z</time>
        <extensions>
          <ns3:TrackPointExtension>
            <ns3:hr>96</ns3:hr>
          </ns3:TrackPointExtension>
        </extensions>
      </trkpt>
      <trkpt lat="-25.41290991939604282379150390625" lon="-49.00024292059242725372314453125">
        <ele>1283.5999755859375</ele>
        <time>2025-04-05T09:07:50.000Z</time>
        <extensions>
          <ns3:TrackPointExtension>
            <ns3:hr>96</ns3:hr>
          </ns3:TrackPointExtension>
        </extensions>
      </trkpt>
      <trkpt lat="-25.4129123501479625701904296875" lon="-49.00027401745319366455078125">
        <ele>1283.800048828125</ele>
        <time>2025-04-05T09:07:57.000Z</time>
        <extensions>
          <ns3:TrackPointExtension>
            <ns3:hr>95</ns3:hr>
          </ns3:TrackPointExtension>
        </extensions>
      </trkpt>
      <trkpt lat="-25.412912182509899139404296875" lon="-49.00027678348124027252197265625">
        <ele>1283.199951171875</ele>
        <time>2025-04-05T09:08:05.000Z</time>
        <extensions>
          <ns3:TrackPointExtension>
            <ns3:hr>92</ns3:hr>
          </ns3:TrackPointExtension>
        </extensions>
      </trkpt>
      <trkpt lat="-25.41290991939604282379150390625" lon="-49.0002812258899211883544921875">
        <ele>1283.5999755859375</ele>
        <time>2025-04-05T09:08:21.000Z</time>
        <extensions>
          <ns3:TrackPointExtension>
            <ns3:hr>92</ns3:hr>
          </ns3:TrackPointExtension>
        </extensions>
      </trkpt>
      <trkpt lat="-25.41290991939604282379150390625" lon="-49.00028130970895290374755859375">
        <ele>1283.5999755859375</ele>
        <time>2025-04-05T09:08:22.000Z</time>
        <extensions>
          <ns3:TrackPointExtension>
            <ns3:hr>95</ns3:hr>
          </ns3:TrackPointExtension>
        </extensions>
      </trkpt>
      <trkpt lat="-25.4129036329686641693115234375" lon="-49.00028265081346035003662109375">
        <ele>1283.4000244140625</ele>
        <time>2025-04-05T09:08:31.000Z</time>
        <extensions>
          <ns3:TrackPointExtension>
            <ns3:hr>92</ns3:hr>
          </ns3:TrackPointExtension>
        </extensions>
      </trkpt>
      <trkpt lat="-25.4129029624164104461669921875" lon="-49.00028265081346035003662109375">
        <ele>1283.4000244140625</ele>
        <time>2025-04-05T09:08:35.000Z</time>
        <extensions>
          <ns3:TrackPointExtension>
            <ns3:hr>89</ns3:hr>
          </ns3:TrackPointExtension>
        </extensions>
      </trkpt>
      <trkpt lat="-25.41290648281574249267578125" lon="-49.00032305158674716949462890625">
        <ele>1286</ele>
        <time>2025-04-05T09:09:18.000Z</time>
        <extensions>
          <ns3:TrackPointExtension>
            <ns3:hr>93</ns3:hr>
          </ns3:TrackPointExtension>
        </extensions>
      </trkpt>
      <trkpt lat="-25.412903130054473876953125" lon="-49.00032958947122097015380859375">
        <ele>1286</ele>
        <time>2025-04-05T09:09:38.000Z</time>
        <extensions>
          <ns3:TrackPointExtension>
            <ns3:hr>90</ns3:hr>
          </ns3:TrackPointExtension>
        </extensions>
      </trkpt>
      <trkpt lat="-25.41290287859737873077392578125" lon="-49.00033193640410900115966796875">
        <ele>1286.199951171875</ele>
        <time>2025-04-05T09:09:41.000Z</time>
        <extensions>
          <ns3:TrackPointExtension>
            <ns3:hr>93</ns3:hr>
          </ns3:TrackPointExtension>
        </extensions>
      </trkpt>
      <trkpt lat="-25.412902794778347015380859375" lon="-49.00033310987055301666259765625">
        <ele>1286.4000244140625</ele>
        <time>2025-04-05T09:09:44.000Z</time>
        <extensions>
          <ns3:TrackPointExtension>
            <ns3:hr>96</ns3:hr>
          </ns3:TrackPointExtension>
        </extensions>
      </trkpt>
      <trkpt lat="-25.41290245950222015380859375" lon="-49.00033428333699703216552734375">
        <ele>1286.5999755859375</ele>
        <time>2025-04-05T09:09:47.000Z</time>
        <extensions>
          <ns3:TrackPointExtension>
            <ns3:hr>93</ns3:hr>
          </ns3:TrackPointExtension>
        </extensions>
      </trkpt>
      <trkpt lat="-25.412902124226093292236328125" lon="-49.0003392286598682403564453125">
        <ele>1287.199951171875</ele>
        <time>2025-04-05T09:09:55.000Z</time>
        <extensions>
          <ns3:TrackPointExtension>
            <ns3:hr>96</ns3:hr>
          </ns3:TrackPointExtension>
        </extensions>
      </trkpt>
      <trkpt lat="-25.41290187276899814605712890625" lon="-49.00034199468791484832763671875">
        <ele>1287.5999755859375</ele>
        <time>2025-04-05T09:10:00.000Z</time>
        <extensions>
          <ns3:TrackPointExtension>
            <ns3:hr>93</ns3:hr>
          </ns3:TrackPointExtension>
        </extensions>
      </trkpt>
      <trkpt lat="-25.41290187276899814605712890625" lon="-49.0003422461450099945068359375">
        <ele>1287.800048828125</ele>
        <time>2025-04-05T09:10:01.000Z</time>
        <extensions>
          <ns3:TrackPointExtension>
            <ns3:hr>96</ns3:hr>
          </ns3:TrackPointExtension>
        </extensions>
      </trkpt>
      <trkpt lat="-25.4129009507596492767333984375" lon="-49.0003476105630397796630859375">
        <ele>1288.4000244140625</ele>
        <time>2025-04-05T09:10:13.000Z</time>
        <extensions>
          <ns3:TrackPointExtension>
            <ns3:hr>93</ns3:hr>
          </ns3:TrackPointExtension>
        </extensions>
      </trkpt>
      <trkpt lat="-25.41290069930255413055419921875" lon="-49.00034769438207149505615234375">
        <ele>1288.4000244140625</ele>
        <time>2025-04-05T09:10:15.000Z</time>
        <extensions>
          <ns3:TrackPointExtension>
            <ns3:hr>88</ns3:hr>
          </ns3:TrackPointExtension>
        </extensions>
      </trkpt>
      <trkpt lat="-25.41290053166449069976806640625" lon="-49.00034777820110321044921875">
        <ele>1288.4000244140625</ele>
        <time>2025-04-05T09:10:16.000Z</time>
        <extensions>
          <ns3:TrackPointExtension>
            <ns3:hr>91</ns3:hr>
          </ns3:TrackPointExtension>
        </extensions>
      </trkpt>
      <trkpt lat="-25.4128952510654926300048828125" lon="-49.0003471076488494873046875">
        <ele>1288.5999755859375</ele>
        <time>2025-04-05T09:10:30.000Z</time>
        <extensions>
          <ns3:TrackPointExtension>
            <ns3:hr>94</ns3:hr>
          </ns3:TrackPointExtension>
        </extensions>
      </trkpt>
      <trkpt lat="-25.41289265267550945281982421875" lon="-49.0003471076488494873046875">
        <ele>1288.800048828125</ele>
        <time>2025-04-05T09:10:33.000Z</time>
        <extensions>
          <ns3:TrackPointExtension>
            <ns3:hr>91</ns3:hr>
          </ns3:TrackPointExtension>
        </extensions>
      </trkpt>
      <trkpt lat="-25.4128865338861942291259765625" lon="-49.0003499574959278106689453125">
        <ele>1288.800048828125</ele>
        <time>2025-04-05T09:10:46.000Z</time>
        <extensions>
          <ns3:TrackPointExtension>
            <ns3:hr>88</ns3:hr>
          </ns3:TrackPointExtension>
        </extensions>
      </trkpt>
      <trkpt lat="-25.4128861986100673675537109375" lon="-49.0003502927720546722412109375">
        <ele>1288.800048828125</ele>
        <time>2025-04-05T09:10:47.000Z</time>
        <extensions>
          <ns3:TrackPointExtension>
            <ns3:hr>88</ns3:hr>
          </ns3:TrackPointExtension>
        </extensions>
      </trkpt>
      <trkpt lat="-25.41280724108219146728515625" lon="-49.0002129971981048583984375">
        <ele>1288.5999755859375</ele>
        <time>2025-04-05T10:00:27.000Z</time>
        <extensions>
          <ns3:TrackPointExtension>
            <ns3:hr>86</ns3:hr>
          </ns3:TrackPointExtension>
        </extensions>
      </trkpt>
      <trkpt lat="-25.41280715726315975189208984375" lon="-49.0002135001122951507568359375">
        <ele>1288.800048828125</ele>
        <time>2025-04-05T10:00:30.000Z</time>
        <extensions>
          <ns3:TrackPointExtension>
            <ns3:hr>90</ns3:hr>
          </ns3:TrackPointExtension>
        </extensions>
      </trkpt>
      <trkpt lat="-25.41280715726315975189208984375" lon="-49.00021358393132686614990234375">
        <ele>1288.800048828125</ele>
        <time>2025-04-05T10:00:31.000Z</time>
        <extensions>
          <ns3:TrackPointExtension>
            <ns3:hr>87</ns3:hr>
          </ns3:TrackPointExtension>
        </extensions>
      </trkpt>
      <trkpt lat="-25.41280866600573062896728515625" lon="-49.00021408684551715850830078125">
        <ele>1289</ele>
        <time>2025-04-05T10:00:45.000Z</time>
        <extensions>
          <ns3:TrackPointExtension>
            <ns3:hr>84</ns3:hr>
          </ns3:TrackPointExtension>
        </extensions>
      </trkpt>
      <trkpt lat="-25.412808917462825775146484375" lon="-49.00021408684551715850830078125">
        <ele>1289</ele>
        <time>2025-04-05T10:00:46.000Z</time>
        <extensions>
          <ns3:TrackPointExtension>
            <ns3:hr>88</ns3:hr>
          </ns3:TrackPointExtension>
        </extensions>
      </trkpt>
      <trkpt lat="-25.41280933655798435211181640625" lon="-49.00021391920745372772216796875">
        <ele>1289</ele>
        <time>2025-04-05T10:00:48.000Z</time>
        <extensions>
          <ns3:TrackPointExtension>
            <ns3:hr>82</ns3:hr>
          </ns3:TrackPointExtension>
        </extensions>
      </trkpt>
      <trkpt lat="-25.41281000711023807525634765625" lon="-49.00021341629326343536376953125">
        <ele>1288.800048828125</ele>
        <time>2025-04-05T10:00:54.000Z</time>
        <extensions>
          <ns3:TrackPointExtension>
            <ns3:hr>79</ns3:hr>
          </ns3:TrackPointExtension>
        </extensions>
      </trkpt>
      <trkpt lat="-25.41281017474830150604248046875" lon="-49.00021324865520000457763671875">
        <ele>1288.800048828125</ele>
        <time>2025-04-05T10:00:57.000Z</time>
        <extensions>
          <ns3:TrackPointExtension>
            <ns3:hr>76</ns3:hr>
          </ns3:TrackPointExtension>
        </extensions>
      </trkpt>
      <trkpt lat="-25.4127893038094043731689453125" lon="-49.00020897388458251953125">
        <ele>1288.5999755859375</ele>
        <time>2025-04-05T10:00:59.000Z</time>
        <extensions>
          <ns3:TrackPointExtension>
            <ns3:hr>73</ns3:hr>
          </ns3:TrackPointExtension>
        </extensions>
      </trkpt>
      <trkpt lat="-25.41276340372860431671142578125" lon="-49.00019899941980838775634765625">
        <ele>1288.5999755859375</ele>
        <time>2025-04-05T10:01:01.000Z</time>
        <extensions>
          <ns3:TrackPointExtension>
            <ns3:hr>70</ns3:hr>
          </ns3:TrackPointExtension>
        </extensions>
      </trkpt>
      <trkpt lat="-25.41273993439972400665283203125" lon="-49.000183828175067901611328125">
        <ele>1288.199951171875</ele>
        <time>2025-04-05T10:01:03.000Z</time>
        <extensions>
          <ns3:TrackPointExtension>
            <ns3:hr>68</ns3:hr>
          </ns3:TrackPointExtension>
        </extensions>
      </trkpt>
      <trkpt lat="-25.4126816801726818084716796875" lon="-49.000183157622814178466796875">
        <ele>1284.4000244140625</ele>
        <time>2025-04-05T10:01:09.000Z</time>
        <extensions>
          <ns3:TrackPointExtension>
            <ns3:hr>66</ns3:hr>
          </ns3:TrackPointExtension>
        </extensions>
      </trkpt>
      <trkpt lat="-25.41267069987952709197998046875" lon="-49.0001967363059520721435546875">
        <ele>1283.199951171875</ele>
        <time>2025-04-05T10:01:11.000Z</time>
        <extensions>
          <ns3:TrackPointExtension>
            <ns3:hr>67</ns3:hr>
          </ns3:TrackPointExtension>
        </extensions>
      </trkpt>
      <trkpt lat="-25.4126434586942195892333984375" lon="-49.00021509267389774322509765625">
        <ele>1281.4000244140625</ele>
        <time>2025-04-05T10:01:16.000Z</time>
        <extensions>
          <ns3:TrackPointExtension>
            <ns3:hr>68</ns3:hr>
          </ns3:TrackPointExtension>
        </extensions>
      </trkpt>
      <trkpt lat="-25.41259132325649261474609375" lon="-49.00021634995937347412109375">
        <ele>1278.5999755859375</ele>
        <time>2025-04-05T10:01:25.000Z</time>
        <extensions>
          <ns3:TrackPointExtension>
            <ns3:hr>68</ns3:hr>
          </ns3:TrackPointExtension>
        </extensions>
      </trkpt>
      <trkpt lat="-25.41256642900407314300537109375" lon="-49.0002101473510265350341796875">
        <ele>1277.5999755859375</ele>
        <time>2025-04-05T10:01:32.000Z</time>
        <extensions>
          <ns3:TrackPointExtension>
            <ns3:hr>72</ns3:hr>
          </ns3:TrackPointExtension>
        </extensions>
      </trkpt>
      <trkpt lat="-25.41256106458604335784912109375" lon="-49.00019665248692035675048828125">
        <ele>1276.4000244140625</ele>
        <time>2025-04-05T10:01:34.000Z</time>
        <extensions>
          <ns3:TrackPointExtension>
            <ns3:hr>75</ns3:hr>
          </ns3:TrackPointExtension>
        </extensions>
      </trkpt>
      <trkpt lat="-25.4125489108264446258544921875" lon="-49.00017955340445041656494140625">
        <ele>1273.5999755859375</ele>
        <time>2025-04-05T10:01:39.000Z</time>
        <extensions>
          <ns3:TrackPointExtension>
            <ns3:hr>78</ns3:hr>
          </ns3:TrackPointExtension>
        </extensions>
      </trkpt>
      <trkpt lat="-25.41253902018070220947265625" lon="-49.0001632086932659149169921875">
        <ele>1272.4000244140625</ele>
        <time>2025-04-05T10:01:42.000Z</time>
        <extensions>
          <ns3:TrackPointExtension>
            <ns3:hr>77</ns3:hr>
          </ns3:TrackPointExtension>
        </extensions>
      </trkpt>
      <trkpt lat="-25.4125150479376316070556640625" lon="-49.0001373924314975738525390625">
        <ele>1271</ele>
        <time>2025-04-05T10:01:46.000Z</time>
        <extensions>
          <ns3:TrackPointExtension>
            <ns3:hr>80</ns3:hr>
          </ns3:TrackPointExtension>
        </extensions>
      </trkpt>
      <trkpt lat="-25.4125083424150943756103515625" lon="-49.0001202933490276336669921875">
        <ele>1269.4000244140625</ele>
        <time>2025-04-05T10:01:49.000Z</time>
        <extensions>
          <ns3:TrackPointExtension>
            <ns3:hr>81</ns3:hr>
          </ns3:TrackPointExtension>
        </extensions>
      </trkpt>
      <trkpt lat="-25.4125075042247772216796875" lon="-49.000116102397441864013671875">
        <ele>1268</ele>
        <time>2025-04-05T10:01:52.000Z</time>
        <extensions>
          <ns3:TrackPointExtension>
            <ns3:hr>84</ns3:hr>
          </ns3:TrackPointExtension>
        </extensions>
      </trkpt>
      <trkpt lat="-25.41250674985349178314208984375" lon="-49.00011585094034671783447265625">
        <ele>1267.800048828125</ele>
        <time>2025-04-05T10:01:53.000Z</time>
        <extensions>
          <ns3:TrackPointExtension>
            <ns3:hr>81</ns3:hr>
          </ns3:TrackPointExtension>
        </extensions>
      </trkpt>
      <trkpt lat="-25.41250406764447689056396484375" lon="-49.00011635385453701019287109375">
        <ele>1267.199951171875</ele>
        <time>2025-04-05T10:01:56.000Z</time>
        <extensions>
          <ns3:TrackPointExtension>
            <ns3:hr>84</ns3:hr>
          </ns3:TrackPointExtension>
        </extensions>
      </trkpt>
      <trkpt lat="-25.41250557638704776763916015625" lon="-49.00011853314936161041259765625">
        <ele>1267</ele>
        <time>2025-04-05T10:01:58.000Z</time>
        <extensions>
          <ns3:TrackPointExtension>
            <ns3:hr>85</ns3:hr>
          </ns3:TrackPointExtension>
        </extensions>
      </trkpt>
      <trkpt lat="-25.41250809095799922943115234375" lon="-49.00012104772031307220458984375">
        <ele>1266.800048828125</ele>
        <time>2025-04-05T10:02:00.000Z</time>
        <extensions>
          <ns3:TrackPointExtension>
            <ns3:hr>82</ns3:hr>
          </ns3:TrackPointExtension>
        </extensions>
      </trkpt>
      <trkpt lat="-25.4125086776912212371826171875" lon="-49.00012138299643993377685546875">
        <ele>1266.5999755859375</ele>
        <time>2025-04-05T10:02:10.000Z</time>
        <extensions>
          <ns3:TrackPointExtension>
            <ns3:hr>79</ns3:hr>
          </ns3:TrackPointExtension>
        </extensions>
      </trkpt>
      <trkpt lat="-25.4124966077506542205810546875" lon="-49.0000981651246547698974609375">
        <ele>1266.5999755859375</ele>
        <time>2025-04-05T10:02:31.000Z</time>
        <extensions>
          <ns3:TrackPointExtension>
            <ns3:hr>75</ns3:hr>
          </ns3:TrackPointExtension>
        </extensions>
      </trkpt>
      <trkpt lat="-25.4125013016164302825927734375" lon="-49.000058434903621673583984375">
        <ele>1266.800048828125</ele>
        <time>2025-04-05T10:02:35.000Z</time>
        <extensions>
          <ns3:TrackPointExtension>
            <ns3:hr>77</ns3:hr>
          </ns3:TrackPointExtension>
        </extensions>
      </trkpt>
      <trkpt lat="-25.41247037239372730255126953125" lon="-49.000028930604457855224609375">
        <ele>1267.199951171875</ele>
        <time>2025-04-05T10:02:41.000Z</time>
        <extensions>
          <ns3:TrackPointExtension>
            <ns3:hr>78</ns3:hr>
          </ns3:TrackPointExtension>
        </extensions>
      </trkpt>
      <trkpt lat="-25.41246131993830204010009765625" lon="-49.00002985261380672454833984375">
        <ele>1267</ele>
        <time>2025-04-05T10:02:47.000Z</time>
        <extensions>
          <ns3:TrackPointExtension>
            <ns3:hr>77</ns3:hr>
          </ns3:TrackPointExtension>
        </extensions>
      </trkpt>
      <trkpt lat="-25.41245344094932079315185546875" lon="-49.00003530085086822509765625">
        <ele>1266</ele>
        <time>2025-04-05T10:02:55.000Z</time>
        <extensions>
          <ns3:TrackPointExtension>
            <ns3:hr>80</ns3:hr>
          </ns3:TrackPointExtension>
        </extensions>
      </trkpt>
      <trkpt lat="-25.4124510101974010467529296875" lon="-49.0000347979366779327392578125">
        <ele>1265.800048828125</ele>
        <time>2025-04-05T10:02:56.000Z</time>
        <extensions>
          <ns3:TrackPointExtension>
            <ns3:hr>77</ns3:hr>
          </ns3:TrackPointExtension>
        </extensions>
      </trkpt>
      <trkpt lat="-25.41243114508688449859619140625" lon="-49.000023566186428070068359375">
        <ele>1265</ele>
        <time>2025-04-05T10:03:02.000Z</time>
        <extensions>
          <ns3:TrackPointExtension>
            <ns3:hr>80</ns3:hr>
          </ns3:TrackPointExtension>
        </extensions>
      </trkpt>
      <trkpt lat="-25.41243047453463077545166015625" lon="-49.00002096779644489288330078125">
        <ele>1264.800048828125</ele>
        <time>2025-04-05T10:03:03.000Z</time>
        <extensions>
          <ns3:TrackPointExtension>
            <ns3:hr>83</ns3:hr>
          </ns3:TrackPointExtension>
        </extensions>
      </trkpt>
      <trkpt lat="-25.41242544539272785186767578125" lon="-49.00001929141581058502197265625">
        <ele>1264.800048828125</ele>
        <time>2025-04-05T10:03:05.000Z</time>
        <extensions>
          <ns3:TrackPointExtension>
            <ns3:hr>86</ns3:hr>
          </ns3:TrackPointExtension>
        </extensions>
      </trkpt>
      <trkpt lat="-25.41242293082177639007568359375" lon="-49.0000183694064617156982421875">
        <ele>1264.5999755859375</ele>
        <time>2025-04-05T10:03:08.000Z</time>
        <extensions>
          <ns3:TrackPointExtension>
            <ns3:hr>89</ns3:hr>
          </ns3:TrackPointExtension>
        </extensions>
      </trkpt>
      <trkpt lat="-25.41242293082177639007568359375" lon="-49.0000183694064617156982421875">
        <ele>1264.199951171875</ele>
        <time>2025-04-05T10:03:10.000Z</time>
        <extensions>
          <ns3:TrackPointExtension>
            <ns3:hr>89</ns3:hr>
          </ns3:TrackPointExtension>
        </extensions>
      </trkpt>
      <trkpt lat="-25.41242293082177639007568359375" lon="-49.0000183694064617156982421875">
        <ele>1263.4000244140625</ele>
        <time>2025-04-05T10:03:19.000Z</time>
        <extensions>
          <ns3:TrackPointExtension>
            <ns3:hr>86</ns3:hr>
          </ns3:TrackPointExtension>
        </extensions>
      </trkpt>
      <trkpt lat="-25.41242293082177639007568359375" lon="-49.0000183694064617156982421875">
        <ele>1263.4000244140625</ele>
        <time>2025-04-05T10:03:22.000Z</time>
        <extensions>
          <ns3:TrackPointExtension>
            <ns3:hr>89</ns3:hr>
          </ns3:TrackPointExtension>
        </extensions>
      </trkpt>
      <trkpt lat="-25.41241656057536602020263671875" lon="-49.000000096857547760009765625">
        <ele>1263.199951171875</ele>
        <time>2025-04-05T10:03:32.000Z</time>
        <extensions>
          <ns3:TrackPointExtension>
            <ns3:hr>94</ns3:hr>
          </ns3:TrackPointExtension>
        </extensions>
      </trkpt>
      <trkpt lat="-25.41239778511226177215576171875" lon="-48.99999800138175487518310546875">
        <ele>1263.800048828125</ele>
        <time>2025-04-05T10:04:03.000Z</time>
        <extensions>
          <ns3:TrackPointExtension>
            <ns3:hr>97</ns3:hr>
          </ns3:TrackPointExtension>
        </extensions>
      </trkpt>
      <trkpt lat="-25.4123795963823795318603515625" lon="-49.00000537745654582977294921875">
        <ele>1264.199951171875</ele>
        <time>2025-04-05T10:04:09.000Z</time>
        <extensions>
          <ns3:TrackPointExtension>
            <ns3:hr>94</ns3:hr>
          </ns3:TrackPointExtension>
        </extensions>
      </trkpt>
      <trkpt lat="-25.4123738966882228851318359375" lon="-49.00001040659844875335693359375">
        <ele>1264.199951171875</ele>
        <time>2025-04-05T10:04:10.000Z</time>
        <extensions>
          <ns3:TrackPointExtension>
            <ns3:hr>97</ns3:hr>
          </ns3:TrackPointExtension>
        </extensions>
      </trkpt>
      <trkpt lat="-25.41231715120375156402587890625" lon="-49.00006388314068317413330078125">
        <ele>1264.199951171875</ele>
        <time>2025-04-05T10:04:20.000Z</time>
        <extensions>
          <ns3:TrackPointExtension>
            <ns3:hr>96</ns3:hr>
          </ns3:TrackPointExtension>
        </extensions>
      </trkpt>
      <trkpt lat="-25.4122525267302989959716796875" lon="-49.00008114986121654510498046875">
        <ele>1262.4000244140625</ele>
        <time>2025-04-05T10:04:25.000Z</time>
        <extensions>
          <ns3:TrackPointExtension>
            <ns3:hr>93</ns3:hr>
          </ns3:TrackPointExtension>
        </extensions>
      </trkpt>
      <trkpt lat="-25.4122350923717021942138671875" lon="-49.00008752010762691497802734375">
        <ele>1261.800048828125</ele>
        <time>2025-04-05T10:04:26.000Z</time>
        <extensions>
          <ns3:TrackPointExtension>
            <ns3:hr>91</ns3:hr>
          </ns3:TrackPointExtension>
        </extensions>
      </trkpt>
      <trkpt lat="-25.41217633523046970367431640625" lon="-49.00008492171764373779296875">
        <ele>1256.800048828125</ele>
        <time>2025-04-05T10:04:33.000Z</time>
        <extensions>
          <ns3:TrackPointExtension>
            <ns3:hr>88</ns3:hr>
          </ns3:TrackPointExtension>
        </extensions>
      </trkpt>
      <trkpt lat="-25.41216426528990268707275390625" lon="-49.00009053759276866912841796875">
        <ele>1255.800048828125</ele>
        <time>2025-04-05T10:04:35.000Z</time>
        <extensions>
          <ns3:TrackPointExtension>
            <ns3:hr>89</ns3:hr>
          </ns3:TrackPointExtension>
        </extensions>
      </trkpt>
      <trkpt lat="-25.4121251218020915985107421875" lon="-49.00011870078742504119873046875">
        <ele>1252.800048828125</ele>
        <time>2025-04-05T10:04:41.000Z</time>
        <extensions>
          <ns3:TrackPointExtension>
            <ns3:hr>88</ns3:hr>
          </ns3:TrackPointExtension>
        </extensions>
      </trkpt>
      <trkpt lat="-25.41211212985217571258544921875" lon="-49.000128842890262603759765625">
        <ele>1251.4000244140625</ele>
        <time>2025-04-05T10:04:45.000Z</time>
        <extensions>
          <ns3:TrackPointExtension>
            <ns3:hr>87</ns3:hr>
          </ns3:TrackPointExtension>
        </extensions>
      </trkpt>
      <trkpt lat="-25.412099473178386688232421875" lon="-49.00015021674335002899169921875">
        <ele>1250.4000244140625</ele>
        <time>2025-04-05T10:04:49.000Z</time>
        <extensions>
          <ns3:TrackPointExtension>
            <ns3:hr>91</ns3:hr>
          </ns3:TrackPointExtension>
        </extensions>
      </trkpt>
      <trkpt lat="-25.41209335438907146453857421875" lon="-49.00014929473400115966796875">
        <ele>1249.5999755859375</ele>
        <time>2025-04-05T10:04:51.000Z</time>
        <extensions>
          <ns3:TrackPointExtension>
            <ns3:hr>88</ns3:hr>
          </ns3:TrackPointExtension>
        </extensions>
      </trkpt>
      <trkpt lat="-25.41208664886653423309326171875" lon="-49.00017209351062774658203125">
        <ele>1248.5999755859375</ele>
        <time>2025-04-05T10:04:57.000Z</time>
        <extensions>
          <ns3:TrackPointExtension>
            <ns3:hr>88</ns3:hr>
          </ns3:TrackPointExtension>
        </extensions>
      </trkpt>
      <trkpt lat="-25.4120756685733795166015625" lon="-49.00017485953867435455322265625">
        <ele>1248.4000244140625</ele>
        <time>2025-04-05T10:05:00.000Z</time>
        <extensions>
          <ns3:TrackPointExtension>
            <ns3:hr>85</ns3:hr>
          </ns3:TrackPointExtension>
        </extensions>
      </trkpt>
      <trkpt lat="-25.41206385008990764617919921875" lon="-49.00016932748258113861083984375">
        <ele>1248.199951171875</ele>
        <time>2025-04-05T10:05:02.000Z</time>
        <extensions>
          <ns3:TrackPointExtension>
            <ns3:hr>88</ns3:hr>
          </ns3:TrackPointExtension>
        </extensions>
      </trkpt>
      <trkpt lat="-25.41205479763448238372802734375" lon="-49.00018357671797275543212890625">
        <ele>1247.800048828125</ele>
        <time>2025-04-05T10:05:05.000Z</time>
        <extensions>
          <ns3:TrackPointExtension>
            <ns3:hr>86</ns3:hr>
          </ns3:TrackPointExtension>
        </extensions>
      </trkpt>
      <trkpt lat="-25.41202998720109462738037109375" lon="-49.00018173269927501678466796875">
        <ele>1246.5999755859375</ele>
        <time>2025-04-05T10:05:11.000Z</time>
        <extensions>
          <ns3:TrackPointExtension>
            <ns3:hr>85</ns3:hr>
          </ns3:TrackPointExtension>
        </extensions>
      </trkpt>
      <trkpt lat="-25.41200928390026092529296875" lon="-49.0001647174358367919921875">
        <ele>1245.199951171875</ele>
        <time>2025-04-05T10:05:17.000Z</time>
        <extensions>
          <ns3:TrackPointExtension>
            <ns3:hr>85</ns3:hr>
          </ns3:TrackPointExtension>
        </extensions>
      </trkpt>
      <trkpt lat="-25.411982126533985137939453125" lon="-49.00015826337039470672607421875">
        <ele>1243.5999755859375</ele>
        <time>2025-04-05T10:05:24.000Z</time>
        <extensions>
          <ns3:TrackPointExtension>
            <ns3:hr>84</ns3:hr>
          </ns3:TrackPointExtension>
        </extensions>
      </trkpt>
      <trkpt lat="-25.4119561426341533660888671875" lon="-49.0001367218792438507080078125">
        <ele>1243</ele>
        <time>2025-04-05T10:05:30.000Z</time>
        <extensions>
          <ns3:TrackPointExtension>
            <ns3:hr>83</ns3:hr>
          </ns3:TrackPointExtension>
        </extensions>
      </trkpt>
      <trkpt lat="-25.41190191172063350677490234375" lon="-49.00011040270328521728515625">
        <ele>1242.4000244140625</ele>
        <time>2025-04-05T10:05:35.000Z</time>
        <extensions>
          <ns3:TrackPointExtension>
            <ns3:hr>86</ns3:hr>
          </ns3:TrackPointExtension>
        </extensions>
      </trkpt>
      <trkpt lat="-25.41188992559909820556640625" lon="-49.00009741075336933135986328125">
        <ele>1242</ele>
        <time>2025-04-05T10:05:37.000Z</time>
        <extensions>
          <ns3:TrackPointExtension>
            <ns3:hr>84</ns3:hr>
          </ns3:TrackPointExtension>
        </extensions>
      </trkpt>
      <trkpt lat="-25.41186050511896610260009765625" lon="-49.00009565055370330810546875">
        <ele>1241.800048828125</ele>
        <time>2025-04-05T10:05:42.000Z</time>
        <extensions>
          <ns3:TrackPointExtension>
            <ns3:hr>86</ns3:hr>
          </ns3:TrackPointExtension>
        </extensions>
      </trkpt>
      <trkpt lat="-25.41179311461746692657470703125" lon="-49.0001112408936023712158203125">
        <ele>1242</ele>
        <time>2025-04-05T10:05:48.000Z</time>
        <extensions>
          <ns3:TrackPointExtension>
            <ns3:hr>83</ns3:hr>
          </ns3:TrackPointExtension>
        </extensions>
      </trkpt>
      <trkpt lat="-25.41177718900144100189208984375" lon="-49.00011383928358554840087890625">
        <ele>1241.800048828125</ele>
        <time>2025-04-05T10:05:50.000Z</time>
        <extensions>
          <ns3:TrackPointExtension>
            <ns3:hr>84</ns3:hr>
          </ns3:TrackPointExtension>
        </extensions>
      </trkpt>
      <trkpt lat="-25.41177417151629924774169921875" lon="-49.00011710822582244873046875">
        <ele>1241</ele>
        <time>2025-04-05T10:05:53.000Z</time>
        <extensions>
          <ns3:TrackPointExtension>
            <ns3:hr>88</ns3:hr>
          </ns3:TrackPointExtension>
        </extensions>
      </trkpt>
      <trkpt lat="-25.411774255335330963134765625" lon="-49.00011979043483734130859375">
        <ele>1240.5999755859375</ele>
        <time>2025-04-05T10:05:56.000Z</time>
        <extensions>
          <ns3:TrackPointExtension>
            <ns3:hr>88</ns3:hr>
          </ns3:TrackPointExtension>
        </extensions>
      </trkpt>
      <trkpt lat="-25.41175715625286102294921875" lon="-49.0001088939607143402099609375">
        <ele>1240.4000244140625</ele>
        <time>2025-04-05T10:06:07.000Z</time>
        <extensions>
          <ns3:TrackPointExtension>
            <ns3:hr>91</ns3:hr>
          </ns3:TrackPointExtension>
        </extensions>
      </trkpt>
      <trkpt lat="-25.41171801276504993438720703125" lon="-49.000097997486591339111328125">
        <ele>1240.199951171875</ele>
        <time>2025-04-05T10:06:10.000Z</time>
        <extensions>
          <ns3:TrackPointExtension>
            <ns3:hr>91</ns3:hr>
          </ns3:TrackPointExtension>
        </extensions>
      </trkpt>
      <trkpt lat="-25.4116815514862537384033203125" lon="-49.00010042823851108551025390625">
        <ele>1239.800048828125</ele>
        <time>2025-04-05T10:06:13.000Z</time>
        <extensions>
          <ns3:TrackPointExtension>
            <ns3:hr>91</ns3:hr>
          </ns3:TrackPointExtension>
        </extensions>
      </trkpt>
      <trkpt lat="-25.4116527177393436431884765625" lon="-49.00010629557073116302490234375">
        <ele>1239.4000244140625</ele>
        <time>2025-04-05T10:06:15.000Z</time>
        <extensions>
          <ns3:TrackPointExtension>
            <ns3:hr>94</ns3:hr>
          </ns3:TrackPointExtension>
        </extensions>
      </trkpt>
      <trkpt lat="-25.4116158373653888702392578125" lon="-49.0001065470278263092041015625">
        <ele>1238.800048828125</ele>
        <time>2025-04-05T10:06:18.000Z</time>
        <extensions>
          <ns3:TrackPointExtension>
            <ns3:hr>92</ns3:hr>
          </ns3:TrackPointExtension>
        </extensions>
      </trkpt>
      <trkpt lat="-25.41154400445520877838134765625" lon="-49.00011015124619007110595703125">
        <ele>1236.4000244140625</ele>
        <time>2025-04-05T10:06:26.000Z</time>
        <extensions>
          <ns3:TrackPointExtension>
            <ns3:hr>93</ns3:hr>
          </ns3:TrackPointExtension>
        </extensions>
      </trkpt>
      <trkpt lat="-25.41150578297674655914306640625" lon="-49.00010914541780948638916015625">
        <ele>1235.4000244140625</ele>
        <time>2025-04-05T10:06:30.000Z</time>
        <extensions>
          <ns3:TrackPointExtension>
            <ns3:hr>90</ns3:hr>
          </ns3:TrackPointExtension>
        </extensions>
      </trkpt>
      <trkpt lat="-25.411468483507633209228515625" lon="-49.000136554241180419921875">
        <ele>1235</ele>
        <time>2025-04-05T10:06:35.000Z</time>
        <extensions>
          <ns3:TrackPointExtension>
            <ns3:hr>89</ns3:hr>
          </ns3:TrackPointExtension>
        </extensions>
      </trkpt>
      <trkpt lat="-25.4114431701600551605224609375" lon="-49.00015558116137981414794921875">
        <ele>1235</ele>
        <time>2025-04-05T10:06:40.000Z</time>
        <extensions>
          <ns3:TrackPointExtension>
            <ns3:hr>88</ns3:hr>
          </ns3:TrackPointExtension>
        </extensions>
      </trkpt>
      <trkpt lat="-25.41143319569528102874755859375" lon="-49.0001846663653850555419921875">
        <ele>1235.199951171875</ele>
        <time>2025-04-05T10:06:42.000Z</time>
        <extensions>
          <ns3:TrackPointExtension>
            <ns3:hr>87</ns3:hr>
          </ns3:TrackPointExtension>
        </extensions>
      </trkpt>
      <trkpt lat="-25.41141291148960590362548828125" lon="-49.0002104826271533966064453125">
        <ele>1235</ele>
        <time>2025-04-05T10:06:46.000Z</time>
        <extensions>
          <ns3:TrackPointExtension>
            <ns3:hr>88</ns3:hr>
          </ns3:TrackPointExtension>
        </extensions>
      </trkpt>
      <trkpt lat="-25.411392711102962493896484375" lon="-49.00021056644618511199951171875">
        <ele>1235</ele>
        <time>2025-04-05T10:06:48.000Z</time>
        <extensions>
          <ns3:TrackPointExtension>
            <ns3:hr>86</ns3:hr>
          </ns3:TrackPointExtension>
        </extensions>
      </trkpt>
      <trkpt lat="-25.4113871790468692779541015625" lon="-49.00021140463650226593017578125">
        <ele>1234.800048828125</ele>
        <time>2025-04-05T10:06:50.000Z</time>
        <extensions>
          <ns3:TrackPointExtension>
            <ns3:hr>88</ns3:hr>
          </ns3:TrackPointExtension>
        </extensions>
      </trkpt>
      <trkpt lat="-25.41137586347758769989013671875" lon="-49.0002181939780712127685546875">
        <ele>1234.4000244140625</ele>
        <time>2025-04-05T10:06:53.000Z</time>
        <extensions>
          <ns3:TrackPointExtension>
            <ns3:hr>83</ns3:hr>
          </ns3:TrackPointExtension>
        </extensions>
      </trkpt>
      <trkpt lat="-25.41137150488793849945068359375" lon="-49.00024107657372951507568359375">
        <ele>1234</ele>
        <time>2025-04-05T10:06:57.000Z</time>
        <extensions>
          <ns3:TrackPointExtension>
            <ns3:hr>86</ns3:hr>
          </ns3:TrackPointExtension>
        </extensions>
      </trkpt>
      <trkpt lat="-25.41136764921247959136962890625" lon="-49.00026253424584865570068359375">
        <ele>1234</ele>
        <time>2025-04-05T10:06:59.000Z</time>
        <extensions>
          <ns3:TrackPointExtension>
            <ns3:hr>88</ns3:hr>
          </ns3:TrackPointExtension>
        </extensions>
      </trkpt>
      <trkpt lat="-25.411350466310977935791015625" lon="-49.00028935633599758148193359375">
        <ele>1233.800048828125</ele>
        <time>2025-04-05T10:07:02.000Z</time>
        <extensions>
          <ns3:TrackPointExtension>
            <ns3:hr>85</ns3:hr>
          </ns3:TrackPointExtension>
        </extensions>
      </trkpt>
      <trkpt lat="-25.41133730672299861907958984375" lon="-49.00029639713466167449951171875">
        <ele>1233.5999755859375</ele>
        <time>2025-04-05T10:07:04.000Z</time>
        <extensions>
          <ns3:TrackPointExtension>
            <ns3:hr>82</ns3:hr>
          </ns3:TrackPointExtension>
        </extensions>
      </trkpt>
      <trkpt lat="-25.41130252182483673095703125" lon="-49.000319279730319976806640625">
        <ele>1232</ele>
        <time>2025-04-05T10:07:11.000Z</time>
        <extensions>
          <ns3:TrackPointExtension>
            <ns3:hr>81</ns3:hr>
          </ns3:TrackPointExtension>
        </extensions>
      </trkpt>
      <trkpt lat="-25.41127997450530529022216796875" lon="-49.00034300051629543304443359375">
        <ele>1231.199951171875</ele>
        <time>2025-04-05T10:07:15.000Z</time>
        <extensions>
          <ns3:TrackPointExtension>
            <ns3:hr>84</ns3:hr>
          </ns3:TrackPointExtension>
        </extensions>
      </trkpt>
      <trkpt lat="-25.41126823984086513519287109375" lon="-49.0003429166972637176513671875">
        <ele>1231</ele>
        <time>2025-04-05T10:07:16.000Z</time>
        <extensions>
          <ns3:TrackPointExtension>
            <ns3:hr>85</ns3:hr>
          </ns3:TrackPointExtension>
        </extensions>
      </trkpt>
      <trkpt lat="-25.4112500511109828948974609375" lon="-49.00034668855369091033935546875">
        <ele>1230.199951171875</ele>
        <time>2025-04-05T10:07:18.000Z</time>
        <extensions>
          <ns3:TrackPointExtension>
            <ns3:hr>84</ns3:hr>
          </ns3:TrackPointExtension>
        </extensions>
      </trkpt>
      <trkpt lat="-25.41123437695205211639404296875" lon="-49.00034836493432521820068359375">
        <ele>1229.5999755859375</ele>
        <time>2025-04-05T10:07:20.000Z</time>
        <extensions>
          <ns3:TrackPointExtension>
            <ns3:hr>83</ns3:hr>
          </ns3:TrackPointExtension>
        </extensions>
      </trkpt>
      <trkpt lat="-25.41120705194771289825439453125" lon="-49.00034266524016857147216796875">
        <ele>1228.800048828125</ele>
        <time>2025-04-05T10:07:23.000Z</time>
        <extensions>
          <ns3:TrackPointExtension>
            <ns3:hr>83</ns3:hr>
          </ns3:TrackPointExtension>
        </extensions>
      </trkpt>
      <trkpt lat="-25.4111850075423717498779296875" lon="-49.00033663026988506317138671875">
        <ele>1227.800048828125</ele>
        <time>2025-04-05T10:07:26.000Z</time>
        <extensions>
          <ns3:TrackPointExtension>
            <ns3:hr>81</ns3:hr>
          </ns3:TrackPointExtension>
        </extensions>
      </trkpt>
      <trkpt lat="-25.411125160753726959228515625" lon="-49.000317268073558807373046875">
        <ele>1225.4000244140625</ele>
        <time>2025-04-05T10:07:33.000Z</time>
        <extensions>
          <ns3:TrackPointExtension>
            <ns3:hr>84</ns3:hr>
          </ns3:TrackPointExtension>
        </extensions>
      </trkpt>
      <trkpt lat="-25.41112122125923633575439453125" lon="-49.0003046952188014984130859375">
        <ele>1224.5999755859375</ele>
        <time>2025-04-05T10:07:35.000Z</time>
        <extensions>
          <ns3:TrackPointExtension>
            <ns3:hr>83</ns3:hr>
          </ns3:TrackPointExtension>
        </extensions>
      </trkpt>
      <trkpt lat="-25.41109859012067317962646484375" lon="-49.00029555894434452056884765625">
        <ele>1223.199951171875</ele>
        <time>2025-04-05T10:07:41.000Z</time>
        <extensions>
          <ns3:TrackPointExtension>
            <ns3:hr>80</ns3:hr>
          </ns3:TrackPointExtension>
        </extensions>
      </trkpt>
      <trkpt lat="-25.41109657846391201019287109375" lon="-49.0002934634685516357421875">
        <ele>1222.800048828125</ele>
        <time>2025-04-05T10:07:43.000Z</time>
        <extensions>
          <ns3:TrackPointExtension>
            <ns3:hr>83</ns3:hr>
          </ns3:TrackPointExtension>
        </extensions>
      </trkpt>
      <trkpt lat="-25.4110993444919586181640625" lon="-49.000291116535663604736328125">
        <ele>1221.4000244140625</ele>
        <time>2025-04-05T10:07:50.000Z</time>
        <extensions>
          <ns3:TrackPointExtension>
            <ns3:hr>83</ns3:hr>
          </ns3:TrackPointExtension>
        </extensions>
      </trkpt>
      <trkpt lat="-25.411090292036533355712890625" lon="-49.0002906136214733123779296875">
        <ele>1219.800048828125</ele>
        <time>2025-04-05T10:07:56.000Z</time>
        <extensions>
          <ns3:TrackPointExtension>
            <ns3:hr>86</ns3:hr>
          </ns3:TrackPointExtension>
        </extensions>
      </trkpt>
      <trkpt lat="-25.41108526289463043212890625" lon="-49.00027778930962085723876953125">
        <ele>1219.4000244140625</ele>
        <time>2025-04-05T10:07:59.000Z</time>
        <extensions>
          <ns3:TrackPointExtension>
            <ns3:hr>87</ns3:hr>
          </ns3:TrackPointExtension>
        </extensions>
      </trkpt>
      <trkpt lat="-25.4110535793006420135498046875" lon="-49.00026421062648296356201171875">
        <ele>1217.4000244140625</ele>
        <time>2025-04-05T10:08:06.000Z</time>
        <extensions>
          <ns3:TrackPointExtension>
            <ns3:hr>86</ns3:hr>
          </ns3:TrackPointExtension>
        </extensions>
      </trkpt>
      <trkpt lat="-25.4110294394195079803466796875" lon="-49.0002800524234771728515625">
        <ele>1216.4000244140625</ele>
        <time>2025-04-05T10:08:11.000Z</time>
        <extensions>
          <ns3:TrackPointExtension>
            <ns3:hr>86</ns3:hr>
          </ns3:TrackPointExtension>
        </extensions>
      </trkpt>
      <trkpt lat="-25.4110311158001422882080078125" lon="-49.0002792142331600189208984375">
        <ele>1216</ele>
        <time>2025-04-05T10:08:13.000Z</time>
        <extensions>
          <ns3:TrackPointExtension>
            <ns3:hr>91</ns3:hr>
          </ns3:TrackPointExtension>
        </extensions>
      </trkpt>
      <trkpt lat="-25.4110381565988063812255859375" lon="-49.0002782084047794342041015625">
        <ele>1215.5999755859375</ele>
        <time>2025-04-05T10:08:16.000Z</time>
        <extensions>
          <ns3:TrackPointExtension>
            <ns3:hr>95</ns3:hr>
          </ns3:TrackPointExtension>
        </extensions>
      </trkpt>
      <trkpt lat="-25.41104209609329700469970703125" lon="-49.000279717147350311279296875">
        <ele>1215.199951171875</ele>
        <time>2025-04-05T10:08:18.000Z</time>
        <extensions>
          <ns3:TrackPointExtension>
            <ns3:hr>96</ns3:hr>
          </ns3:TrackPointExtension>
        </extensions>
      </trkpt>
      <trkpt lat="-25.411039330065250396728515625" lon="-49.0003060363233089447021484375">
        <ele>1215.199951171875</ele>
        <time>2025-04-05T10:08:24.000Z</time>
        <extensions>
          <ns3:TrackPointExtension>
            <ns3:hr>96</ns3:hr>
          </ns3:TrackPointExtension>
        </extensions>
      </trkpt>
      <trkpt lat="-25.411033965647220611572265625" lon="-49.0003298409283161163330078125">
        <ele>1215</ele>
        <time>2025-04-05T10:08:31.000Z</time>
        <extensions>
          <ns3:TrackPointExtension>
            <ns3:hr>99</ns3:hr>
          </ns3:TrackPointExtension>
        </extensions>
      </trkpt>
      <trkpt lat="-25.41103756986558437347412109375" lon="-49.00033830665051937103271484375">
        <ele>1214.199951171875</ele>
        <time>2025-04-05T10:08:35.000Z</time>
        <extensions>
          <ns3:TrackPointExtension>
            <ns3:hr>97</ns3:hr>
          </ns3:TrackPointExtension>
        </extensions>
      </trkpt>
      <trkpt lat="-25.41103790514171123504638671875" lon="-49.000342078506946563720703125">
        <ele>1213</ele>
        <time>2025-04-05T10:08:44.000Z</time>
        <extensions>
          <ns3:TrackPointExtension>
            <ns3:hr>96</ns3:hr>
          </ns3:TrackPointExtension>
        </extensions>
      </trkpt>
      <trkpt lat="-25.41103790514171123504638671875" lon="-49.00034132413566112518310546875">
        <ele>1212.800048828125</ele>
        <time>2025-04-05T10:08:56.000Z</time>
        <extensions>
          <ns3:TrackPointExtension>
            <ns3:hr>93</ns3:hr>
          </ns3:TrackPointExtension>
        </extensions>
      </trkpt>
      <trkpt lat="-25.411025583744049072265625" lon="-49.00034819729626178741455078125">
        <ele>1214.199951171875</ele>
        <time>2025-04-05T10:09:23.000Z</time>
        <extensions>
          <ns3:TrackPointExtension>
            <ns3:hr>90</ns3:hr>
          </ns3:TrackPointExtension>
        </extensions>
      </trkpt>
      <trkpt lat="-25.41101125068962574005126953125" lon="-49.00036009959876537322998046875">
        <ele>1214.199951171875</ele>
        <time>2025-04-05T10:09:34.000Z</time>
        <extensions>
          <ns3:TrackPointExtension>
            <ns3:hr>87</ns3:hr>
          </ns3:TrackPointExtension>
        </extensions>
      </trkpt>
      <trkpt lat="-25.4110029526054859161376953125" lon="-49.0003764443099498748779296875">
        <ele>1213.800048828125</ele>
        <time>2025-04-05T10:09:47.000Z</time>
        <extensions>
          <ns3:TrackPointExtension>
            <ns3:hr>84</ns3:hr>
          </ns3:TrackPointExtension>
        </extensions>
      </trkpt>
      <trkpt lat="-25.41099700145423412322998046875" lon="-49.00039463303983211517333984375">
        <ele>1213.5999755859375</ele>
        <time>2025-04-05T10:10:00.000Z</time>
        <extensions>
          <ns3:TrackPointExtension>
            <ns3:hr>81</ns3:hr>
          </ns3:TrackPointExtension>
        </extensions>
      </trkpt>
      <trkpt lat="-25.41099515743553638458251953125" lon="-49.00042288005352020263671875">
        <ele>1213.4000244140625</ele>
        <time>2025-04-05T10:10:17.000Z</time>
        <extensions>
          <ns3:TrackPointExtension>
            <ns3:hr>84</ns3:hr>
          </ns3:TrackPointExtension>
        </extensions>
      </trkpt>
      <trkpt lat="-25.41099096648395061492919921875" lon="-49.0004247240722179412841796875">
        <ele>1213.800048828125</ele>
        <time>2025-04-05T10:10:42.000Z</time>
        <extensions>
          <ns3:TrackPointExtension>
            <ns3:hr>87</ns3:hr>
          </ns3:TrackPointExtension>
        </extensions>
      </trkpt>
      <trkpt lat="-25.4109895415604114532470703125" lon="-49.0004247240722179412841796875">
        <ele>1213.800048828125</ele>
        <time>2025-04-05T10:10:43.000Z</time>
        <extensions>
          <ns3:TrackPointExtension>
            <ns3:hr>91</ns3:hr>
          </ns3:TrackPointExtension>
        </extensions>
      </trkpt>
      <trkpt lat="-25.41098828427493572235107421875" lon="-49.0004247240722179412841796875">
        <ele>1213.800048828125</ele>
        <time>2025-04-05T10:10:44.000Z</time>
        <extensions>
          <ns3:TrackPointExtension>
            <ns3:hr>87</ns3:hr>
          </ns3:TrackPointExtension>
        </extensions>
      </trkpt>
      <trkpt lat="-25.41098141111433506011962890625" lon="-49.0004300884902477264404296875">
        <ele>1212.5999755859375</ele>
        <time>2025-04-05T10:11:00.000Z</time>
        <extensions>
          <ns3:TrackPointExtension>
            <ns3:hr>84</ns3:hr>
          </ns3:TrackPointExtension>
        </extensions>
      </trkpt>
      <trkpt lat="-25.41098074056208133697509765625" lon="-49.00044995360076427459716796875">
        <ele>1212.5999755859375</ele>
        <time>2025-04-05T10:11:08.000Z</time>
        <extensions>
          <ns3:TrackPointExtension>
            <ns3:hr>81</ns3:hr>
          </ns3:TrackPointExtension>
        </extensions>
      </trkpt>
      <trkpt lat="-25.4109801538288593292236328125" lon="-49.00045330636203289031982421875">
        <ele>1212.5999755859375</ele>
        <time>2025-04-05T10:11:12.000Z</time>
        <extensions>
          <ns3:TrackPointExtension>
            <ns3:hr>84</ns3:hr>
          </ns3:TrackPointExtension>
        </extensions>
      </trkpt>
      <trkpt lat="-25.410979650914669036865234375" lon="-49.00045800022780895233154296875">
        <ele>1212.800048828125</ele>
        <time>2025-04-05T10:11:17.000Z</time>
        <extensions>
          <ns3:TrackPointExtension>
            <ns3:hr>81</ns3:hr>
          </ns3:TrackPointExtension>
        </extensions>
      </trkpt>
      <trkpt lat="-25.41097956709563732147216796875" lon="-49.000461436808109283447265625">
        <ele>1213</ele>
        <time>2025-04-05T10:11:20.000Z</time>
        <extensions>
          <ns3:TrackPointExtension>
            <ns3:hr>84</ns3:hr>
          </ns3:TrackPointExtension>
        </extensions>
      </trkpt>
      <trkpt lat="-25.41097956709563732147216796875" lon="-49.0004632808268070220947265625">
        <ele>1213</ele>
        <time>2025-04-05T10:11:21.000Z</time>
        <extensions>
          <ns3:TrackPointExtension>
            <ns3:hr>81</ns3:hr>
          </ns3:TrackPointExtension>
        </extensions>
      </trkpt>
      <trkpt lat="-25.4109794832766056060791015625" lon="-49.00046789087355136871337890625">
        <ele>1213.199951171875</ele>
        <time>2025-04-05T10:11:24.000Z</time>
        <extensions>
          <ns3:TrackPointExtension>
            <ns3:hr>84</ns3:hr>
          </ns3:TrackPointExtension>
        </extensions>
      </trkpt>
      <trkpt lat="-25.41097822599112987518310546875" lon="-49.00047761388123035430908203125">
        <ele>1213.4000244140625</ele>
        <time>2025-04-05T10:11:28.000Z</time>
        <extensions>
          <ns3:TrackPointExtension>
            <ns3:hr>81</ns3:hr>
          </ns3:TrackPointExtension>
        </extensions>
      </trkpt>
      <trkpt lat="-25.4109580256044864654541015625" lon="-49.00049261748790740966796875">
        <ele>1214.199951171875</ele>
        <time>2025-04-05T10:11:42.000Z</time>
        <extensions>
          <ns3:TrackPointExtension>
            <ns3:hr>81</ns3:hr>
          </ns3:TrackPointExtension>
        </extensions>
      </trkpt>
      <trkpt lat="-25.410917289555072784423828125" lon="-49.00048515759408473968505859375">
        <ele>1214</ele>
        <time>2025-04-05T10:12:11.000Z</time>
        <extensions>
          <ns3:TrackPointExtension>
            <ns3:hr>84</ns3:hr>
          </ns3:TrackPointExtension>
        </extensions>
      </trkpt>
      <trkpt lat="-25.4109000228345394134521484375" lon="-49.0004753507673740386962890625">
        <ele>1213.800048828125</ele>
        <time>2025-04-05T10:12:15.000Z</time>
        <extensions>
          <ns3:TrackPointExtension>
            <ns3:hr>85</ns3:hr>
          </ns3:TrackPointExtension>
        </extensions>
      </trkpt>
      <trkpt lat="-25.41088535450398921966552734375" lon="-49.00046705268323421478271484375">
        <ele>1211.4000244140625</ele>
        <time>2025-04-05T10:12:28.000Z</time>
        <extensions>
          <ns3:TrackPointExtension>
            <ns3:hr>88</ns3:hr>
          </ns3:TrackPointExtension>
        </extensions>
      </trkpt>
      <trkpt lat="-25.4108879528939723968505859375" lon="-49.00046671740710735321044921875">
        <ele>1211.199951171875</ele>
        <time>2025-04-05T10:12:46.000Z</time>
        <extensions>
          <ns3:TrackPointExtension>
            <ns3:hr>84</ns3:hr>
          </ns3:TrackPointExtension>
        </extensions>
      </trkpt>
      <trkpt lat="-25.4108879528939723968505859375" lon="-49.00046671740710735321044921875">
        <ele>1211.199951171875</ele>
        <time>2025-04-05T10:12:47.000Z</time>
        <extensions>
          <ns3:TrackPointExtension>
            <ns3:hr>87</ns3:hr>
          </ns3:TrackPointExtension>
        </extensions>
      </trkpt>
      <trkpt lat="-25.41085937060415744781494140625" lon="-49.0004518814384937286376953125">
        <ele>1208</ele>
        <time>2025-04-05T10:13:10.000Z</time>
        <extensions>
          <ns3:TrackPointExtension>
            <ns3:hr>83</ns3:hr>
          </ns3:TrackPointExtension>
        </extensions>
      </trkpt>
      <trkpt lat="-25.41085861623287200927734375" lon="-49.0004518814384937286376953125">
        <ele>1207</ele>
        <time>2025-04-05T10:13:12.000Z</time>
        <extensions>
          <ns3:TrackPointExtension>
            <ns3:hr>86</ns3:hr>
          </ns3:TrackPointExtension>
        </extensions>
      </trkpt>
      <trkpt lat="-25.4108527489006519317626953125" lon="-49.0004525519907474517822265625">
        <ele>1205.199951171875</ele>
        <time>2025-04-05T10:13:18.000Z</time>
        <extensions>
          <ns3:TrackPointExtension>
            <ns3:hr>83</ns3:hr>
          </ns3:TrackPointExtension>
        </extensions>
      </trkpt>
      <trkpt lat="-25.41085182689130306243896484375" lon="-49.000452719628810882568359375">
        <ele>1205</ele>
        <time>2025-04-05T10:13:19.000Z</time>
        <extensions>
          <ns3:TrackPointExtension>
            <ns3:hr>86</ns3:hr>
          </ns3:TrackPointExtension>
        </extensions>
      </trkpt>
      <trkpt lat="-25.41084176860749721527099609375" lon="-49.0004559047520160675048828125">
        <ele>1204.199951171875</ele>
        <time>2025-04-05T10:13:29.000Z</time>
        <extensions>
          <ns3:TrackPointExtension>
            <ns3:hr>83</ns3:hr>
          </ns3:TrackPointExtension>
        </extensions>
      </trkpt>
      <trkpt lat="-25.41079080663621425628662109375" lon="-49.00044433772563934326171875">
        <ele>1203.199951171875</ele>
        <time>2025-04-05T10:13:57.000Z</time>
        <extensions>
          <ns3:TrackPointExtension>
            <ns3:hr>86</ns3:hr>
          </ns3:TrackPointExtension>
        </extensions>
      </trkpt>
      <trkpt lat="-25.4107882082462310791015625" lon="-49.000444002449512481689453125">
        <ele>1203.199951171875</ele>
        <time>2025-04-05T10:13:58.000Z</time>
        <extensions>
          <ns3:TrackPointExtension>
            <ns3:hr>83</ns3:hr>
          </ns3:TrackPointExtension>
        </extensions>
      </trkpt>
      <trkpt lat="-25.41078276000916957855224609375" lon="-49.0004424937069416046142578125">
        <ele>1203.199951171875</ele>
        <time>2025-04-05T10:14:02.000Z</time>
        <extensions>
          <ns3:TrackPointExtension>
            <ns3:hr>86</ns3:hr>
          </ns3:TrackPointExtension>
        </extensions>
      </trkpt>
      <trkpt lat="-25.410757362842559814453125" lon="-49.00042279623448848724365234375">
        <ele>1200.800048828125</ele>
        <time>2025-04-05T10:14:24.000Z</time>
        <extensions>
          <ns3:TrackPointExtension>
            <ns3:hr>83</ns3:hr>
          </ns3:TrackPointExtension>
        </extensions>
      </trkpt>
      <trkpt lat="-25.4107240028679370880126953125" lon="-49.00040938518941402435302734375">
        <ele>1199.5999755859375</ele>
        <time>2025-04-05T10:14:47.000Z</time>
        <extensions>
          <ns3:TrackPointExtension>
            <ns3:hr>77</ns3:hr>
          </ns3:TrackPointExtension>
        </extensions>
      </trkpt>
      <trkpt lat="-25.4107183031737804412841796875" lon="-49.00041089393198490142822265625">
        <ele>1200.199951171875</ele>
        <time>2025-04-05T10:14:54.000Z</time>
        <extensions>
          <ns3:TrackPointExtension>
            <ns3:hr>81</ns3:hr>
          </ns3:TrackPointExtension>
        </extensions>
      </trkpt>
      <trkpt lat="-25.41071637533605098724365234375" lon="-49.00041089393198490142822265625">
        <ele>1201.4000244140625</ele>
        <time>2025-04-05T10:15:04.000Z</time>
        <extensions>
          <ns3:TrackPointExtension>
            <ns3:hr>78</ns3:hr>
          </ns3:TrackPointExtension>
        </extensions>
      </trkpt>
      <trkpt lat="-25.41071821935474872589111328125" lon="-49.00040770880877971649169921875">
        <ele>1201.5999755859375</ele>
        <time>2025-04-05T10:15:15.000Z</time>
        <extensions>
          <ns3:TrackPointExtension>
            <ns3:hr>81</ns3:hr>
          </ns3:TrackPointExtension>
        </extensions>
      </trkpt>
      <trkpt lat="-25.410721488296985626220703125" lon="-49.000404775142669677734375">
        <ele>1201.199951171875</ele>
        <time>2025-04-05T10:15:22.000Z</time>
        <extensions>
          <ns3:TrackPointExtension>
            <ns3:hr>78</ns3:hr>
          </ns3:TrackPointExtension>
        </extensions>
      </trkpt>
      <trkpt lat="-25.4107223264873027801513671875" lon="-49.0004036016762256622314453125">
        <ele>1201</ele>
        <time>2025-04-05T10:15:24.000Z</time>
        <extensions>
          <ns3:TrackPointExtension>
            <ns3:hr>81</ns3:hr>
          </ns3:TrackPointExtension>
        </extensions>
      </trkpt>
      <trkpt lat="-25.41072710417211055755615234375" lon="-49.00039999745786190032958984375">
        <ele>1200</ele>
        <time>2025-04-05T10:15:41.000Z</time>
        <extensions>
          <ns3:TrackPointExtension>
            <ns3:hr>84</ns3:hr>
          </ns3:TrackPointExtension>
        </extensions>
      </trkpt>
      <trkpt lat="-25.41072693653404712677001953125" lon="-49.0003995783627033233642578125">
        <ele>1200</ele>
        <time>2025-04-05T10:15:50.000Z</time>
        <extensions>
          <ns3:TrackPointExtension>
            <ns3:hr>87</ns3:hr>
          </ns3:TrackPointExtension>
        </extensions>
      </trkpt>
      <trkpt lat="-25.410726852715015411376953125" lon="-49.0003995783627033233642578125">
        <ele>1200</ele>
        <time>2025-04-05T10:15:52.000Z</time>
        <extensions>
          <ns3:TrackPointExtension>
            <ns3:hr>84</ns3:hr>
          </ns3:TrackPointExtension>
        </extensions>
      </trkpt>
      <trkpt lat="-25.4107265174388885498046875" lon="-49.00039966218173503875732421875">
        <ele>1200</ele>
        <time>2025-04-05T10:15:57.000Z</time>
        <extensions>
          <ns3:TrackPointExtension>
            <ns3:hr>81</ns3:hr>
          </ns3:TrackPointExtension>
        </extensions>
      </trkpt>
      <trkpt lat="-25.41070732288062572479248046875" lon="-49.00039312429726123809814453125">
        <ele>1200</ele>
        <time>2025-04-05T10:16:05.000Z</time>
        <extensions>
          <ns3:TrackPointExtension>
            <ns3:hr>84</ns3:hr>
          </ns3:TrackPointExtension>
        </extensions>
      </trkpt>
      <trkpt lat="-25.4107035510241985321044921875" lon="-49.00039136409759521484375">
        <ele>1200.199951171875</ele>
        <time>2025-04-05T10:16:06.000Z</time>
        <extensions>
          <ns3:TrackPointExtension>
            <ns3:hr>84</ns3:hr>
          </ns3:TrackPointExtension>
        </extensions>
      </trkpt>
      <trkpt lat="-25.41069944389164447784423828125" lon="-49.00038641877472400665283203125">
        <ele>1200.4000244140625</ele>
        <time>2025-04-05T10:16:07.000Z</time>
        <extensions>
          <ns3:TrackPointExtension>
            <ns3:hr>87</ns3:hr>
          </ns3:TrackPointExtension>
        </extensions>
      </trkpt>
      <trkpt lat="-25.410687960684299468994140625" lon="-49.00038826279342174530029296875">
        <ele>1201.4000244140625</ele>
        <time>2025-04-05T10:16:12.000Z</time>
        <extensions>
          <ns3:TrackPointExtension>
            <ns3:hr>86</ns3:hr>
          </ns3:TrackPointExtension>
        </extensions>
      </trkpt>
      <trkpt lat="-25.4106916487216949462890625" lon="-49.00040888227522373199462890625">
        <ele>1201.199951171875</ele>
        <time>2025-04-05T10:16:17.000Z</time>
        <extensions>
          <ns3:TrackPointExtension>
            <ns3:hr>87</ns3:hr>
          </ns3:TrackPointExtension>
        </extensions>
      </trkpt>
      <trkpt lat="-25.41068066842854022979736328125" lon="-49.0004114806652069091796875">
        <ele>1197.5999755859375</ele>
        <time>2025-04-05T10:16:23.000Z</time>
        <extensions>
          <ns3:TrackPointExtension>
            <ns3:hr>87</ns3:hr>
          </ns3:TrackPointExtension>
        </extensions>
      </trkpt>
      <trkpt lat="-25.4106951691210269927978515625" lon="-49.00043067522346973419189453125">
        <ele>1190.800048828125</ele>
        <time>2025-04-05T10:16:30.000Z</time>
        <extensions>
          <ns3:TrackPointExtension>
            <ns3:hr>89</ns3:hr>
          </ns3:TrackPointExtension>
        </extensions>
      </trkpt>
      <trkpt lat="-25.4106864519417285919189453125" lon="-49.00044701993465423583984375">
        <ele>1185.4000244140625</ele>
        <time>2025-04-05T10:16:37.000Z</time>
        <extensions>
          <ns3:TrackPointExtension>
            <ns3:hr>92</ns3:hr>
          </ns3:TrackPointExtension>
        </extensions>
      </trkpt>
      <trkpt lat="-25.41068695485591888427734375" lon="-49.0004522167146205902099609375">
        <ele>1185.199951171875</ele>
        <time>2025-04-05T10:16:38.000Z</time>
        <extensions>
          <ns3:TrackPointExtension>
            <ns3:hr>90</ns3:hr>
          </ns3:TrackPointExtension>
        </extensions>
      </trkpt>
      <trkpt lat="-25.41069391183555126190185546875" lon="-49.000476859509944915771484375">
        <ele>1184.800048828125</ele>
        <time>2025-04-05T10:16:45.000Z</time>
        <extensions>
          <ns3:TrackPointExtension>
            <ns3:hr>87</ns3:hr>
          </ns3:TrackPointExtension>
        </extensions>
      </trkpt>
      <trkpt lat="-25.4106921516358852386474609375" lon="-49.0004770271480083465576171875">
        <ele>1184.800048828125</ele>
        <time>2025-04-05T10:16:46.000Z</time>
        <extensions>
          <ns3:TrackPointExtension>
            <ns3:hr>86</ns3:hr>
          </ns3:TrackPointExtension>
        </extensions>
      </trkpt>
      <trkpt lat="-25.41068284772336483001708984375" lon="-49.00049320422112941741943359375">
        <ele>1184.5999755859375</ele>
        <time>2025-04-05T10:16:52.000Z</time>
        <extensions>
          <ns3:TrackPointExtension>
            <ns3:hr>84</ns3:hr>
          </ns3:TrackPointExtension>
        </extensions>
      </trkpt>
      <trkpt lat="-25.41068284772336483001708984375" lon="-49.00051365606486797332763671875">
        <ele>1183.5999755859375</ele>
        <time>2025-04-05T10:16:59.000Z</time>
        <extensions>
          <ns3:TrackPointExtension>
            <ns3:hr>84</ns3:hr>
          </ns3:TrackPointExtension>
        </extensions>
      </trkpt>
      <trkpt lat="-25.410673879086971282958984375" lon="-49.0005226247012615203857421875">
        <ele>1182</ele>
        <time>2025-04-05T10:17:04.000Z</time>
        <extensions>
          <ns3:TrackPointExtension>
            <ns3:hr>87</ns3:hr>
          </ns3:TrackPointExtension>
        </extensions>
      </trkpt>
      <trkpt lat="-25.4106733761727809906005859375" lon="-49.00052119977772235870361328125">
        <ele>1181.5999755859375</ele>
        <time>2025-04-05T10:17:07.000Z</time>
        <extensions>
          <ns3:TrackPointExtension>
            <ns3:hr>86</ns3:hr>
          </ns3:TrackPointExtension>
        </extensions>
      </trkpt>
      <trkpt lat="-25.41067228652536869049072265625" lon="-49.0005241334438323974609375">
        <ele>1180.199951171875</ele>
        <time>2025-04-05T10:17:14.000Z</time>
        <extensions>
          <ns3:TrackPointExtension>
            <ns3:hr>86</ns3:hr>
          </ns3:TrackPointExtension>
        </extensions>
      </trkpt>
      <trkpt lat="-25.41067228652536869049072265625" lon="-49.00052388198673725128173828125">
        <ele>1178.800048828125</ele>
        <time>2025-04-05T10:17:22.000Z</time>
        <extensions>
          <ns3:TrackPointExtension>
            <ns3:hr>89</ns3:hr>
          </ns3:TrackPointExtension>
        </extensions>
      </trkpt>
      <trkpt lat="-25.41067228652536869049072265625" lon="-49.00052287615835666656494140625">
        <ele>1178.800048828125</ele>
        <time>2025-04-05T10:17:25.000Z</time>
        <extensions>
          <ns3:TrackPointExtension>
            <ns3:hr>86</ns3:hr>
          </ns3:TrackPointExtension>
        </extensions>
      </trkpt>
      <trkpt lat="-25.41064915247261524200439453125" lon="-49.0005380474030971527099609375">
        <ele>1177.800048828125</ele>
        <time>2025-04-05T10:17:39.000Z</time>
        <extensions>
          <ns3:TrackPointExtension>
            <ns3:hr>89</ns3:hr>
          </ns3:TrackPointExtension>
        </extensions>
      </trkpt>
      <trkpt lat="-25.41064362041652202606201171875" lon="-49.00054131634533405303955078125">
        <ele>1177.5999755859375</ele>
        <time>2025-04-05T10:17:40.000Z</time>
        <extensions>
          <ns3:TrackPointExtension>
            <ns3:hr>89</ns3:hr>
          </ns3:TrackPointExtension>
        </extensions>
      </trkpt>
      <trkpt lat="-25.4106049798429012298583984375" lon="-49.00054198689758777618408203125">
        <ele>1177.4000244140625</ele>
        <time>2025-04-05T10:17:46.000Z</time>
        <extensions>
          <ns3:TrackPointExtension>
            <ns3:hr>86</ns3:hr>
          </ns3:TrackPointExtension>
        </extensions>
      </trkpt>
      <trkpt lat="-25.4106002859771251678466796875" lon="-49.0005377121269702911376953125">
        <ele>1177.199951171875</ele>
        <time>2025-04-05T10:17:47.000Z</time>
        <extensions>
          <ns3:TrackPointExtension>
            <ns3:hr>89</ns3:hr>
          </ns3:TrackPointExtension>
        </extensions>
      </trkpt>
      <trkpt lat="-25.41059953160583972930908203125" lon="-49.0005417354404926300048828125">
        <ele>1177</ele>
        <time>2025-04-05T10:17:48.000Z</time>
        <extensions>
          <ns3:TrackPointExtension>
            <ns3:hr>90</ns3:hr>
          </ns3:TrackPointExtension>
        </extensions>
      </trkpt>
      <trkpt lat="-25.41060154326260089874267578125" lon="-49.0005531348288059234619140625">
        <ele>1175</ele>
        <time>2025-04-05T10:17:53.000Z</time>
        <extensions>
          <ns3:TrackPointExtension>
            <ns3:hr>92</ns3:hr>
          </ns3:TrackPointExtension>
        </extensions>
      </trkpt>
      <trkpt lat="-25.410593412816524505615234375" lon="-49.00056461803615093231201171875">
        <ele>1173</ele>
        <time>2025-04-05T10:18:03.000Z</time>
        <extensions>
          <ns3:TrackPointExtension>
            <ns3:hr>92</ns3:hr>
          </ns3:TrackPointExtension>
        </extensions>
      </trkpt>
      <trkpt lat="-25.4104940034449100494384765625" lon="-49.000549279153347015380859375">
        <ele>1169.5999755859375</ele>
        <time>2025-04-05T10:18:40.000Z</time>
        <extensions>
          <ns3:TrackPointExtension>
            <ns3:hr>93</ns3:hr>
          </ns3:TrackPointExtension>
        </extensions>
      </trkpt>
      <trkpt lat="-25.41046005673706531524658203125" lon="-49.000527821481227874755859375">
        <ele>1169</ele>
        <time>2025-04-05T10:18:42.000Z</time>
        <extensions>
          <ns3:TrackPointExtension>
            <ns3:hr>92</ns3:hr>
          </ns3:TrackPointExtension>
        </extensions>
      </trkpt>
      <trkpt lat="-25.41043994016945362091064453125" lon="-49.000501669943332672119140625">
        <ele>1168.199951171875</ele>
        <time>2025-04-05T10:18:44.000Z</time>
        <extensions>
          <ns3:TrackPointExtension>
            <ns3:hr>89</ns3:hr>
          </ns3:TrackPointExtension>
        </extensions>
      </trkpt>
      <trkpt lat="-25.41044823825359344482421875" lon="-49.00047627277672290802001953125">
        <ele>1167.199951171875</ele>
        <time>2025-04-05T10:18:46.000Z</time>
        <extensions>
          <ns3:TrackPointExtension>
            <ns3:hr>87</ns3:hr>
          </ns3:TrackPointExtension>
        </extensions>
      </trkpt>
      <trkpt lat="-25.410449244081974029541015625" lon="-49.00044006295502185821533203125">
        <ele>1164</ele>
        <time>2025-04-05T10:18:52.000Z</time>
        <extensions>
          <ns3:TrackPointExtension>
            <ns3:hr>87</ns3:hr>
          </ns3:TrackPointExtension>
        </extensions>
      </trkpt>
      <trkpt lat="-25.4104500822722911834716796875" lon="-49.00044031441211700439453125">
        <ele>1163.199951171875</ele>
        <time>2025-04-05T10:18:53.000Z</time>
        <extensions>
          <ns3:TrackPointExtension>
            <ns3:hr>91</ns3:hr>
          </ns3:TrackPointExtension>
        </extensions>
      </trkpt>
      <trkpt lat="-25.410430468618869781494140625" lon="-49.00044836103916168212890625">
        <ele>1160.4000244140625</ele>
        <time>2025-04-05T10:19:00.000Z</time>
        <extensions>
          <ns3:TrackPointExtension>
            <ns3:hr>89</ns3:hr>
          </ns3:TrackPointExtension>
        </extensions>
      </trkpt>
      <trkpt lat="-25.41040423326194286346435546875" lon="-49.00044023059308528900146484375">
        <ele>1158.4000244140625</ele>
        <time>2025-04-05T10:19:09.000Z</time>
        <extensions>
          <ns3:TrackPointExtension>
            <ns3:hr>89</ns3:hr>
          </ns3:TrackPointExtension>
        </extensions>
      </trkpt>
      <trkpt lat="-25.41040423326194286346435546875" lon="-49.00044023059308528900146484375">
        <ele>1157.5999755859375</ele>
        <time>2025-04-05T10:19:14.000Z</time>
        <extensions>
          <ns3:TrackPointExtension>
            <ns3:hr>86</ns3:hr>
          </ns3:TrackPointExtension>
        </extensions>
      </trkpt>
      <trkpt lat="-25.41040423326194286346435546875" lon="-49.00044023059308528900146484375">
        <ele>1157.5999755859375</ele>
        <time>2025-04-05T10:19:16.000Z</time>
        <extensions>
          <ns3:TrackPointExtension>
            <ns3:hr>89</ns3:hr>
          </ns3:TrackPointExtension>
        </extensions>
      </trkpt>
      <trkpt lat="-25.41038176976144313812255859375" lon="-49.0004253946244716644287109375">
        <ele>1157.5999755859375</ele>
        <time>2025-04-05T10:19:31.000Z</time>
        <extensions>
          <ns3:TrackPointExtension>
            <ns3:hr>86</ns3:hr>
          </ns3:TrackPointExtension>
        </extensions>
      </trkpt>
      <trkpt lat="-25.4103803448379039764404296875" lon="-49.0004253946244716644287109375">
        <ele>1157.5999755859375</ele>
        <time>2025-04-05T10:19:32.000Z</time>
        <extensions>
          <ns3:TrackPointExtension>
            <ns3:hr>90</ns3:hr>
          </ns3:TrackPointExtension>
        </extensions>
      </trkpt>
      <trkpt lat="-25.4103759862482547760009765625" lon="-49.0004253946244716644287109375">
        <ele>1157.5999755859375</ele>
        <time>2025-04-05T10:19:37.000Z</time>
        <extensions>
          <ns3:TrackPointExtension>
            <ns3:hr>86</ns3:hr>
          </ns3:TrackPointExtension>
        </extensions>
      </trkpt>
      <trkpt lat="-25.41037254966795444488525390625" lon="-49.0004253946244716644287109375">
        <ele>1157.5999755859375</ele>
        <time>2025-04-05T10:19:38.000Z</time>
        <extensions>
          <ns3:TrackPointExtension>
            <ns3:hr>89</ns3:hr>
          </ns3:TrackPointExtension>
        </extensions>
      </trkpt>
      <trkpt lat="-25.41035645641386508941650390625" lon="-49.0004300884902477264404296875">
        <ele>1157.5999755859375</ele>
        <time>2025-04-05T10:19:46.000Z</time>
        <extensions>
          <ns3:TrackPointExtension>
            <ns3:hr>86</ns3:hr>
          </ns3:TrackPointExtension>
        </extensions>
      </trkpt>
      <trkpt lat="-25.4103448055684566497802734375" lon="-49.000440649688243865966796875">
        <ele>1157.5999755859375</ele>
        <time>2025-04-05T10:19:51.000Z</time>
        <extensions>
          <ns3:TrackPointExtension>
            <ns3:hr>83</ns3:hr>
          </ns3:TrackPointExtension>
        </extensions>
      </trkpt>
      <trkpt lat="-25.410337932407855987548828125" lon="-49.00044525973498821258544921875">
        <ele>1157.5999755859375</ele>
        <time>2025-04-05T10:19:53.000Z</time>
        <extensions>
          <ns3:TrackPointExtension>
            <ns3:hr>86</ns3:hr>
          </ns3:TrackPointExtension>
        </extensions>
      </trkpt>
      <trkpt lat="-25.4103297181427478790283203125" lon="-49.00044861249625682830810546875">
        <ele>1157.5999755859375</ele>
        <time>2025-04-05T10:19:57.000Z</time>
        <extensions>
          <ns3:TrackPointExtension>
            <ns3:hr>89</ns3:hr>
          </ns3:TrackPointExtension>
        </extensions>
      </trkpt>
      <trkpt lat="-25.41030935011804103851318359375" lon="-49.0004971437156200408935546875">
        <ele>1154.800048828125</ele>
        <time>2025-04-05T10:20:14.000Z</time>
        <extensions>
          <ns3:TrackPointExtension>
            <ns3:hr>86</ns3:hr>
          </ns3:TrackPointExtension>
        </extensions>
      </trkpt>
      <trkpt lat="-25.41030817665159702301025390625" lon="-49.00049722753465175628662109375">
        <ele>1154.5999755859375</ele>
        <time>2025-04-05T10:20:15.000Z</time>
        <extensions>
          <ns3:TrackPointExtension>
            <ns3:hr>89</ns3:hr>
          </ns3:TrackPointExtension>
        </extensions>
      </trkpt>
      <trkpt lat="-25.41029124520719051361083984375" lon="-49.0004978142678737640380859375">
        <ele>1153.4000244140625</ele>
        <time>2025-04-05T10:20:25.000Z</time>
        <extensions>
          <ns3:TrackPointExtension>
            <ns3:hr>86</ns3:hr>
          </ns3:TrackPointExtension>
        </extensions>
      </trkpt>
      <trkpt lat="-25.41028453968465328216552734375" lon="-49.00049756281077861785888671875">
        <ele>1153.199951171875</ele>
        <time>2025-04-05T10:20:27.000Z</time>
        <extensions>
          <ns3:TrackPointExtension>
            <ns3:hr>83</ns3:hr>
          </ns3:TrackPointExtension>
        </extensions>
      </trkpt>
      <trkpt lat="-25.4102643392980098724365234375" lon="-49.00049957446753978729248046875">
        <ele>1151.800048828125</ele>
        <time>2025-04-05T10:20:39.000Z</time>
        <extensions>
          <ns3:TrackPointExtension>
            <ns3:hr>79</ns3:hr>
          </ns3:TrackPointExtension>
        </extensions>
      </trkpt>
      <trkpt lat="-25.41026358492672443389892578125" lon="-49.000499658286571502685546875">
        <ele>1151.800048828125</ele>
        <time>2025-04-05T10:20:40.000Z</time>
        <extensions>
          <ns3:TrackPointExtension>
            <ns3:hr>82</ns3:hr>
          </ns3:TrackPointExtension>
        </extensions>
      </trkpt>
      <trkpt lat="-25.410176329314708709716796875" lon="-49.00052069686353206634521484375">
        <ele>1151</ele>
        <time>2025-04-05T10:21:11.000Z</time>
        <extensions>
          <ns3:TrackPointExtension>
            <ns3:hr>82</ns3:hr>
          </ns3:TrackPointExtension>
        </extensions>
      </trkpt>
      <trkpt lat="-25.41010030545294284820556640625" lon="-49.00051114149391651153564453125">
        <ele>1150.4000244140625</ele>
        <time>2025-04-05T10:21:17.000Z</time>
        <extensions>
          <ns3:TrackPointExtension>
            <ns3:hr>82</ns3:hr>
          </ns3:TrackPointExtension>
        </extensions>
      </trkpt>
      <trkpt lat="-25.41006443090736865997314453125" lon="-49.000482894480228424072265625">
        <ele>1145</ele>
        <time>2025-04-05T10:21:24.000Z</time>
        <extensions>
          <ns3:TrackPointExtension>
            <ns3:hr>81</ns3:hr>
          </ns3:TrackPointExtension>
        </extensions>
      </trkpt>
      <trkpt lat="-25.41002721525728702545166015625" lon="-49.0004488639533519744873046875">
        <ele>1140</ele>
        <time>2025-04-05T10:21:32.000Z</time>
        <extensions>
          <ns3:TrackPointExtension>
            <ns3:hr>81</ns3:hr>
          </ns3:TrackPointExtension>
        </extensions>
      </trkpt>
      <trkpt lat="-25.4100189171731472015380859375" lon="-49.00043218396604061126708984375">
        <ele>1137.800048828125</ele>
        <time>2025-04-05T10:21:35.000Z</time>
        <extensions>
          <ns3:TrackPointExtension>
            <ns3:hr>78</ns3:hr>
          </ns3:TrackPointExtension>
        </extensions>
      </trkpt>
      <trkpt lat="-25.41001246310770511627197265625" lon="-49.000421203672885894775390625">
        <ele>1136.5999755859375</ele>
        <time>2025-04-05T10:21:37.000Z</time>
        <extensions>
          <ns3:TrackPointExtension>
            <ns3:hr>81</ns3:hr>
          </ns3:TrackPointExtension>
        </extensions>
      </trkpt>
      <trkpt lat="-25.410005338490009307861328125" lon="-49.00041273795068264007568359375">
        <ele>1136.199951171875</ele>
        <time>2025-04-05T10:21:38.000Z</time>
        <extensions>
          <ns3:TrackPointExtension>
            <ns3:hr>78</ns3:hr>
          </ns3:TrackPointExtension>
        </extensions>
      </trkpt>
      <trkpt lat="-25.41000408120453357696533203125" lon="-49.00040469132363796234130859375">
        <ele>1135.800048828125</ele>
        <time>2025-04-05T10:21:39.000Z</time>
        <extensions>
          <ns3:TrackPointExtension>
            <ns3:hr>81</ns3:hr>
          </ns3:TrackPointExtension>
        </extensions>
      </trkpt>
      <trkpt lat="-25.40999335236847400665283203125" lon="-49.000391699373722076416015625">
        <ele>1135.199951171875</ele>
        <time>2025-04-05T10:21:41.000Z</time>
        <extensions>
          <ns3:TrackPointExtension>
            <ns3:hr>79</ns3:hr>
          </ns3:TrackPointExtension>
        </extensions>
      </trkpt>
      <trkpt lat="-25.40998153388500213623046875" lon="-49.00036177597939968109130859375">
        <ele>1134.199951171875</ele>
        <time>2025-04-05T10:21:44.000Z</time>
        <extensions>
          <ns3:TrackPointExtension>
            <ns3:hr>83</ns3:hr>
          </ns3:TrackPointExtension>
        </extensions>
      </trkpt>
      <trkpt lat="-25.40996518917381763458251953125" lon="-49.00032355450093746185302734375">
        <ele>1131.800048828125</ele>
        <time>2025-04-05T10:21:48.000Z</time>
        <extensions>
          <ns3:TrackPointExtension>
            <ns3:hr>82</ns3:hr>
          </ns3:TrackPointExtension>
        </extensions>
      </trkpt>
      <trkpt lat="-25.40992462076246738433837890625" lon="-49.00024929083883762359619140625">
        <ele>1130.4000244140625</ele>
        <time>2025-04-05T10:21:57.000Z</time>
        <extensions>
          <ns3:TrackPointExtension>
            <ns3:hr>86</ns3:hr>
          </ns3:TrackPointExtension>
        </extensions>
      </trkpt>
      <trkpt lat="-25.4099236987531185150146484375" lon="-49.00025012902915477752685546875">
        <ele>1130.4000244140625</ele>
        <time>2025-04-05T10:21:58.000Z</time>
        <extensions>
          <ns3:TrackPointExtension>
            <ns3:hr>83</ns3:hr>
          </ns3:TrackPointExtension>
        </extensions>
      </trkpt>
      <trkpt lat="-25.4099310748279094696044921875" lon="-49.0002396516501903533935546875">
        <ele>1129.800048828125</ele>
        <time>2025-04-05T10:22:02.000Z</time>
        <extensions>
          <ns3:TrackPointExtension>
            <ns3:hr>84</ns3:hr>
          </ns3:TrackPointExtension>
        </extensions>
      </trkpt>
      <trkpt lat="-25.40994440205395221710205078125" lon="-49.0002129971981048583984375">
        <ele>1129.4000244140625</ele>
        <time>2025-04-05T10:22:05.000Z</time>
        <extensions>
          <ns3:TrackPointExtension>
            <ns3:hr>81</ns3:hr>
          </ns3:TrackPointExtension>
        </extensions>
      </trkpt>
      <trkpt lat="-25.40994071401655673980712890625" lon="-49.00020897388458251953125">
        <ele>1129.199951171875</ele>
        <time>2025-04-05T10:22:06.000Z</time>
        <extensions>
          <ns3:TrackPointExtension>
            <ns3:hr>84</ns3:hr>
          </ns3:TrackPointExtension>
        </extensions>
      </trkpt>
      <trkpt lat="-25.40993970818817615509033203125" lon="-49.0001803077757358551025390625">
        <ele>1128.4000244140625</ele>
        <time>2025-04-05T10:22:10.000Z</time>
        <extensions>
          <ns3:TrackPointExtension>
            <ns3:hr>83</ns3:hr>
          </ns3:TrackPointExtension>
        </extensions>
      </trkpt>
      <trkpt lat="-25.40995010174810886383056640625" lon="-49.0001487918198108673095703125">
        <ele>1126.4000244140625</ele>
        <time>2025-04-05T10:22:15.000Z</time>
        <extensions>
          <ns3:TrackPointExtension>
            <ns3:hr>80</ns3:hr>
          </ns3:TrackPointExtension>
        </extensions>
      </trkpt>
      <trkpt lat="-25.40994465351104736328125" lon="-49.00011844933032989501953125">
        <ele>1125</ele>
        <time>2025-04-05T10:22:19.000Z</time>
        <extensions>
          <ns3:TrackPointExtension>
            <ns3:hr>79</ns3:hr>
          </ns3:TrackPointExtension>
        </extensions>
      </trkpt>
      <trkpt lat="-25.4099203459918498992919921875" lon="-49.000126160681247711181640625">
        <ele>1123.4000244140625</ele>
        <time>2025-04-05T10:22:25.000Z</time>
        <extensions>
          <ns3:TrackPointExtension>
            <ns3:hr>78</ns3:hr>
          </ns3:TrackPointExtension>
        </extensions>
      </trkpt>
      <trkpt lat="-25.4098884947597980499267578125" lon="-49.00015172548592090606689453125">
        <ele>1123.800048828125</ele>
        <time>2025-04-05T10:22:31.000Z</time>
        <extensions>
          <ns3:TrackPointExtension>
            <ns3:hr>78</ns3:hr>
          </ns3:TrackPointExtension>
        </extensions>
      </trkpt>
      <trkpt lat="-25.4098190926015377044677734375" lon="-49.00017888285219669342041015625">
        <ele>1124</ele>
        <time>2025-04-05T10:22:38.000Z</time>
        <extensions>
          <ns3:TrackPointExtension>
            <ns3:hr>79</ns3:hr>
          </ns3:TrackPointExtension>
        </extensions>
      </trkpt>
      <trkpt lat="-25.4097748361527919769287109375" lon="-49.00024677626788616180419921875">
        <ele>1122.199951171875</ele>
        <time>2025-04-05T10:22:46.000Z</time>
        <extensions>
          <ns3:TrackPointExtension>
            <ns3:hr>81</ns3:hr>
          </ns3:TrackPointExtension>
        </extensions>
      </trkpt>
      <trkpt lat="-25.40976217947900295257568359375" lon="-49.0002728439867496490478515625">
        <ele>1121.4000244140625</ele>
        <time>2025-04-05T10:22:51.000Z</time>
        <extensions>
          <ns3:TrackPointExtension>
            <ns3:hr>82</ns3:hr>
          </ns3:TrackPointExtension>
        </extensions>
      </trkpt>
      <trkpt lat="-25.40974860079586505889892578125" lon="-49.00026370771229267120361328125">
        <ele>1120</ele>
        <time>2025-04-05T10:22:55.000Z</time>
        <extensions>
          <ns3:TrackPointExtension>
            <ns3:hr>85</ns3:hr>
          </ns3:TrackPointExtension>
        </extensions>
      </trkpt>
      <trkpt lat="-25.4097309149801731109619140625" lon="-49.00025934912264347076416015625">
        <ele>1118.800048828125</ele>
        <time>2025-04-05T10:22:59.000Z</time>
        <extensions>
          <ns3:TrackPointExtension>
            <ns3:hr>84</ns3:hr>
          </ns3:TrackPointExtension>
        </extensions>
      </trkpt>
      <trkpt lat="-25.40969747118651866912841796875" lon="-49.00023688562214374542236328125">
        <ele>1118.199951171875</ele>
        <time>2025-04-05T10:23:04.000Z</time>
        <extensions>
          <ns3:TrackPointExtension>
            <ns3:hr>87</ns3:hr>
          </ns3:TrackPointExtension>
        </extensions>
      </trkpt>
      <trkpt lat="-25.40969311259686946868896484375" lon="-49.00022305548191070556640625">
        <ele>1118</ele>
        <time>2025-04-05T10:23:06.000Z</time>
        <extensions>
          <ns3:TrackPointExtension>
            <ns3:hr>87</ns3:hr>
          </ns3:TrackPointExtension>
        </extensions>
      </trkpt>
      <trkpt lat="-25.40967886336147785186767578125" lon="-49.00020704604685306549072265625">
        <ele>1117.800048828125</ele>
        <time>2025-04-05T10:23:11.000Z</time>
        <extensions>
          <ns3:TrackPointExtension>
            <ns3:hr>90</ns3:hr>
          </ns3:TrackPointExtension>
        </extensions>
      </trkpt>
      <trkpt lat="-25.40967576205730438232421875" lon="-49.00020352564752101898193359375">
        <ele>1117.4000244140625</ele>
        <time>2025-04-05T10:23:13.000Z</time>
        <extensions>
          <ns3:TrackPointExtension>
            <ns3:hr>88</ns3:hr>
          </ns3:TrackPointExtension>
        </extensions>
      </trkpt>
      <trkpt lat="-25.40963284671306610107421875" lon="-49.0001658909022808074951171875">
        <ele>1116.800048828125</ele>
        <time>2025-04-05T10:23:19.000Z</time>
        <extensions>
          <ns3:TrackPointExtension>
            <ns3:hr>88</ns3:hr>
          </ns3:TrackPointExtension>
        </extensions>
      </trkpt>
      <trkpt lat="-25.40962136350572109222412109375" lon="-49.00010495446622371673583984375">
        <ele>1118</ele>
        <time>2025-04-05T10:23:25.000Z</time>
        <extensions>
          <ns3:TrackPointExtension>
            <ns3:hr>86</ns3:hr>
          </ns3:TrackPointExtension>
        </extensions>
      </trkpt>
      <trkpt lat="-25.40962739847600460052490234375" lon="-49.000085256993770599365234375">
        <ele>1118.800048828125</ele>
        <time>2025-04-05T10:23:30.000Z</time>
        <extensions>
          <ns3:TrackPointExtension>
            <ns3:hr>84</ns3:hr>
          </ns3:TrackPointExtension>
        </extensions>
      </trkpt>
      <trkpt lat="-25.4096268117427825927734375" lon="-49.00007997639477252960205078125">
        <ele>1118.800048828125</ele>
        <time>2025-04-05T10:23:31.000Z</time>
        <extensions>
          <ns3:TrackPointExtension>
            <ns3:hr>87</ns3:hr>
          </ns3:TrackPointExtension>
        </extensions>
      </trkpt>
      <trkpt lat="-25.40962790139019489288330078125" lon="-49.00005541741847991943359375">
        <ele>1117.4000244140625</ele>
        <time>2025-04-05T10:23:35.000Z</time>
        <extensions>
          <ns3:TrackPointExtension>
            <ns3:hr>91</ns3:hr>
          </ns3:TrackPointExtension>
        </extensions>
      </trkpt>
      <trkpt lat="-25.40962622500956058502197265625" lon="-49.000051058828830718994140625">
        <ele>1116.800048828125</ele>
        <time>2025-04-05T10:23:36.000Z</time>
        <extensions>
          <ns3:TrackPointExtension>
            <ns3:hr>87</ns3:hr>
          </ns3:TrackPointExtension>
        </extensions>
      </trkpt>
      <trkpt lat="-25.40960728190839290618896484375" lon="-48.99994687177240848541259765625">
        <ele>1115</ele>
        <time>2025-04-05T10:23:45.000Z</time>
        <extensions>
          <ns3:TrackPointExtension>
            <ns3:hr>87</ns3:hr>
          </ns3:TrackPointExtension>
        </extensions>
      </trkpt>
      <trkpt lat="-25.409643240272998809814453125" lon="-48.99986657314002513885498046875">
        <ele>1114</ele>
        <time>2025-04-05T10:23:52.000Z</time>
        <extensions>
          <ns3:TrackPointExtension>
            <ns3:hr>87</ns3:hr>
          </ns3:TrackPointExtension>
        </extensions>
      </trkpt>
      <trkpt lat="-25.4096796177327632904052734375" lon="-48.9997806586325168609619140625">
        <ele>1113.5999755859375</ele>
        <time>2025-04-05T10:24:01.000Z</time>
        <extensions>
          <ns3:TrackPointExtension>
            <ns3:hr>87</ns3:hr>
          </ns3:TrackPointExtension>
        </extensions>
      </trkpt>
      <trkpt lat="-25.40972110815346240997314453125" lon="-48.99973916821181774139404296875">
        <ele>1113.199951171875</ele>
        <time>2025-04-05T10:24:07.000Z</time>
        <extensions>
          <ns3:TrackPointExtension>
            <ns3:hr>84</ns3:hr>
          </ns3:TrackPointExtension>
        </extensions>
      </trkpt>
      <trkpt lat="-25.40972982533276081085205078125" lon="-48.99971636943519115447998046875">
        <ele>1113</ele>
        <time>2025-04-05T10:24:09.000Z</time>
        <extensions>
          <ns3:TrackPointExtension>
            <ns3:hr>84</ns3:hr>
          </ns3:TrackPointExtension>
        </extensions>
      </trkpt>
      <trkpt lat="-25.40973938070237636566162109375" lon="-48.999692983925342559814453125">
        <ele>1112.800048828125</ele>
        <time>2025-04-05T10:24:11.000Z</time>
        <extensions>
          <ns3:TrackPointExtension>
            <ns3:hr>83</ns3:hr>
          </ns3:TrackPointExtension>
        </extensions>
      </trkpt>
      <trkpt lat="-25.40973418392241001129150390625" lon="-48.99967764504253864288330078125">
        <ele>1111.800048828125</ele>
        <time>2025-04-05T10:24:16.000Z</time>
        <extensions>
          <ns3:TrackPointExtension>
            <ns3:hr>82</ns3:hr>
          </ns3:TrackPointExtension>
        </extensions>
      </trkpt>
      <trkpt lat="-25.40968473069369792938232421875" lon="-48.999648727476596832275390625">
        <ele>1110</ele>
        <time>2025-04-05T10:24:25.000Z</time>
        <extensions>
          <ns3:TrackPointExtension>
            <ns3:hr>84</ns3:hr>
          </ns3:TrackPointExtension>
        </extensions>
      </trkpt>
      <trkpt lat="-25.4096792824566364288330078125" lon="-48.99966054596006870269775390625">
        <ele>1109</ele>
        <time>2025-04-05T10:24:32.000Z</time>
        <extensions>
          <ns3:TrackPointExtension>
            <ns3:hr>84</ns3:hr>
          </ns3:TrackPointExtension>
        </extensions>
      </trkpt>
      <trkpt lat="-25.40965841151773929595947265625" lon="-48.99966649711132049560546875">
        <ele>1108.800048828125</ele>
        <time>2025-04-05T10:24:35.000Z</time>
        <extensions>
          <ns3:TrackPointExtension>
            <ns3:hr>87</ns3:hr>
          </ns3:TrackPointExtension>
        </extensions>
      </trkpt>
      <trkpt lat="-25.40963343344628810882568359375" lon="-48.9996767230331897735595703125">
        <ele>1108</ele>
        <time>2025-04-05T10:24:40.000Z</time>
        <extensions>
          <ns3:TrackPointExtension>
            <ns3:hr>86</ns3:hr>
          </ns3:TrackPointExtension>
        </extensions>
      </trkpt>
      <trkpt lat="-25.40960778482258319854736328125" lon="-48.99968250654637813568115234375">
        <ele>1106.199951171875</ele>
        <time>2025-04-05T10:24:47.000Z</time>
        <extensions>
          <ns3:TrackPointExtension>
            <ns3:hr>85</ns3:hr>
          </ns3:TrackPointExtension>
        </extensions>
      </trkpt>
      <trkpt lat="-25.40960527025163173675537109375" lon="-48.9996861107647418975830078125">
        <ele>1105.4000244140625</ele>
        <time>2025-04-05T10:24:50.000Z</time>
        <extensions>
          <ns3:TrackPointExtension>
            <ns3:hr>88</ns3:hr>
          </ns3:TrackPointExtension>
        </extensions>
      </trkpt>
      <trkpt lat="-25.4096053540706634521484375" lon="-48.9996887929737567901611328125">
        <ele>1104.5999755859375</ele>
        <time>2025-04-05T10:24:53.000Z</time>
        <extensions>
          <ns3:TrackPointExtension>
            <ns3:hr>86</ns3:hr>
          </ns3:TrackPointExtension>
        </extensions>
      </trkpt>
      <trkpt lat="-25.4096035100519657135009765625" lon="-48.99969139136373996734619140625">
        <ele>1104.199951171875</ele>
        <time>2025-04-05T10:24:54.000Z</time>
        <extensions>
          <ns3:TrackPointExtension>
            <ns3:hr>89</ns3:hr>
          </ns3:TrackPointExtension>
        </extensions>
      </trkpt>
      <trkpt lat="-25.40960602462291717529296875" lon="-48.99969340302050113677978515625">
        <ele>1103.800048828125</ele>
        <time>2025-04-05T10:24:55.000Z</time>
        <extensions>
          <ns3:TrackPointExtension>
            <ns3:hr>85</ns3:hr>
          </ns3:TrackPointExtension>
        </extensions>
      </trkpt>
      <trkpt lat="-25.4096028394997119903564453125" lon="-48.9996988512575626373291015625">
        <ele>1103.199951171875</ele>
        <time>2025-04-05T10:24:59.000Z</time>
        <extensions>
          <ns3:TrackPointExtension>
            <ns3:hr>89</ns3:hr>
          </ns3:TrackPointExtension>
        </extensions>
      </trkpt>
      <trkpt lat="-25.409602336585521697998046875" lon="-48.9997068978846073150634765625">
        <ele>1102.800048828125</ele>
        <time>2025-04-05T10:25:02.000Z</time>
        <extensions>
          <ns3:TrackPointExtension>
            <ns3:hr>87</ns3:hr>
          </ns3:TrackPointExtension>
        </extensions>
      </trkpt>
      <trkpt lat="-25.40960334241390228271484375" lon="-48.999708406627178192138671875">
        <ele>1102.4000244140625</ele>
        <time>2025-04-05T10:25:06.000Z</time>
        <extensions>
          <ns3:TrackPointExtension>
            <ns3:hr>83</ns3:hr>
          </ns3:TrackPointExtension>
        </extensions>
      </trkpt>
      <trkpt lat="-25.40960736572742462158203125" lon="-48.99971134029328823089599609375">
        <ele>1101.800048828125</ele>
        <time>2025-04-05T10:25:09.000Z</time>
        <extensions>
          <ns3:TrackPointExtension>
            <ns3:hr>83</ns3:hr>
          </ns3:TrackPointExtension>
        </extensions>
      </trkpt>
      <trkpt lat="-25.4096128977835178375244140625" lon="-48.99971502833068370819091796875">
        <ele>1101.199951171875</ele>
        <time>2025-04-05T10:25:12.000Z</time>
        <extensions>
          <ns3:TrackPointExtension>
            <ns3:hr>80</ns3:hr>
          </ns3:TrackPointExtension>
        </extensions>
      </trkpt>
      <trkpt lat="-25.4096226207911968231201171875" lon="-48.999712429940700531005859375">
        <ele>1099.5999755859375</ele>
        <time>2025-04-05T10:25:19.000Z</time>
        <extensions>
          <ns3:TrackPointExtension>
            <ns3:hr>80</ns3:hr>
          </ns3:TrackPointExtension>
        </extensions>
      </trkpt>
      <trkpt lat="-25.409622453153133392333984375" lon="-48.99970480240881443023681640625">
        <ele>1099.199951171875</ele>
        <time>2025-04-05T10:25:24.000Z</time>
        <extensions>
          <ns3:TrackPointExtension>
            <ns3:hr>76</ns3:hr>
          </ns3:TrackPointExtension>
        </extensions>
      </trkpt>
      <trkpt lat="-25.4096155799925327301025390625" lon="-48.999699689447879791259765625">
        <ele>1099.199951171875</ele>
        <time>2025-04-05T10:25:25.000Z</time>
        <extensions>
          <ns3:TrackPointExtension>
            <ns3:hr>80</ns3:hr>
          </ns3:TrackPointExtension>
        </extensions>
      </trkpt>
      <trkpt lat="-25.409593284130096435546875" lon="-48.99970463477075099945068359375">
        <ele>1099.5999755859375</ele>
        <time>2025-04-05T10:25:29.000Z</time>
        <extensions>
          <ns3:TrackPointExtension>
            <ns3:hr>83</ns3:hr>
          </ns3:TrackPointExtension>
        </extensions>
      </trkpt>
      <trkpt lat="-25.4095843993127346038818359375" lon="-48.99969994090497493743896484375">
        <ele>1099.5999755859375</ele>
        <time>2025-04-05T10:25:30.000Z</time>
        <extensions>
          <ns3:TrackPointExtension>
            <ns3:hr>84</ns3:hr>
          </ns3:TrackPointExtension>
        </extensions>
      </trkpt>
      <trkpt lat="-25.40958012454211711883544921875" lon="-48.999688960611820220947265625">
        <ele>1101</ele>
        <time>2025-04-05T10:25:35.000Z</time>
        <extensions>
          <ns3:TrackPointExtension>
            <ns3:hr>88</ns3:hr>
          </ns3:TrackPointExtension>
        </extensions>
      </trkpt>
      <trkpt lat="-25.4095813818275928497314453125" lon="-48.99969373829662799835205078125">
        <ele>1101</ele>
        <time>2025-04-05T10:25:44.000Z</time>
        <extensions>
          <ns3:TrackPointExtension>
            <ns3:hr>90</ns3:hr>
          </ns3:TrackPointExtension>
        </extensions>
      </trkpt>
      <trkpt lat="-25.4095813818275928497314453125" lon="-48.99969373829662799835205078125">
        <ele>1100.800048828125</ele>
        <time>2025-04-05T10:25:49.000Z</time>
        <extensions>
          <ns3:TrackPointExtension>
            <ns3:hr>93</ns3:hr>
          </ns3:TrackPointExtension>
        </extensions>
      </trkpt>
      <trkpt lat="-25.4095803759992122650146484375" lon="-48.999695666134357452392578125">
        <ele>1100.5999755859375</ele>
        <time>2025-04-05T10:25:58.000Z</time>
        <extensions>
          <ns3:TrackPointExtension>
            <ns3:hr>90</ns3:hr>
          </ns3:TrackPointExtension>
        </extensions>
      </trkpt>
      <trkpt lat="-25.4095803759992122650146484375" lon="-48.9996978454291820526123046875">
        <ele>1100.5999755859375</ele>
        <time>2025-04-05T10:26:03.000Z</time>
        <extensions>
          <ns3:TrackPointExtension>
            <ns3:hr>93</ns3:hr>
          </ns3:TrackPointExtension>
        </extensions>
      </trkpt>
      <trkpt lat="-25.4095810465514659881591796875" lon="-48.999698348343372344970703125">
        <ele>1100.199951171875</ele>
        <time>2025-04-05T10:26:07.000Z</time>
        <extensions>
          <ns3:TrackPointExtension>
            <ns3:hr>90</ns3:hr>
          </ns3:TrackPointExtension>
        </extensions>
      </trkpt>
      <trkpt lat="-25.409591607749462127685546875" lon="-48.999696336686611175537109375">
        <ele>1099.4000244140625</ele>
        <time>2025-04-05T10:26:19.000Z</time>
        <extensions>
          <ns3:TrackPointExtension>
            <ns3:hr>93</ns3:hr>
          </ns3:TrackPointExtension>
        </extensions>
      </trkpt>
      <trkpt lat="-25.4095954634249210357666015625" lon="-48.9996921457350254058837890625">
        <ele>1099.4000244140625</ele>
        <time>2025-04-05T10:26:22.000Z</time>
        <extensions>
          <ns3:TrackPointExtension>
            <ns3:hr>90</ns3:hr>
          </ns3:TrackPointExtension>
        </extensions>
      </trkpt>
      <trkpt lat="-25.4095981456339359283447265625" lon="-48.99968468584120273590087890625">
        <ele>1099.4000244140625</ele>
        <time>2025-04-05T10:26:26.000Z</time>
        <extensions>
          <ns3:TrackPointExtension>
            <ns3:hr>93</ns3:hr>
          </ns3:TrackPointExtension>
        </extensions>
      </trkpt>
      <trkpt lat="-25.4095999896526336669921875" lon="-48.999683596193790435791015625">
        <ele>1099.5999755859375</ele>
        <time>2025-04-05T10:26:28.000Z</time>
        <extensions>
          <ns3:TrackPointExtension>
            <ns3:hr>90</ns3:hr>
          </ns3:TrackPointExtension>
        </extensions>
      </trkpt>
      <trkpt lat="-25.4096028394997119903564453125" lon="-48.9996760524809360504150390625">
        <ele>1101.4000244140625</ele>
        <time>2025-04-05T10:26:36.000Z</time>
        <extensions>
          <ns3:TrackPointExtension>
            <ns3:hr>93</ns3:hr>
          </ns3:TrackPointExtension>
        </extensions>
      </trkpt>
      <trkpt lat="-25.4096031747758388519287109375" lon="-48.99967454373836517333984375">
        <ele>1103.800048828125</ele>
        <time>2025-04-05T10:26:47.000Z</time>
        <extensions>
          <ns3:TrackPointExtension>
            <ns3:hr>90</ns3:hr>
          </ns3:TrackPointExtension>
        </extensions>
      </trkpt>
      <trkpt lat="-25.40960292331874370574951171875" lon="-48.99967454373836517333984375">
        <ele>1104</ele>
        <time>2025-04-05T10:26:48.000Z</time>
        <extensions>
          <ns3:TrackPointExtension>
            <ns3:hr>93</ns3:hr>
          </ns3:TrackPointExtension>
        </extensions>
      </trkpt>
      <trkpt lat="-25.4096028394997119903564453125" lon="-48.99967454373836517333984375">
        <ele>1104</ele>
        <time>2025-04-05T10:26:49.000Z</time>
        <extensions>
          <ns3:TrackPointExtension>
            <ns3:hr>90</ns3:hr>
          </ns3:TrackPointExtension>
        </extensions>
      </trkpt>
      <trkpt lat="-25.40958833880722522735595703125" lon="-48.9996767230331897735595703125">
        <ele>1105.5999755859375</ele>
        <time>2025-04-05T10:26:59.000Z</time>
        <extensions>
          <ns3:TrackPointExtension>
            <ns3:hr>87</ns3:hr>
          </ns3:TrackPointExtension>
        </extensions>
      </trkpt>
      <trkpt lat="-25.40954089723527431488037109375" lon="-48.99968661367893218994140625">
        <ele>1107.5999755859375</ele>
        <time>2025-04-05T10:27:09.000Z</time>
        <extensions>
          <ns3:TrackPointExtension>
            <ns3:hr>84</ns3:hr>
          </ns3:TrackPointExtension>
        </extensions>
      </trkpt>
      <trkpt lat="-25.40945070795714855194091796875" lon="-48.9997451193630695343017578125">
        <ele>1107.800048828125</ele>
        <time>2025-04-05T10:27:29.000Z</time>
        <extensions>
          <ns3:TrackPointExtension>
            <ns3:hr>80</ns3:hr>
          </ns3:TrackPointExtension>
        </extensions>
      </trkpt>
      <trkpt lat="-25.40942631661891937255859375" lon="-48.999763391911983489990234375">
        <ele>1107.5999755859375</ele>
        <time>2025-04-05T10:27:34.000Z</time>
        <extensions>
          <ns3:TrackPointExtension>
            <ns3:hr>85</ns3:hr>
          </ns3:TrackPointExtension>
        </extensions>
      </trkpt>
      <trkpt lat="-25.4094068706035614013671875" lon="-48.99975978769361972808837890625">
        <ele>1107.4000244140625</ele>
        <time>2025-04-05T10:27:36.000Z</time>
        <extensions>
          <ns3:TrackPointExtension>
            <ns3:hr>82</ns3:hr>
          </ns3:TrackPointExtension>
        </extensions>
      </trkpt>
      <trkpt lat="-25.40935934521257877349853515625" lon="-48.99975459091365337371826171875">
        <ele>1107.199951171875</ele>
        <time>2025-04-05T10:27:39.000Z</time>
        <extensions>
          <ns3:TrackPointExtension>
            <ns3:hr>82</ns3:hr>
          </ns3:TrackPointExtension>
        </extensions>
      </trkpt>
      <trkpt lat="-25.40927686728537082672119140625" lon="-48.999745957553386688232421875">
        <ele>1104.4000244140625</ele>
        <time>2025-04-05T10:27:46.000Z</time>
        <extensions>
          <ns3:TrackPointExtension>
            <ns3:hr>80</ns3:hr>
          </ns3:TrackPointExtension>
        </extensions>
      </trkpt>
      <trkpt lat="-25.40924602188169956207275390625" lon="-48.99975928477942943572998046875">
        <ele>1101.5999755859375</ele>
        <time>2025-04-05T10:27:51.000Z</time>
        <extensions>
          <ns3:TrackPointExtension>
            <ns3:hr>80</ns3:hr>
          </ns3:TrackPointExtension>
        </extensions>
      </trkpt>
      <trkpt lat="-25.4092162661254405975341796875" lon="-48.9997709356248378753662109375">
        <ele>1099</ele>
        <time>2025-04-05T10:27:57.000Z</time>
        <extensions>
          <ns3:TrackPointExtension>
            <ns3:hr>79</ns3:hr>
          </ns3:TrackPointExtension>
        </extensions>
      </trkpt>
      <trkpt lat="-25.40916287340223789215087890625" lon="-48.99977378547191619873046875">
        <ele>1097.4000244140625</ele>
        <time>2025-04-05T10:28:03.000Z</time>
        <extensions>
          <ns3:TrackPointExtension>
            <ns3:hr>79</ns3:hr>
          </ns3:TrackPointExtension>
        </extensions>
      </trkpt>
      <trkpt lat="-25.409035049378871917724609375" lon="-48.99974302388727664947509765625">
        <ele>1096.4000244140625</ele>
        <time>2025-04-05T10:28:13.000Z</time>
        <extensions>
          <ns3:TrackPointExtension>
            <ns3:hr>80</ns3:hr>
          </ns3:TrackPointExtension>
        </extensions>
      </trkpt>
      <trkpt lat="-25.408956594765186309814453125" lon="-48.9997615478932857513427734375">
        <ele>1096.5999755859375</ele>
        <time>2025-04-05T10:28:22.000Z</time>
        <extensions>
          <ns3:TrackPointExtension>
            <ns3:hr>78</ns3:hr>
          </ns3:TrackPointExtension>
        </extensions>
      </trkpt>
      <trkpt lat="-25.40895299054682254791259765625" lon="-48.9997548423707485198974609375">
        <ele>1096.199951171875</ele>
        <time>2025-04-05T10:28:23.000Z</time>
        <extensions>
          <ns3:TrackPointExtension>
            <ns3:hr>81</ns3:hr>
          </ns3:TrackPointExtension>
        </extensions>
      </trkpt>
      <trkpt lat="-25.408941172063350677490234375" lon="-48.9997471310198307037353515625">
        <ele>1095.199951171875</ele>
        <time>2025-04-05T10:28:28.000Z</time>
        <extensions>
          <ns3:TrackPointExtension>
            <ns3:hr>84</ns3:hr>
          </ns3:TrackPointExtension>
        </extensions>
      </trkpt>
      <trkpt lat="-25.40892566554248332977294921875" lon="-48.999734222888946533203125">
        <ele>1094.4000244140625</ele>
        <time>2025-04-05T10:28:33.000Z</time>
        <extensions>
          <ns3:TrackPointExtension>
            <ns3:hr>80</ns3:hr>
          </ns3:TrackPointExtension>
        </extensions>
      </trkpt>
      <trkpt lat="-25.4089187085628509521484375" lon="-48.999725170433521270751953125">
        <ele>1093.800048828125</ele>
        <time>2025-04-05T10:28:35.000Z</time>
        <extensions>
          <ns3:TrackPointExtension>
            <ns3:hr>83</ns3:hr>
          </ns3:TrackPointExtension>
        </extensions>
      </trkpt>
      <trkpt lat="-25.40891644544899463653564453125" lon="-48.99972190149128437042236328125">
        <ele>1093.4000244140625</ele>
        <time>2025-04-05T10:28:36.000Z</time>
        <extensions>
          <ns3:TrackPointExtension>
            <ns3:hr>83</ns3:hr>
          </ns3:TrackPointExtension>
        </extensions>
      </trkpt>
      <trkpt lat="-25.40887570939958095550537109375" lon="-48.9997125975787639617919921875">
        <ele>1090</ele>
        <time>2025-04-05T10:28:42.000Z</time>
        <extensions>
          <ns3:TrackPointExtension>
            <ns3:hr>82</ns3:hr>
          </ns3:TrackPointExtension>
        </extensions>
      </trkpt>
      <trkpt lat="-25.4088253341615200042724609375" lon="-48.99969139136373996734619140625">
        <ele>1088.199951171875</ele>
        <time>2025-04-05T10:28:48.000Z</time>
        <extensions>
          <ns3:TrackPointExtension>
            <ns3:hr>82</ns3:hr>
          </ns3:TrackPointExtension>
        </extensions>
      </trkpt>
      <trkpt lat="-25.40877797640860080718994140625" lon="-48.9996941573917865753173828125">
        <ele>1086.5999755859375</ele>
        <time>2025-04-05T10:28:53.000Z</time>
        <extensions>
          <ns3:TrackPointExtension>
            <ns3:hr>82</ns3:hr>
          </ns3:TrackPointExtension>
        </extensions>
      </trkpt>
      <trkpt lat="-25.4087599553167819976806640625" lon="-48.99971016682684421539306640625">
        <ele>1086.4000244140625</ele>
        <time>2025-04-05T10:28:55.000Z</time>
        <extensions>
          <ns3:TrackPointExtension>
            <ns3:hr>82</ns3:hr>
          </ns3:TrackPointExtension>
        </extensions>
      </trkpt>
      <trkpt lat="-25.40872181765735149383544921875" lon="-48.99972743354737758636474609375">
        <ele>1086</ele>
        <time>2025-04-05T10:29:00.000Z</time>
        <extensions>
          <ns3:TrackPointExtension>
            <ns3:hr>85</ns3:hr>
          </ns3:TrackPointExtension>
        </extensions>
      </trkpt>
      <trkpt lat="-25.40871419012546539306640625" lon="-48.99973212741315364837646484375">
        <ele>1085.5999755859375</ele>
        <time>2025-04-05T10:29:02.000Z</time>
        <extensions>
          <ns3:TrackPointExtension>
            <ns3:hr>82</ns3:hr>
          </ns3:TrackPointExtension>
        </extensions>
      </trkpt>
      <trkpt lat="-25.408658869564533233642578125" lon="-48.999737240374088287353515625">
        <ele>1085.199951171875</ele>
        <time>2025-04-05T10:29:07.000Z</time>
        <extensions>
          <ns3:TrackPointExtension>
            <ns3:hr>82</ns3:hr>
          </ns3:TrackPointExtension>
        </extensions>
      </trkpt>
      <trkpt lat="-25.40864805690944194793701171875" lon="-48.99973548017442226409912109375">
        <ele>1085.199951171875</ele>
        <time>2025-04-05T10:29:08.000Z</time>
        <extensions>
          <ns3:TrackPointExtension>
            <ns3:hr>83</ns3:hr>
          </ns3:TrackPointExtension>
        </extensions>
      </trkpt>
      <trkpt lat="-25.40860799141228199005126953125" lon="-48.9997226558625698089599609375">
        <ele>1084.800048828125</ele>
        <time>2025-04-05T10:29:15.000Z</time>
        <extensions>
          <ns3:TrackPointExtension>
            <ns3:hr>81</ns3:hr>
          </ns3:TrackPointExtension>
        </extensions>
      </trkpt>
      <trkpt lat="-25.408591143786907196044921875" lon="-48.99969189427793025970458984375">
        <ele>1084.199951171875</ele>
        <time>2025-04-05T10:29:17.000Z</time>
        <extensions>
          <ns3:TrackPointExtension>
            <ns3:hr>84</ns3:hr>
          </ns3:TrackPointExtension>
        </extensions>
      </trkpt>
      <trkpt lat="-25.4085614718496799468994140625" lon="-48.999690972268581390380859375">
        <ele>1083.199951171875</ele>
        <time>2025-04-05T10:29:19.000Z</time>
        <extensions>
          <ns3:TrackPointExtension>
            <ns3:hr>81</ns3:hr>
          </ns3:TrackPointExtension>
        </extensions>
      </trkpt>
      <trkpt lat="-25.40854495950043201446533203125" lon="-48.99966507218778133392333984375">
        <ele>1080.199951171875</ele>
        <time>2025-04-05T10:29:23.000Z</time>
        <extensions>
          <ns3:TrackPointExtension>
            <ns3:hr>80</ns3:hr>
          </ns3:TrackPointExtension>
        </extensions>
      </trkpt>
      <trkpt lat="-25.40850020013749599456787109375" lon="-48.99963087402284145355224609375">
        <ele>1078.199951171875</ele>
        <time>2025-04-05T10:29:29.000Z</time>
        <extensions>
          <ns3:TrackPointExtension>
            <ns3:hr>83</ns3:hr>
          </ns3:TrackPointExtension>
        </extensions>
      </trkpt>
      <trkpt lat="-25.40849735029041767120361328125" lon="-48.9996200613677501678466796875">
        <ele>1078</ele>
        <time>2025-04-05T10:29:30.000Z</time>
        <extensions>
          <ns3:TrackPointExtension>
            <ns3:hr>84</ns3:hr>
          </ns3:TrackPointExtension>
        </extensions>
      </trkpt>
      <trkpt lat="-25.408442951738834381103515625" lon="-48.99958603084087371826171875">
        <ele>1075.800048828125</ele>
        <time>2025-04-05T10:29:37.000Z</time>
        <extensions>
          <ns3:TrackPointExtension>
            <ns3:hr>82</ns3:hr>
          </ns3:TrackPointExtension>
        </extensions>
      </trkpt>
      <trkpt lat="-25.408398695290088653564453125" lon="-48.9995491504669189453125">
        <ele>1074.199951171875</ele>
        <time>2025-04-05T10:29:42.000Z</time>
        <extensions>
          <ns3:TrackPointExtension>
            <ns3:hr>85</ns3:hr>
          </ns3:TrackPointExtension>
        </extensions>
      </trkpt>
      <trkpt lat="-25.40836139582097530364990234375" lon="-48.99952157400548458099365234375">
        <ele>1072.4000244140625</ele>
        <time>2025-04-05T10:29:47.000Z</time>
        <extensions>
          <ns3:TrackPointExtension>
            <ns3:hr>83</ns3:hr>
          </ns3:TrackPointExtension>
        </extensions>
      </trkpt>
      <trkpt lat="-25.408317558467388153076171875" lon="-48.999479748308658599853515625">
        <ele>1071.199951171875</ele>
        <time>2025-04-05T10:29:53.000Z</time>
        <extensions>
          <ns3:TrackPointExtension>
            <ns3:hr>82</ns3:hr>
          </ns3:TrackPointExtension>
        </extensions>
      </trkpt>
      <trkpt lat="-25.40830875746905803680419921875" lon="-48.9994762279093265533447265625">
        <ele>1069.800048828125</ele>
        <time>2025-04-05T10:29:59.000Z</time>
        <extensions>
          <ns3:TrackPointExtension>
            <ns3:hr>82</ns3:hr>
          </ns3:TrackPointExtension>
        </extensions>
      </trkpt>
      <trkpt lat="-25.40831211023032665252685546875" lon="-48.9994834363460540771484375">
        <ele>1068.5999755859375</ele>
        <time>2025-04-05T10:30:06.000Z</time>
        <extensions>
          <ns3:TrackPointExtension>
            <ns3:hr>84</ns3:hr>
          </ns3:TrackPointExtension>
        </extensions>
      </trkpt>
      <trkpt lat="-25.40831294842064380645751953125" lon="-48.9994834363460540771484375">
        <ele>1067.5999755859375</ele>
        <time>2025-04-05T10:30:22.000Z</time>
        <extensions>
          <ns3:TrackPointExtension>
            <ns3:hr>87</ns3:hr>
          </ns3:TrackPointExtension>
        </extensions>
      </trkpt>
      <trkpt lat="-25.40831563062965869903564453125" lon="-48.999482095241546630859375">
        <ele>1067.5999755859375</ele>
        <time>2025-04-05T10:30:37.000Z</time>
        <extensions>
          <ns3:TrackPointExtension>
            <ns3:hr>84</ns3:hr>
          </ns3:TrackPointExtension>
        </extensions>
      </trkpt>
      <trkpt lat="-25.4083183966577053070068359375" lon="-48.99946172721683979034423828125">
        <ele>1069</ele>
        <time>2025-04-05T10:30:55.000Z</time>
        <extensions>
          <ns3:TrackPointExtension>
            <ns3:hr>87</ns3:hr>
          </ns3:TrackPointExtension>
        </extensions>
      </trkpt>
      <trkpt lat="-25.408317558467388153076171875" lon="-48.99946105666458606719970703125">
        <ele>1069.4000244140625</ele>
        <time>2025-04-05T10:31:04.000Z</time>
        <extensions>
          <ns3:TrackPointExtension>
            <ns3:hr>84</ns3:hr>
          </ns3:TrackPointExtension>
        </extensions>
      </trkpt>
      <trkpt lat="-25.40825226344168186187744140625" lon="-48.99949885904788970947265625">
        <ele>1069.199951171875</ele>
        <time>2025-04-05T10:31:18.000Z</time>
        <extensions>
          <ns3:TrackPointExtension>
            <ns3:hr>85</ns3:hr>
          </ns3:TrackPointExtension>
        </extensions>
      </trkpt>
      <trkpt lat="-25.40821907110512256622314453125" lon="-48.99952928535640239715576171875">
        <ele>1069.199951171875</ele>
        <time>2025-04-05T10:31:21.000Z</time>
        <extensions>
          <ns3:TrackPointExtension>
            <ns3:hr>88</ns3:hr>
          </ns3:TrackPointExtension>
        </extensions>
      </trkpt>
      <trkpt lat="-25.408186130225658416748046875" lon="-48.999538756906986236572265625">
        <ele>1068.5999755859375</ele>
        <time>2025-04-05T10:31:23.000Z</time>
        <extensions>
          <ns3:TrackPointExtension>
            <ns3:hr>87</ns3:hr>
          </ns3:TrackPointExtension>
        </extensions>
      </trkpt>
      <trkpt lat="-25.40816442109644412994384765625" lon="-48.99954152293503284454345703125">
        <ele>1067.5999755859375</ele>
        <time>2025-04-05T10:31:25.000Z</time>
        <extensions>
          <ns3:TrackPointExtension>
            <ns3:hr>86</ns3:hr>
          </ns3:TrackPointExtension>
        </extensions>
      </trkpt>
      <trkpt lat="-25.4080642573535442352294921875" lon="-48.99958544410765171051025390625">
        <ele>1067</ele>
        <time>2025-04-05T10:31:34.000Z</time>
        <extensions>
          <ns3:TrackPointExtension>
            <ns3:hr>88</ns3:hr>
          </ns3:TrackPointExtension>
        </extensions>
      </trkpt>
      <trkpt lat="-25.40804875083267688751220703125" lon="-48.99959349073469638824462890625">
        <ele>1067</ele>
        <time>2025-04-05T10:31:36.000Z</time>
        <extensions>
          <ns3:TrackPointExtension>
            <ns3:hr>85</ns3:hr>
          </ns3:TrackPointExtension>
        </extensions>
      </trkpt>
      <trkpt lat="-25.40800667367875576019287109375" lon="-48.99961897172033786773681640625">
        <ele>1067.199951171875</ele>
        <time>2025-04-05T10:31:41.000Z</time>
        <extensions>
          <ns3:TrackPointExtension>
            <ns3:hr>88</ns3:hr>
          </ns3:TrackPointExtension>
        </extensions>
      </trkpt>
      <trkpt lat="-25.40798052214086055755615234375" lon="-48.9996445365250110626220703125">
        <ele>1067.4000244140625</ele>
        <time>2025-04-05T10:31:44.000Z</time>
        <extensions>
          <ns3:TrackPointExtension>
            <ns3:hr>86</ns3:hr>
          </ns3:TrackPointExtension>
        </extensions>
      </trkpt>
      <trkpt lat="-25.40796191431581974029541015625" lon="-48.999731540679931640625">
        <ele>1067.800048828125</ele>
        <time>2025-04-05T10:31:52.000Z</time>
        <extensions>
          <ns3:TrackPointExtension>
            <ns3:hr>85</ns3:hr>
          </ns3:TrackPointExtension>
        </extensions>
      </trkpt>
      <trkpt lat="-25.4079653508961200714111328125" lon="-48.9997638948261737823486328125">
        <ele>1067.4000244140625</ele>
        <time>2025-04-05T10:31:55.000Z</time>
        <extensions>
          <ns3:TrackPointExtension>
            <ns3:hr>88</ns3:hr>
          </ns3:TrackPointExtension>
        </extensions>
      </trkpt>
      <trkpt lat="-25.40796442888677120208740234375" lon="-48.99977638386189937591552734375">
        <ele>1067.4000244140625</ele>
        <time>2025-04-05T10:31:56.000Z</time>
        <extensions>
          <ns3:TrackPointExtension>
            <ns3:hr>85</ns3:hr>
          </ns3:TrackPointExtension>
        </extensions>
      </trkpt>
      <trkpt lat="-25.40794909000396728515625" lon="-48.99982684291899204254150390625">
        <ele>1067</ele>
        <time>2025-04-05T10:32:00.000Z</time>
        <extensions>
          <ns3:TrackPointExtension>
            <ns3:hr>85</ns3:hr>
          </ns3:TrackPointExtension>
        </extensions>
      </trkpt>
      <trkpt lat="-25.4079355113208293914794921875" lon="-48.99987847544252872467041015625">
        <ele>1067</ele>
        <time>2025-04-05T10:32:04.000Z</time>
        <extensions>
          <ns3:TrackPointExtension>
            <ns3:hr>88</ns3:hr>
          </ns3:TrackPointExtension>
        </extensions>
      </trkpt>
      <trkpt lat="-25.4079308174550533294677734375" lon="-48.99995483458042144775390625">
        <ele>1067.800048828125</ele>
        <time>2025-04-05T10:32:10.000Z</time>
        <extensions>
          <ns3:TrackPointExtension>
            <ns3:hr>86</ns3:hr>
          </ns3:TrackPointExtension>
        </extensions>
      </trkpt>
      <trkpt lat="-25.40794196538627147674560546875" lon="-49.00005675852298736572265625">
        <ele>1068.199951171875</ele>
        <time>2025-04-05T10:32:17.000Z</time>
        <extensions>
          <ns3:TrackPointExtension>
            <ns3:hr>89</ns3:hr>
          </ns3:TrackPointExtension>
        </extensions>
      </trkpt>
      <trkpt lat="-25.40793978609144687652587890625" lon="-49.00007016956806182861328125">
        <ele>1068</ele>
        <time>2025-04-05T10:32:19.000Z</time>
        <extensions>
          <ns3:TrackPointExtension>
            <ns3:hr>90</ns3:hr>
          </ns3:TrackPointExtension>
        </extensions>
      </trkpt>
      <trkpt lat="-25.40793492458760738372802734375" lon="-49.00009841658174991607666015625">
        <ele>1067.5999755859375</ele>
        <time>2025-04-05T10:32:26.000Z</time>
        <extensions>
          <ns3:TrackPointExtension>
            <ns3:hr>86</ns3:hr>
          </ns3:TrackPointExtension>
        </extensions>
      </trkpt>
      <trkpt lat="-25.40793810971081256866455078125" lon="-49.000099338591098785400390625">
        <ele>1067.4000244140625</ele>
        <time>2025-04-05T10:32:27.000Z</time>
        <extensions>
          <ns3:TrackPointExtension>
            <ns3:hr>86</ns3:hr>
          </ns3:TrackPointExtension>
        </extensions>
      </trkpt>
      <trkpt lat="-25.40794230066239833831787109375" lon="-49.00011568330228328704833984375">
        <ele>1066.4000244140625</ele>
        <time>2025-04-05T10:32:32.000Z</time>
        <extensions>
          <ns3:TrackPointExtension>
            <ns3:hr>90</ns3:hr>
          </ns3:TrackPointExtension>
        </extensions>
      </trkpt>
      <trkpt lat="-25.40794305503368377685546875" lon="-49.00012372992932796478271484375">
        <ele>1066.4000244140625</ele>
        <time>2025-04-05T10:32:33.000Z</time>
        <extensions>
          <ns3:TrackPointExtension>
            <ns3:hr>92</ns3:hr>
          </ns3:TrackPointExtension>
        </extensions>
      </trkpt>
      <trkpt lat="-25.40793090127408504486083984375" lon="-49.0001642145216464996337890625">
        <ele>1066.800048828125</ele>
        <time>2025-04-05T10:32:38.000Z</time>
        <extensions>
          <ns3:TrackPointExtension>
            <ns3:hr>88</ns3:hr>
          </ns3:TrackPointExtension>
        </extensions>
      </trkpt>
      <trkpt lat="-25.40792654268443584442138671875" lon="-49.0001846663653850555419921875">
        <ele>1067</ele>
        <time>2025-04-05T10:32:40.000Z</time>
        <extensions>
          <ns3:TrackPointExtension>
            <ns3:hr>90</ns3:hr>
          </ns3:TrackPointExtension>
        </extensions>
      </trkpt>
      <trkpt lat="-25.407869629561901092529296875" lon="-49.00028784759342670440673828125">
        <ele>1067.5999755859375</ele>
        <time>2025-04-05T10:32:49.000Z</time>
        <extensions>
          <ns3:TrackPointExtension>
            <ns3:hr>89</ns3:hr>
          </ns3:TrackPointExtension>
        </extensions>
      </trkpt>
      <trkpt lat="-25.4078324139118194580078125" lon="-49.00035121478140354156494140625">
        <ele>1067.199951171875</ele>
        <time>2025-04-05T10:32:54.000Z</time>
        <extensions>
          <ns3:TrackPointExtension>
            <ns3:hr>89</ns3:hr>
          </ns3:TrackPointExtension>
        </extensions>
      </trkpt>
      <trkpt lat="-25.40782948024570941925048828125" lon="-49.00038667023181915283203125">
        <ele>1066.800048828125</ele>
        <time>2025-04-05T10:32:57.000Z</time>
        <extensions>
          <ns3:TrackPointExtension>
            <ns3:hr>87</ns3:hr>
          </ns3:TrackPointExtension>
        </extensions>
      </trkpt>
      <trkpt lat="-25.40782713331282138824462890625" lon="-49.000493623316287994384765625">
        <ele>1067.4000244140625</ele>
        <time>2025-04-05T10:33:05.000Z</time>
        <extensions>
          <ns3:TrackPointExtension>
            <ns3:hr>87</ns3:hr>
          </ns3:TrackPointExtension>
        </extensions>
      </trkpt>
      <trkpt lat="-25.40782243944704532623291015625" lon="-49.0005206130445003509521484375">
        <ele>1067.800048828125</ele>
        <time>2025-04-05T10:33:07.000Z</time>
        <extensions>
          <ns3:TrackPointExtension>
            <ns3:hr>90</ns3:hr>
          </ns3:TrackPointExtension>
        </extensions>
      </trkpt>
      <trkpt lat="-25.40781724266707897186279296875" lon="-49.0005638636648654937744140625">
        <ele>1069.199951171875</ele>
        <time>2025-04-05T10:33:12.000Z</time>
        <extensions>
          <ns3:TrackPointExtension>
            <ns3:hr>89</ns3:hr>
          </ns3:TrackPointExtension>
        </extensions>
      </trkpt>
      <trkpt lat="-25.4078124649822711944580078125" lon="-49.0006423182785511016845703125">
        <ele>1068.199951171875</ele>
        <time>2025-04-05T10:33:20.000Z</time>
        <extensions>
          <ns3:TrackPointExtension>
            <ns3:hr>90</ns3:hr>
          </ns3:TrackPointExtension>
        </extensions>
      </trkpt>
      <trkpt lat="-25.40780634619295597076416015625" lon="-49.00069587863981723785400390625">
        <ele>1066.800048828125</ele>
        <time>2025-04-05T10:33:24.000Z</time>
        <extensions>
          <ns3:TrackPointExtension>
            <ns3:hr>89</ns3:hr>
          </ns3:TrackPointExtension>
        </extensions>
      </trkpt>
      <trkpt lat="-25.4077980481088161468505859375" lon="-49.00072060525417327880859375">
        <ele>1066.5999755859375</ele>
        <time>2025-04-05T10:33:26.000Z</time>
        <extensions>
          <ns3:TrackPointExtension>
            <ns3:hr>89</ns3:hr>
          </ns3:TrackPointExtension>
        </extensions>
      </trkpt>
      <trkpt lat="-25.40777566842734813690185546875" lon="-49.0008486807346343994140625">
        <ele>1068.800048828125</ele>
        <time>2025-04-05T10:33:35.000Z</time>
        <extensions>
          <ns3:TrackPointExtension>
            <ns3:hr>89</ns3:hr>
          </ns3:TrackPointExtension>
        </extensions>
      </trkpt>
      <trkpt lat="-25.4077407158911228179931640625" lon="-49.000923447310924530029296875">
        <ele>1069.5999755859375</ele>
        <time>2025-04-05T10:33:42.000Z</time>
        <extensions>
          <ns3:TrackPointExtension>
            <ns3:hr>89</ns3:hr>
          </ns3:TrackPointExtension>
        </extensions>
      </trkpt>
      <trkpt lat="-25.4077385365962982177734375" lon="-49.00095152668654918670654296875">
        <ele>1070.199951171875</ele>
        <time>2025-04-05T10:33:44.000Z</time>
        <extensions>
          <ns3:TrackPointExtension>
            <ns3:hr>88</ns3:hr>
          </ns3:TrackPointExtension>
        </extensions>
      </trkpt>
      <trkpt lat="-25.40771665982902050018310546875" lon="-49.000989831984043121337890625">
        <ele>1071.199951171875</ele>
        <time>2025-04-05T10:33:48.000Z</time>
        <extensions>
          <ns3:TrackPointExtension>
            <ns3:hr>88</ns3:hr>
          </ns3:TrackPointExtension>
        </extensions>
      </trkpt>
      <trkpt lat="-25.4077224433422088623046875" lon="-49.00101271457970142364501953125">
        <ele>1071.4000244140625</ele>
        <time>2025-04-05T10:33:50.000Z</time>
        <extensions>
          <ns3:TrackPointExtension>
            <ns3:hr>88</ns3:hr>
          </ns3:TrackPointExtension>
        </extensions>
      </trkpt>
      <trkpt lat="-25.4077430628240108489990234375" lon="-49.00103886611759662628173828125">
        <ele>1072</ele>
        <time>2025-04-05T10:33:53.000Z</time>
        <extensions>
          <ns3:TrackPointExtension>
            <ns3:hr>87</ns3:hr>
          </ns3:TrackPointExtension>
        </extensions>
      </trkpt>
      <trkpt lat="-25.40774993598461151123046875" lon="-49.0011070109903812408447265625">
        <ele>1072.5999755859375</ele>
        <time>2025-04-05T10:33:59.000Z</time>
        <extensions>
          <ns3:TrackPointExtension>
            <ns3:hr>84</ns3:hr>
          </ns3:TrackPointExtension>
        </extensions>
      </trkpt>
      <trkpt lat="-25.407751612365245819091796875" lon="-49.001124612987041473388671875">
        <ele>1072.4000244140625</ele>
        <time>2025-04-05T10:34:00.000Z</time>
        <extensions>
          <ns3:TrackPointExtension>
            <ns3:hr>86</ns3:hr>
          </ns3:TrackPointExtension>
        </extensions>
      </trkpt>
      <trkpt lat="-25.40774465538561344146728515625" lon="-49.00115135125815868377685546875">
        <ele>1072.199951171875</ele>
        <time>2025-04-05T10:34:03.000Z</time>
        <extensions>
          <ns3:TrackPointExtension>
            <ns3:hr>86</ns3:hr>
          </ns3:TrackPointExtension>
        </extensions>
      </trkpt>
      <trkpt lat="-25.4077470861375331878662109375" lon="-49.00119577534496784210205078125">
        <ele>1071.199951171875</ele>
        <time>2025-04-05T10:34:07.000Z</time>
        <extensions>
          <ns3:TrackPointExtension>
            <ns3:hr>84</ns3:hr>
          </ns3:TrackPointExtension>
        </extensions>
      </trkpt>
      <trkpt lat="-25.407736860215663909912109375" lon="-49.00128244422376155853271484375">
        <ele>1070.199951171875</ele>
        <time>2025-04-05T10:34:15.000Z</time>
        <extensions>
          <ns3:TrackPointExtension>
            <ns3:hr>83</ns3:hr>
          </ns3:TrackPointExtension>
        </extensions>
      </trkpt>
      <trkpt lat="-25.407726801931858062744140625" lon="-49.00138235650956630706787109375">
        <ele>1070.5999755859375</ele>
        <time>2025-04-05T10:34:22.000Z</time>
        <extensions>
          <ns3:TrackPointExtension>
            <ns3:hr>80</ns3:hr>
          </ns3:TrackPointExtension>
        </extensions>
      </trkpt>
      <trkpt lat="-25.40773225016891956329345703125" lon="-49.0014027245342731475830078125">
        <ele>1070.5999755859375</ele>
        <time>2025-04-05T10:34:23.000Z</time>
        <extensions>
          <ns3:TrackPointExtension>
            <ns3:hr>79</ns3:hr>
          </ns3:TrackPointExtension>
        </extensions>
      </trkpt>
      <trkpt lat="-25.4077239520847797393798828125" lon="-49.00143516249954700469970703125">
        <ele>1071.199951171875</ele>
        <time>2025-04-05T10:34:26.000Z</time>
        <extensions>
          <ns3:TrackPointExtension>
            <ns3:hr>81</ns3:hr>
          </ns3:TrackPointExtension>
        </extensions>
      </trkpt>
      <trkpt lat="-25.4077169112861156463623046875" lon="-49.00146491825580596923828125">
        <ele>1071.5999755859375</ele>
        <time>2025-04-05T10:34:29.000Z</time>
        <extensions>
          <ns3:TrackPointExtension>
            <ns3:hr>85</ns3:hr>
          </ns3:TrackPointExtension>
        </extensions>
      </trkpt>
      <trkpt lat="-25.40771364234387874603271484375" lon="-49.0014788322150707244873046875">
        <ele>1071.5999755859375</ele>
        <time>2025-04-05T10:34:30.000Z</time>
        <extensions>
          <ns3:TrackPointExtension>
            <ns3:hr>83</ns3:hr>
          </ns3:TrackPointExtension>
        </extensions>
      </trkpt>
      <trkpt lat="-25.407712720334529876708984375" lon="-49.0014895610511302947998046875">
        <ele>1071.800048828125</ele>
        <time>2025-04-05T10:34:31.000Z</time>
        <extensions>
          <ns3:TrackPointExtension>
            <ns3:hr>83</ns3:hr>
          </ns3:TrackPointExtension>
        </extensions>
      </trkpt>
      <trkpt lat="-25.40769972838461399078369140625" lon="-49.00149417109787464141845703125">
        <ele>1071.800048828125</ele>
        <time>2025-04-05T10:34:35.000Z</time>
        <extensions>
          <ns3:TrackPointExtension>
            <ns3:hr>79</ns3:hr>
          </ns3:TrackPointExtension>
        </extensions>
      </trkpt>
      <trkpt lat="-25.407699644565582275390625" lon="-49.0014950931072235107421875">
        <ele>1071.800048828125</ele>
        <time>2025-04-05T10:34:36.000Z</time>
        <extensions>
          <ns3:TrackPointExtension>
            <ns3:hr>82</ns3:hr>
          </ns3:TrackPointExtension>
        </extensions>
      </trkpt>
      <trkpt lat="-25.40771146304905414581298828125" lon="-49.0015058219432830810546875">
        <ele>1071.800048828125</ele>
        <time>2025-04-05T10:34:41.000Z</time>
        <extensions>
          <ns3:TrackPointExtension>
            <ns3:hr>82</ns3:hr>
          </ns3:TrackPointExtension>
        </extensions>
      </trkpt>
      <trkpt lat="-25.40771280415356159210205078125" lon="-49.001509509980678558349609375">
        <ele>1071.5999755859375</ele>
        <time>2025-04-05T10:34:43.000Z</time>
        <extensions>
          <ns3:TrackPointExtension>
            <ns3:hr>86</ns3:hr>
          </ns3:TrackPointExtension>
        </extensions>
      </trkpt>
      <trkpt lat="-25.40771196596324443817138671875" lon="-49.0015090070664882659912109375">
        <ele>1071.199951171875</ele>
        <time>2025-04-05T10:34:46.000Z</time>
        <extensions>
          <ns3:TrackPointExtension>
            <ns3:hr>91</ns3:hr>
          </ns3:TrackPointExtension>
        </extensions>
      </trkpt>
      <trkpt lat="-25.40771682746708393096923828125" lon="-49.0015080012381076812744140625">
        <ele>1071</ele>
        <time>2025-04-05T10:34:49.000Z</time>
        <extensions>
          <ns3:TrackPointExtension>
            <ns3:hr>95</ns3:hr>
          </ns3:TrackPointExtension>
        </extensions>
      </trkpt>
      <trkpt lat="-25.40771230123937129974365234375" lon="-49.001506827771663665771484375">
        <ele>1071</ele>
        <time>2025-04-05T10:34:51.000Z</time>
        <extensions>
          <ns3:TrackPointExtension>
            <ns3:hr>102</ns3:hr>
          </ns3:TrackPointExtension>
        </extensions>
      </trkpt>
      <trkpt lat="-25.40771062485873699188232421875" lon="-49.00150758214294910430908203125">
        <ele>1071</ele>
        <time>2025-04-05T10:34:53.000Z</time>
        <extensions>
          <ns3:TrackPointExtension>
            <ns3:hr>106</ns3:hr>
          </ns3:TrackPointExtension>
        </extensions>
      </trkpt>
      <trkpt lat="-25.4077112115919589996337890625" lon="-49.00150758214294910430908203125">
        <ele>1071.5999755859375</ele>
        <time>2025-04-05T10:35:01.000Z</time>
        <extensions>
          <ns3:TrackPointExtension>
            <ns3:hr>109</ns3:hr>
          </ns3:TrackPointExtension>
        </extensions>
      </trkpt>
      <trkpt lat="-25.40771112777292728424072265625" lon="-49.0015116892755031585693359375">
        <ele>1071.5999755859375</ele>
        <time>2025-04-05T10:35:02.000Z</time>
        <extensions>
          <ns3:TrackPointExtension>
            <ns3:hr>110</ns3:hr>
          </ns3:TrackPointExtension>
        </extensions>
      </trkpt>
      <trkpt lat="-25.40768329985439777374267578125" lon="-49.0016183070838451385498046875">
        <ele>1071.5999755859375</ele>
        <time>2025-04-05T10:35:10.000Z</time>
        <extensions>
          <ns3:TrackPointExtension>
            <ns3:hr>109</ns3:hr>
          </ns3:TrackPointExtension>
        </extensions>
      </trkpt>
      <trkpt lat="-25.40766217745840549468994140625" lon="-49.00168896652758121490478515625">
        <ele>1070.800048828125</ele>
        <time>2025-04-05T10:35:16.000Z</time>
        <extensions>
          <ns3:TrackPointExtension>
            <ns3:hr>108</ns3:hr>
          </ns3:TrackPointExtension>
        </extensions>
      </trkpt>
      <trkpt lat="-25.40764843113720417022705078125" lon="-49.00170573033392429351806640625">
        <ele>1070.4000244140625</ele>
        <time>2025-04-05T10:35:18.000Z</time>
        <extensions>
          <ns3:TrackPointExtension>
            <ns3:hr>107</ns3:hr>
          </ns3:TrackPointExtension>
        </extensions>
      </trkpt>
      <trkpt lat="-25.40764507837593555450439453125" lon="-49.00172618217766284942626953125">
        <ele>1070.199951171875</ele>
        <time>2025-04-05T10:35:20.000Z</time>
        <extensions>
          <ns3:TrackPointExtension>
            <ns3:hr>107</ns3:hr>
          </ns3:TrackPointExtension>
        </extensions>
      </trkpt>
      <trkpt lat="-25.40761037729680538177490234375" lon="-49.0017899684607982635498046875">
        <ele>1070</ele>
        <time>2025-04-05T10:35:25.000Z</time>
        <extensions>
          <ns3:TrackPointExtension>
            <ns3:hr>106</ns3:hr>
          </ns3:TrackPointExtension>
        </extensions>
      </trkpt>
      <trkpt lat="-25.40757232345640659332275390625" lon="-49.001852832734584808349609375">
        <ele>1069.4000244140625</ele>
        <time>2025-04-05T10:35:31.000Z</time>
        <extensions>
          <ns3:TrackPointExtension>
            <ns3:hr>105</ns3:hr>
          </ns3:TrackPointExtension>
        </extensions>
      </trkpt>
      <trkpt lat="-25.40756092406809329986572265625" lon="-49.0018563531339168548583984375">
        <ele>1069.4000244140625</ele>
        <time>2025-04-05T10:35:32.000Z</time>
        <extensions>
          <ns3:TrackPointExtension>
            <ns3:hr>105</ns3:hr>
          </ns3:TrackPointExtension>
        </extensions>
      </trkpt>
      <trkpt lat="-25.40755304507911205291748046875" lon="-49.0018613822758197784423828125">
        <ele>1069.199951171875</ele>
        <time>2025-04-05T10:35:33.000Z</time>
        <extensions>
          <ns3:TrackPointExtension>
            <ns3:hr>102</ns3:hr>
          </ns3:TrackPointExtension>
        </extensions>
      </trkpt>
      <trkpt lat="-25.4075361974537372589111328125" lon="-49.00188309140503406524658203125">
        <ele>1069.199951171875</ele>
        <time>2025-04-05T10:35:35.000Z</time>
        <extensions>
          <ns3:TrackPointExtension>
            <ns3:hr>105</ns3:hr>
          </ns3:TrackPointExtension>
        </extensions>
      </trkpt>
      <trkpt lat="-25.4075177572667598724365234375" lon="-49.00190077722072601318359375">
        <ele>1069</ele>
        <time>2025-04-05T10:35:38.000Z</time>
        <extensions>
          <ns3:TrackPointExtension>
            <ns3:hr>105</ns3:hr>
          </ns3:TrackPointExtension>
        </extensions>
      </trkpt>
      <trkpt lat="-25.40751130320131778717041015625" lon="-49.00197051465511322021484375">
        <ele>1069.5999755859375</ele>
        <time>2025-04-05T10:35:44.000Z</time>
        <extensions>
          <ns3:TrackPointExtension>
            <ns3:hr>103</ns3:hr>
          </ns3:TrackPointExtension>
        </extensions>
      </trkpt>
      <trkpt lat="-25.4075043462216854095458984375" lon="-49.00198250077664852142333984375">
        <ele>1070</ele>
        <time>2025-04-05T10:35:45.000Z</time>
        <extensions>
          <ns3:TrackPointExtension>
            <ns3:hr>104</ns3:hr>
          </ns3:TrackPointExtension>
        </extensions>
      </trkpt>
      <trkpt lat="-25.4074785299599170684814453125" lon="-49.002035558223724365234375">
        <ele>1071.199951171875</ele>
        <time>2025-04-05T10:35:51.000Z</time>
        <extensions>
          <ns3:TrackPointExtension>
            <ns3:hr>104</ns3:hr>
          </ns3:TrackPointExtension>
        </extensions>
      </trkpt>
      <trkpt lat="-25.407411642372608184814453125" lon="-49.00211728177964687347412109375">
        <ele>1071</ele>
        <time>2025-04-05T10:36:00.000Z</time>
        <extensions>
          <ns3:TrackPointExtension>
            <ns3:hr>104</ns3:hr>
          </ns3:TrackPointExtension>
        </extensions>
      </trkpt>
      <trkpt lat="-25.4073833115398883819580078125" lon="-49.0021537430584430694580078125">
        <ele>1070.5999755859375</ele>
        <time>2025-04-05T10:36:06.000Z</time>
        <extensions>
          <ns3:TrackPointExtension>
            <ns3:hr>104</ns3:hr>
          </ns3:TrackPointExtension>
        </extensions>
      </trkpt>
      <trkpt lat="-25.40733545087277889251708984375" lon="-49.00216036476194858551025390625">
        <ele>1069.800048828125</ele>
        <time>2025-04-05T10:36:12.000Z</time>
        <extensions>
          <ns3:TrackPointExtension>
            <ns3:hr>106</ns3:hr>
          </ns3:TrackPointExtension>
        </extensions>
      </trkpt>
      <trkpt lat="-25.40728784166276454925537109375" lon="-49.002213589847087860107421875">
        <ele>1068.5999755859375</ele>
        <time>2025-04-05T10:36:19.000Z</time>
        <extensions>
          <ns3:TrackPointExtension>
            <ns3:hr>106</ns3:hr>
          </ns3:TrackPointExtension>
        </extensions>
      </trkpt>
      <trkpt lat="-25.40723755024373531341552734375" lon="-49.0022915415465831756591796875">
        <ele>1064</ele>
        <time>2025-04-05T10:36:27.000Z</time>
        <extensions>
          <ns3:TrackPointExtension>
            <ns3:hr>106</ns3:hr>
          </ns3:TrackPointExtension>
        </extensions>
      </trkpt>
      <trkpt lat="-25.40723185054957866668701171875" lon="-49.00236077606678009033203125">
        <ele>1064.5999755859375</ele>
        <time>2025-04-05T10:36:33.000Z</time>
        <extensions>
          <ns3:TrackPointExtension>
            <ns3:hr>105</ns3:hr>
          </ns3:TrackPointExtension>
        </extensions>
      </trkpt>
      <trkpt lat="-25.4072227142751216888427734375" lon="-49.00244836695492267608642578125">
        <ele>1067.199951171875</ele>
        <time>2025-04-05T10:36:39.000Z</time>
        <extensions>
          <ns3:TrackPointExtension>
            <ns3:hr>109</ns3:hr>
          </ns3:TrackPointExtension>
        </extensions>
      </trkpt>
      <trkpt lat="-25.40721123106777667999267578125" lon="-49.00245859287679195404052734375">
        <ele>1067.800048828125</ele>
        <time>2025-04-05T10:36:40.000Z</time>
        <extensions>
          <ns3:TrackPointExtension>
            <ns3:hr>108</ns3:hr>
          </ns3:TrackPointExtension>
        </extensions>
      </trkpt>
      <trkpt lat="-25.40719999931752681732177734375" lon="-49.00259815156459808349609375">
        <ele>1068.4000244140625</ele>
        <time>2025-04-05T10:36:50.000Z</time>
        <extensions>
          <ns3:TrackPointExtension>
            <ns3:hr>109</ns3:hr>
          </ns3:TrackPointExtension>
        </extensions>
      </trkpt>
      <trkpt lat="-25.4071985743939876556396484375" lon="-49.00267031975090503692626953125">
        <ele>1067</ele>
        <time>2025-04-05T10:36:56.000Z</time>
        <extensions>
          <ns3:TrackPointExtension>
            <ns3:hr>109</ns3:hr>
          </ns3:TrackPointExtension>
        </extensions>
      </trkpt>
      <trkpt lat="-25.4071958921849727630615234375" lon="-49.0026819705963134765625">
        <ele>1067</ele>
        <time>2025-04-05T10:36:57.000Z</time>
        <extensions>
          <ns3:TrackPointExtension>
            <ns3:hr>105</ns3:hr>
          </ns3:TrackPointExtension>
        </extensions>
      </trkpt>
      <trkpt lat="-25.40720435790717601776123046875" lon="-49.0027361176908016204833984375">
        <ele>1066.800048828125</ele>
        <time>2025-04-05T10:37:02.000Z</time>
        <extensions>
          <ns3:TrackPointExtension>
            <ns3:hr>103</ns3:hr>
          </ns3:TrackPointExtension>
        </extensions>
      </trkpt>
      <trkpt lat="-25.4072052799165248870849609375" lon="-49.00277811102569103240966796875">
        <ele>1066.4000244140625</ele>
        <time>2025-04-05T10:37:05.000Z</time>
        <extensions>
          <ns3:TrackPointExtension>
            <ns3:hr>103</ns3:hr>
          </ns3:TrackPointExtension>
        </extensions>
      </trkpt>
      <trkpt lat="-25.40723503567278385162353515625" lon="-49.00282840244472026824951171875">
        <ele>1066</ele>
        <time>2025-04-05T10:37:08.000Z</time>
        <extensions>
          <ns3:TrackPointExtension>
            <ns3:hr>103</ns3:hr>
          </ns3:TrackPointExtension>
        </extensions>
      </trkpt>
      <trkpt lat="-25.40724911727011203765869140625" lon="-49.002843908965587615966796875">
        <ele>1066</ele>
        <time>2025-04-05T10:37:09.000Z</time>
        <extensions>
          <ns3:TrackPointExtension>
            <ns3:hr>102</ns3:hr>
          </ns3:TrackPointExtension>
        </extensions>
      </trkpt>
      <trkpt lat="-25.40727040730416774749755859375" lon="-49.00291138328611850738525390625">
        <ele>1064.5999755859375</ele>
        <time>2025-04-05T10:37:14.000Z</time>
        <extensions>
          <ns3:TrackPointExtension>
            <ns3:hr>99</ns3:hr>
          </ns3:TrackPointExtension>
        </extensions>
      </trkpt>
      <trkpt lat="-25.40727728046476840972900390625" lon="-49.0029300749301910400390625">
        <ele>1064</ele>
        <time>2025-04-05T10:37:16.000Z</time>
        <extensions>
          <ns3:TrackPointExtension>
            <ns3:hr>102</ns3:hr>
          </ns3:TrackPointExtension>
        </extensions>
      </trkpt>
      <trkpt lat="-25.40728616528213024139404296875" lon="-49.00298061780631542205810546875">
        <ele>1063.199951171875</ele>
        <time>2025-04-05T10:37:21.000Z</time>
        <extensions>
          <ns3:TrackPointExtension>
            <ns3:hr>102</ns3:hr>
          </ns3:TrackPointExtension>
        </extensions>
      </trkpt>
      <trkpt lat="-25.40728800930082798004150390625" lon="-49.002988748252391815185546875">
        <ele>1062.4000244140625</ele>
        <time>2025-04-05T10:37:23.000Z</time>
        <extensions>
          <ns3:TrackPointExtension>
            <ns3:hr>99</ns3:hr>
          </ns3:TrackPointExtension>
        </extensions>
      </trkpt>
      <trkpt lat="-25.4072807170450687408447265625" lon="-49.00304717011749744415283203125">
        <ele>1060.5999755859375</ele>
        <time>2025-04-05T10:37:28.000Z</time>
        <extensions>
          <ns3:TrackPointExtension>
            <ns3:hr>101</ns3:hr>
          </ns3:TrackPointExtension>
        </extensions>
      </trkpt>
      <trkpt lat="-25.40722615085542201995849609375" lon="-49.00317960418760776519775390625">
        <ele>1059.5999755859375</ele>
        <time>2025-04-05T10:37:37.000Z</time>
        <extensions>
          <ns3:TrackPointExtension>
            <ns3:hr>100</ns3:hr>
          </ns3:TrackPointExtension>
        </extensions>
      </trkpt>
      <trkpt lat="-25.407239310443401336669921875" lon="-49.003256298601627349853515625">
        <ele>1059.800048828125</ele>
        <time>2025-04-05T10:37:43.000Z</time>
        <extensions>
          <ns3:TrackPointExtension>
            <ns3:hr>100</ns3:hr>
          </ns3:TrackPointExtension>
        </extensions>
      </trkpt>
      <trkpt lat="-25.4072465188801288604736328125" lon="-49.003269039094448089599609375">
        <ele>1059.5999755859375</ele>
        <time>2025-04-05T10:37:44.000Z</time>
        <extensions>
          <ns3:TrackPointExtension>
            <ns3:hr>100</ns3:hr>
          </ns3:TrackPointExtension>
        </extensions>
      </trkpt>
      <trkpt lat="-25.40725431405007839202880859375" lon="-49.0033109486103057861328125">
        <ele>1058.5999755859375</ele>
        <time>2025-04-05T10:37:48.000Z</time>
        <extensions>
          <ns3:TrackPointExtension>
            <ns3:hr>100</ns3:hr>
          </ns3:TrackPointExtension>
        </extensions>
      </trkpt>
      <trkpt lat="-25.40727778337895870208740234375" lon="-49.0033573843538761138916015625">
        <ele>1057.5999755859375</ele>
        <time>2025-04-05T10:37:52.000Z</time>
        <extensions>
          <ns3:TrackPointExtension>
            <ns3:hr>102</ns3:hr>
          </ns3:TrackPointExtension>
        </extensions>
      </trkpt>
      <trkpt lat="-25.40727510116994380950927734375" lon="-49.00336392223834991455078125">
        <ele>1057.5999755859375</ele>
        <time>2025-04-05T10:37:53.000Z</time>
        <extensions>
          <ns3:TrackPointExtension>
            <ns3:hr>99</ns3:hr>
          </ns3:TrackPointExtension>
        </extensions>
      </trkpt>
      <trkpt lat="-25.40728046558797359466552734375" lon="-49.003380350768566131591796875">
        <ele>1056.800048828125</ele>
        <time>2025-04-05T10:37:55.000Z</time>
        <extensions>
          <ns3:TrackPointExtension>
            <ns3:hr>96</ns3:hr>
          </ns3:TrackPointExtension>
        </extensions>
      </trkpt>
      <trkpt lat="-25.40728532709181308746337890625" lon="-49.0034039877355098724365234375">
        <ele>1055.800048828125</ele>
        <time>2025-04-05T10:37:57.000Z</time>
        <extensions>
          <ns3:TrackPointExtension>
            <ns3:hr>99</ns3:hr>
          </ns3:TrackPointExtension>
        </extensions>
      </trkpt>
      <trkpt lat="-25.40730074979364871978759765625" lon="-49.00346458889544010162353515625">
        <ele>1054.4000244140625</ele>
        <time>2025-04-05T10:38:02.000Z</time>
        <extensions>
          <ns3:TrackPointExtension>
            <ns3:hr>98</ns3:hr>
          </ns3:TrackPointExtension>
        </extensions>
      </trkpt>
      <trkpt lat="-25.407329164445400238037109375" lon="-49.00352577678859233856201171875">
        <ele>1054.800048828125</ele>
        <time>2025-04-05T10:38:06.000Z</time>
        <extensions>
          <ns3:TrackPointExtension>
            <ns3:hr>95</ns3:hr>
          </ns3:TrackPointExtension>
        </extensions>
      </trkpt>
      <trkpt lat="-25.40733293630182743072509765625" lon="-49.003573469817638397216796875">
        <ele>1055</ele>
        <time>2025-04-05T10:38:09.000Z</time>
        <extensions>
          <ns3:TrackPointExtension>
            <ns3:hr>97</ns3:hr>
          </ns3:TrackPointExtension>
        </extensions>
      </trkpt>
      <trkpt lat="-25.40733125992119312286376953125" lon="-49.003606326878070831298828125">
        <ele>1055.199951171875</ele>
        <time>2025-04-05T10:38:11.000Z</time>
        <extensions>
          <ns3:TrackPointExtension>
            <ns3:hr>100</ns3:hr>
          </ns3:TrackPointExtension>
        </extensions>
      </trkpt>
      <trkpt lat="-25.4073286615312099456787109375" lon="-49.00364144705235958099365234375">
        <ele>1055.199951171875</ele>
        <time>2025-04-05T10:38:15.000Z</time>
        <extensions>
          <ns3:TrackPointExtension>
            <ns3:hr>97</ns3:hr>
          </ns3:TrackPointExtension>
        </extensions>
      </trkpt>
      <trkpt lat="-25.40733276866376399993896484375" lon="-49.0036849491298198699951171875">
        <ele>1055.4000244140625</ele>
        <time>2025-04-05T10:38:18.000Z</time>
        <extensions>
          <ns3:TrackPointExtension>
            <ns3:hr>97</ns3:hr>
          </ns3:TrackPointExtension>
        </extensions>
      </trkpt>
      <trkpt lat="-25.40734165348112583160400390625" lon="-49.00376751087605953216552734375">
        <ele>1055.800048828125</ele>
        <time>2025-04-05T10:38:22.000Z</time>
        <extensions>
          <ns3:TrackPointExtension>
            <ns3:hr>100</ns3:hr>
          </ns3:TrackPointExtension>
        </extensions>
      </trkpt>
      <trkpt lat="-25.407351292669773101806640625" lon="-49.00380246341228485107421875">
        <ele>1056.199951171875</ele>
        <time>2025-04-05T10:38:24.000Z</time>
        <extensions>
          <ns3:TrackPointExtension>
            <ns3:hr>97</ns3:hr>
          </ns3:TrackPointExtension>
        </extensions>
      </trkpt>
      <trkpt lat="-25.40735087357461452484130859375" lon="-49.003807492554187774658203125">
        <ele>1056.199951171875</ele>
        <time>2025-04-05T10:38:25.000Z</time>
        <extensions>
          <ns3:TrackPointExtension>
            <ns3:hr>98</ns3:hr>
          </ns3:TrackPointExtension>
        </extensions>
      </trkpt>
      <trkpt lat="-25.4073528014123439788818359375" lon="-49.00392877869307994842529296875">
        <ele>1057.4000244140625</ele>
        <time>2025-04-05T10:38:32.000Z</time>
        <extensions>
          <ns3:TrackPointExtension>
            <ns3:hr>97</ns3:hr>
          </ns3:TrackPointExtension>
        </extensions>
      </trkpt>
      <trkpt lat="-25.40730678476393222808837890625" lon="-49.00397337041795253753662109375">
        <ele>1059.4000244140625</ele>
        <time>2025-04-05T10:38:38.000Z</time>
        <extensions>
          <ns3:TrackPointExtension>
            <ns3:hr>100</ns3:hr>
          </ns3:TrackPointExtension>
        </extensions>
      </trkpt>
      <trkpt lat="-25.40730745531618595123291015625" lon="-49.00397839955985546112060546875">
        <ele>1059.5999755859375</ele>
        <time>2025-04-05T10:38:39.000Z</time>
        <extensions>
          <ns3:TrackPointExtension>
            <ns3:hr>100</ns3:hr>
          </ns3:TrackPointExtension>
        </extensions>
      </trkpt>
      <trkpt lat="-25.40731265209615230560302734375" lon="-49.00401310063898563385009765625">
        <ele>1060</ele>
        <time>2025-04-05T10:38:43.000Z</time>
        <extensions>
          <ns3:TrackPointExtension>
            <ns3:hr>99</ns3:hr>
          </ns3:TrackPointExtension>
        </extensions>
      </trkpt>
      <trkpt lat="-25.40733293630182743072509765625" lon="-49.0040383301675319671630859375">
        <ele>1060.199951171875</ele>
        <time>2025-04-05T10:38:45.000Z</time>
        <extensions>
          <ns3:TrackPointExtension>
            <ns3:hr>101</ns3:hr>
          </ns3:TrackPointExtension>
        </extensions>
      </trkpt>
      <trkpt lat="-25.407346598803997039794921875" lon="-49.00406490080058574676513671875">
        <ele>1060.4000244140625</ele>
        <time>2025-04-05T10:38:48.000Z</time>
        <extensions>
          <ns3:TrackPointExtension>
            <ns3:hr>101</ns3:hr>
          </ns3:TrackPointExtension>
        </extensions>
      </trkpt>
      <trkpt lat="-25.40740166790783405303955078125" lon="-49.00411234237253665924072265625">
        <ele>1061.199951171875</ele>
        <time>2025-04-05T10:38:54.000Z</time>
        <extensions>
          <ns3:TrackPointExtension>
            <ns3:hr>98</ns3:hr>
          </ns3:TrackPointExtension>
        </extensions>
      </trkpt>
      <trkpt lat="-25.40742446668446063995361328125" lon="-49.004122652113437652587890625">
        <ele>1061.4000244140625</ele>
        <time>2025-04-05T10:38:56.000Z</time>
        <extensions>
          <ns3:TrackPointExtension>
            <ns3:hr>101</ns3:hr>
          </ns3:TrackPointExtension>
        </extensions>
      </trkpt>
      <trkpt lat="-25.40750426240265369415283203125" lon="-49.0041858516633510589599609375">
        <ele>1061.4000244140625</ele>
        <time>2025-04-05T10:39:04.000Z</time>
        <extensions>
          <ns3:TrackPointExtension>
            <ns3:hr>101</ns3:hr>
          </ns3:TrackPointExtension>
        </extensions>
      </trkpt>
      <trkpt lat="-25.40756528265774250030517578125" lon="-49.004237651824951171875">
        <ele>1059.4000244140625</ele>
        <time>2025-04-05T10:39:09.000Z</time>
        <extensions>
          <ns3:TrackPointExtension>
            <ns3:hr>105</ns3:hr>
          </ns3:TrackPointExtension>
        </extensions>
      </trkpt>
      <trkpt lat="-25.4075878299772739410400390625" lon="-49.0042512305080890655517578125">
        <ele>1058.5999755859375</ele>
        <time>2025-04-05T10:39:12.000Z</time>
        <extensions>
          <ns3:TrackPointExtension>
            <ns3:hr>104</ns3:hr>
          </ns3:TrackPointExtension>
        </extensions>
      </trkpt>
      <trkpt lat="-25.40759277530014514923095703125" lon="-49.00425617583096027374267578125">
        <ele>1058.199951171875</ele>
        <time>2025-04-05T10:39:14.000Z</time>
        <extensions>
          <ns3:TrackPointExtension>
            <ns3:hr>104</ns3:hr>
          </ns3:TrackPointExtension>
        </extensions>
      </trkpt>
      <trkpt lat="-25.4075851477682590484619140625" lon="-49.0042934753000736236572265625">
        <ele>1057.4000244140625</ele>
        <time>2025-04-05T10:39:18.000Z</time>
        <extensions>
          <ns3:TrackPointExtension>
            <ns3:hr>104</ns3:hr>
          </ns3:TrackPointExtension>
        </extensions>
      </trkpt>
      <trkpt lat="-25.40757969953119754791259765625" lon="-49.00433412753045558929443359375">
        <ele>1056.5999755859375</ele>
        <time>2025-04-05T10:39:21.000Z</time>
        <extensions>
          <ns3:TrackPointExtension>
            <ns3:hr>104</ns3:hr>
          </ns3:TrackPointExtension>
        </extensions>
      </trkpt>
      <trkpt lat="-25.4075435735285282135009765625" lon="-49.00437419302761554718017578125">
        <ele>1054.5999755859375</ele>
        <time>2025-04-05T10:39:25.000Z</time>
        <extensions>
          <ns3:TrackPointExtension>
            <ns3:hr>104</ns3:hr>
          </ns3:TrackPointExtension>
        </extensions>
      </trkpt>
      <trkpt lat="-25.4075526259839534759521484375" lon="-49.0044228918850421905517578125">
        <ele>1053.5999755859375</ele>
        <time>2025-04-05T10:39:28.000Z</time>
        <extensions>
          <ns3:TrackPointExtension>
            <ns3:hr>104</ns3:hr>
          </ns3:TrackPointExtension>
        </extensions>
      </trkpt>
      <trkpt lat="-25.40756444446742534637451171875" lon="-49.004473350942134857177734375">
        <ele>1052.800048828125</ele>
        <time>2025-04-05T10:39:31.000Z</time>
        <extensions>
          <ns3:TrackPointExtension>
            <ns3:hr>103</ns3:hr>
          </ns3:TrackPointExtension>
        </extensions>
      </trkpt>
      <trkpt lat="-25.40756897069513797760009765625" lon="-49.00449573062360286712646484375">
        <ele>1052</ele>
        <time>2025-04-05T10:39:35.000Z</time>
        <extensions>
          <ns3:TrackPointExtension>
            <ns3:hr>103</ns3:hr>
          </ns3:TrackPointExtension>
        </extensions>
      </trkpt>
      <trkpt lat="-25.4075613431632518768310546875" lon="-49.004524312913417816162109375">
        <ele>1051.800048828125</ele>
        <time>2025-04-05T10:39:37.000Z</time>
        <extensions>
          <ns3:TrackPointExtension>
            <ns3:hr>102</ns3:hr>
          </ns3:TrackPointExtension>
        </extensions>
      </trkpt>
      <trkpt lat="-25.40757249109447002410888671875" lon="-49.00461039505898952484130859375">
        <ele>1051.5999755859375</ele>
        <time>2025-04-05T10:39:45.000Z</time>
        <extensions>
          <ns3:TrackPointExtension>
            <ns3:hr>102</ns3:hr>
          </ns3:TrackPointExtension>
        </extensions>
      </trkpt>
      <trkpt lat="-25.40754315443336963653564453125" lon="-49.00463973172008991241455078125">
        <ele>1050.800048828125</ele>
        <time>2025-04-05T10:39:48.000Z</time>
        <extensions>
          <ns3:TrackPointExtension>
            <ns3:hr>105</ns3:hr>
          </ns3:TrackPointExtension>
        </extensions>
      </trkpt>
      <trkpt lat="-25.4075600020587444305419921875" lon="-49.00469295680522918701171875">
        <ele>1050.199951171875</ele>
        <time>2025-04-05T10:39:52.000Z</time>
        <extensions>
          <ns3:TrackPointExtension>
            <ns3:hr>105</ns3:hr>
          </ns3:TrackPointExtension>
        </extensions>
      </trkpt>
      <trkpt lat="-25.4076035879552364349365234375" lon="-49.00477208197116851806640625">
        <ele>1052.5999755859375</ele>
        <time>2025-04-05T10:40:01.000Z</time>
        <extensions>
          <ns3:TrackPointExtension>
            <ns3:hr>104</ns3:hr>
          </ns3:TrackPointExtension>
        </extensions>
      </trkpt>
      <trkpt lat="-25.40761523880064487457275390625" lon="-49.00483787991106510162353515625">
        <ele>1053.199951171875</ele>
        <time>2025-04-05T10:40:07.000Z</time>
        <extensions>
          <ns3:TrackPointExtension>
            <ns3:hr>105</ns3:hr>
          </ns3:TrackPointExtension>
        </extensions>
      </trkpt>
      <trkpt lat="-25.40761582553386688232421875" lon="-49.0049144066870212554931640625">
        <ele>1052</ele>
        <time>2025-04-05T10:40:13.000Z</time>
        <extensions>
          <ns3:TrackPointExtension>
            <ns3:hr>105</ns3:hr>
          </ns3:TrackPointExtension>
        </extensions>
      </trkpt>
      <trkpt lat="-25.4076163284480571746826171875" lon="-49.004926979541778564453125">
        <ele>1052</ele>
        <time>2025-04-05T10:40:14.000Z</time>
        <extensions>
          <ns3:TrackPointExtension>
            <ns3:hr>107</ns3:hr>
          </ns3:TrackPointExtension>
        </extensions>
      </trkpt>
      <trkpt lat="-25.407619178295135498046875" lon="-49.00494516827166080474853515625">
        <ele>1051.5999755859375</ele>
        <time>2025-04-05T10:40:16.000Z</time>
        <extensions>
          <ns3:TrackPointExtension>
            <ns3:hr>104</ns3:hr>
          </ns3:TrackPointExtension>
        </extensions>
      </trkpt>
      <trkpt lat="-25.4076371155679225921630859375" lon="-49.0049712359905242919921875">
        <ele>1051.4000244140625</ele>
        <time>2025-04-05T10:40:19.000Z</time>
        <extensions>
          <ns3:TrackPointExtension>
            <ns3:hr>105</ns3:hr>
          </ns3:TrackPointExtension>
        </extensions>
      </trkpt>
      <trkpt lat="-25.40761942975223064422607421875" lon="-49.00504969060420989990234375">
        <ele>1050.5999755859375</ele>
        <time>2025-04-05T10:40:25.000Z</time>
        <extensions>
          <ns3:TrackPointExtension>
            <ns3:hr>103</ns3:hr>
          </ns3:TrackPointExtension>
        </extensions>
      </trkpt>
      <trkpt lat="-25.40761892683804035186767578125" lon="-49.005068130791187286376953125">
        <ele>1050.800048828125</ele>
        <time>2025-04-05T10:40:27.000Z</time>
        <extensions>
          <ns3:TrackPointExtension>
            <ns3:hr>106</ns3:hr>
          </ns3:TrackPointExtension>
        </extensions>
      </trkpt>
      <trkpt lat="-25.40760241448879241943359375" lon="-49.00514164008200168609619140625">
        <ele>1052</ele>
        <time>2025-04-05T10:40:33.000Z</time>
        <extensions>
          <ns3:TrackPointExtension>
            <ns3:hr>106</ns3:hr>
          </ns3:TrackPointExtension>
        </extensions>
      </trkpt>
      <trkpt lat="-25.4075925238430500030517578125" lon="-49.0052024088799953460693359375">
        <ele>1051</ele>
        <time>2025-04-05T10:40:40.000Z</time>
        <extensions>
          <ns3:TrackPointExtension>
            <ns3:hr>105</ns3:hr>
          </ns3:TrackPointExtension>
        </extensions>
      </trkpt>
      <trkpt lat="-25.40760233066976070404052734375" lon="-49.00528580881655216217041015625">
        <ele>1050</ele>
        <time>2025-04-05T10:40:49.000Z</time>
        <extensions>
          <ns3:TrackPointExtension>
            <ns3:hr>106</ns3:hr>
          </ns3:TrackPointExtension>
        </extensions>
      </trkpt>
      <trkpt lat="-25.40760769508779048919677734375" lon="-49.0053666941821575164794921875">
        <ele>1050</ele>
        <time>2025-04-05T10:40:55.000Z</time>
        <extensions>
          <ns3:TrackPointExtension>
            <ns3:hr>105</ns3:hr>
          </ns3:TrackPointExtension>
        </extensions>
      </trkpt>
      <trkpt lat="-25.40759126655757427215576171875" lon="-49.00539393536746501922607421875">
        <ele>1050</ele>
        <time>2025-04-05T10:40:57.000Z</time>
        <extensions>
          <ns3:TrackPointExtension>
            <ns3:hr>106</ns3:hr>
          </ns3:TrackPointExtension>
        </extensions>
      </trkpt>
      <trkpt lat="-25.40757299400866031646728515625" lon="-49.00544892065227031707763671875">
        <ele>1050</ele>
        <time>2025-04-05T10:41:01.000Z</time>
        <extensions>
          <ns3:TrackPointExtension>
            <ns3:hr>107</ns3:hr>
          </ns3:TrackPointExtension>
        </extensions>
      </trkpt>
      <trkpt lat="-25.4075633548200130462646484375" lon="-49.00550105608999729156494140625">
        <ele>1049.4000244140625</ele>
        <time>2025-04-05T10:41:06.000Z</time>
        <extensions>
          <ns3:TrackPointExtension>
            <ns3:hr>105</ns3:hr>
          </ns3:TrackPointExtension>
        </extensions>
      </trkpt>
      <trkpt lat="-25.40755011141300201416015625" lon="-49.0055474080145359039306640625">
        <ele>1047.800048828125</ele>
        <time>2025-04-05T10:41:10.000Z</time>
        <extensions>
          <ns3:TrackPointExtension>
            <ns3:hr>103</ns3:hr>
          </ns3:TrackPointExtension>
        </extensions>
      </trkpt>
      <trkpt lat="-25.40753670036792755126953125" lon="-49.0055665187537670135498046875">
        <ele>1047</ele>
        <time>2025-04-05T10:41:12.000Z</time>
        <extensions>
          <ns3:TrackPointExtension>
            <ns3:hr>102</ns3:hr>
          </ns3:TrackPointExtension>
        </extensions>
      </trkpt>
      <trkpt lat="-25.407520271837711334228515625" lon="-49.00559225119650363922119140625">
        <ele>1046</ele>
        <time>2025-04-05T10:41:15.000Z</time>
        <extensions>
          <ns3:TrackPointExtension>
            <ns3:hr>99</ns3:hr>
          </ns3:TrackPointExtension>
        </extensions>
      </trkpt>
      <trkpt lat="-25.407516919076442718505859375" lon="-49.00559711270034313201904296875">
        <ele>1045.800048828125</ele>
        <time>2025-04-05T10:41:16.000Z</time>
        <extensions>
          <ns3:TrackPointExtension>
            <ns3:hr>103</ns3:hr>
          </ns3:TrackPointExtension>
        </extensions>
      </trkpt>
      <trkpt lat="-25.4075009934604167938232421875" lon="-49.005610607564449310302734375">
        <ele>1045.4000244140625</ele>
        <time>2025-04-05T10:41:19.000Z</time>
        <extensions>
          <ns3:TrackPointExtension>
            <ns3:hr>103</ns3:hr>
          </ns3:TrackPointExtension>
        </extensions>
      </trkpt>
      <trkpt lat="-25.4074926115572452545166015625" lon="-49.005683362483978271484375">
        <ele>1045.800048828125</ele>
        <time>2025-04-05T10:41:25.000Z</time>
        <extensions>
          <ns3:TrackPointExtension>
            <ns3:hr>103</ns3:hr>
          </ns3:TrackPointExtension>
        </extensions>
      </trkpt>
      <trkpt lat="-25.4074627719819545745849609375" lon="-49.00574765168130397796630859375">
        <ele>1045.4000244140625</ele>
        <time>2025-04-05T10:41:31.000Z</time>
        <extensions>
          <ns3:TrackPointExtension>
            <ns3:hr>104</ns3:hr>
          </ns3:TrackPointExtension>
        </extensions>
      </trkpt>
      <trkpt lat="-25.4074560664594173431396484375" lon="-49.00578486733138561248779296875">
        <ele>1044.5999755859375</ele>
        <time>2025-04-05T10:41:37.000Z</time>
        <extensions>
          <ns3:TrackPointExtension>
            <ns3:hr>103</ns3:hr>
          </ns3:TrackPointExtension>
        </extensions>
      </trkpt>
      <trkpt lat="-25.40745547972619533538818359375" lon="-49.0058147907257080078125">
        <ele>1044.199951171875</ele>
        <time>2025-04-05T10:41:39.000Z</time>
        <extensions>
          <ns3:TrackPointExtension>
            <ns3:hr>100</ns3:hr>
          </ns3:TrackPointExtension>
        </extensions>
      </trkpt>
      <trkpt lat="-25.4074557311832904815673828125" lon="-49.00582090951502323150634765625">
        <ele>1044</ele>
        <time>2025-04-05T10:41:40.000Z</time>
        <extensions>
          <ns3:TrackPointExtension>
            <ns3:hr>103</ns3:hr>
          </ns3:TrackPointExtension>
        </extensions>
      </trkpt>
      <trkpt lat="-25.4074480198323726654052734375" lon="-49.00584370829164981842041015625">
        <ele>1043.5999755859375</ele>
        <time>2025-04-05T10:41:43.000Z</time>
        <extensions>
          <ns3:TrackPointExtension>
            <ns3:hr>103</ns3:hr>
          </ns3:TrackPointExtension>
        </extensions>
      </trkpt>
      <trkpt lat="-25.407420694828033447265625" lon="-49.005903638899326324462890625">
        <ele>1042.800048828125</ele>
        <time>2025-04-05T10:41:50.000Z</time>
        <extensions>
          <ns3:TrackPointExtension>
            <ns3:hr>102</ns3:hr>
          </ns3:TrackPointExtension>
        </extensions>
      </trkpt>
      <trkpt lat="-25.40741373784840106964111328125" lon="-49.0059443749487400054931640625">
        <ele>1042.4000244140625</ele>
        <time>2025-04-05T10:41:53.000Z</time>
        <extensions>
          <ns3:TrackPointExtension>
            <ns3:hr>105</ns3:hr>
          </ns3:TrackPointExtension>
        </extensions>
      </trkpt>
      <trkpt lat="-25.40741088800132274627685546875" lon="-49.00595619343221187591552734375">
        <ele>1042</ele>
        <time>2025-04-05T10:41:54.000Z</time>
        <extensions>
          <ns3:TrackPointExtension>
            <ns3:hr>102</ns3:hr>
          </ns3:TrackPointExtension>
        </extensions>
      </trkpt>
      <trkpt lat="-25.40738741867244243621826171875" lon="-49.00597413070499897003173828125">
        <ele>1041.4000244140625</ele>
        <time>2025-04-05T10:41:56.000Z</time>
        <extensions>
          <ns3:TrackPointExtension>
            <ns3:hr>102</ns3:hr>
          </ns3:TrackPointExtension>
        </extensions>
      </trkpt>
      <trkpt lat="-25.40737886913120746612548828125" lon="-49.0059846080839633941650390625">
        <ele>1041.4000244140625</ele>
        <time>2025-04-05T10:41:57.000Z</time>
        <extensions>
          <ns3:TrackPointExtension>
            <ns3:hr>102</ns3:hr>
          </ns3:TrackPointExtension>
        </extensions>
      </trkpt>
      <trkpt lat="-25.4073289968073368072509765625" lon="-49.0060727857053279876708984375">
        <ele>1036.800048828125</ele>
        <time>2025-04-05T10:42:05.000Z</time>
        <extensions>
          <ns3:TrackPointExtension>
            <ns3:hr>101</ns3:hr>
          </ns3:TrackPointExtension>
        </extensions>
      </trkpt>
      <trkpt lat="-25.4073108918964862823486328125" lon="-49.00619273073971271514892578125">
        <ele>1035.800048828125</ele>
        <time>2025-04-05T10:42:14.000Z</time>
        <extensions>
          <ns3:TrackPointExtension>
            <ns3:hr>100</ns3:hr>
          </ns3:TrackPointExtension>
        </extensions>
      </trkpt>
      <trkpt lat="-25.407292284071445465087890625" lon="-49.0062085725367069244384765625">
        <ele>1036</ele>
        <time>2025-04-05T10:42:16.000Z</time>
        <extensions>
          <ns3:TrackPointExtension>
            <ns3:hr>100</ns3:hr>
          </ns3:TrackPointExtension>
        </extensions>
      </trkpt>
      <trkpt lat="-25.4072518832981586456298828125" lon="-49.006245620548725128173828125">
        <ele>1036.800048828125</ele>
        <time>2025-04-05T10:42:20.000Z</time>
        <extensions>
          <ns3:TrackPointExtension>
            <ns3:hr>100</ns3:hr>
          </ns3:TrackPointExtension>
        </extensions>
      </trkpt>
      <trkpt lat="-25.4072441719472408294677734375" lon="-49.00625643320381641387939453125">
        <ele>1037</ele>
        <time>2025-04-05T10:42:21.000Z</time>
        <extensions>
          <ns3:TrackPointExtension>
            <ns3:hr>100</ns3:hr>
          </ns3:TrackPointExtension>
        </extensions>
      </trkpt>
      <trkpt lat="-25.40721927769482135772705078125" lon="-49.006317369639873504638671875">
        <ele>1038.199951171875</ele>
        <time>2025-04-05T10:42:25.000Z</time>
        <extensions>
          <ns3:TrackPointExtension>
            <ns3:hr>99</ns3:hr>
          </ns3:TrackPointExtension>
        </extensions>
      </trkpt>
      <trkpt lat="-25.40721357800066471099853515625" lon="-49.00635299272835254669189453125">
        <ele>1038.4000244140625</ele>
        <time>2025-04-05T10:42:27.000Z</time>
        <extensions>
          <ns3:TrackPointExtension>
            <ns3:hr>99</ns3:hr>
          </ns3:TrackPointExtension>
        </extensions>
      </trkpt>
      <trkpt lat="-25.4071995802223682403564453125" lon="-49.0064271725714206695556640625">
        <ele>1038.4000244140625</ele>
        <time>2025-04-05T10:42:31.000Z</time>
        <extensions>
          <ns3:TrackPointExtension>
            <ns3:hr>99</ns3:hr>
          </ns3:TrackPointExtension>
        </extensions>
      </trkpt>
      <trkpt lat="-25.407187677919864654541015625" lon="-49.00654644705355167388916015625">
        <ele>1038.199951171875</ele>
        <time>2025-04-05T10:42:38.000Z</time>
        <extensions>
          <ns3:TrackPointExtension>
            <ns3:hr>103</ns3:hr>
          </ns3:TrackPointExtension>
        </extensions>
      </trkpt>
      <trkpt lat="-25.40717820636928081512451171875" lon="-49.00656874291598796844482421875">
        <ele>1038.4000244140625</ele>
        <time>2025-04-05T10:42:41.000Z</time>
        <extensions>
          <ns3:TrackPointExtension>
            <ns3:hr>106</ns3:hr>
          </ns3:TrackPointExtension>
        </extensions>
      </trkpt>
      <trkpt lat="-25.40715976618230342864990234375" lon="-49.00658399797976016998291015625">
        <ele>1038.4000244140625</ele>
        <time>2025-04-05T10:42:43.000Z</time>
        <extensions>
          <ns3:TrackPointExtension>
            <ns3:hr>103</ns3:hr>
          </ns3:TrackPointExtension>
        </extensions>
      </trkpt>
      <trkpt lat="-25.40714954026043415069580078125" lon="-49.0065939724445343017578125">
        <ele>1038.4000244140625</ele>
        <time>2025-04-05T10:42:44.000Z</time>
        <extensions>
          <ns3:TrackPointExtension>
            <ns3:hr>102</ns3:hr>
          </ns3:TrackPointExtension>
        </extensions>
      </trkpt>
      <trkpt lat="-25.407133363187313079833984375" lon="-49.00659087114036083221435546875">
        <ele>1038.4000244140625</ele>
        <time>2025-04-05T10:42:45.000Z</time>
        <extensions>
          <ns3:TrackPointExtension>
            <ns3:hr>103</ns3:hr>
          </ns3:TrackPointExtension>
        </extensions>
      </trkpt>
      <trkpt lat="-25.407116599380970001220703125" lon="-49.00661341845989227294921875">
        <ele>1038.800048828125</ele>
        <time>2025-04-05T10:42:47.000Z</time>
        <extensions>
          <ns3:TrackPointExtension>
            <ns3:hr>104</ns3:hr>
          </ns3:TrackPointExtension>
        </extensions>
      </trkpt>
      <trkpt lat="-25.40710377506911754608154296875" lon="-49.0066538192331790924072265625">
        <ele>1039.5999755859375</ele>
        <time>2025-04-05T10:42:50.000Z</time>
        <extensions>
          <ns3:TrackPointExtension>
            <ns3:hr>104</ns3:hr>
          </ns3:TrackPointExtension>
        </extensions>
      </trkpt>
      <trkpt lat="-25.4070852510631084442138671875" lon="-49.0067735128104686737060546875">
        <ele>1041.5999755859375</ele>
        <time>2025-04-05T10:42:58.000Z</time>
        <extensions>
          <ns3:TrackPointExtension>
            <ns3:hr>102</ns3:hr>
          </ns3:TrackPointExtension>
        </extensions>
      </trkpt>
      <trkpt lat="-25.407089777290821075439453125" lon="-49.0068030171096324920654296875">
        <ele>1041.199951171875</ele>
        <time>2025-04-05T10:43:01.000Z</time>
        <extensions>
          <ns3:TrackPointExtension>
            <ns3:hr>104</ns3:hr>
          </ns3:TrackPointExtension>
        </extensions>
      </trkpt>
      <trkpt lat="-25.4070802219212055206298828125" lon="-49.00682589970529079437255859375">
        <ele>1040.5999755859375</ele>
        <time>2025-04-05T10:43:03.000Z</time>
        <extensions>
          <ns3:TrackPointExtension>
            <ns3:hr>105</ns3:hr>
          </ns3:TrackPointExtension>
        </extensions>
      </trkpt>
      <trkpt lat="-25.4070738516747951507568359375" lon="-49.00683646090328693389892578125">
        <ele>1040.4000244140625</ele>
        <time>2025-04-05T10:43:04.000Z</time>
        <extensions>
          <ns3:TrackPointExtension>
            <ns3:hr>105</ns3:hr>
          </ns3:TrackPointExtension>
        </extensions>
      </trkpt>
      <trkpt lat="-25.40706555359065532684326171875" lon="-49.00686009787023067474365234375">
        <ele>1040.199951171875</ele>
        <time>2025-04-05T10:43:06.000Z</time>
        <extensions>
          <ns3:TrackPointExtension>
            <ns3:hr>108</ns3:hr>
          </ns3:TrackPointExtension>
        </extensions>
      </trkpt>
      <trkpt lat="-25.40706639178097248077392578125" lon="-49.0068633668124675750732421875">
        <ele>1040.199951171875</ele>
        <time>2025-04-05T10:43:07.000Z</time>
        <extensions>
          <ns3:TrackPointExtension>
            <ns3:hr>105</ns3:hr>
          </ns3:TrackPointExtension>
        </extensions>
      </trkpt>
      <trkpt lat="-25.40707058273255825042724609375" lon="-49.0068756043910980224609375">
        <ele>1040.4000244140625</ele>
        <time>2025-04-05T10:43:08.000Z</time>
        <extensions>
          <ns3:TrackPointExtension>
            <ns3:hr>104</ns3:hr>
          </ns3:TrackPointExtension>
        </extensions>
      </trkpt>
      <trkpt lat="-25.4070644639432430267333984375" lon="-49.00689731352031230926513671875">
        <ele>1040.5999755859375</ele>
        <time>2025-04-05T10:43:10.000Z</time>
        <extensions>
          <ns3:TrackPointExtension>
            <ns3:hr>104</ns3:hr>
          </ns3:TrackPointExtension>
        </extensions>
      </trkpt>
      <trkpt lat="-25.4070034436881542205810546875" lon="-49.00695833377540111541748046875">
        <ele>1041.4000244140625</ele>
        <time>2025-04-05T10:43:17.000Z</time>
        <extensions>
          <ns3:TrackPointExtension>
            <ns3:hr>102</ns3:hr>
          </ns3:TrackPointExtension>
        </extensions>
      </trkpt>
      <trkpt lat="-25.40700587444007396697998046875" lon="-49.00698649697005748748779296875">
        <ele>1041.4000244140625</ele>
        <time>2025-04-05T10:43:18.000Z</time>
        <extensions>
          <ns3:TrackPointExtension>
            <ns3:hr>103</ns3:hr>
          </ns3:TrackPointExtension>
        </extensions>
      </trkpt>
      <trkpt lat="-25.40699849836528301239013671875" lon="-49.007022790610790252685546875">
        <ele>1040.5999755859375</ele>
        <time>2025-04-05T10:43:21.000Z</time>
        <extensions>
          <ns3:TrackPointExtension>
            <ns3:hr>106</ns3:hr>
          </ns3:TrackPointExtension>
        </extensions>
      </trkpt>
      <trkpt lat="-25.40698072873055934906005859375" lon="-49.007032848894596099853515625">
        <ele>1040.199951171875</ele>
        <time>2025-04-05T10:43:23.000Z</time>
        <extensions>
          <ns3:TrackPointExtension>
            <ns3:hr>105</ns3:hr>
          </ns3:TrackPointExtension>
        </extensions>
      </trkpt>
      <trkpt lat="-25.4069633781909942626953125" lon="-49.00710836984217166900634765625">
        <ele>1039</ele>
        <time>2025-04-05T10:43:29.000Z</time>
        <extensions>
          <ns3:TrackPointExtension>
            <ns3:hr>103</ns3:hr>
          </ns3:TrackPointExtension>
        </extensions>
      </trkpt>
      <trkpt lat="-25.4069367237389087677001953125" lon="-49.00719679892063140869140625">
        <ele>1038.199951171875</ele>
        <time>2025-04-05T10:43:36.000Z</time>
        <extensions>
          <ns3:TrackPointExtension>
            <ns3:hr>104</ns3:hr>
          </ns3:TrackPointExtension>
        </extensions>
      </trkpt>
      <trkpt lat="-25.4069216363131999969482421875" lon="-49.00725723244249820709228515625">
        <ele>1039.800048828125</ele>
        <time>2025-04-05T10:43:42.000Z</time>
        <extensions>
          <ns3:TrackPointExtension>
            <ns3:hr>104</ns3:hr>
          </ns3:TrackPointExtension>
        </extensions>
      </trkpt>
      <trkpt lat="-25.4069192893803119659423828125" lon="-49.0072988905012607574462890625">
        <ele>1040.199951171875</ele>
        <time>2025-04-05T10:43:44.000Z</time>
        <extensions>
          <ns3:TrackPointExtension>
            <ns3:hr>103</ns3:hr>
          </ns3:TrackPointExtension>
        </extensions>
      </trkpt>
      <trkpt lat="-25.406888611614704132080078125" lon="-49.00738564319908618927001953125">
        <ele>1040.800048828125</ele>
        <time>2025-04-05T10:43:49.000Z</time>
        <extensions>
          <ns3:TrackPointExtension>
            <ns3:hr>102</ns3:hr>
          </ns3:TrackPointExtension>
        </extensions>
      </trkpt>
      <trkpt lat="-25.40687427856028079986572265625" lon="-49.00740307755768299102783203125">
        <ele>1041.4000244140625</ele>
        <time>2025-04-05T10:43:51.000Z</time>
        <extensions>
          <ns3:TrackPointExtension>
            <ns3:hr>103</ns3:hr>
          </ns3:TrackPointExtension>
        </extensions>
      </trkpt>
      <trkpt lat="-25.40685516782104969024658203125" lon="-49.007424451410770416259765625">
        <ele>1041.5999755859375</ele>
        <time>2025-04-05T10:43:53.000Z</time>
        <extensions>
          <ns3:TrackPointExtension>
            <ns3:hr>103</ns3:hr>
          </ns3:TrackPointExtension>
        </extensions>
      </trkpt>
      <trkpt lat="-25.40685315616428852081298828125" lon="-49.0074571408331394195556640625">
        <ele>1041.5999755859375</ele>
        <time>2025-04-05T10:43:56.000Z</time>
        <extensions>
          <ns3:TrackPointExtension>
            <ns3:hr>103</ns3:hr>
          </ns3:TrackPointExtension>
        </extensions>
      </trkpt>
      <trkpt lat="-25.40682398714125156402587890625" lon="-49.00747130624949932098388671875">
        <ele>1040.5999755859375</ele>
        <time>2025-04-05T10:44:00.000Z</time>
        <extensions>
          <ns3:TrackPointExtension>
            <ns3:hr>100</ns3:hr>
          </ns3:TrackPointExtension>
        </extensions>
      </trkpt>
      <trkpt lat="-25.40681376121938228607177734375" lon="-49.007475413382053375244140625">
        <ele>1040.199951171875</ele>
        <time>2025-04-05T10:44:01.000Z</time>
        <extensions>
          <ns3:TrackPointExtension>
            <ns3:hr>103</ns3:hr>
          </ns3:TrackPointExtension>
        </extensions>
      </trkpt>
      <trkpt lat="-25.40680672042071819305419921875" lon="-49.00748672895133495330810546875">
        <ele>1039.800048828125</ele>
        <time>2025-04-05T10:44:02.000Z</time>
        <extensions>
          <ns3:TrackPointExtension>
            <ns3:hr>103</ns3:hr>
          </ns3:TrackPointExtension>
        </extensions>
      </trkpt>
      <trkpt lat="-25.40678559802472591400146484375" lon="-49.00756803341209888458251953125">
        <ele>1038</ele>
        <time>2025-04-05T10:44:08.000Z</time>
        <extensions>
          <ns3:TrackPointExtension>
            <ns3:hr>100</ns3:hr>
          </ns3:TrackPointExtension>
        </extensions>
      </trkpt>
      <trkpt lat="-25.4067871905863285064697265625" lon="-49.00758597068488597869873046875">
        <ele>1037.800048828125</ele>
        <time>2025-04-05T10:44:09.000Z</time>
        <extensions>
          <ns3:TrackPointExtension>
            <ns3:hr>103</ns3:hr>
          </ns3:TrackPointExtension>
        </extensions>
      </trkpt>
      <trkpt lat="-25.406776964664459228515625" lon="-49.0076190792024135589599609375">
        <ele>1037.800048828125</ele>
        <time>2025-04-05T10:44:12.000Z</time>
        <extensions>
          <ns3:TrackPointExtension>
            <ns3:hr>101</ns3:hr>
          </ns3:TrackPointExtension>
        </extensions>
      </trkpt>
      <trkpt lat="-25.4067761264741420745849609375" lon="-49.0076254494488239288330078125">
        <ele>1037.800048828125</ele>
        <time>2025-04-05T10:44:13.000Z</time>
        <extensions>
          <ns3:TrackPointExtension>
            <ns3:hr>105</ns3:hr>
          </ns3:TrackPointExtension>
        </extensions>
      </trkpt>
      <trkpt lat="-25.4067757911980152130126953125" lon="-49.0076371841132640838623046875">
        <ele>1037.800048828125</ele>
        <time>2025-04-05T10:44:14.000Z</time>
        <extensions>
          <ns3:TrackPointExtension>
            <ns3:hr>104</ns3:hr>
          </ns3:TrackPointExtension>
        </extensions>
      </trkpt>
      <trkpt lat="-25.40675751864910125732421875" lon="-49.00771689601242542266845703125">
        <ele>1037.4000244140625</ele>
        <time>2025-04-05T10:44:20.000Z</time>
        <extensions>
          <ns3:TrackPointExtension>
            <ns3:hr>101</ns3:hr>
          </ns3:TrackPointExtension>
        </extensions>
      </trkpt>
      <trkpt lat="-25.40675089694559574127197265625" lon="-49.0077300556004047393798828125">
        <ele>1037.199951171875</ele>
        <time>2025-04-05T10:44:21.000Z</time>
        <extensions>
          <ns3:TrackPointExtension>
            <ns3:hr>102</ns3:hr>
          </ns3:TrackPointExtension>
        </extensions>
      </trkpt>
      <trkpt lat="-25.4067422635853290557861328125" lon="-49.0077419579029083251953125">
        <ele>1036.800048828125</ele>
        <time>2025-04-05T10:44:22.000Z</time>
        <extensions>
          <ns3:TrackPointExtension>
            <ns3:hr>101</ns3:hr>
          </ns3:TrackPointExtension>
        </extensions>
      </trkpt>
      <trkpt lat="-25.40672977454960346221923828125" lon="-49.0077632479369640350341796875">
        <ele>1036.199951171875</ele>
        <time>2025-04-05T10:44:24.000Z</time>
        <extensions>
          <ns3:TrackPointExtension>
            <ns3:hr>100</ns3:hr>
          </ns3:TrackPointExtension>
        </extensions>
      </trkpt>
      <trkpt lat="-25.40672088973224163055419921875" lon="-49.007781185209751129150390625">
        <ele>1035.4000244140625</ele>
        <time>2025-04-05T10:44:26.000Z</time>
        <extensions>
          <ns3:TrackPointExtension>
            <ns3:hr>103</ns3:hr>
          </ns3:TrackPointExtension>
        </extensions>
      </trkpt>
      <trkpt lat="-25.40670831687748432159423828125" lon="-49.00778696872293949127197265625">
        <ele>1035</ele>
        <time>2025-04-05T10:44:27.000Z</time>
        <extensions>
          <ns3:TrackPointExtension>
            <ns3:hr>103</ns3:hr>
          </ns3:TrackPointExtension>
        </extensions>
      </trkpt>
      <trkpt lat="-25.4066976718604564666748046875" lon="-49.007791243493556976318359375">
        <ele>1034.5999755859375</ele>
        <time>2025-04-05T10:44:28.000Z</time>
        <extensions>
          <ns3:TrackPointExtension>
            <ns3:hr>103</ns3:hr>
          </ns3:TrackPointExtension>
        </extensions>
      </trkpt>
      <trkpt lat="-25.406677722930908203125" lon="-49.00782301090657711029052734375">
        <ele>1033.199951171875</ele>
        <time>2025-04-05T10:44:31.000Z</time>
        <extensions>
          <ns3:TrackPointExtension>
            <ns3:hr>103</ns3:hr>
          </ns3:TrackPointExtension>
        </extensions>
      </trkpt>
      <trkpt lat="-25.40667302906513214111328125" lon="-49.00784128345549106597900390625">
        <ele>1032.800048828125</ele>
        <time>2025-04-05T10:44:32.000Z</time>
        <extensions>
          <ns3:TrackPointExtension>
            <ns3:hr>104</ns3:hr>
          </ns3:TrackPointExtension>
        </extensions>
      </trkpt>
      <trkpt lat="-25.4066745378077030181884765625" lon="-49.00786274112761020660400390625">
        <ele>1032.4000244140625</ele>
        <time>2025-04-05T10:44:33.000Z</time>
        <extensions>
          <ns3:TrackPointExtension>
            <ns3:hr>102</ns3:hr>
          </ns3:TrackPointExtension>
        </extensions>
      </trkpt>
      <trkpt lat="-25.406637154519557952880859375" lon="-49.00793574750423431396484375">
        <ele>1030.800048828125</ele>
        <time>2025-04-05T10:44:38.000Z</time>
        <extensions>
          <ns3:TrackPointExtension>
            <ns3:hr>104</ns3:hr>
          </ns3:TrackPointExtension>
        </extensions>
      </trkpt>
      <trkpt lat="-25.40659968741238117218017578125" lon="-49.007972292602062225341796875">
        <ele>1030</ele>
        <time>2025-04-05T10:44:42.000Z</time>
        <extensions>
          <ns3:TrackPointExtension>
            <ns3:hr>107</ns3:hr>
          </ns3:TrackPointExtension>
        </extensions>
      </trkpt>
      <trkpt lat="-25.40658711455762386322021484375" lon="-49.00799207389354705810546875">
        <ele>1029.800048828125</ele>
        <time>2025-04-05T10:44:44.000Z</time>
        <extensions>
          <ns3:TrackPointExtension>
            <ns3:hr>104</ns3:hr>
          </ns3:TrackPointExtension>
        </extensions>
      </trkpt>
      <trkpt lat="-25.4065786488354206085205078125" lon="-49.00801076553761959075927734375">
        <ele>1029.5999755859375</ele>
        <time>2025-04-05T10:44:45.000Z</time>
        <extensions>
          <ns3:TrackPointExtension>
            <ns3:hr>105</ns3:hr>
          </ns3:TrackPointExtension>
        </extensions>
      </trkpt>
      <trkpt lat="-25.4065638966858386993408203125" lon="-49.00802157819271087646484375">
        <ele>1029.5999755859375</ele>
        <time>2025-04-05T10:44:47.000Z</time>
        <extensions>
          <ns3:TrackPointExtension>
            <ns3:hr>104</ns3:hr>
          </ns3:TrackPointExtension>
        </extensions>
      </trkpt>
      <trkpt lat="-25.40653866715729236602783203125" lon="-49.008064158260822296142578125">
        <ele>1029</ele>
        <time>2025-04-05T10:44:53.000Z</time>
        <extensions>
          <ns3:TrackPointExtension>
            <ns3:hr>104</ns3:hr>
          </ns3:TrackPointExtension>
        </extensions>
      </trkpt>
      <trkpt lat="-25.40652592666447162628173828125" lon="-49.008100032806396484375">
        <ele>1029</ele>
        <time>2025-04-05T10:44:57.000Z</time>
        <extensions>
          <ns3:TrackPointExtension>
            <ns3:hr>106</ns3:hr>
          </ns3:TrackPointExtension>
        </extensions>
      </trkpt>
      <trkpt lat="-25.40651301853358745574951171875" lon="-49.008130542933940887451171875">
        <ele>1029</ele>
        <time>2025-04-05T10:45:00.000Z</time>
        <extensions>
          <ns3:TrackPointExtension>
            <ns3:hr>103</ns3:hr>
          </ns3:TrackPointExtension>
        </extensions>
      </trkpt>
      <trkpt lat="-25.4065085761249065399169921875" lon="-49.00814286433160305023193359375">
        <ele>1028.5999755859375</ele>
        <time>2025-04-05T10:45:01.000Z</time>
        <extensions>
          <ns3:TrackPointExtension>
            <ns3:hr>103</ns3:hr>
          </ns3:TrackPointExtension>
        </extensions>
      </trkpt>
      <trkpt lat="-25.40646339766681194305419921875" lon="-49.00818829424679279327392578125">
        <ele>1027</ele>
        <time>2025-04-05T10:45:06.000Z</time>
        <extensions>
          <ns3:TrackPointExtension>
            <ns3:hr>105</ns3:hr>
          </ns3:TrackPointExtension>
        </extensions>
      </trkpt>
      <trkpt lat="-25.40641897358000278472900390625" lon="-49.008284099400043487548828125">
        <ele>1027.199951171875</ele>
        <time>2025-04-05T10:45:13.000Z</time>
        <extensions>
          <ns3:TrackPointExtension>
            <ns3:hr>106</ns3:hr>
          </ns3:TrackPointExtension>
        </extensions>
      </trkpt>
      <trkpt lat="-25.4063590429723262786865234375" lon="-49.00836045853793621063232421875">
        <ele>1029</ele>
        <time>2025-04-05T10:45:21.000Z</time>
        <extensions>
          <ns3:TrackPointExtension>
            <ns3:hr>106</ns3:hr>
          </ns3:TrackPointExtension>
        </extensions>
      </trkpt>
      <trkpt lat="-25.40635962970554828643798828125" lon="-49.00836087763309478759765625">
        <ele>1029.199951171875</ele>
        <time>2025-04-05T10:45:22.000Z</time>
        <extensions>
          <ns3:TrackPointExtension>
            <ns3:hr>107</ns3:hr>
          </ns3:TrackPointExtension>
        </extensions>
      </trkpt>
      <trkpt lat="-25.40635921061038970947265625" lon="-49.00836749933660030364990234375">
        <ele>1031</ele>
        <time>2025-04-05T10:45:29.000Z</time>
        <extensions>
          <ns3:TrackPointExtension>
            <ns3:hr>106</ns3:hr>
          </ns3:TrackPointExtension>
        </extensions>
      </trkpt>
      <trkpt lat="-25.406363904476165771484375" lon="-49.00837269611656665802001953125">
        <ele>1029.199951171875</ele>
        <time>2025-04-05T10:45:36.000Z</time>
        <extensions>
          <ns3:TrackPointExtension>
            <ns3:hr>106</ns3:hr>
          </ns3:TrackPointExtension>
        </extensions>
      </trkpt>
      <trkpt lat="-25.4063684307038784027099609375" lon="-49.008378647267818450927734375">
        <ele>1028.800048828125</ele>
        <time>2025-04-05T10:45:43.000Z</time>
        <extensions>
          <ns3:TrackPointExtension>
            <ns3:hr>107</ns3:hr>
          </ns3:TrackPointExtension>
        </extensions>
      </trkpt>
      <trkpt lat="-25.4063580371439456939697265625" lon="-49.0083932317793369293212890625">
        <ele>1029</ele>
        <time>2025-04-05T10:45:51.000Z</time>
        <extensions>
          <ns3:TrackPointExtension>
            <ns3:hr>109</ns3:hr>
          </ns3:TrackPointExtension>
        </extensions>
      </trkpt>
      <trkpt lat="-25.4063644073903560638427734375" lon="-49.00847428478300571441650390625">
        <ele>1031.4000244140625</ele>
        <time>2025-04-05T10:45:59.000Z</time>
        <extensions>
          <ns3:TrackPointExtension>
            <ns3:hr>110</ns3:hr>
          </ns3:TrackPointExtension>
        </extensions>
      </trkpt>
      <trkpt lat="-25.40638812817633152008056640625" lon="-49.0085635520517826080322265625">
        <ele>1029.5999755859375</ele>
        <time>2025-04-05T10:46:06.000Z</time>
        <extensions>
          <ns3:TrackPointExtension>
            <ns3:hr>110</ns3:hr>
          </ns3:TrackPointExtension>
        </extensions>
      </trkpt>
      <trkpt lat="-25.4063908942043781280517578125" lon="-49.00858056731522083282470703125">
        <ele>1029.4000244140625</ele>
        <time>2025-04-05T10:46:07.000Z</time>
        <extensions>
          <ns3:TrackPointExtension>
            <ns3:hr>109</ns3:hr>
          </ns3:TrackPointExtension>
        </extensions>
      </trkpt>
      <trkpt lat="-25.40638041682541370391845703125" lon="-49.00867545045912265777587890625">
        <ele>1026</ele>
        <time>2025-04-05T10:46:15.000Z</time>
        <extensions>
          <ns3:TrackPointExtension>
            <ns3:hr>109</ns3:hr>
          </ns3:TrackPointExtension>
        </extensions>
      </trkpt>
      <trkpt lat="-25.40636323392391204833984375" lon="-49.0087613649666309356689453125">
        <ele>1024.800048828125</ele>
        <time>2025-04-05T10:46:22.000Z</time>
        <extensions>
          <ns3:TrackPointExtension>
            <ns3:hr>107</ns3:hr>
          </ns3:TrackPointExtension>
        </extensions>
      </trkpt>
      <trkpt lat="-25.4063352383673191070556640625" lon="-49.00887058116495609283447265625">
        <ele>1027</ele>
        <time>2025-04-05T10:46:30.000Z</time>
        <extensions>
          <ns3:TrackPointExtension>
            <ns3:hr>107</ns3:hr>
          </ns3:TrackPointExtension>
        </extensions>
      </trkpt>
      <trkpt lat="-25.40630296804010868072509765625" lon="-49.00891198776662349700927734375">
        <ele>1028.5999755859375</ele>
        <time>2025-04-05T10:46:34.000Z</time>
        <extensions>
          <ns3:TrackPointExtension>
            <ns3:hr>107</ns3:hr>
          </ns3:TrackPointExtension>
        </extensions>
      </trkpt>
      <trkpt lat="-25.4062713682651519775390625" lon="-49.00893327780067920684814453125">
        <ele>1028.5999755859375</ele>
        <time>2025-04-05T10:46:38.000Z</time>
        <extensions>
          <ns3:TrackPointExtension>
            <ns3:hr>107</ns3:hr>
          </ns3:TrackPointExtension>
        </extensions>
      </trkpt>
      <trkpt lat="-25.4062628187239170074462890625" lon="-49.0089585073292255401611328125">
        <ele>1028.4000244140625</ele>
        <time>2025-04-05T10:46:40.000Z</time>
        <extensions>
          <ns3:TrackPointExtension>
            <ns3:hr>108</ns3:hr>
          </ns3:TrackPointExtension>
        </extensions>
      </trkpt>
      <trkpt lat="-25.4062567837536334991455078125" lon="-49.00903972797095775604248046875">
        <ele>1028</ele>
        <time>2025-04-05T10:46:44.000Z</time>
        <extensions>
          <ns3:TrackPointExtension>
            <ns3:hr>109</ns3:hr>
          </ns3:TrackPointExtension>
        </extensions>
      </trkpt>
      <trkpt lat="-25.40624345652759075164794921875" lon="-49.0090607665479183197021484375">
        <ele>1027.4000244140625</ele>
        <time>2025-04-05T10:46:46.000Z</time>
        <extensions>
          <ns3:TrackPointExtension>
            <ns3:hr>105</ns3:hr>
          </ns3:TrackPointExtension>
        </extensions>
      </trkpt>
      <trkpt lat="-25.4062378406524658203125" lon="-49.00907090865075588226318359375">
        <ele>1026.5999755859375</ele>
        <time>2025-04-05T10:46:47.000Z</time>
        <extensions>
          <ns3:TrackPointExtension>
            <ns3:hr>109</ns3:hr>
          </ns3:TrackPointExtension>
        </extensions>
      </trkpt>
      <trkpt lat="-25.4062108509242534637451171875" lon="-49.00911969132721424102783203125">
        <ele>1024</ele>
        <time>2025-04-05T10:46:52.000Z</time>
        <extensions>
          <ns3:TrackPointExtension>
            <ns3:hr>107</ns3:hr>
          </ns3:TrackPointExtension>
        </extensions>
      </trkpt>
      <trkpt lat="-25.40620322339236736297607421875" lon="-49.00913410820066928863525390625">
        <ele>1023.79998779296875</ele>
        <time>2025-04-05T10:46:53.000Z</time>
        <extensions>
          <ns3:TrackPointExtension>
            <ns3:hr>109</ns3:hr>
          </ns3:TrackPointExtension>
        </extensions>
      </trkpt>
      <trkpt lat="-25.40620020590722560882568359375" lon="-49.00914584286510944366455078125">
        <ele>1023.5999755859375</ele>
        <time>2025-04-05T10:46:54.000Z</time>
        <extensions>
          <ns3:TrackPointExtension>
            <ns3:hr>110</ns3:hr>
          </ns3:TrackPointExtension>
        </extensions>
      </trkpt>
      <trkpt lat="-25.40618193335831165313720703125" lon="-49.0092076174914836883544921875">
        <ele>1021.4000244140625</ele>
        <time>2025-04-05T10:47:00.000Z</time>
        <extensions>
          <ns3:TrackPointExtension>
            <ns3:hr>110</ns3:hr>
          </ns3:TrackPointExtension>
        </extensions>
      </trkpt>
      <trkpt lat="-25.4061732999980449676513671875" lon="-49.00922320783138275146484375">
        <ele>1020</ele>
        <time>2025-04-05T10:47:02.000Z</time>
        <extensions>
          <ns3:TrackPointExtension>
            <ns3:hr>110</ns3:hr>
          </ns3:TrackPointExtension>
        </extensions>
      </trkpt>
      <trkpt lat="-25.406160391867160797119140625" lon="-49.009267799556255340576171875">
        <ele>1018.4000244140625</ele>
        <time>2025-04-05T10:47:07.000Z</time>
        <extensions>
          <ns3:TrackPointExtension>
            <ns3:hr>110</ns3:hr>
          </ns3:TrackPointExtension>
        </extensions>
      </trkpt>
      <trkpt lat="-25.40616600774228572845458984375" lon="-49.00930442847311496734619140625">
        <ele>1018.5999755859375</ele>
        <time>2025-04-05T10:47:10.000Z</time>
        <extensions>
          <ns3:TrackPointExtension>
            <ns3:hr>110</ns3:hr>
          </ns3:TrackPointExtension>
        </extensions>
      </trkpt>
      <trkpt lat="-25.40617120452225208282470703125" lon="-49.009342230856418609619140625">
        <ele>1018.5999755859375</ele>
        <time>2025-04-05T10:47:13.000Z</time>
        <extensions>
          <ns3:TrackPointExtension>
            <ns3:hr>110</ns3:hr>
          </ns3:TrackPointExtension>
        </extensions>
      </trkpt>
      <trkpt lat="-25.40617053396999835968017578125" lon="-49.009377099573612213134765625">
        <ele>1018.79998779296875</ele>
        <time>2025-04-05T10:47:15.000Z</time>
        <extensions>
          <ns3:TrackPointExtension>
            <ns3:hr>110</ns3:hr>
          </ns3:TrackPointExtension>
        </extensions>
      </trkpt>
      <trkpt lat="-25.4061629064381122589111328125" lon="-49.00945697911083698272705078125">
        <ele>1019.5999755859375</ele>
        <time>2025-04-05T10:47:21.000Z</time>
        <extensions>
          <ns3:TrackPointExtension>
            <ns3:hr>111</ns3:hr>
          </ns3:TrackPointExtension>
        </extensions>
      </trkpt>
      <trkpt lat="-25.4061883874237537384033203125" lon="-49.00956661440432071685791015625">
        <ele>1019</ele>
        <time>2025-04-05T10:47:30.000Z</time>
        <extensions>
          <ns3:TrackPointExtension>
            <ns3:hr>113</ns3:hr>
          </ns3:TrackPointExtension>
        </extensions>
      </trkpt>
      <trkpt lat="-25.40621110238134860992431640625" lon="-49.00960408151149749755859375">
        <ele>1018</ele>
        <time>2025-04-05T10:47:33.000Z</time>
        <extensions>
          <ns3:TrackPointExtension>
            <ns3:hr>109</ns3:hr>
          </ns3:TrackPointExtension>
        </extensions>
      </trkpt>
      <trkpt lat="-25.406234823167324066162109375" lon="-49.00964657776057720184326171875">
        <ele>1017.20001220703125</ele>
        <time>2025-04-05T10:47:38.000Z</time>
        <extensions>
          <ns3:TrackPointExtension>
            <ns3:hr>111</ns3:hr>
          </ns3:TrackPointExtension>
        </extensions>
      </trkpt>
      <trkpt lat="-25.4062490724027156829833984375" lon="-49.0097407065331935882568359375">
        <ele>1015.5999755859375</ele>
        <time>2025-04-05T10:47:46.000Z</time>
        <extensions>
          <ns3:TrackPointExtension>
            <ns3:hr>112</ns3:hr>
          </ns3:TrackPointExtension>
        </extensions>
      </trkpt>
      <trkpt lat="-25.40627396665513515472412109375" lon="-49.00979979895055294036865234375">
        <ele>1013.79998779296875</ele>
        <time>2025-04-05T10:47:52.000Z</time>
        <extensions>
          <ns3:TrackPointExtension>
            <ns3:hr>117</ns3:hr>
          </ns3:TrackPointExtension>
        </extensions>
      </trkpt>
      <trkpt lat="-25.40627497248351573944091796875" lon="-49.00980751030147075653076171875">
        <ele>1013.5999755859375</ele>
        <time>2025-04-05T10:47:53.000Z</time>
        <extensions>
          <ns3:TrackPointExtension>
            <ns3:hr>111</ns3:hr>
          </ns3:TrackPointExtension>
        </extensions>
      </trkpt>
      <trkpt lat="-25.40626944042742252349853515625" lon="-49.00981253944337368011474609375">
        <ele>1012.5999755859375</ele>
        <time>2025-04-05T10:47:57.000Z</time>
        <extensions>
          <ns3:TrackPointExtension>
            <ns3:hr>111</ns3:hr>
          </ns3:TrackPointExtension>
        </extensions>
      </trkpt>
      <trkpt lat="-25.40626793168485164642333984375" lon="-49.00982159189879894256591796875">
        <ele>1012.4000244140625</ele>
        <time>2025-04-05T10:48:03.000Z</time>
        <extensions>
          <ns3:TrackPointExtension>
            <ns3:hr>110</ns3:hr>
          </ns3:TrackPointExtension>
        </extensions>
      </trkpt>
      <trkpt lat="-25.40626726113259792327880859375" lon="-49.00982108898460865020751953125">
        <ele>1013.20001220703125</ele>
        <time>2025-04-05T10:48:11.000Z</time>
        <extensions>
          <ns3:TrackPointExtension>
            <ns3:hr>107</ns3:hr>
          </ns3:TrackPointExtension>
        </extensions>
      </trkpt>
      <trkpt lat="-25.40628033690154552459716796875" lon="-49.00987925939261913299560546875">
        <ele>1013.4000244140625</ele>
        <time>2025-04-05T10:48:19.000Z</time>
        <extensions>
          <ns3:TrackPointExtension>
            <ns3:hr>104</ns3:hr>
          </ns3:TrackPointExtension>
        </extensions>
      </trkpt>
      <trkpt lat="-25.40628385730087757110595703125" lon="-49.00989904068410396575927734375">
        <ele>1013.4000244140625</ele>
        <time>2025-04-05T10:48:20.000Z</time>
        <extensions>
          <ns3:TrackPointExtension>
            <ns3:hr>104</ns3:hr>
          </ns3:TrackPointExtension>
        </extensions>
      </trkpt>
      <trkpt lat="-25.40628544986248016357421875" lon="-49.00998487137258052825927734375">
        <ele>1013</ele>
        <time>2025-04-05T10:48:27.000Z</time>
        <extensions>
          <ns3:TrackPointExtension>
            <ns3:hr>106</ns3:hr>
          </ns3:TrackPointExtension>
        </extensions>
      </trkpt>
      <trkpt lat="-25.40627111680805683135986328125" lon="-49.0100136213004589080810546875">
        <ele>1012.4000244140625</ele>
        <time>2025-04-05T10:48:31.000Z</time>
        <extensions>
          <ns3:TrackPointExtension>
            <ns3:hr>109</ns3:hr>
          </ns3:TrackPointExtension>
        </extensions>
      </trkpt>
      <trkpt lat="-25.4062678478658199310302734375" lon="-49.0100243501365184783935546875">
        <ele>1012.20001220703125</ele>
        <time>2025-04-05T10:48:33.000Z</time>
        <extensions>
          <ns3:TrackPointExtension>
            <ns3:hr>111</ns3:hr>
          </ns3:TrackPointExtension>
        </extensions>
      </trkpt>
      <trkpt lat="-25.406260974705219268798828125" lon="-49.01003851555287837982177734375">
        <ele>1011.4000244140625</ele>
        <time>2025-04-05T10:48:40.000Z</time>
        <extensions>
          <ns3:TrackPointExtension>
            <ns3:hr>111</ns3:hr>
          </ns3:TrackPointExtension>
        </extensions>
      </trkpt>
      <trkpt lat="-25.4062343202531337738037109375" lon="-49.01006667874753475189208984375">
        <ele>1010.20001220703125</ele>
        <time>2025-04-05T10:48:47.000Z</time>
        <extensions>
          <ns3:TrackPointExtension>
            <ns3:hr>111</ns3:hr>
          </ns3:TrackPointExtension>
        </extensions>
      </trkpt>
      <trkpt lat="-25.40622132830321788787841796875" lon="-49.0101215802133083343505859375">
        <ele>1007.79998779296875</ele>
        <time>2025-04-05T10:48:54.000Z</time>
        <extensions>
          <ns3:TrackPointExtension>
            <ns3:hr>109</ns3:hr>
          </ns3:TrackPointExtension>
        </extensions>
      </trkpt>
      <trkpt lat="-25.4061598889529705047607421875" lon="-49.01017664931714534759521484375">
        <ele>1005.5999755859375</ele>
        <time>2025-04-05T10:49:03.000Z</time>
        <extensions>
          <ns3:TrackPointExtension>
            <ns3:hr>110</ns3:hr>
          </ns3:TrackPointExtension>
        </extensions>
      </trkpt>
      <trkpt lat="-25.4061484895646572113037109375" lon="-49.01020330376923084259033203125">
        <ele>1005.4000244140625</ele>
        <time>2025-04-05T10:49:05.000Z</time>
        <extensions>
          <ns3:TrackPointExtension>
            <ns3:hr>109</ns3:hr>
          </ns3:TrackPointExtension>
        </extensions>
      </trkpt>
      <trkpt lat="-25.40611303411424160003662109375" lon="-49.01027002371847629547119140625">
        <ele>1006.20001220703125</ele>
        <time>2025-04-05T10:49:10.000Z</time>
        <extensions>
          <ns3:TrackPointExtension>
            <ns3:hr>110</ns3:hr>
          </ns3:TrackPointExtension>
        </extensions>
      </trkpt>
      <trkpt lat="-25.40609878487884998321533203125" lon="-49.0102872066199779510498046875">
        <ele>1007.5999755859375</ele>
        <time>2025-04-05T10:49:16.000Z</time>
        <extensions>
          <ns3:TrackPointExtension>
            <ns3:hr>111</ns3:hr>
          </ns3:TrackPointExtension>
        </extensions>
      </trkpt>
      <trkpt lat="-25.4060955159366130828857421875" lon="-49.01028561405837535858154296875">
        <ele>1007.20001220703125</ele>
        <time>2025-04-05T10:49:21.000Z</time>
        <extensions>
          <ns3:TrackPointExtension>
            <ns3:hr>110</ns3:hr>
          </ns3:TrackPointExtension>
        </extensions>
      </trkpt>
      <trkpt lat="-25.406087301671504974365234375" lon="-49.01028762571513652801513671875">
        <ele>1006.5999755859375</ele>
        <time>2025-04-05T10:49:26.000Z</time>
        <extensions>
          <ns3:TrackPointExtension>
            <ns3:hr>113</ns3:hr>
          </ns3:TrackPointExtension>
        </extensions>
      </trkpt>
      <trkpt lat="-25.40608386509120464324951171875" lon="-49.01028645224869251251220703125">
        <ele>1006.20001220703125</ele>
        <time>2025-04-05T10:49:30.000Z</time>
        <extensions>
          <ns3:TrackPointExtension>
            <ns3:hr>112</ns3:hr>
          </ns3:TrackPointExtension>
        </extensions>
      </trkpt>
      <trkpt lat="-25.40608336217701435089111328125" lon="-49.01028578169643878936767578125">
        <ele>1005.5999755859375</ele>
        <time>2025-04-05T10:49:39.000Z</time>
        <extensions>
          <ns3:TrackPointExtension>
            <ns3:hr>109</ns3:hr>
          </ns3:TrackPointExtension>
        </extensions>
      </trkpt>
      <trkpt lat="-25.40608453564345836639404296875" lon="-49.01028745807707309722900390625">
        <ele>1005.5999755859375</ele>
        <time>2025-04-05T10:49:47.000Z</time>
        <extensions>
          <ns3:TrackPointExtension>
            <ns3:hr>106</ns3:hr>
          </ns3:TrackPointExtension>
        </extensions>
      </trkpt>
      <trkpt lat="-25.40608487091958522796630859375" lon="-49.01028745807707309722900390625">
        <ele>1005.5999755859375</ele>
        <time>2025-04-05T10:49:51.000Z</time>
        <extensions>
          <ns3:TrackPointExtension>
            <ns3:hr>106</ns3:hr>
          </ns3:TrackPointExtension>
        </extensions>
      </trkpt>
      <trkpt lat="-25.40610699914395809173583984375" lon="-49.01030522771179676055908203125">
        <ele>1006.5999755859375</ele>
        <time>2025-04-05T10:50:18.000Z</time>
        <extensions>
          <ns3:TrackPointExtension>
            <ns3:hr>109</ns3:hr>
          </ns3:TrackPointExtension>
        </extensions>
      </trkpt>
      <trkpt lat="-25.40610699914395809173583984375" lon="-49.01030816137790679931640625">
        <ele>1006.5999755859375</ele>
        <time>2025-04-05T10:50:19.000Z</time>
        <extensions>
          <ns3:TrackPointExtension>
            <ns3:hr>106</ns3:hr>
          </ns3:TrackPointExtension>
        </extensions>
      </trkpt>
      <trkpt lat="-25.40608151815831661224365234375" lon="-49.0103535912930965423583984375">
        <ele>1008.4000244140625</ele>
        <time>2025-04-05T10:50:49.000Z</time>
        <extensions>
          <ns3:TrackPointExtension>
            <ns3:hr>107</ns3:hr>
          </ns3:TrackPointExtension>
        </extensions>
      </trkpt>
      <trkpt lat="-25.40599283762276172637939453125" lon="-49.01039290241897106170654296875">
        <ele>1008.5999755859375</ele>
        <time>2025-04-05T10:51:20.000Z</time>
        <extensions>
          <ns3:TrackPointExtension>
            <ns3:hr>110</ns3:hr>
          </ns3:TrackPointExtension>
        </extensions>
      </trkpt>
      <trkpt lat="-25.4059717990458011627197265625" lon="-49.0104107558727264404296875">
        <ele>1008.5999755859375</ele>
        <time>2025-04-05T10:51:23.000Z</time>
        <extensions>
          <ns3:TrackPointExtension>
            <ns3:hr>107</ns3:hr>
          </ns3:TrackPointExtension>
        </extensions>
      </trkpt>
      <trkpt lat="-25.4059414565563201904296875" lon="-49.01044269092381000518798828125">
        <ele>1008.5999755859375</ele>
        <time>2025-04-05T10:51:26.000Z</time>
        <extensions>
          <ns3:TrackPointExtension>
            <ns3:hr>107</ns3:hr>
          </ns3:TrackPointExtension>
        </extensions>
      </trkpt>
      <trkpt lat="-25.40590499527752399444580078125" lon="-49.0104939043521881103515625">
        <ele>1007.20001220703125</ele>
        <time>2025-04-05T10:51:30.000Z</time>
        <extensions>
          <ns3:TrackPointExtension>
            <ns3:hr>110</ns3:hr>
          </ns3:TrackPointExtension>
        </extensions>
      </trkpt>
      <trkpt lat="-25.40588739328086376190185546875" lon="-49.01052198372781276702880859375">
        <ele>1006</ele>
        <time>2025-04-05T10:51:32.000Z</time>
        <extensions>
          <ns3:TrackPointExtension>
            <ns3:hr>112</ns3:hr>
          </ns3:TrackPointExtension>
        </extensions>
      </trkpt>
      <trkpt lat="-25.4058537818491458892822265625" lon="-49.01056741364300251007080078125">
        <ele>1003.79998779296875</ele>
        <time>2025-04-05T10:51:38.000Z</time>
        <extensions>
          <ns3:TrackPointExtension>
            <ns3:hr>112</ns3:hr>
          </ns3:TrackPointExtension>
        </extensions>
      </trkpt>
      <trkpt lat="-25.405829809606075286865234375" lon="-49.01061929762363433837890625">
        <ele>1003.20001220703125</ele>
        <time>2025-04-05T10:51:45.000Z</time>
        <extensions>
          <ns3:TrackPointExtension>
            <ns3:hr>111</ns3:hr>
          </ns3:TrackPointExtension>
        </extensions>
      </trkpt>
      <trkpt lat="-25.40576887317001819610595703125" lon="-49.01063882745802402496337890625">
        <ele>1004.5999755859375</ele>
        <time>2025-04-05T10:51:52.000Z</time>
        <extensions>
          <ns3:TrackPointExtension>
            <ns3:hr>112</ns3:hr>
          </ns3:TrackPointExtension>
        </extensions>
      </trkpt>
      <trkpt lat="-25.405733585357666015625" lon="-49.01066548191010951995849609375">
        <ele>1003.5999755859375</ele>
        <time>2025-04-05T10:51:59.000Z</time>
        <extensions>
          <ns3:TrackPointExtension>
            <ns3:hr>114</ns3:hr>
          </ns3:TrackPointExtension>
        </extensions>
      </trkpt>
      <trkpt lat="-25.40570533834397792816162109375" lon="-49.0106731094419956207275390625">
        <ele>1002.79998779296875</ele>
        <time>2025-04-05T10:52:02.000Z</time>
        <extensions>
          <ns3:TrackPointExtension>
            <ns3:hr>114</ns3:hr>
          </ns3:TrackPointExtension>
        </extensions>
      </trkpt>
      <trkpt lat="-25.4056821204721927642822265625" lon="-49.0106709301471710205078125">
        <ele>1002</ele>
        <time>2025-04-05T10:52:04.000Z</time>
        <extensions>
          <ns3:TrackPointExtension>
            <ns3:hr>114</ns3:hr>
          </ns3:TrackPointExtension>
        </extensions>
      </trkpt>
      <trkpt lat="-25.40561062283813953399658203125" lon="-49.0106875263154506683349609375">
        <ele>1000.5999755859375</ele>
        <time>2025-04-05T10:52:11.000Z</time>
        <extensions>
          <ns3:TrackPointExtension>
            <ns3:hr>113</ns3:hr>
          </ns3:TrackPointExtension>
        </extensions>
      </trkpt>
      <trkpt lat="-25.40554624982178211212158203125" lon="-49.010706134140491485595703125">
        <ele>998.20001220703125</ele>
        <time>2025-04-05T10:52:16.000Z</time>
        <extensions>
          <ns3:TrackPointExtension>
            <ns3:hr>110</ns3:hr>
          </ns3:TrackPointExtension>
        </extensions>
      </trkpt>
      <trkpt lat="-25.40553686209022998809814453125" lon="-49.0107344649732112884521484375">
        <ele>997.5999755859375</ele>
        <time>2025-04-05T10:52:18.000Z</time>
        <extensions>
          <ns3:TrackPointExtension>
            <ns3:hr>110</ns3:hr>
          </ns3:TrackPointExtension>
        </extensions>
      </trkpt>
      <trkpt lat="-25.4055285640060901641845703125" lon="-49.01076103560626506805419921875">
        <ele>997.20001220703125</ele>
        <time>2025-04-05T10:52:20.000Z</time>
        <extensions>
          <ns3:TrackPointExtension>
            <ns3:hr>110</ns3:hr>
          </ns3:TrackPointExtension>
        </extensions>
      </trkpt>
      <trkpt lat="-25.4054950363934040069580078125" lon="-49.01079825125634670257568359375">
        <ele>996.4000244140625</ele>
        <time>2025-04-05T10:52:24.000Z</time>
        <extensions>
          <ns3:TrackPointExtension>
            <ns3:hr>109</ns3:hr>
          </ns3:TrackPointExtension>
        </extensions>
      </trkpt>
      <trkpt lat="-25.4054640233516693115234375" lon="-49.010856337845325469970703125">
        <ele>995.4000244140625</ele>
        <time>2025-04-05T10:52:30.000Z</time>
        <extensions>
          <ns3:TrackPointExtension>
            <ns3:hr>109</ns3:hr>
          </ns3:TrackPointExtension>
        </extensions>
      </trkpt>
      <trkpt lat="-25.4054269753396511077880859375" lon="-49.010926075279712677001953125">
        <ele>993.5999755859375</ele>
        <time>2025-04-05T10:52:37.000Z</time>
        <extensions>
          <ns3:TrackPointExtension>
            <ns3:hr>111</ns3:hr>
          </ns3:TrackPointExtension>
        </extensions>
      </trkpt>
      <trkpt lat="-25.40536084212362766265869140625" lon="-49.01097661815583705902099609375">
        <ele>990.5999755859375</ele>
        <time>2025-04-05T10:52:44.000Z</time>
        <extensions>
          <ns3:TrackPointExtension>
            <ns3:hr>108</ns3:hr>
          </ns3:TrackPointExtension>
        </extensions>
      </trkpt>
      <trkpt lat="-25.40534592233598232269287109375" lon="-49.0109847486019134521484375">
        <ele>990</ele>
        <time>2025-04-05T10:52:45.000Z</time>
        <extensions>
          <ns3:TrackPointExtension>
            <ns3:hr>109</ns3:hr>
          </ns3:TrackPointExtension>
        </extensions>
      </trkpt>
      <trkpt lat="-25.40531306527554988861083984375" lon="-49.011030681431293487548828125">
        <ele>988.4000244140625</ele>
        <time>2025-04-05T10:52:49.000Z</time>
        <extensions>
          <ns3:TrackPointExtension>
            <ns3:hr>106</ns3:hr>
          </ns3:TrackPointExtension>
        </extensions>
      </trkpt>
      <trkpt lat="-25.40529848076403141021728515625" lon="-49.01104367338120937347412109375">
        <ele>988</ele>
        <time>2025-04-05T10:52:51.000Z</time>
        <extensions>
          <ns3:TrackPointExtension>
            <ns3:hr>108</ns3:hr>
          </ns3:TrackPointExtension>
        </extensions>
      </trkpt>
      <trkpt lat="-25.405199490487575531005859375" lon="-49.01109798811376094818115234375">
        <ele>988</ele>
        <time>2025-04-05T10:52:59.000Z</time>
        <extensions>
          <ns3:TrackPointExtension>
            <ns3:hr>109</ns3:hr>
          </ns3:TrackPointExtension>
        </extensions>
      </trkpt>
      <trkpt lat="-25.40514760650694370269775390625" lon="-49.0111777000129222869873046875">
        <ele>988.4000244140625</ele>
        <time>2025-04-05T10:53:07.000Z</time>
        <extensions>
          <ns3:TrackPointExtension>
            <ns3:hr>106</ns3:hr>
          </ns3:TrackPointExtension>
        </extensions>
      </trkpt>
      <trkpt lat="-25.40513067506253719329833984375" lon="-49.01121743023395538330078125">
        <ele>988.4000244140625</ele>
        <time>2025-04-05T10:53:09.000Z</time>
        <extensions>
          <ns3:TrackPointExtension>
            <ns3:hr>107</ns3:hr>
          </ns3:TrackPointExtension>
        </extensions>
      </trkpt>
      <trkpt lat="-25.405045934021472930908203125" lon="-49.01126847602427005767822265625">
        <ele>988.5999755859375</ele>
        <time>2025-04-05T10:53:17.000Z</time>
        <extensions>
          <ns3:TrackPointExtension>
            <ns3:hr>104</ns3:hr>
          </ns3:TrackPointExtension>
        </extensions>
      </trkpt>
      <trkpt lat="-25.40504048578441143035888671875" lon="-49.01127652265131473541259765625">
        <ele>988.79998779296875</ele>
        <time>2025-04-05T10:53:18.000Z</time>
        <extensions>
          <ns3:TrackPointExtension>
            <ns3:hr>105</ns3:hr>
          </ns3:TrackPointExtension>
        </extensions>
      </trkpt>
      <trkpt lat="-25.40498030371963977813720703125" lon="-49.01133469305932521820068359375">
        <ele>991</ele>
        <time>2025-04-05T10:53:24.000Z</time>
        <extensions>
          <ns3:TrackPointExtension>
            <ns3:hr>106</ns3:hr>
          </ns3:TrackPointExtension>
        </extensions>
      </trkpt>
      <trkpt lat="-25.40495515801012516021728515625" lon="-49.0113751776516437530517578125">
        <ele>991.4000244140625</ele>
        <time>2025-04-05T10:53:27.000Z</time>
        <extensions>
          <ns3:TrackPointExtension>
            <ns3:hr>110</ns3:hr>
          </ns3:TrackPointExtension>
        </extensions>
      </trkpt>
      <trkpt lat="-25.40494258515536785125732421875" lon="-49.01139571331441402435302734375">
        <ele>991.4000244140625</ele>
        <time>2025-04-05T10:53:29.000Z</time>
        <extensions>
          <ns3:TrackPointExtension>
            <ns3:hr>109</ns3:hr>
          </ns3:TrackPointExtension>
        </extensions>
      </trkpt>
      <trkpt lat="-25.404910147190093994140625" lon="-49.01142991147935390472412109375">
        <ele>990.5999755859375</ele>
        <time>2025-04-05T10:53:32.000Z</time>
        <extensions>
          <ns3:TrackPointExtension>
            <ns3:hr>109</ns3:hr>
          </ns3:TrackPointExtension>
        </extensions>
      </trkpt>
      <trkpt lat="-25.4048576764762401580810546875" lon="-49.01146511547267436981201171875">
        <ele>988.20001220703125</ele>
        <time>2025-04-05T10:53:40.000Z</time>
        <extensions>
          <ns3:TrackPointExtension>
            <ns3:hr>109</ns3:hr>
          </ns3:TrackPointExtension>
        </extensions>
      </trkpt>
      <trkpt lat="-25.4048578441143035888671875" lon="-49.0114660374820232391357421875">
        <ele>986.5999755859375</ele>
        <time>2025-04-05T10:53:45.000Z</time>
        <extensions>
          <ns3:TrackPointExtension>
            <ns3:hr>112</ns3:hr>
          </ns3:TrackPointExtension>
        </extensions>
      </trkpt>
      <trkpt lat="-25.404860191047191619873046875" lon="-49.0114663727581501007080078125">
        <ele>985.20001220703125</ele>
        <time>2025-04-05T10:53:48.000Z</time>
        <extensions>
          <ns3:TrackPointExtension>
            <ns3:hr>112</ns3:hr>
          </ns3:TrackPointExtension>
        </extensions>
      </trkpt>
      <trkpt lat="-25.4048606939613819122314453125" lon="-49.01146645657718181610107421875">
        <ele>982.5999755859375</ele>
        <time>2025-04-05T10:53:55.000Z</time>
        <extensions>
          <ns3:TrackPointExtension>
            <ns3:hr>109</ns3:hr>
          </ns3:TrackPointExtension>
        </extensions>
      </trkpt>
      <trkpt lat="-25.404859520494937896728515625" lon="-49.0114663727581501007080078125">
        <ele>982.5999755859375</ele>
        <time>2025-04-05T10:54:05.000Z</time>
        <extensions>
          <ns3:TrackPointExtension>
            <ns3:hr>106</ns3:hr>
          </ns3:TrackPointExtension>
        </extensions>
      </trkpt>
      <trkpt lat="-25.4048539884388446807861328125" lon="-49.01147098280489444732666015625">
        <ele>983.20001220703125</ele>
        <time>2025-04-05T10:54:24.000Z</time>
        <extensions>
          <ns3:TrackPointExtension>
            <ns3:hr>103</ns3:hr>
          </ns3:TrackPointExtension>
        </extensions>
      </trkpt>
      <trkpt lat="-25.40485071949660778045654296875" lon="-49.01147089898586273193359375">
        <ele>984</ele>
        <time>2025-04-05T10:54:32.000Z</time>
        <extensions>
          <ns3:TrackPointExtension>
            <ns3:hr>100</ns3:hr>
          </ns3:TrackPointExtension>
        </extensions>
      </trkpt>
      <trkpt lat="-25.40484770201146602630615234375" lon="-49.01147089898586273193359375">
        <ele>984.20001220703125</ele>
        <time>2025-04-05T10:54:35.000Z</time>
        <extensions>
          <ns3:TrackPointExtension>
            <ns3:hr>95</ns3:hr>
          </ns3:TrackPointExtension>
        </extensions>
      </trkpt>
      <trkpt lat="-25.40484644472599029541015625" lon="-49.01147089898586273193359375">
        <ele>984.4000244140625</ele>
        <time>2025-04-05T10:54:36.000Z</time>
        <extensions>
          <ns3:TrackPointExtension>
            <ns3:hr>95</ns3:hr>
          </ns3:TrackPointExtension>
        </extensions>
      </trkpt>
      <trkpt lat="-25.4048067145049571990966796875" lon="-49.0115411393344402313232421875">
        <ele>985</ele>
        <time>2025-04-05T10:54:48.000Z</time>
        <extensions>
          <ns3:TrackPointExtension>
            <ns3:hr>98</ns3:hr>
          </ns3:TrackPointExtension>
        </extensions>
      </trkpt>
      <trkpt lat="-25.4047865979373455047607421875" lon="-49.0115518681704998016357421875">
        <ele>984.20001220703125</ele>
        <time>2025-04-05T10:54:53.000Z</time>
        <extensions>
          <ns3:TrackPointExtension>
            <ns3:hr>99</ns3:hr>
          </ns3:TrackPointExtension>
        </extensions>
      </trkpt>
      <trkpt lat="-25.4047808982431888580322265625" lon="-49.0115639381110668182373046875">
        <ele>982.20001220703125</ele>
        <time>2025-04-05T10:55:01.000Z</time>
        <extensions>
          <ns3:TrackPointExtension>
            <ns3:hr>102</ns3:hr>
          </ns3:TrackPointExtension>
        </extensions>
      </trkpt>
      <trkpt lat="-25.40478215552866458892822265625" lon="-49.01156611740589141845703125">
        <ele>982</ele>
        <time>2025-04-05T10:55:02.000Z</time>
        <extensions>
          <ns3:TrackPointExtension>
            <ns3:hr>102</ns3:hr>
          </ns3:TrackPointExtension>
        </extensions>
      </trkpt>
      <trkpt lat="-25.40477402508258819580078125" lon="-49.01160224340856075286865234375">
        <ele>979.20001220703125</ele>
        <time>2025-04-05T10:55:10.000Z</time>
        <extensions>
          <ns3:TrackPointExtension>
            <ns3:hr>103</ns3:hr>
          </ns3:TrackPointExtension>
        </extensions>
      </trkpt>
      <trkpt lat="-25.40476488880813121795654296875" lon="-49.01163275353610515594482421875">
        <ele>978.4000244140625</ele>
        <time>2025-04-05T10:55:14.000Z</time>
        <extensions>
          <ns3:TrackPointExtension>
            <ns3:hr>106</ns3:hr>
          </ns3:TrackPointExtension>
        </extensions>
      </trkpt>
      <trkpt lat="-25.4047624580562114715576171875" lon="-49.01163778267800807952880859375">
        <ele>978.20001220703125</ele>
        <time>2025-04-05T10:55:15.000Z</time>
        <extensions>
          <ns3:TrackPointExtension>
            <ns3:hr>109</ns3:hr>
          </ns3:TrackPointExtension>
        </extensions>
      </trkpt>
      <trkpt lat="-25.4047594405710697174072265625" lon="-49.01164121925830841064453125">
        <ele>978.20001220703125</ele>
        <time>2025-04-05T10:55:16.000Z</time>
        <extensions>
          <ns3:TrackPointExtension>
            <ns3:hr>112</ns3:hr>
          </ns3:TrackPointExtension>
        </extensions>
      </trkpt>
      <trkpt lat="-25.40475382469594478607177734375" lon="-49.0116507746279239654541015625">
        <ele>978</ele>
        <time>2025-04-05T10:55:18.000Z</time>
        <extensions>
          <ns3:TrackPointExtension>
            <ns3:hr>116</ns3:hr>
          </ns3:TrackPointExtension>
        </extensions>
      </trkpt>
      <trkpt lat="-25.4047188721597194671630859375" lon="-49.01169645600020885467529296875">
        <ele>976.20001220703125</ele>
        <time>2025-04-05T10:55:24.000Z</time>
        <extensions>
          <ns3:TrackPointExtension>
            <ns3:hr>116</ns3:hr>
          </ns3:TrackPointExtension>
        </extensions>
      </trkpt>
      <trkpt lat="-25.40471543557941913604736328125" lon="-49.01173015125095844268798828125">
        <ele>976</ele>
        <time>2025-04-05T10:55:28.000Z</time>
        <extensions>
          <ns3:TrackPointExtension>
            <ns3:hr>119</ns3:hr>
          </ns3:TrackPointExtension>
        </extensions>
      </trkpt>
      <trkpt lat="-25.40471744723618030548095703125" lon="-49.01174171827733516693115234375">
        <ele>976.20001220703125</ele>
        <time>2025-04-05T10:55:29.000Z</time>
        <extensions>
          <ns3:TrackPointExtension>
            <ns3:hr>119</ns3:hr>
          </ns3:TrackPointExtension>
        </extensions>
      </trkpt>
      <trkpt lat="-25.40470537729561328887939453125" lon="-49.01178337633609771728515625">
        <ele>976.4000244140625</ele>
        <time>2025-04-05T10:55:31.000Z</time>
        <extensions>
          <ns3:TrackPointExtension>
            <ns3:hr>119</ns3:hr>
          </ns3:TrackPointExtension>
        </extensions>
      </trkpt>
      <trkpt lat="-25.40465257130563259124755859375" lon="-49.01185512542724609375">
        <ele>978.20001220703125</ele>
        <time>2025-04-05T10:55:38.000Z</time>
        <extensions>
          <ns3:TrackPointExtension>
            <ns3:hr>116</ns3:hr>
          </ns3:TrackPointExtension>
        </extensions>
      </trkpt>
      <trkpt lat="-25.4046325385570526123046875" lon="-49.0118650160729885101318359375">
        <ele>979.20001220703125</ele>
        <time>2025-04-05T10:55:41.000Z</time>
        <extensions>
          <ns3:TrackPointExtension>
            <ns3:hr>115</ns3:hr>
          </ns3:TrackPointExtension>
        </extensions>
      </trkpt>
      <trkpt lat="-25.4046276770532131195068359375" lon="-49.01187096722424030303955078125">
        <ele>980</ele>
        <time>2025-04-05T10:55:44.000Z</time>
        <extensions>
          <ns3:TrackPointExtension>
            <ns3:hr>114</ns3:hr>
          </ns3:TrackPointExtension>
        </extensions>
      </trkpt>
      <trkpt lat="-25.4046384058892726898193359375" lon="-49.01187851093709468841552734375">
        <ele>980.4000244140625</ele>
        <time>2025-04-05T10:55:48.000Z</time>
        <extensions>
          <ns3:TrackPointExtension>
            <ns3:hr>114</ns3:hr>
          </ns3:TrackPointExtension>
        </extensions>
      </trkpt>
      <trkpt lat="-25.40464620105922222137451171875" lon="-49.01187348179519176483154296875">
        <ele>979.4000244140625</ele>
        <time>2025-04-05T10:55:55.000Z</time>
        <extensions>
          <ns3:TrackPointExtension>
            <ns3:hr>111</ns3:hr>
          </ns3:TrackPointExtension>
        </extensions>
      </trkpt>
      <trkpt lat="-25.40464670397341251373291015625" lon="-49.01187918148934841156005859375">
        <ele>979</ele>
        <time>2025-04-05T10:55:57.000Z</time>
        <extensions>
          <ns3:TrackPointExtension>
            <ns3:hr>112</ns3:hr>
          </ns3:TrackPointExtension>
        </extensions>
      </trkpt>
      <trkpt lat="-25.4046608693897724151611328125" lon="-49.01187918148934841156005859375">
        <ele>976.20001220703125</ele>
        <time>2025-04-05T10:56:04.000Z</time>
        <extensions>
          <ns3:TrackPointExtension>
            <ns3:hr>112</ns3:hr>
          </ns3:TrackPointExtension>
        </extensions>
      </trkpt>
      <trkpt lat="-25.40465525351464748382568359375" lon="-49.01189477182924747467041015625">
        <ele>975</ele>
        <time>2025-04-05T10:56:07.000Z</time>
        <extensions>
          <ns3:TrackPointExtension>
            <ns3:hr>109</ns3:hr>
          </ns3:TrackPointExtension>
        </extensions>
      </trkpt>
      <trkpt lat="-25.40464670397341251373291015625" lon="-49.01191480457782745361328125">
        <ele>974.4000244140625</ele>
        <time>2025-04-05T10:56:10.000Z</time>
        <extensions>
          <ns3:TrackPointExtension>
            <ns3:hr>108</ns3:hr>
          </ns3:TrackPointExtension>
        </extensions>
      </trkpt>
      <trkpt lat="-25.404595993459224700927734375" lon="-49.01197188533842563629150390625">
        <ele>973</ele>
        <time>2025-04-05T10:56:17.000Z</time>
        <extensions>
          <ns3:TrackPointExtension>
            <ns3:hr>107</ns3:hr>
          </ns3:TrackPointExtension>
        </extensions>
      </trkpt>
      <trkpt lat="-25.40452969260513782501220703125" lon="-49.01201060973107814788818359375">
        <ele>974.79998779296875</ele>
        <time>2025-04-05T10:56:25.000Z</time>
        <extensions>
          <ns3:TrackPointExtension>
            <ns3:hr>104</ns3:hr>
          </ns3:TrackPointExtension>
        </extensions>
      </trkpt>
      <trkpt lat="-25.40447789244353771209716796875" lon="-49.012031145393848419189453125">
        <ele>974.4000244140625</ele>
        <time>2025-04-05T10:56:32.000Z</time>
        <extensions>
          <ns3:TrackPointExtension>
            <ns3:hr>105</ns3:hr>
          </ns3:TrackPointExtension>
        </extensions>
      </trkpt>
      <trkpt lat="-25.40444838814437389373779296875" lon="-49.0121017210185527801513671875">
        <ele>971.79998779296875</ele>
        <time>2025-04-05T10:56:39.000Z</time>
        <extensions>
          <ns3:TrackPointExtension>
            <ns3:hr>105</ns3:hr>
          </ns3:TrackPointExtension>
        </extensions>
      </trkpt>
      <trkpt lat="-25.4044399224221706390380859375" lon="-49.01211261749267578125">
        <ele>971.5999755859375</ele>
        <time>2025-04-05T10:56:40.000Z</time>
        <extensions>
          <ns3:TrackPointExtension>
            <ns3:hr>106</ns3:hr>
          </ns3:TrackPointExtension>
        </extensions>
      </trkpt>
      <trkpt lat="-25.40437010116875171661376953125" lon="-49.0121292136609554290771484375">
        <ele>971.20001220703125</ele>
        <time>2025-04-05T10:56:45.000Z</time>
        <extensions>
          <ns3:TrackPointExtension>
            <ns3:hr>107</ns3:hr>
          </ns3:TrackPointExtension>
        </extensions>
      </trkpt>
      <trkpt lat="-25.40434814058244228363037109375" lon="-49.01213566772639751434326171875">
        <ele>971.5999755859375</ele>
        <time>2025-04-05T10:56:47.000Z</time>
        <extensions>
          <ns3:TrackPointExtension>
            <ns3:hr>107</ns3:hr>
          </ns3:TrackPointExtension>
        </extensions>
      </trkpt>
      <trkpt lat="-25.40431226603686809539794921875" lon="-49.0121969394385814666748046875">
        <ele>972.4000244140625</ele>
        <time>2025-04-05T10:56:52.000Z</time>
        <extensions>
          <ns3:TrackPointExtension>
            <ns3:hr>108</ns3:hr>
          </ns3:TrackPointExtension>
        </extensions>
      </trkpt>
      <trkpt lat="-25.4042880423367023468017578125" lon="-49.012242369353771209716796875">
        <ele>972.5999755859375</ele>
        <time>2025-04-05T10:56:55.000Z</time>
        <extensions>
          <ns3:TrackPointExtension>
            <ns3:hr>108</ns3:hr>
          </ns3:TrackPointExtension>
        </extensions>
      </trkpt>
      <trkpt lat="-25.4042585380375385284423828125" lon="-49.0123297087848186492919921875">
        <ele>973.4000244140625</ele>
        <time>2025-04-05T10:57:03.000Z</time>
        <extensions>
          <ns3:TrackPointExtension>
            <ns3:hr>107</ns3:hr>
          </ns3:TrackPointExtension>
        </extensions>
      </trkpt>
      <trkpt lat="-25.4041978530585765838623046875" lon="-49.01241302490234375">
        <ele>971.4000244140625</ele>
        <time>2025-04-05T10:57:11.000Z</time>
        <extensions>
          <ns3:TrackPointExtension>
            <ns3:hr>104</ns3:hr>
          </ns3:TrackPointExtension>
        </extensions>
      </trkpt>
      <trkpt lat="-25.40418787859380245208740234375" lon="-49.012421071529388427734375">
        <ele>970.79998779296875</ele>
        <time>2025-04-05T10:57:13.000Z</time>
        <extensions>
          <ns3:TrackPointExtension>
            <ns3:hr>107</ns3:hr>
          </ns3:TrackPointExtension>
        </extensions>
      </trkpt>
      <trkpt lat="-25.40418201126158237457275390625" lon="-49.01244454085826873779296875">
        <ele>969.20001220703125</ele>
        <time>2025-04-05T10:57:18.000Z</time>
        <extensions>
          <ns3:TrackPointExtension>
            <ns3:hr>108</ns3:hr>
          </ns3:TrackPointExtension>
        </extensions>
      </trkpt>
      <trkpt lat="-25.404175221920013427734375" lon="-49.01246574707329273223876953125">
        <ele>968.79998779296875</ele>
        <time>2025-04-05T10:57:20.000Z</time>
        <extensions>
          <ns3:TrackPointExtension>
            <ns3:hr>107</ns3:hr>
          </ns3:TrackPointExtension>
        </extensions>
      </trkpt>
      <trkpt lat="-25.40414043702185153961181640625" lon="-49.0125141106545925140380859375">
        <ele>968.4000244140625</ele>
        <time>2025-04-05T10:57:26.000Z</time>
        <extensions>
          <ns3:TrackPointExtension>
            <ns3:hr>104</ns3:hr>
          </ns3:TrackPointExtension>
        </extensions>
      </trkpt>
      <trkpt lat="-25.4041401855647563934326171875" lon="-49.01252341456711292266845703125">
        <ele>968.20001220703125</ele>
        <time>2025-04-05T10:57:27.000Z</time>
        <extensions>
          <ns3:TrackPointExtension>
            <ns3:hr>106</ns3:hr>
          </ns3:TrackPointExtension>
        </extensions>
      </trkpt>
      <trkpt lat="-25.40411830879747867584228515625" lon="-49.01256867684423923492431640625">
        <ele>966.20001220703125</ele>
        <time>2025-04-05T10:57:34.000Z</time>
        <extensions>
          <ns3:TrackPointExtension>
            <ns3:hr>106</ns3:hr>
          </ns3:TrackPointExtension>
        </extensions>
      </trkpt>
      <trkpt lat="-25.40407891385257244110107421875" lon="-49.01263288222253322601318359375">
        <ele>964.4000244140625</ele>
        <time>2025-04-05T10:57:40.000Z</time>
        <extensions>
          <ns3:TrackPointExtension>
            <ns3:hr>103</ns3:hr>
          </ns3:TrackPointExtension>
        </extensions>
      </trkpt>
      <trkpt lat="-25.40407304652035236358642578125" lon="-49.01263623498380184173583984375">
        <ele>964.4000244140625</ele>
        <time>2025-04-05T10:57:41.000Z</time>
        <extensions>
          <ns3:TrackPointExtension>
            <ns3:hr>103</ns3:hr>
          </ns3:TrackPointExtension>
        </extensions>
      </trkpt>
      <trkpt lat="-25.4040114395320415496826171875" lon="-49.01269960217177867889404296875">
        <ele>964.4000244140625</ele>
        <time>2025-04-05T10:57:50.000Z</time>
        <extensions>
          <ns3:TrackPointExtension>
            <ns3:hr>103</ns3:hr>
          </ns3:TrackPointExtension>
        </extensions>
      </trkpt>
      <trkpt lat="-25.4038947634398937225341796875" lon="-49.0127605386078357696533203125">
        <ele>965.5999755859375</ele>
        <time>2025-04-05T10:58:00.000Z</time>
        <extensions>
          <ns3:TrackPointExtension>
            <ns3:hr>101</ns3:hr>
          </ns3:TrackPointExtension>
        </extensions>
      </trkpt>
      <trkpt lat="-25.40379510261118412017822265625" lon="-49.0127940662205219268798828125">
        <ele>964</ele>
        <time>2025-04-05T10:58:08.000Z</time>
        <extensions>
          <ns3:TrackPointExtension>
            <ns3:hr>102</ns3:hr>
          </ns3:TrackPointExtension>
        </extensions>
      </trkpt>
      <trkpt lat="-25.40378353558480739593505859375" lon="-49.0127960778772830963134765625">
        <ele>963.79998779296875</ele>
        <time>2025-04-05T10:58:09.000Z</time>
        <extensions>
          <ns3:TrackPointExtension>
            <ns3:hr>103</ns3:hr>
          </ns3:TrackPointExtension>
        </extensions>
      </trkpt>
      <trkpt lat="-25.4037391953170299530029296875" lon="-49.01283538900315761566162109375">
        <ele>962.79998779296875</ele>
        <time>2025-04-05T10:58:14.000Z</time>
        <extensions>
          <ns3:TrackPointExtension>
            <ns3:hr>106</ns3:hr>
          </ns3:TrackPointExtension>
        </extensions>
      </trkpt>
      <trkpt lat="-25.40372570045292377471923828125" lon="-49.01284326799213886260986328125">
        <ele>962.79998779296875</ele>
        <time>2025-04-05T10:58:15.000Z</time>
        <extensions>
          <ns3:TrackPointExtension>
            <ns3:hr>108</ns3:hr>
          </ns3:TrackPointExtension>
        </extensions>
      </trkpt>
      <trkpt lat="-25.4036017321050167083740234375" lon="-49.01288442313671112060546875">
        <ele>961.20001220703125</ele>
        <time>2025-04-05T10:58:25.000Z</time>
        <extensions>
          <ns3:TrackPointExtension>
            <ns3:hr>107</ns3:hr>
          </ns3:TrackPointExtension>
        </extensions>
      </trkpt>
      <trkpt lat="-25.40359728969633579254150390625" lon="-49.01289573870599269866943359375">
        <ele>961.4000244140625</ele>
        <time>2025-04-05T10:58:26.000Z</time>
        <extensions>
          <ns3:TrackPointExtension>
            <ns3:hr>107</ns3:hr>
          </ns3:TrackPointExtension>
        </extensions>
      </trkpt>
      <trkpt lat="-25.403555296361446380615234375" lon="-49.01295642368495464324951171875">
        <ele>962</ele>
        <time>2025-04-05T10:58:32.000Z</time>
        <extensions>
          <ns3:TrackPointExtension>
            <ns3:hr>107</ns3:hr>
          </ns3:TrackPointExtension>
        </extensions>
      </trkpt>
      <trkpt lat="-25.40351715870201587677001953125" lon="-49.01298098266124725341796875">
        <ele>961.5999755859375</ele>
        <time>2025-04-05T10:58:37.000Z</time>
        <extensions>
          <ns3:TrackPointExtension>
            <ns3:hr>107</ns3:hr>
          </ns3:TrackPointExtension>
        </extensions>
      </trkpt>
      <trkpt lat="-25.40346644818782806396484375" lon="-49.0130331180989742279052734375">
        <ele>960.20001220703125</ele>
        <time>2025-04-05T10:58:44.000Z</time>
        <extensions>
          <ns3:TrackPointExtension>
            <ns3:hr>107</ns3:hr>
          </ns3:TrackPointExtension>
        </extensions>
      </trkpt>
      <trkpt lat="-25.40346267633140087127685546875" lon="-49.013036303222179412841796875">
        <ele>960</ele>
        <time>2025-04-05T10:58:45.000Z</time>
        <extensions>
          <ns3:TrackPointExtension>
            <ns3:hr>111</ns3:hr>
          </ns3:TrackPointExtension>
        </extensions>
      </trkpt>
      <trkpt lat="-25.40344457142055034637451171875" lon="-49.01304326020181179046630859375">
        <ele>959.79998779296875</ele>
        <time>2025-04-05T10:58:48.000Z</time>
        <extensions>
          <ns3:TrackPointExtension>
            <ns3:hr>108</ns3:hr>
          </ns3:TrackPointExtension>
        </extensions>
      </trkpt>
      <trkpt lat="-25.40341624058783054351806640625" lon="-49.0130552463233470916748046875">
        <ele>959.79998779296875</ele>
        <time>2025-04-05T10:58:51.000Z</time>
        <extensions>
          <ns3:TrackPointExtension>
            <ns3:hr>109</ns3:hr>
          </ns3:TrackPointExtension>
        </extensions>
      </trkpt>
      <trkpt lat="-25.4033599980175495147705078125" lon="-49.0131293423473834991455078125">
        <ele>959</ele>
        <time>2025-04-05T10:58:59.000Z</time>
        <extensions>
          <ns3:TrackPointExtension>
            <ns3:hr>107</ns3:hr>
          </ns3:TrackPointExtension>
        </extensions>
      </trkpt>
      <trkpt lat="-25.40331448428332805633544921875" lon="-49.01316597126424312591552734375">
        <ele>958</ele>
        <time>2025-04-05T10:59:06.000Z</time>
        <extensions>
          <ns3:TrackPointExtension>
            <ns3:hr>107</ns3:hr>
          </ns3:TrackPointExtension>
        </extensions>
      </trkpt>
      <trkpt lat="-25.4032460041344165802001953125" lon="-49.0131692402064800262451171875">
        <ele>957.4000244140625</ele>
        <time>2025-04-05T10:59:14.000Z</time>
        <extensions>
          <ns3:TrackPointExtension>
            <ns3:hr>107</ns3:hr>
          </ns3:TrackPointExtension>
        </extensions>
      </trkpt>
      <trkpt lat="-25.4031712375581264495849609375" lon="-49.01319346390664577484130859375">
        <ele>956</ele>
        <time>2025-04-05T10:59:21.000Z</time>
        <extensions>
          <ns3:TrackPointExtension>
            <ns3:hr>104</ns3:hr>
          </ns3:TrackPointExtension>
        </extensions>
      </trkpt>
      <trkpt lat="-25.4031380452215671539306640625" lon="-49.01321525685489177703857421875">
        <ele>956</ele>
        <time>2025-04-05T10:59:25.000Z</time>
        <extensions>
          <ns3:TrackPointExtension>
            <ns3:hr>108</ns3:hr>
          </ns3:TrackPointExtension>
        </extensions>
      </trkpt>
      <trkpt lat="-25.40311885066330432891845703125" lon="-49.01322464458644390106201171875">
        <ele>956</ele>
        <time>2025-04-05T10:59:27.000Z</time>
        <extensions>
          <ns3:TrackPointExtension>
            <ns3:hr>105</ns3:hr>
          </ns3:TrackPointExtension>
        </extensions>
      </trkpt>
      <trkpt lat="-25.4031011648476123809814453125" lon="-49.0132289193570613861083984375">
        <ele>956.20001220703125</ele>
        <time>2025-04-05T10:59:29.000Z</time>
        <extensions>
          <ns3:TrackPointExtension>
            <ns3:hr>107</ns3:hr>
          </ns3:TrackPointExtension>
        </extensions>
      </trkpt>
      <trkpt lat="-25.4030840657651424407958984375" lon="-49.01324660517275333404541015625">
        <ele>956</ele>
        <time>2025-04-05T10:59:32.000Z</time>
        <extensions>
          <ns3:TrackPointExtension>
            <ns3:hr>104</ns3:hr>
          </ns3:TrackPointExtension>
        </extensions>
      </trkpt>
      <trkpt lat="-25.40304592810571193695068359375" lon="-49.01329119689762592315673828125">
        <ele>955.5999755859375</ele>
        <time>2025-04-05T10:59:37.000Z</time>
        <extensions>
          <ns3:TrackPointExtension>
            <ns3:hr>104</ns3:hr>
          </ns3:TrackPointExtension>
        </extensions>
      </trkpt>
      <trkpt lat="-25.40303461253643035888671875" lon="-49.01329748332500457763671875">
        <ele>955.5999755859375</ele>
        <time>2025-04-05T10:59:38.000Z</time>
        <extensions>
          <ns3:TrackPointExtension>
            <ns3:hr>105</ns3:hr>
          </ns3:TrackPointExtension>
        </extensions>
      </trkpt>
      <trkpt lat="-25.402986668050289154052734375" lon="-49.01332053355872631072998046875">
        <ele>955.79998779296875</ele>
        <time>2025-04-05T10:59:43.000Z</time>
        <extensions>
          <ns3:TrackPointExtension>
            <ns3:hr>106</ns3:hr>
          </ns3:TrackPointExtension>
        </extensions>
      </trkpt>
      <trkpt lat="-25.4029566608369350433349609375" lon="-49.01334534399211406707763671875">
        <ele>955</ele>
        <time>2025-04-05T10:59:49.000Z</time>
        <extensions>
          <ns3:TrackPointExtension>
            <ns3:hr>106</ns3:hr>
          </ns3:TrackPointExtension>
        </extensions>
      </trkpt>
      <trkpt lat="-25.4029093869030475616455078125" lon="-49.01339798234403133392333984375">
        <ele>951.79998779296875</ele>
        <time>2025-04-05T10:59:55.000Z</time>
        <extensions>
          <ns3:TrackPointExtension>
            <ns3:hr>108</ns3:hr>
          </ns3:TrackPointExtension>
        </extensions>
      </trkpt>
      <trkpt lat="-25.40288248099386692047119140625" lon="-49.0134180150926113128662109375">
        <ele>950.79998779296875</ele>
        <time>2025-04-05T10:59:58.000Z</time>
        <extensions>
          <ns3:TrackPointExtension>
            <ns3:hr>108</ns3:hr>
          </ns3:TrackPointExtension>
        </extensions>
      </trkpt>
      <trkpt lat="-25.40284149348735809326171875" lon="-49.013409130275249481201171875">
        <ele>949.5999755859375</ele>
        <time>2025-04-05T11:00:01.000Z</time>
        <extensions>
          <ns3:TrackPointExtension>
            <ns3:hr>107</ns3:hr>
          </ns3:TrackPointExtension>
        </extensions>
      </trkpt>
      <trkpt lat="-25.4028262384235858917236328125" lon="-49.01338540948927402496337890625">
        <ele>948.20001220703125</ele>
        <time>2025-04-05T11:00:03.000Z</time>
        <extensions>
          <ns3:TrackPointExtension>
            <ns3:hr>107</ns3:hr>
          </ns3:TrackPointExtension>
        </extensions>
      </trkpt>
      <trkpt lat="-25.40280285291373729705810546875" lon="-49.013304524123668670654296875">
        <ele>945.5999755859375</ele>
        <time>2025-04-05T11:00:08.000Z</time>
        <extensions>
          <ns3:TrackPointExtension>
            <ns3:hr>107</ns3:hr>
          </ns3:TrackPointExtension>
        </extensions>
      </trkpt>
      <trkpt lat="-25.40277854539453983306884765625" lon="-49.01322104036808013916015625">
        <ele>944.4000244140625</ele>
        <time>2025-04-05T11:00:14.000Z</time>
        <extensions>
          <ns3:TrackPointExtension>
            <ns3:hr>106</ns3:hr>
          </ns3:TrackPointExtension>
        </extensions>
      </trkpt>
      <trkpt lat="-25.40272406302392482757568359375" lon="-49.013165049254894256591796875">
        <ele>942</ele>
        <time>2025-04-05T11:00:22.000Z</time>
        <extensions>
          <ns3:TrackPointExtension>
            <ns3:hr>107</ns3:hr>
          </ns3:TrackPointExtension>
        </extensions>
      </trkpt>
      <trkpt lat="-25.402647368609905242919921875" lon="-49.01311467401683330535888671875">
        <ele>940.79998779296875</ele>
        <time>2025-04-05T11:00:29.000Z</time>
        <extensions>
          <ns3:TrackPointExtension>
            <ns3:hr>105</ns3:hr>
          </ns3:TrackPointExtension>
        </extensions>
      </trkpt>
      <trkpt lat="-25.40264594368636608123779296875" lon="-49.01310964487493038177490234375">
        <ele>941.79998779296875</ele>
        <time>2025-04-05T11:00:35.000Z</time>
        <extensions>
          <ns3:TrackPointExtension>
            <ns3:hr>104</ns3:hr>
          </ns3:TrackPointExtension>
        </extensions>
      </trkpt>
      <trkpt lat="-25.4026101529598236083984375" lon="-49.01308022439479827880859375">
        <ele>941.20001220703125</ele>
        <time>2025-04-05T11:00:43.000Z</time>
        <extensions>
          <ns3:TrackPointExtension>
            <ns3:hr>106</ns3:hr>
          </ns3:TrackPointExtension>
        </extensions>
      </trkpt>
      <trkpt lat="-25.40255315601825714111328125" lon="-49.01301182806491851806640625">
        <ele>941.4000244140625</ele>
        <time>2025-04-05T11:00:51.000Z</time>
        <extensions>
          <ns3:TrackPointExtension>
            <ns3:hr>109</ns3:hr>
          </ns3:TrackPointExtension>
        </extensions>
      </trkpt>
      <trkpt lat="-25.40248853154480457305908203125" lon="-49.01295508258044719696044921875">
        <ele>941.4000244140625</ele>
        <time>2025-04-05T11:00:58.000Z</time>
        <extensions>
          <ns3:TrackPointExtension>
            <ns3:hr>107</ns3:hr>
          </ns3:TrackPointExtension>
        </extensions>
      </trkpt>
      <trkpt lat="-25.40245383046567440032958984375" lon="-49.01290713809430599212646484375">
        <ele>942.20001220703125</ele>
        <time>2025-04-05T11:01:02.000Z</time>
        <extensions>
          <ns3:TrackPointExtension>
            <ns3:hr>111</ns3:hr>
          </ns3:TrackPointExtension>
        </extensions>
      </trkpt>
      <trkpt lat="-25.402446202933788299560546875" lon="-49.01289942674338817596435546875">
        <ele>942.4000244140625</ele>
        <time>2025-04-05T11:01:03.000Z</time>
        <extensions>
          <ns3:TrackPointExtension>
            <ns3:hr>107</ns3:hr>
          </ns3:TrackPointExtension>
        </extensions>
      </trkpt>
      <trkpt lat="-25.402407310903072357177734375" lon="-49.012876711785793304443359375">
        <ele>943.4000244140625</ele>
        <time>2025-04-05T11:01:06.000Z</time>
        <extensions>
          <ns3:TrackPointExtension>
            <ns3:hr>106</ns3:hr>
          </ns3:TrackPointExtension>
        </extensions>
      </trkpt>
      <trkpt lat="-25.4023821651935577392578125" lon="-49.0128515660762786865234375">
        <ele>943.79998779296875</ele>
        <time>2025-04-05T11:01:09.000Z</time>
        <extensions>
          <ns3:TrackPointExtension>
            <ns3:hr>106</ns3:hr>
          </ns3:TrackPointExtension>
        </extensions>
      </trkpt>
      <trkpt lat="-25.40228786878287792205810546875" lon="-49.0127816610038280487060546875">
        <ele>945.20001220703125</ele>
        <time>2025-04-05T11:01:18.000Z</time>
        <extensions>
          <ns3:TrackPointExtension>
            <ns3:hr>107</ns3:hr>
          </ns3:TrackPointExtension>
        </extensions>
      </trkpt>
      <trkpt lat="-25.40223623625934123992919921875" lon="-49.0127682499587535858154296875">
        <ele>945.4000244140625</ele>
        <time>2025-04-05T11:01:23.000Z</time>
        <extensions>
          <ns3:TrackPointExtension>
            <ns3:hr>107</ns3:hr>
          </ns3:TrackPointExtension>
        </extensions>
      </trkpt>
      <trkpt lat="-25.40221092291176319122314453125" lon="-49.01277244091033935546875">
        <ele>945</ele>
        <time>2025-04-05T11:01:25.000Z</time>
        <extensions>
          <ns3:TrackPointExtension>
            <ns3:hr>105</ns3:hr>
          </ns3:TrackPointExtension>
        </extensions>
      </trkpt>
      <trkpt lat="-25.402137748897075653076171875" lon="-49.0127823315560817718505859375">
        <ele>944.20001220703125</ele>
        <time>2025-04-05T11:01:32.000Z</time>
        <extensions>
          <ns3:TrackPointExtension>
            <ns3:hr>104</ns3:hr>
          </ns3:TrackPointExtension>
        </extensions>
      </trkpt>
      <trkpt lat="-25.4021077416837215423583984375" lon="-49.01278744451701641082763671875">
        <ele>944</ele>
        <time>2025-04-05T11:01:36.000Z</time>
        <extensions>
          <ns3:TrackPointExtension>
            <ns3:hr>104</ns3:hr>
          </ns3:TrackPointExtension>
        </extensions>
      </trkpt>
      <trkpt lat="-25.402098856866359710693359375" lon="-49.0128269232809543609619140625">
        <ele>943.5999755859375</ele>
        <time>2025-04-05T11:01:39.000Z</time>
        <extensions>
          <ns3:TrackPointExtension>
            <ns3:hr>104</ns3:hr>
          </ns3:TrackPointExtension>
        </extensions>
      </trkpt>
      <trkpt lat="-25.40207329206168651580810546875" lon="-49.0128721855580806732177734375">
        <ele>940.79998779296875</ele>
        <time>2025-04-05T11:01:45.000Z</time>
        <extensions>
          <ns3:TrackPointExtension>
            <ns3:hr>103</ns3:hr>
          </ns3:TrackPointExtension>
        </extensions>
      </trkpt>
      <trkpt lat="-25.40207413025200366973876953125" lon="-49.01291032321751117706298828125">
        <ele>938.5999755859375</ele>
        <time>2025-04-05T11:01:49.000Z</time>
        <extensions>
          <ns3:TrackPointExtension>
            <ns3:hr>103</ns3:hr>
          </ns3:TrackPointExtension>
        </extensions>
      </trkpt>
      <trkpt lat="-25.40206608362495899200439453125" lon="-49.01292624883353710174560546875">
        <ele>938.20001220703125</ele>
        <time>2025-04-05T11:01:51.000Z</time>
        <extensions>
          <ns3:TrackPointExtension>
            <ns3:hr>103</ns3:hr>
          </ns3:TrackPointExtension>
        </extensions>
      </trkpt>
      <trkpt lat="-25.40204194374382495880126953125" lon="-49.01297419331967830657958984375">
        <ele>938.20001220703125</ele>
        <time>2025-04-05T11:02:00.000Z</time>
        <extensions>
          <ns3:TrackPointExtension>
            <ns3:hr>103</ns3:hr>
          </ns3:TrackPointExtension>
        </extensions>
      </trkpt>
      <trkpt lat="-25.40203557349741458892822265625" lon="-49.0129875205457210540771484375">
        <ele>938.5999755859375</ele>
        <time>2025-04-05T11:02:07.000Z</time>
        <extensions>
          <ns3:TrackPointExtension>
            <ns3:hr>103</ns3:hr>
          </ns3:TrackPointExtension>
        </extensions>
      </trkpt>
      <trkpt lat="-25.40203724987804889678955078125" lon="-49.01298760436475276947021484375">
        <ele>938.5999755859375</ele>
        <time>2025-04-05T11:02:09.000Z</time>
        <extensions>
          <ns3:TrackPointExtension>
            <ns3:hr>107</ns3:hr>
          </ns3:TrackPointExtension>
        </extensions>
      </trkpt>
      <trkpt lat="-25.40204026736319065093994140625" lon="-49.01297788135707378387451171875">
        <ele>938.4000244140625</ele>
        <time>2025-04-05T11:02:14.000Z</time>
        <extensions>
          <ns3:TrackPointExtension>
            <ns3:hr>108</ns3:hr>
          </ns3:TrackPointExtension>
        </extensions>
      </trkpt>
      <trkpt lat="-25.40204127319157123565673828125" lon="-49.01297637261450290679931640625">
        <ele>938.4000244140625</ele>
        <time>2025-04-05T11:02:17.000Z</time>
        <extensions>
          <ns3:TrackPointExtension>
            <ns3:hr>111</ns3:hr>
          </ns3:TrackPointExtension>
        </extensions>
      </trkpt>
      <trkpt lat="-25.40204127319157123565673828125" lon="-49.01297637261450290679931640625">
        <ele>938.5999755859375</ele>
        <time>2025-04-05T11:02:24.000Z</time>
        <extensions>
          <ns3:TrackPointExtension>
            <ns3:hr>114</ns3:hr>
          </ns3:TrackPointExtension>
        </extensions>
      </trkpt>
      <trkpt lat="-25.40204127319157123565673828125" lon="-49.01297637261450290679931640625">
        <ele>938.5999755859375</ele>
        <time>2025-04-05T11:02:25.000Z</time>
        <extensions>
          <ns3:TrackPointExtension>
            <ns3:hr>112</ns3:hr>
          </ns3:TrackPointExtension>
        </extensions>
      </trkpt>
      <trkpt lat="-25.40199802257120609283447265625" lon="-49.01299146004021167755126953125">
        <ele>938.79998779296875</ele>
        <time>2025-04-05T11:02:35.000Z</time>
        <extensions>
          <ns3:TrackPointExtension>
            <ns3:hr>112</ns3:hr>
          </ns3:TrackPointExtension>
        </extensions>
      </trkpt>
      <trkpt lat="-25.4019390977919101715087890625" lon="-49.0130331180989742279052734375">
        <ele>940.5999755859375</ele>
        <time>2025-04-05T11:02:42.000Z</time>
        <extensions>
          <ns3:TrackPointExtension>
            <ns3:hr>110</ns3:hr>
          </ns3:TrackPointExtension>
        </extensions>
      </trkpt>
      <trkpt lat="-25.40192392654716968536376953125" lon="-49.01305206120014190673828125">
        <ele>940.5999755859375</ele>
        <time>2025-04-05T11:02:44.000Z</time>
        <extensions>
          <ns3:TrackPointExtension>
            <ns3:hr>109</ns3:hr>
          </ns3:TrackPointExtension>
        </extensions>
      </trkpt>
      <trkpt lat="-25.40191554464399814605712890625" lon="-49.01307159103453159332275390625">
        <ele>938</ele>
        <time>2025-04-05T11:02:50.000Z</time>
        <extensions>
          <ns3:TrackPointExtension>
            <ns3:hr>107</ns3:hr>
          </ns3:TrackPointExtension>
        </extensions>
      </trkpt>
      <trkpt lat="-25.40191168896853923797607421875" lon="-49.0130783803761005401611328125">
        <ele>935.79998779296875</ele>
        <time>2025-04-05T11:02:55.000Z</time>
        <extensions>
          <ns3:TrackPointExtension>
            <ns3:hr>106</ns3:hr>
          </ns3:TrackPointExtension>
        </extensions>
      </trkpt>
      <trkpt lat="-25.40191403590142726898193359375" lon="-49.01308131404221057891845703125">
        <ele>932.79998779296875</ele>
        <time>2025-04-05T11:03:05.000Z</time>
        <extensions>
          <ns3:TrackPointExtension>
            <ns3:hr>104</ns3:hr>
          </ns3:TrackPointExtension>
        </extensions>
      </trkpt>
      <trkpt lat="-25.40190347470343112945556640625" lon="-49.0130797214806079864501953125">
        <ele>931.5999755859375</ele>
        <time>2025-04-05T11:03:31.000Z</time>
        <extensions>
          <ns3:TrackPointExtension>
            <ns3:hr>101</ns3:hr>
          </ns3:TrackPointExtension>
        </extensions>
      </trkpt>
      <trkpt lat="-25.40184983052313327789306640625" lon="-49.013097994029521942138671875">
        <ele>931.5999755859375</ele>
        <time>2025-04-05T11:03:42.000Z</time>
        <extensions>
          <ns3:TrackPointExtension>
            <ns3:hr>103</ns3:hr>
          </ns3:TrackPointExtension>
        </extensions>
      </trkpt>
      <trkpt lat="-25.4017912410199642181396484375" lon="-49.01313118636608123779296875">
        <ele>933.79998779296875</ele>
        <time>2025-04-05T11:03:48.000Z</time>
        <extensions>
          <ns3:TrackPointExtension>
            <ns3:hr>100</ns3:hr>
          </ns3:TrackPointExtension>
        </extensions>
      </trkpt>
      <trkpt lat="-25.401783026754856109619140625" lon="-49.0131373889744281768798828125">
        <ele>934.20001220703125</ele>
        <time>2025-04-05T11:03:49.000Z</time>
        <extensions>
          <ns3:TrackPointExtension>
            <ns3:hr>100</ns3:hr>
          </ns3:TrackPointExtension>
        </extensions>
      </trkpt>
      <trkpt lat="-25.4017654247581958770751953125" lon="-49.0131417475640773773193359375">
        <ele>934.79998779296875</ele>
        <time>2025-04-05T11:03:51.000Z</time>
        <extensions>
          <ns3:TrackPointExtension>
            <ns3:hr>103</ns3:hr>
          </ns3:TrackPointExtension>
        </extensions>
      </trkpt>
      <trkpt lat="-25.40174941532313823699951171875" lon="-49.013157673180103302001953125">
        <ele>935.20001220703125</ele>
        <time>2025-04-05T11:03:54.000Z</time>
        <extensions>
          <ns3:TrackPointExtension>
            <ns3:hr>100</ns3:hr>
          </ns3:TrackPointExtension>
        </extensions>
      </trkpt>
      <trkpt lat="-25.40173868648707866668701171875" lon="-49.013167060911655426025390625">
        <ele>935</ele>
        <time>2025-04-05T11:03:56.000Z</time>
        <extensions>
          <ns3:TrackPointExtension>
            <ns3:hr>103</ns3:hr>
          </ns3:TrackPointExtension>
        </extensions>
      </trkpt>
      <trkpt lat="-25.4017171449959278106689453125" lon="-49.013201929628849029541015625">
        <ele>934</ele>
        <time>2025-04-05T11:03:59.000Z</time>
        <extensions>
          <ns3:TrackPointExtension>
            <ns3:hr>104</ns3:hr>
          </ns3:TrackPointExtension>
        </extensions>
      </trkpt>
      <trkpt lat="-25.40170398540794849395751953125" lon="-49.01321860961616039276123046875">
        <ele>933.5999755859375</ele>
        <time>2025-04-05T11:04:01.000Z</time>
        <extensions>
          <ns3:TrackPointExtension>
            <ns3:hr>105</ns3:hr>
          </ns3:TrackPointExtension>
        </extensions>
      </trkpt>
      <trkpt lat="-25.40169426240026950836181640625" lon="-49.0132259018719196319580078125">
        <ele>933.79998779296875</ele>
        <time>2025-04-05T11:04:03.000Z</time>
        <extensions>
          <ns3:TrackPointExtension>
            <ns3:hr>108</ns3:hr>
          </ns3:TrackPointExtension>
        </extensions>
      </trkpt>
      <trkpt lat="-25.40168277919292449951171875" lon="-49.0132426656782627105712890625">
        <ele>934.4000244140625</ele>
        <time>2025-04-05T11:04:05.000Z</time>
        <extensions>
          <ns3:TrackPointExtension>
            <ns3:hr>105</ns3:hr>
          </ns3:TrackPointExtension>
        </extensions>
      </trkpt>
      <trkpt lat="-25.4016735590994358062744140625" lon="-49.0132597647607326507568359375">
        <ele>934.79998779296875</ele>
        <time>2025-04-05T11:04:07.000Z</time>
        <extensions>
          <ns3:TrackPointExtension>
            <ns3:hr>104</ns3:hr>
          </ns3:TrackPointExtension>
        </extensions>
      </trkpt>
      <trkpt lat="-25.4016738943755626678466796875" lon="-49.0133026801049709320068359375">
        <ele>936.5999755859375</ele>
        <time>2025-04-05T11:04:13.000Z</time>
        <extensions>
          <ns3:TrackPointExtension>
            <ns3:hr>102</ns3:hr>
          </ns3:TrackPointExtension>
        </extensions>
      </trkpt>
      <trkpt lat="-25.40165956132113933563232421875" lon="-49.0134434960782527923583984375">
        <ele>939</ele>
        <time>2025-04-05T11:04:22.000Z</time>
        <extensions>
          <ns3:TrackPointExtension>
            <ns3:hr>101</ns3:hr>
          </ns3:TrackPointExtension>
        </extensions>
      </trkpt>
      <trkpt lat="-25.4016413725912570953369140625" lon="-49.0134867466986179351806640625">
        <ele>941</ele>
        <time>2025-04-05T11:04:28.000Z</time>
        <extensions>
          <ns3:TrackPointExtension>
            <ns3:hr>103</ns3:hr>
          </ns3:TrackPointExtension>
        </extensions>
      </trkpt>
      <trkpt lat="-25.40160876698791980743408203125" lon="-49.01354600675404071807861328125">
        <ele>942.5999755859375</ele>
        <time>2025-04-05T11:04:34.000Z</time>
        <extensions>
          <ns3:TrackPointExtension>
            <ns3:hr>105</ns3:hr>
          </ns3:TrackPointExtension>
        </extensions>
      </trkpt>
      <trkpt lat="-25.4015962779521942138671875" lon="-49.01355153881013393402099609375">
        <ele>942.5999755859375</ele>
        <time>2025-04-05T11:04:35.000Z</time>
        <extensions>
          <ns3:TrackPointExtension>
            <ns3:hr>104</ns3:hr>
          </ns3:TrackPointExtension>
        </extensions>
      </trkpt>
      <trkpt lat="-25.40157641284167766571044921875" lon="-49.01356126181781291961669921875">
        <ele>942.79998779296875</ele>
        <time>2025-04-05T11:04:36.000Z</time>
        <extensions>
          <ns3:TrackPointExtension>
            <ns3:hr>106</ns3:hr>
          </ns3:TrackPointExtension>
        </extensions>
      </trkpt>
      <trkpt lat="-25.40157104842364788055419921875" lon="-49.01357266120612621307373046875">
        <ele>942.79998779296875</ele>
        <time>2025-04-05T11:04:38.000Z</time>
        <extensions>
          <ns3:TrackPointExtension>
            <ns3:hr>102</ns3:hr>
          </ns3:TrackPointExtension>
        </extensions>
      </trkpt>
      <trkpt lat="-25.40155780501663684844970703125" lon="-49.01359118521213531494140625">
        <ele>942.79998779296875</ele>
        <time>2025-04-05T11:04:42.000Z</time>
        <extensions>
          <ns3:TrackPointExtension>
            <ns3:hr>103</ns3:hr>
          </ns3:TrackPointExtension>
        </extensions>
      </trkpt>
      <trkpt lat="-25.4015139676630496978759765625" lon="-49.01364223100244998931884765625">
        <ele>941.4000244140625</ele>
        <time>2025-04-05T11:04:49.000Z</time>
        <extensions>
          <ns3:TrackPointExtension>
            <ns3:hr>104</ns3:hr>
          </ns3:TrackPointExtension>
        </extensions>
      </trkpt>
      <trkpt lat="-25.40147901512682437896728515625" lon="-49.013703167438507080078125">
        <ele>940.20001220703125</ele>
        <time>2025-04-05T11:04:57.000Z</time>
        <extensions>
          <ns3:TrackPointExtension>
            <ns3:hr>103</ns3:hr>
          </ns3:TrackPointExtension>
        </extensions>
      </trkpt>
      <trkpt lat="-25.40145856328308582305908203125" lon="-49.0137506090104579925537109375">
        <ele>939.79998779296875</ele>
        <time>2025-04-05T11:05:05.000Z</time>
        <extensions>
          <ns3:TrackPointExtension>
            <ns3:hr>103</ns3:hr>
          </ns3:TrackPointExtension>
        </extensions>
      </trkpt>
      <trkpt lat="-25.4014385305345058441162109375" lon="-49.0137449093163013458251953125">
        <ele>939.79998779296875</ele>
        <time>2025-04-05T11:05:09.000Z</time>
        <extensions>
          <ns3:TrackPointExtension>
            <ns3:hr>98</ns3:hr>
          </ns3:TrackPointExtension>
        </extensions>
      </trkpt>
      <trkpt lat="-25.40143945254385471343994140625" lon="-49.01374449022114276885986328125">
        <ele>940</ele>
        <time>2025-04-05T11:05:11.000Z</time>
        <extensions>
          <ns3:TrackPointExtension>
            <ns3:hr>102</ns3:hr>
          </ns3:TrackPointExtension>
        </extensions>
      </trkpt>
      <trkpt lat="-25.4014365188777446746826171875" lon="-49.01373275555670261383056640625">
        <ele>941</ele>
        <time>2025-04-05T11:05:16.000Z</time>
        <extensions>
          <ns3:TrackPointExtension>
            <ns3:hr>102</ns3:hr>
          </ns3:TrackPointExtension>
        </extensions>
      </trkpt>
      <trkpt lat="-25.40143408812582492828369140625" lon="-49.01373468339443206787109375">
        <ele>943.5999755859375</ele>
        <time>2025-04-05T11:05:22.000Z</time>
        <extensions>
          <ns3:TrackPointExtension>
            <ns3:hr>99</ns3:hr>
          </ns3:TrackPointExtension>
        </extensions>
      </trkpt>
      <trkpt lat="-25.40143408812582492828369140625" lon="-49.01373468339443206787109375">
        <ele>944</ele>
        <time>2025-04-05T11:05:25.000Z</time>
        <extensions>
          <ns3:TrackPointExtension>
            <ns3:hr>102</ns3:hr>
          </ns3:TrackPointExtension>
        </extensions>
      </trkpt>
      <trkpt lat="-25.401439033448696136474609375" lon="-49.01373468339443206787109375">
        <ele>944.20001220703125</ele>
        <time>2025-04-05T11:05:34.000Z</time>
        <extensions>
          <ns3:TrackPointExtension>
            <ns3:hr>105</ns3:hr>
          </ns3:TrackPointExtension>
        </extensions>
      </trkpt>
      <trkpt lat="-25.401439033448696136474609375" lon="-49.01373468339443206787109375">
        <ele>944.20001220703125</ele>
        <time>2025-04-05T11:05:35.000Z</time>
        <extensions>
          <ns3:TrackPointExtension>
            <ns3:hr>101</ns3:hr>
          </ns3:TrackPointExtension>
        </extensions>
      </trkpt>
      <trkpt lat="-25.401439033448696136474609375" lon="-49.013733677566051483154296875">
        <ele>944.4000244140625</ele>
        <time>2025-04-05T11:05:38.000Z</time>
        <extensions>
          <ns3:TrackPointExtension>
            <ns3:hr>102</ns3:hr>
          </ns3:TrackPointExtension>
        </extensions>
      </trkpt>
      <trkpt lat="-25.4013785161077976226806640625" lon="-49.01370157487690448760986328125">
        <ele>944.79998779296875</ele>
        <time>2025-04-05T11:05:46.000Z</time>
        <extensions>
          <ns3:TrackPointExtension>
            <ns3:hr>103</ns3:hr>
          </ns3:TrackPointExtension>
        </extensions>
      </trkpt>
      <trkpt lat="-25.4013060964643955230712890625" lon="-49.01365480385720729827880859375">
        <ele>945.79998779296875</ele>
        <time>2025-04-05T11:05:51.000Z</time>
        <extensions>
          <ns3:TrackPointExtension>
            <ns3:hr>103</ns3:hr>
          </ns3:TrackPointExtension>
        </extensions>
      </trkpt>
      <trkpt lat="-25.40124080143868923187255859375" lon="-49.0136396326124668121337890625">
        <ele>949.20001220703125</ele>
        <time>2025-04-05T11:05:58.000Z</time>
        <extensions>
          <ns3:TrackPointExtension>
            <ns3:hr>103</ns3:hr>
          </ns3:TrackPointExtension>
        </extensions>
      </trkpt>
      <trkpt lat="-25.4012145660817623138427734375" lon="-49.01363552547991275787353515625">
        <ele>950.20001220703125</ele>
        <time>2025-04-05T11:06:00.000Z</time>
        <extensions>
          <ns3:TrackPointExtension>
            <ns3:hr>106</ns3:hr>
          </ns3:TrackPointExtension>
        </extensions>
      </trkpt>
      <trkpt lat="-25.40114767849445343017578125" lon="-49.01360568590462207794189453125">
        <ele>952.20001220703125</ele>
        <time>2025-04-05T11:06:05.000Z</time>
        <extensions>
          <ns3:TrackPointExtension>
            <ns3:hr>103</ns3:hr>
          </ns3:TrackPointExtension>
        </extensions>
      </trkpt>
      <trkpt lat="-25.401121862232685089111328125" lon="-49.01357467286288738250732421875">
        <ele>955.4000244140625</ele>
        <time>2025-04-05T11:06:10.000Z</time>
        <extensions>
          <ns3:TrackPointExtension>
            <ns3:hr>106</ns3:hr>
          </ns3:TrackPointExtension>
        </extensions>
      </trkpt>
      <trkpt lat="-25.401107780635356903076171875" lon="-49.0135638602077960968017578125">
        <ele>956.5999755859375</ele>
        <time>2025-04-05T11:06:13.000Z</time>
        <extensions>
          <ns3:TrackPointExtension>
            <ns3:hr>104</ns3:hr>
          </ns3:TrackPointExtension>
        </extensions>
      </trkpt>
      <trkpt lat="-25.40109981782734394073486328125" lon="-49.013561345636844635009765625">
        <ele>957</ele>
        <time>2025-04-05T11:06:14.000Z</time>
        <extensions>
          <ns3:TrackPointExtension>
            <ns3:hr>101</ns3:hr>
          </ns3:TrackPointExtension>
        </extensions>
      </trkpt>
      <trkpt lat="-25.40108942426741123199462890625" lon="-49.01355841197073459625244140625">
        <ele>957.20001220703125</ele>
        <time>2025-04-05T11:06:15.000Z</time>
        <extensions>
          <ns3:TrackPointExtension>
            <ns3:hr>105</ns3:hr>
          </ns3:TrackPointExtension>
        </extensions>
      </trkpt>
      <trkpt lat="-25.40098263882100582122802734375" lon="-49.0135340206325054168701171875">
        <ele>958</ele>
        <time>2025-04-05T11:06:22.000Z</time>
        <extensions>
          <ns3:TrackPointExtension>
            <ns3:hr>104</ns3:hr>
          </ns3:TrackPointExtension>
        </extensions>
      </trkpt>
      <trkpt lat="-25.4009104706346988677978515625" lon="-49.0135226212441921234130859375">
        <ele>962.79998779296875</ele>
        <time>2025-04-05T11:06:30.000Z</time>
        <extensions>
          <ns3:TrackPointExtension>
            <ns3:hr>104</ns3:hr>
          </ns3:TrackPointExtension>
        </extensions>
      </trkpt>
      <trkpt lat="-25.40085288695991039276123046875" lon="-49.01353678666055202484130859375">
        <ele>963.5999755859375</ele>
        <time>2025-04-05T11:06:37.000Z</time>
        <extensions>
          <ns3:TrackPointExtension>
            <ns3:hr>103</ns3:hr>
          </ns3:TrackPointExtension>
        </extensions>
      </trkpt>
      <trkpt lat="-25.4008414037525653839111328125" lon="-49.0135410614311695098876953125">
        <ele>963.20001220703125</ele>
        <time>2025-04-05T11:06:43.000Z</time>
        <extensions>
          <ns3:TrackPointExtension>
            <ns3:hr>103</ns3:hr>
          </ns3:TrackPointExtension>
        </extensions>
      </trkpt>
      <trkpt lat="-25.40081064216792583465576171875" lon="-49.01357132010161876678466796875">
        <ele>961.5999755859375</ele>
        <time>2025-04-05T11:06:49.000Z</time>
        <extensions>
          <ns3:TrackPointExtension>
            <ns3:hr>102</ns3:hr>
          </ns3:TrackPointExtension>
        </extensions>
      </trkpt>
      <trkpt lat="-25.40075498633086681365966796875" lon="-49.01357802562415599822998046875">
        <ele>960</ele>
        <time>2025-04-05T11:06:56.000Z</time>
        <extensions>
          <ns3:TrackPointExtension>
            <ns3:hr>103</ns3:hr>
          </ns3:TrackPointExtension>
        </extensions>
      </trkpt>
      <trkpt lat="-25.40072632022202014923095703125" lon="-49.01360183022916316986083984375">
        <ele>958.4000244140625</ele>
        <time>2025-04-05T11:07:02.000Z</time>
        <extensions>
          <ns3:TrackPointExtension>
            <ns3:hr>104</ns3:hr>
          </ns3:TrackPointExtension>
        </extensions>
      </trkpt>
      <trkpt lat="-25.40060746483504772186279296875" lon="-49.0136154927313327789306640625">
        <ele>957.4000244140625</ele>
        <time>2025-04-05T11:07:10.000Z</time>
        <extensions>
          <ns3:TrackPointExtension>
            <ns3:hr>106</ns3:hr>
          </ns3:TrackPointExtension>
        </extensions>
      </trkpt>
      <trkpt lat="-25.400544516742229461669921875" lon="-49.0136352740228176116943359375">
        <ele>958.79998779296875</ele>
        <time>2025-04-05T11:07:17.000Z</time>
        <extensions>
          <ns3:TrackPointExtension>
            <ns3:hr>106</ns3:hr>
          </ns3:TrackPointExtension>
        </extensions>
      </trkpt>
      <trkpt lat="-25.40049187839031219482421875" lon="-49.0137036703526973724365234375">
        <ele>960.20001220703125</ele>
        <time>2025-04-05T11:07:25.000Z</time>
        <extensions>
          <ns3:TrackPointExtension>
            <ns3:hr>107</ns3:hr>
          </ns3:TrackPointExtension>
        </extensions>
      </trkpt>
      <trkpt lat="-25.4004514776170253753662109375" lon="-49.01373376138508319854736328125">
        <ele>961.4000244140625</ele>
        <time>2025-04-05T11:07:30.000Z</time>
        <extensions>
          <ns3:TrackPointExtension>
            <ns3:hr>104</ns3:hr>
          </ns3:TrackPointExtension>
        </extensions>
      </trkpt>
      <trkpt lat="-25.40044183842837810516357421875" lon="-49.01373476721346378326416015625">
        <ele>961.5999755859375</ele>
        <time>2025-04-05T11:07:31.000Z</time>
        <extensions>
          <ns3:TrackPointExtension>
            <ns3:hr>103</ns3:hr>
          </ns3:TrackPointExtension>
        </extensions>
      </trkpt>
      <trkpt lat="-25.400429852306842803955078125" lon="-49.01373929344117641448974609375">
        <ele>961.4000244140625</ele>
        <time>2025-04-05T11:07:33.000Z</time>
        <extensions>
          <ns3:TrackPointExtension>
            <ns3:hr>103</ns3:hr>
          </ns3:TrackPointExtension>
        </extensions>
      </trkpt>
      <trkpt lat="-25.40040738880634307861328125" lon="-49.01376150548458099365234375">
        <ele>960.79998779296875</ele>
        <time>2025-04-05T11:07:36.000Z</time>
        <extensions>
          <ns3:TrackPointExtension>
            <ns3:hr>104</ns3:hr>
          </ns3:TrackPointExtension>
        </extensions>
      </trkpt>
      <trkpt lat="-25.400382243096828460693359375" lon="-49.01379478164017200469970703125">
        <ele>960.20001220703125</ele>
        <time>2025-04-05T11:07:39.000Z</time>
        <extensions>
          <ns3:TrackPointExtension>
            <ns3:hr>104</ns3:hr>
          </ns3:TrackPointExtension>
        </extensions>
      </trkpt>
      <trkpt lat="-25.4003584384918212890625" lon="-49.01382328011095523834228515625">
        <ele>959</ele>
        <time>2025-04-05T11:07:42.000Z</time>
        <extensions>
          <ns3:TrackPointExtension>
            <ns3:hr>108</ns3:hr>
          </ns3:TrackPointExtension>
        </extensions>
      </trkpt>
      <trkpt lat="-25.40032030083239078521728515625" lon="-49.0138547122478485107421875">
        <ele>957.79998779296875</ele>
        <time>2025-04-05T11:07:46.000Z</time>
        <extensions>
          <ns3:TrackPointExtension>
            <ns3:hr>110</ns3:hr>
          </ns3:TrackPointExtension>
        </extensions>
      </trkpt>
      <trkpt lat="-25.400315187871456146240234375" lon="-49.0138589031994342803955078125">
        <ele>957.5999755859375</ele>
        <time>2025-04-05T11:07:47.000Z</time>
        <extensions>
          <ns3:TrackPointExtension>
            <ns3:hr>107</ns3:hr>
          </ns3:TrackPointExtension>
        </extensions>
      </trkpt>
      <trkpt lat="-25.4003002680838108062744140625" lon="-49.01387005113065242767333984375">
        <ele>957.20001220703125</ele>
        <time>2025-04-05T11:07:49.000Z</time>
        <extensions>
          <ns3:TrackPointExtension>
            <ns3:hr>104</ns3:hr>
          </ns3:TrackPointExtension>
        </extensions>
      </trkpt>
      <trkpt lat="-25.40028727613389492034912109375" lon="-49.01387424208223819732666015625">
        <ele>957.20001220703125</ele>
        <time>2025-04-05T11:07:50.000Z</time>
        <extensions>
          <ns3:TrackPointExtension>
            <ns3:hr>105</ns3:hr>
          </ns3:TrackPointExtension>
        </extensions>
      </trkpt>
      <trkpt lat="-25.40027193725109100341796875" lon="-49.0138910897076129913330078125">
        <ele>956.79998779296875</ele>
        <time>2025-04-05T11:07:52.000Z</time>
        <extensions>
          <ns3:TrackPointExtension>
            <ns3:hr>105</ns3:hr>
          </ns3:TrackPointExtension>
        </extensions>
      </trkpt>
      <trkpt lat="-25.400260202586650848388671875" lon="-49.0139043331146240234375">
        <ele>956.79998779296875</ele>
        <time>2025-04-05T11:07:54.000Z</time>
        <extensions>
          <ns3:TrackPointExtension>
            <ns3:hr>101</ns3:hr>
          </ns3:TrackPointExtension>
        </extensions>
      </trkpt>
      <trkpt lat="-25.40025291033089160919189453125" lon="-49.01390944607555866241455078125">
        <ele>956.79998779296875</ele>
        <time>2025-04-05T11:07:55.000Z</time>
        <extensions>
          <ns3:TrackPointExtension>
            <ns3:hr>105</ns3:hr>
          </ns3:TrackPointExtension>
        </extensions>
      </trkpt>
      <trkpt lat="-25.40022793225944042205810546875" lon="-49.0139205940067768096923828125">
        <ele>957.20001220703125</ele>
        <time>2025-04-05T11:07:57.000Z</time>
        <extensions>
          <ns3:TrackPointExtension>
            <ns3:hr>104</ns3:hr>
          </ns3:TrackPointExtension>
        </extensions>
      </trkpt>
      <trkpt lat="-25.400187112390995025634765625" lon="-49.0139324963092803955078125">
        <ele>958</ele>
        <time>2025-04-05T11:07:59.000Z</time>
        <extensions>
          <ns3:TrackPointExtension>
            <ns3:hr>105</ns3:hr>
          </ns3:TrackPointExtension>
        </extensions>
      </trkpt>
      <trkpt lat="-25.40014143101871013641357421875" lon="-49.01395387016236782073974609375">
        <ele>960.79998779296875</ele>
        <time>2025-04-05T11:08:04.000Z</time>
        <extensions>
          <ns3:TrackPointExtension>
            <ns3:hr>101</ns3:hr>
          </ns3:TrackPointExtension>
        </extensions>
      </trkpt>
      <trkpt lat="-25.40012416429817676544189453125" lon="-49.0139678679406642913818359375">
        <ele>962.79998779296875</ele>
        <time>2025-04-05T11:08:07.000Z</time>
        <extensions>
          <ns3:TrackPointExtension>
            <ns3:hr>102</ns3:hr>
          </ns3:TrackPointExtension>
        </extensions>
      </trkpt>
      <trkpt lat="-25.40008728392422199249267578125" lon="-49.01400617323815822601318359375">
        <ele>966</ele>
        <time>2025-04-05T11:08:13.000Z</time>
        <extensions>
          <ns3:TrackPointExtension>
            <ns3:hr>106</ns3:hr>
          </ns3:TrackPointExtension>
        </extensions>
      </trkpt>
      <trkpt lat="-25.40003632195293903350830078125" lon="-49.0140505135059356689453125">
        <ele>967.20001220703125</ele>
        <time>2025-04-05T11:08:22.000Z</time>
        <extensions>
          <ns3:TrackPointExtension>
            <ns3:hr>106</ns3:hr>
          </ns3:TrackPointExtension>
        </extensions>
      </trkpt>
      <trkpt lat="-25.40003363974392414093017578125" lon="-49.01405520737171173095703125">
        <ele>966.79998779296875</ele>
        <time>2025-04-05T11:08:24.000Z</time>
        <extensions>
          <ns3:TrackPointExtension>
            <ns3:hr>109</ns3:hr>
          </ns3:TrackPointExtension>
        </extensions>
      </trkpt>
      <trkpt lat="-25.39999927394092082977294921875" lon="-49.01410725899040699005126953125">
        <ele>966.5999755859375</ele>
        <time>2025-04-05T11:08:29.000Z</time>
        <extensions>
          <ns3:TrackPointExtension>
            <ns3:hr>110</ns3:hr>
          </ns3:TrackPointExtension>
        </extensions>
      </trkpt>
      <trkpt lat="-25.39995451457798480987548828125" lon="-49.0141231007874011993408203125">
        <ele>966.5999755859375</ele>
        <time>2025-04-05T11:08:31.000Z</time>
        <extensions>
          <ns3:TrackPointExtension>
            <ns3:hr>105</ns3:hr>
          </ns3:TrackPointExtension>
        </extensions>
      </trkpt>
      <trkpt lat="-25.39988243021070957183837890625" lon="-49.0141143836081027984619140625">
        <ele>970.4000244140625</ele>
        <time>2025-04-05T11:08:36.000Z</time>
        <extensions>
          <ns3:TrackPointExtension>
            <ns3:hr>104</ns3:hr>
          </ns3:TrackPointExtension>
        </extensions>
      </trkpt>
      <trkpt lat="-25.39984873495995998382568359375" lon="-49.0141388587653636932373046875">
        <ele>974</ele>
        <time>2025-04-05T11:08:42.000Z</time>
        <extensions>
          <ns3:TrackPointExtension>
            <ns3:hr>106</ns3:hr>
          </ns3:TrackPointExtension>
        </extensions>
      </trkpt>
      <trkpt lat="-25.3998179733753204345703125" lon="-49.01414363645017147064208984375">
        <ele>974.4000244140625</ele>
        <time>2025-04-05T11:08:44.000Z</time>
        <extensions>
          <ns3:TrackPointExtension>
            <ns3:hr>109</ns3:hr>
          </ns3:TrackPointExtension>
        </extensions>
      </trkpt>
      <trkpt lat="-25.399806238710880279541015625" lon="-49.0141482464969158172607421875">
        <ele>974.5999755859375</ele>
        <time>2025-04-05T11:08:45.000Z</time>
        <extensions>
          <ns3:TrackPointExtension>
            <ns3:hr>105</ns3:hr>
          </ns3:TrackPointExtension>
        </extensions>
      </trkpt>
      <trkpt lat="-25.3997643291950225830078125" lon="-49.01415579020977020263671875">
        <ele>975</ele>
        <time>2025-04-05T11:08:48.000Z</time>
        <extensions>
          <ns3:TrackPointExtension>
            <ns3:hr>105</ns3:hr>
          </ns3:TrackPointExtension>
        </extensions>
      </trkpt>
      <trkpt lat="-25.3997373394668102264404296875" lon="-49.0141707099974155426025390625">
        <ele>975.4000244140625</ele>
        <time>2025-04-05T11:08:50.000Z</time>
        <extensions>
          <ns3:TrackPointExtension>
            <ns3:hr>108</ns3:hr>
          </ns3:TrackPointExtension>
        </extensions>
      </trkpt>
      <trkpt lat="-25.39972133003175258636474609375" lon="-49.0141754038631916046142578125">
        <ele>975.4000244140625</ele>
        <time>2025-04-05T11:08:51.000Z</time>
        <extensions>
          <ns3:TrackPointExtension>
            <ns3:hr>105</ns3:hr>
          </ns3:TrackPointExtension>
        </extensions>
      </trkpt>
      <trkpt lat="-25.3996853716671466827392578125" lon="-49.014174900949001312255859375">
        <ele>975.5999755859375</ele>
        <time>2025-04-05T11:08:54.000Z</time>
        <extensions>
          <ns3:TrackPointExtension>
            <ns3:hr>105</ns3:hr>
          </ns3:TrackPointExtension>
        </extensions>
      </trkpt>
      <trkpt lat="-25.39967858232557773590087890625" lon="-49.01417649351060390472412109375">
        <ele>975.5999755859375</ele>
        <time>2025-04-05T11:08:55.000Z</time>
        <extensions>
          <ns3:TrackPointExtension>
            <ns3:hr>105</ns3:hr>
          </ns3:TrackPointExtension>
        </extensions>
      </trkpt>
      <trkpt lat="-25.3995925001800060272216796875" lon="-49.01417247019708156585693359375">
        <ele>976.79998779296875</ele>
        <time>2025-04-05T11:09:01.000Z</time>
        <extensions>
          <ns3:TrackPointExtension>
            <ns3:hr>103</ns3:hr>
          </ns3:TrackPointExtension>
        </extensions>
      </trkpt>
      <trkpt lat="-25.399552099406719207763671875" lon="-49.014147408306598663330078125">
        <ele>978.79998779296875</ele>
        <time>2025-04-05T11:09:09.000Z</time>
        <extensions>
          <ns3:TrackPointExtension>
            <ns3:hr>104</ns3:hr>
          </ns3:TrackPointExtension>
        </extensions>
      </trkpt>
      <trkpt lat="-25.39953391067683696746826171875" lon="-49.0141579695045948028564453125">
        <ele>979.4000244140625</ele>
        <time>2025-04-05T11:09:16.000Z</time>
        <extensions>
          <ns3:TrackPointExtension>
            <ns3:hr>106</ns3:hr>
          </ns3:TrackPointExtension>
        </extensions>
      </trkpt>
      <trkpt lat="-25.39952234365046024322509765625" lon="-49.01417079381644725799560546875">
        <ele>979.20001220703125</ele>
        <time>2025-04-05T11:09:21.000Z</time>
        <extensions>
          <ns3:TrackPointExtension>
            <ns3:hr>109</ns3:hr>
          </ns3:TrackPointExtension>
        </extensions>
      </trkpt>
      <trkpt lat="-25.3995254449546337127685546875" lon="-49.01417263783514499664306640625">
        <ele>979.20001220703125</ele>
        <time>2025-04-05T11:09:22.000Z</time>
        <extensions>
          <ns3:TrackPointExtension>
            <ns3:hr>107</ns3:hr>
          </ns3:TrackPointExtension>
        </extensions>
      </trkpt>
      <trkpt lat="-25.3995019756257534027099609375" lon="-49.01417397893965244293212890625">
        <ele>978.79998779296875</ele>
        <time>2025-04-05T11:09:25.000Z</time>
        <extensions>
          <ns3:TrackPointExtension>
            <ns3:hr>110</ns3:hr>
          </ns3:TrackPointExtension>
        </extensions>
      </trkpt>
      <trkpt lat="-25.39949099533259868621826171875" lon="-49.01417884044349193572998046875">
        <ele>978.5999755859375</ele>
        <time>2025-04-05T11:09:26.000Z</time>
        <extensions>
          <ns3:TrackPointExtension>
            <ns3:hr>110</ns3:hr>
          </ns3:TrackPointExtension>
        </extensions>
      </trkpt>
      <trkpt lat="-25.39943601004779338836669921875" lon="-49.01423583738505840301513671875">
        <ele>979</ele>
        <time>2025-04-05T11:09:32.000Z</time>
        <extensions>
          <ns3:TrackPointExtension>
            <ns3:hr>106</ns3:hr>
          </ns3:TrackPointExtension>
        </extensions>
      </trkpt>
      <trkpt lat="-25.39937180466949939727783203125" lon="-49.01426500640809535980224609375">
        <ele>981.20001220703125</ele>
        <time>2025-04-05T11:09:39.000Z</time>
        <extensions>
          <ns3:TrackPointExtension>
            <ns3:hr>106</ns3:hr>
          </ns3:TrackPointExtension>
        </extensions>
      </trkpt>
      <trkpt lat="-25.3993527777493000030517578125" lon="-49.01430423371493816375732421875">
        <ele>981.20001220703125</ele>
        <time>2025-04-05T11:09:46.000Z</time>
        <extensions>
          <ns3:TrackPointExtension>
            <ns3:hr>111</ns3:hr>
          </ns3:TrackPointExtension>
        </extensions>
      </trkpt>
      <trkpt lat="-25.399349592626094818115234375" lon="-49.01431781239807605743408203125">
        <ele>981.4000244140625</ele>
        <time>2025-04-05T11:09:48.000Z</time>
        <extensions>
          <ns3:TrackPointExtension>
            <ns3:hr>114</ns3:hr>
          </ns3:TrackPointExtension>
        </extensions>
      </trkpt>
      <trkpt lat="-25.3993423841893672943115234375" lon="-49.0143222548067569732666015625">
        <ele>981.5999755859375</ele>
        <time>2025-04-05T11:09:51.000Z</time>
        <extensions>
          <ns3:TrackPointExtension>
            <ns3:hr>114</ns3:hr>
          </ns3:TrackPointExtension>
        </extensions>
      </trkpt>
      <trkpt lat="-25.39932218380272388458251953125" lon="-49.01431563310325145721435546875">
        <ele>981.79998779296875</ele>
        <time>2025-04-05T11:09:52.000Z</time>
        <extensions>
          <ns3:TrackPointExtension>
            <ns3:hr>121</ns3:hr>
          </ns3:TrackPointExtension>
        </extensions>
      </trkpt>
      <trkpt lat="-25.3993065096437931060791015625" lon="-49.01432200334966182708740234375">
        <ele>981.79998779296875</ele>
        <time>2025-04-05T11:09:53.000Z</time>
        <extensions>
          <ns3:TrackPointExtension>
            <ns3:hr>120</ns3:hr>
          </ns3:TrackPointExtension>
        </extensions>
      </trkpt>
      <trkpt lat="-25.399296618998050689697265625" lon="-49.01432703249156475067138671875">
        <ele>982</ele>
        <time>2025-04-05T11:09:55.000Z</time>
        <extensions>
          <ns3:TrackPointExtension>
            <ns3:hr>120</ns3:hr>
          </ns3:TrackPointExtension>
        </extensions>
      </trkpt>
      <trkpt lat="-25.39931162260472774505615234375" lon="-49.014362655580043792724609375">
        <ele>981.79998779296875</ele>
        <time>2025-04-05T11:10:00.000Z</time>
        <extensions>
          <ns3:TrackPointExtension>
            <ns3:hr>121</ns3:hr>
          </ns3:TrackPointExtension>
        </extensions>
      </trkpt>
      <trkpt lat="-25.39929284714162349700927734375" lon="-49.01436441577970981597900390625">
        <ele>980.79998779296875</ele>
        <time>2025-04-05T11:10:08.000Z</time>
        <extensions>
          <ns3:TrackPointExtension>
            <ns3:hr>121</ns3:hr>
          </ns3:TrackPointExtension>
        </extensions>
      </trkpt>
      <trkpt lat="-25.39932033978402614593505859375" lon="-49.0143819339573383331298828125">
        <ele>980.4000244140625</ele>
        <time>2025-04-05T11:10:14.000Z</time>
        <extensions>
          <ns3:TrackPointExtension>
            <ns3:hr>123</ns3:hr>
          </ns3:TrackPointExtension>
        </extensions>
      </trkpt>
      <trkpt lat="-25.3993145562708377838134765625" lon="-49.01437246240675449371337890625">
        <ele>980.20001220703125</ele>
        <time>2025-04-05T11:10:17.000Z</time>
        <extensions>
          <ns3:TrackPointExtension>
            <ns3:hr>122</ns3:hr>
          </ns3:TrackPointExtension>
        </extensions>
      </trkpt>
      <trkpt lat="-25.39931581355631351470947265625" lon="-49.01437916792929172515869140625">
        <ele>979.79998779296875</ele>
        <time>2025-04-05T11:10:21.000Z</time>
        <extensions>
          <ns3:TrackPointExtension>
            <ns3:hr>121</ns3:hr>
          </ns3:TrackPointExtension>
        </extensions>
      </trkpt>
      <trkpt lat="-25.39931262843310832977294921875" lon="-49.01437832973897457122802734375">
        <ele>980</ele>
        <time>2025-04-05T11:10:26.000Z</time>
        <extensions>
          <ns3:TrackPointExtension>
            <ns3:hr>120</ns3:hr>
          </ns3:TrackPointExtension>
        </extensions>
      </trkpt>
      <trkpt lat="-25.3993138857185840606689453125" lon="-49.01437832973897457122802734375">
        <ele>979.5999755859375</ele>
        <time>2025-04-05T11:10:29.000Z</time>
        <extensions>
          <ns3:TrackPointExtension>
            <ns3:hr>116</ns3:hr>
          </ns3:TrackPointExtension>
        </extensions>
      </trkpt>
      <trkpt lat="-25.39931145496666431427001953125" lon="-49.01437841355800628662109375">
        <ele>979.20001220703125</ele>
        <time>2025-04-05T11:10:31.000Z</time>
        <extensions>
          <ns3:TrackPointExtension>
            <ns3:hr>112</ns3:hr>
          </ns3:TrackPointExtension>
        </extensions>
      </trkpt>
      <trkpt lat="-25.39931229315698146820068359375" lon="-49.014381431043148040771484375">
        <ele>979</ele>
        <time>2025-04-05T11:10:33.000Z</time>
        <extensions>
          <ns3:TrackPointExtension>
            <ns3:hr>109</ns3:hr>
          </ns3:TrackPointExtension>
        </extensions>
      </trkpt>
      <trkpt lat="-25.399320088326930999755859375" lon="-49.014392830431461334228515625">
        <ele>978.5999755859375</ele>
        <time>2025-04-05T11:10:38.000Z</time>
        <extensions>
          <ns3:TrackPointExtension>
            <ns3:hr>106</ns3:hr>
          </ns3:TrackPointExtension>
        </extensions>
      </trkpt>
      <trkpt lat="-25.39933023042976856231689453125" lon="-49.01438855566084384918212890625">
        <ele>978.79998779296875</ele>
        <time>2025-04-05T11:10:41.000Z</time>
        <extensions>
          <ns3:TrackPointExtension>
            <ns3:hr>106</ns3:hr>
          </ns3:TrackPointExtension>
        </extensions>
      </trkpt>
      <trkpt lat="-25.3993269614875316619873046875" lon="-49.01438185013830661773681640625">
        <ele>979.5999755859375</ele>
        <time>2025-04-05T11:10:46.000Z</time>
        <extensions>
          <ns3:TrackPointExtension>
            <ns3:hr>108</ns3:hr>
          </ns3:TrackPointExtension>
        </extensions>
      </trkpt>
      <trkpt lat="-25.399332828819751739501953125" lon="-49.01436910964548587799072265625">
        <ele>981.20001220703125</ele>
        <time>2025-04-05T11:10:52.000Z</time>
        <extensions>
          <ns3:TrackPointExtension>
            <ns3:hr>110</ns3:hr>
          </ns3:TrackPointExtension>
        </extensions>
      </trkpt>
      <trkpt lat="-25.39931514300405979156494140625" lon="-49.01436307467520236968994140625">
        <ele>983.4000244140625</ele>
        <time>2025-04-05T11:10:57.000Z</time>
        <extensions>
          <ns3:TrackPointExtension>
            <ns3:hr>106</ns3:hr>
          </ns3:TrackPointExtension>
        </extensions>
      </trkpt>
      <trkpt lat="-25.39931698702275753021240234375" lon="-49.0143644995987415313720703125">
        <ele>983.79998779296875</ele>
        <time>2025-04-05T11:10:58.000Z</time>
        <extensions>
          <ns3:TrackPointExtension>
            <ns3:hr>106</ns3:hr>
          </ns3:TrackPointExtension>
        </extensions>
      </trkpt>
      <trkpt lat="-25.3993299789726734161376953125" lon="-49.01438243687152862548828125">
        <ele>985.5999755859375</ele>
        <time>2025-04-05T11:11:04.000Z</time>
        <extensions>
          <ns3:TrackPointExtension>
            <ns3:hr>105</ns3:hr>
          </ns3:TrackPointExtension>
        </extensions>
      </trkpt>
      <trkpt lat="-25.399324782192707061767578125" lon="-49.01438654400408267974853515625">
        <ele>986</ele>
        <time>2025-04-05T11:11:09.000Z</time>
        <extensions>
          <ns3:TrackPointExtension>
            <ns3:hr>108</ns3:hr>
          </ns3:TrackPointExtension>
        </extensions>
      </trkpt>
      <trkpt lat="-25.39932419545948505401611328125" lon="-49.014384113252162933349609375">
        <ele>986</ele>
        <time>2025-04-05T11:11:10.000Z</time>
        <extensions>
          <ns3:TrackPointExtension>
            <ns3:hr>109</ns3:hr>
          </ns3:TrackPointExtension>
        </extensions>
      </trkpt>
      <trkpt lat="-25.399339534342288970947265625" lon="-49.01439995504915714263916015625">
        <ele>986.20001220703125</ele>
        <time>2025-04-05T11:11:14.000Z</time>
        <extensions>
          <ns3:TrackPointExtension>
            <ns3:hr>112</ns3:hr>
          </ns3:TrackPointExtension>
        </extensions>
      </trkpt>
      <trkpt lat="-25.39935822598636150360107421875" lon="-49.01440917514264583587646484375">
        <ele>986.79998779296875</ele>
        <time>2025-04-05T11:11:18.000Z</time>
        <extensions>
          <ns3:TrackPointExtension>
            <ns3:hr>113</ns3:hr>
          </ns3:TrackPointExtension>
        </extensions>
      </trkpt>
      <trkpt lat="-25.39935604669153690338134765625" lon="-49.014408253133296966552734375">
        <ele>987.20001220703125</ele>
        <time>2025-04-05T11:11:22.000Z</time>
        <extensions>
          <ns3:TrackPointExtension>
            <ns3:hr>113</ns3:hr>
          </ns3:TrackPointExtension>
        </extensions>
      </trkpt>
      <trkpt lat="-25.399356968700885772705078125" lon="-49.014407582581043243408203125">
        <ele>987.20001220703125</ele>
        <time>2025-04-05T11:11:24.000Z</time>
        <extensions>
          <ns3:TrackPointExtension>
            <ns3:hr>110</ns3:hr>
          </ns3:TrackPointExtension>
        </extensions>
      </trkpt>
      <trkpt lat="-25.3993539512157440185546875" lon="-49.0144027210772037506103515625">
        <ele>987.5999755859375</ele>
        <time>2025-04-05T11:11:26.000Z</time>
        <extensions>
          <ns3:TrackPointExtension>
            <ns3:hr>106</ns3:hr>
          </ns3:TrackPointExtension>
        </extensions>
      </trkpt>
      <trkpt lat="-25.39935269393026828765869140625" lon="-49.01440783403813838958740234375">
        <ele>987.79998779296875</ele>
        <time>2025-04-05T11:11:27.000Z</time>
        <extensions>
          <ns3:TrackPointExtension>
            <ns3:hr>105</ns3:hr>
          </ns3:TrackPointExtension>
        </extensions>
      </trkpt>
      <trkpt lat="-25.39934246800839900970458984375" lon="-49.01440632529556751251220703125">
        <ele>988.20001220703125</ele>
        <time>2025-04-05T11:11:31.000Z</time>
        <extensions>
          <ns3:TrackPointExtension>
            <ns3:hr>102</ns3:hr>
          </ns3:TrackPointExtension>
        </extensions>
      </trkpt>
      <trkpt lat="-25.39933710359036922454833984375" lon="-49.014406241476535797119140625">
        <ele>988.20001220703125</ele>
        <time>2025-04-05T11:11:33.000Z</time>
        <extensions>
          <ns3:TrackPointExtension>
            <ns3:hr>102</ns3:hr>
          </ns3:TrackPointExtension>
        </extensions>
      </trkpt>
      <trkpt lat="-25.39931707084178924560546875" lon="-49.014402888715267181396484375">
        <ele>987.4000244140625</ele>
        <time>2025-04-05T11:11:38.000Z</time>
        <extensions>
          <ns3:TrackPointExtension>
            <ns3:hr>100</ns3:hr>
          </ns3:TrackPointExtension>
        </extensions>
      </trkpt>
      <trkpt lat="-25.39931681938469409942626953125" lon="-49.0144047327339649200439453125">
        <ele>986.4000244140625</ele>
        <time>2025-04-05T11:11:43.000Z</time>
        <extensions>
          <ns3:TrackPointExtension>
            <ns3:hr>100</ns3:hr>
          </ns3:TrackPointExtension>
        </extensions>
      </trkpt>
      <trkpt lat="-25.39931396953761577606201171875" lon="-49.01439961977303028106689453125">
        <ele>985.4000244140625</ele>
        <time>2025-04-05T11:11:46.000Z</time>
        <extensions>
          <ns3:TrackPointExtension>
            <ns3:hr>97</ns3:hr>
          </ns3:TrackPointExtension>
        </extensions>
      </trkpt>
      <trkpt lat="-25.39930659346282482147216796875" lon="-49.014391489326953887939453125">
        <ele>984.20001220703125</ele>
        <time>2025-04-05T11:11:50.000Z</time>
        <extensions>
          <ns3:TrackPointExtension>
            <ns3:hr>97</ns3:hr>
          </ns3:TrackPointExtension>
        </extensions>
      </trkpt>
      <trkpt lat="-25.39929083548486232757568359375" lon="-49.01438486762344837188720703125">
        <ele>982.20001220703125</ele>
        <time>2025-04-05T11:11:54.000Z</time>
        <extensions>
          <ns3:TrackPointExtension>
            <ns3:hr>100</ns3:hr>
          </ns3:TrackPointExtension>
        </extensions>
      </trkpt>
      <trkpt lat="-25.39930541999638080596923828125" lon="-49.01438855566084384918212890625">
        <ele>980.5999755859375</ele>
        <time>2025-04-05T11:11:57.000Z</time>
        <extensions>
          <ns3:TrackPointExtension>
            <ns3:hr>101</ns3:hr>
          </ns3:TrackPointExtension>
        </extensions>
      </trkpt>
      <trkpt lat="-25.39928262121975421905517578125" lon="-49.0143857896327972412109375">
        <ele>978.5999755859375</ele>
        <time>2025-04-05T11:12:04.000Z</time>
        <extensions>
          <ns3:TrackPointExtension>
            <ns3:hr>101</ns3:hr>
          </ns3:TrackPointExtension>
        </extensions>
      </trkpt>
      <trkpt lat="-25.39929050020873546600341796875" lon="-49.014461226761341094970703125">
        <ele>976.4000244140625</ele>
        <time>2025-04-05T11:12:11.000Z</time>
        <extensions>
          <ns3:TrackPointExtension>
            <ns3:hr>101</ns3:hr>
          </ns3:TrackPointExtension>
        </extensions>
      </trkpt>
      <trkpt lat="-25.3992327488958835601806640625" lon="-49.0144758112728595733642578125">
        <ele>974.5999755859375</ele>
        <time>2025-04-05T11:12:17.000Z</time>
        <extensions>
          <ns3:TrackPointExtension>
            <ns3:hr>102</ns3:hr>
          </ns3:TrackPointExtension>
        </extensions>
      </trkpt>
      <trkpt lat="-25.3992305696010589599609375" lon="-49.01448008604347705841064453125">
        <ele>974.4000244140625</ele>
        <time>2025-04-05T11:12:19.000Z</time>
        <extensions>
          <ns3:TrackPointExtension>
            <ns3:hr>102</ns3:hr>
          </ns3:TrackPointExtension>
        </extensions>
      </trkpt>
      <trkpt lat="-25.3992037475109100341796875" lon="-49.01452057063579559326171875">
        <ele>974.20001220703125</ele>
        <time>2025-04-05T11:12:25.000Z</time>
        <extensions>
          <ns3:TrackPointExtension>
            <ns3:hr>104</ns3:hr>
          </ns3:TrackPointExtension>
        </extensions>
      </trkpt>
      <trkpt lat="-25.39917969144880771636962890625" lon="-49.0145649947226047515869140625">
        <ele>974</ele>
        <time>2025-04-05T11:12:32.000Z</time>
        <extensions>
          <ns3:TrackPointExtension>
            <ns3:hr>103</ns3:hr>
          </ns3:TrackPointExtension>
        </extensions>
      </trkpt>
      <trkpt lat="-25.39914138615131378173828125" lon="-49.0146102569997310638427734375">
        <ele>975</ele>
        <time>2025-04-05T11:12:40.000Z</time>
        <extensions>
          <ns3:TrackPointExtension>
            <ns3:hr>102</ns3:hr>
          </ns3:TrackPointExtension>
        </extensions>
      </trkpt>
      <trkpt lat="-25.39908061735332012176513671875" lon="-49.01465007103979587554931640625">
        <ele>974.5999755859375</ele>
        <time>2025-04-05T11:12:45.000Z</time>
        <extensions>
          <ns3:TrackPointExtension>
            <ns3:hr>103</ns3:hr>
          </ns3:TrackPointExtension>
        </extensions>
      </trkpt>
      <trkpt lat="-25.39903770200908184051513671875" lon="-49.01468393392860889434814453125">
        <ele>973.20001220703125</ele>
        <time>2025-04-05T11:12:51.000Z</time>
        <extensions>
          <ns3:TrackPointExtension>
            <ns3:hr>103</ns3:hr>
          </ns3:TrackPointExtension>
        </extensions>
      </trkpt>
      <trkpt lat="-25.39894600398838520050048828125" lon="-49.01477429084479808807373046875">
        <ele>972.79998779296875</ele>
        <time>2025-04-05T11:13:00.000Z</time>
        <extensions>
          <ns3:TrackPointExtension>
            <ns3:hr>102</ns3:hr>
          </ns3:TrackPointExtension>
        </extensions>
      </trkpt>
      <trkpt lat="-25.39888615719974040985107421875" lon="-49.01483170688152313232421875">
        <ele>972.4000244140625</ele>
        <time>2025-04-05T11:13:05.000Z</time>
        <extensions>
          <ns3:TrackPointExtension>
            <ns3:hr>102</ns3:hr>
          </ns3:TrackPointExtension>
        </extensions>
      </trkpt>
      <trkpt lat="-25.3988657891750335693359375" lon="-49.01485760696232318878173828125">
        <ele>972</ele>
        <time>2025-04-05T11:13:08.000Z</time>
        <extensions>
          <ns3:TrackPointExtension>
            <ns3:hr>103</ns3:hr>
          </ns3:TrackPointExtension>
        </extensions>
      </trkpt>
      <trkpt lat="-25.3988196887075901031494140625" lon="-49.0148640610277652740478515625">
        <ele>972.20001220703125</ele>
        <time>2025-04-05T11:13:12.000Z</time>
        <extensions>
          <ns3:TrackPointExtension>
            <ns3:hr>106</ns3:hr>
          </ns3:TrackPointExtension>
        </extensions>
      </trkpt>
      <trkpt lat="-25.39879110641777515411376953125" lon="-49.014878980815410614013671875">
        <ele>972.4000244140625</ele>
        <time>2025-04-05T11:13:14.000Z</time>
        <extensions>
          <ns3:TrackPointExtension>
            <ns3:hr>109</ns3:hr>
          </ns3:TrackPointExtension>
        </extensions>
      </trkpt>
      <trkpt lat="-25.39877551607787609100341796875" lon="-49.01488057337701320648193359375">
        <ele>973</ele>
        <time>2025-04-05T11:13:16.000Z</time>
        <extensions>
          <ns3:TrackPointExtension>
            <ns3:hr>109</ns3:hr>
          </ns3:TrackPointExtension>
        </extensions>
      </trkpt>
      <trkpt lat="-25.398767888545989990234375" lon="-49.0148757956922054290771484375">
        <ele>973.79998779296875</ele>
        <time>2025-04-05T11:13:17.000Z</time>
        <extensions>
          <ns3:TrackPointExtension>
            <ns3:hr>104</ns3:hr>
          </ns3:TrackPointExtension>
        </extensions>
      </trkpt>
      <trkpt lat="-25.398689769208431243896484375" lon="-49.0148496441543102264404296875">
        <ele>977.4000244140625</ele>
        <time>2025-04-05T11:13:25.000Z</time>
        <extensions>
          <ns3:TrackPointExtension>
            <ns3:hr>105</ns3:hr>
          </ns3:TrackPointExtension>
        </extensions>
      </trkpt>
      <trkpt lat="-25.39859899319708347320556640625" lon="-49.01481293141841888427734375">
        <ele>982.4000244140625</ele>
        <time>2025-04-05T11:13:32.000Z</time>
        <extensions>
          <ns3:TrackPointExtension>
            <ns3:hr>105</ns3:hr>
          </ns3:TrackPointExtension>
        </extensions>
      </trkpt>
      <trkpt lat="-25.39855624549090862274169921875" lon="-49.014805890619754791259765625">
        <ele>984.79998779296875</ele>
        <time>2025-04-05T11:13:36.000Z</time>
        <extensions>
          <ns3:TrackPointExtension>
            <ns3:hr>108</ns3:hr>
          </ns3:TrackPointExtension>
        </extensions>
      </trkpt>
      <trkpt lat="-25.39851735346019268035888671875" lon="-49.01478736661374568939208984375">
        <ele>985.5999755859375</ele>
        <time>2025-04-05T11:13:39.000Z</time>
        <extensions>
          <ns3:TrackPointExtension>
            <ns3:hr>107</ns3:hr>
          </ns3:TrackPointExtension>
        </extensions>
      </trkpt>
      <trkpt lat="-25.39844627492129802703857421875" lon="-49.0147849358618259429931640625">
        <ele>985.79998779296875</ele>
        <time>2025-04-05T11:13:45.000Z</time>
        <extensions>
          <ns3:TrackPointExtension>
            <ns3:hr>104</ns3:hr>
          </ns3:TrackPointExtension>
        </extensions>
      </trkpt>
      <trkpt lat="-25.39840704761445522308349609375" lon="-49.0147866122424602508544921875">
        <ele>985.79998779296875</ele>
        <time>2025-04-05T11:13:48.000Z</time>
        <extensions>
          <ns3:TrackPointExtension>
            <ns3:hr>106</ns3:hr>
          </ns3:TrackPointExtension>
        </extensions>
      </trkpt>
      <trkpt lat="-25.3983318619430065155029296875" lon="-49.014791809022426605224609375">
        <ele>985.5999755859375</ele>
        <time>2025-04-05T11:13:55.000Z</time>
        <extensions>
          <ns3:TrackPointExtension>
            <ns3:hr>106</ns3:hr>
          </ns3:TrackPointExtension>
        </extensions>
      </trkpt>
      <trkpt lat="-25.3982322849333286285400390625" lon="-49.01477982290089130401611328125">
        <ele>982.20001220703125</ele>
        <time>2025-04-05T11:14:04.000Z</time>
        <extensions>
          <ns3:TrackPointExtension>
            <ns3:hr>105</ns3:hr>
          </ns3:TrackPointExtension>
        </extensions>
      </trkpt>
      <trkpt lat="-25.39812055416405200958251953125" lon="-49.01477001607418060302734375">
        <ele>981.20001220703125</ele>
        <time>2025-04-05T11:14:12.000Z</time>
        <extensions>
          <ns3:TrackPointExtension>
            <ns3:hr>107</ns3:hr>
          </ns3:TrackPointExtension>
        </extensions>
      </trkpt>
      <trkpt lat="-25.3980477154254913330078125" lon="-49.01472936384379863739013671875">
        <ele>979</ele>
        <time>2025-04-05T11:14:21.000Z</time>
        <extensions>
          <ns3:TrackPointExtension>
            <ns3:hr>109</ns3:hr>
          </ns3:TrackPointExtension>
        </extensions>
      </trkpt>
      <trkpt lat="-25.39801594801247119903564453125" lon="-49.01469851844012737274169921875">
        <ele>978.5999755859375</ele>
        <time>2025-04-05T11:14:24.000Z</time>
        <extensions>
          <ns3:TrackPointExtension>
            <ns3:hr>109</ns3:hr>
          </ns3:TrackPointExtension>
        </extensions>
      </trkpt>
      <trkpt lat="-25.397982336580753326416015625" lon="-49.01465258561074733734130859375">
        <ele>978.4000244140625</ele>
        <time>2025-04-05T11:14:27.000Z</time>
        <extensions>
          <ns3:TrackPointExtension>
            <ns3:hr>107</ns3:hr>
          </ns3:TrackPointExtension>
        </extensions>
      </trkpt>
      <trkpt lat="-25.39790882728993892669677734375" lon="-49.01456122286617755889892578125">
        <ele>982.79998779296875</ele>
        <time>2025-04-05T11:14:34.000Z</time>
        <extensions>
          <ns3:TrackPointExtension>
            <ns3:hr>109</ns3:hr>
          </ns3:TrackPointExtension>
        </extensions>
      </trkpt>
      <trkpt lat="-25.3978966735303401947021484375" lon="-49.0145445428788661956787109375">
        <ele>983.4000244140625</ele>
        <time>2025-04-05T11:14:35.000Z</time>
        <extensions>
          <ns3:TrackPointExtension>
            <ns3:hr>106</ns3:hr>
          </ns3:TrackPointExtension>
        </extensions>
      </trkpt>
      <trkpt lat="-25.39787630550563335418701171875" lon="-49.01447254233062267303466796875">
        <ele>985.20001220703125</ele>
        <time>2025-04-05T11:14:40.000Z</time>
        <extensions>
          <ns3:TrackPointExtension>
            <ns3:hr>109</ns3:hr>
          </ns3:TrackPointExtension>
        </extensions>
      </trkpt>
      <trkpt lat="-25.39787597022950649261474609375" lon="-49.0144305489957332611083984375">
        <ele>985.4000244140625</ele>
        <time>2025-04-05T11:14:44.000Z</time>
        <extensions>
          <ns3:TrackPointExtension>
            <ns3:hr>107</ns3:hr>
          </ns3:TrackPointExtension>
        </extensions>
      </trkpt>
      <trkpt lat="-25.39787613786756992340087890625" lon="-49.01441621594130992889404296875">
        <ele>985.4000244140625</ele>
        <time>2025-04-05T11:14:45.000Z</time>
        <extensions>
          <ns3:TrackPointExtension>
            <ns3:hr>108</ns3:hr>
          </ns3:TrackPointExtension>
        </extensions>
      </trkpt>
      <trkpt lat="-25.397839508950710296630859375" lon="-49.0143440477550029754638671875">
        <ele>986</ele>
        <time>2025-04-05T11:14:52.000Z</time>
        <extensions>
          <ns3:TrackPointExtension>
            <ns3:hr>108</ns3:hr>
          </ns3:TrackPointExtension>
        </extensions>
      </trkpt>
      <trkpt lat="-25.397818721830844879150390625" lon="-49.0142961032688617706298828125">
        <ele>986.20001220703125</ele>
        <time>2025-04-05T11:14:56.000Z</time>
        <extensions>
          <ns3:TrackPointExtension>
            <ns3:hr>112</ns3:hr>
          </ns3:TrackPointExtension>
        </extensions>
      </trkpt>
      <trkpt lat="-25.39778796024620532989501953125" lon="-49.014250002801418304443359375">
        <ele>985.79998779296875</ele>
        <time>2025-04-05T11:14:59.000Z</time>
        <extensions>
          <ns3:TrackPointExtension>
            <ns3:hr>111</ns3:hr>
          </ns3:TrackPointExtension>
        </extensions>
      </trkpt>
      <trkpt lat="-25.397754348814487457275390625" lon="-49.0142280422151088714599609375">
        <ele>985.79998779296875</ele>
        <time>2025-04-05T11:15:01.000Z</time>
        <extensions>
          <ns3:TrackPointExtension>
            <ns3:hr>114</ns3:hr>
          </ns3:TrackPointExtension>
        </extensions>
      </trkpt>
      <trkpt lat="-25.39768494665622711181640625" lon="-49.014193676412105560302734375">
        <ele>986</ele>
        <time>2025-04-05T11:15:06.000Z</time>
        <extensions>
          <ns3:TrackPointExtension>
            <ns3:hr>114</ns3:hr>
          </ns3:TrackPointExtension>
        </extensions>
      </trkpt>
      <trkpt lat="-25.3976331464946269989013671875" lon="-49.01415444910526275634765625">
        <ele>986.4000244140625</ele>
        <time>2025-04-05T11:15:12.000Z</time>
        <extensions>
          <ns3:TrackPointExtension>
            <ns3:hr>114</ns3:hr>
          </ns3:TrackPointExtension>
        </extensions>
      </trkpt>
      <trkpt lat="-25.39759953506290912628173828125" lon="-49.01416006498038768768310546875">
        <ele>987</ele>
        <time>2025-04-05T11:15:15.000Z</time>
        <extensions>
          <ns3:TrackPointExtension>
            <ns3:hr>115</ns3:hr>
          </ns3:TrackPointExtension>
        </extensions>
      </trkpt>
      <trkpt lat="-25.39758972823619842529296875" lon="-49.01415436528623104095458984375">
        <ele>987.20001220703125</ele>
        <time>2025-04-05T11:15:16.000Z</time>
        <extensions>
          <ns3:TrackPointExtension>
            <ns3:hr>112</ns3:hr>
          </ns3:TrackPointExtension>
        </extensions>
      </trkpt>
      <trkpt lat="-25.39755846373736858367919921875" lon="-49.0141425468027591705322265625">
        <ele>987.79998779296875</ele>
        <time>2025-04-05T11:15:19.000Z</time>
        <extensions>
          <ns3:TrackPointExtension>
            <ns3:hr>108</ns3:hr>
          </ns3:TrackPointExtension>
        </extensions>
      </trkpt>
      <trkpt lat="-25.3975463099777698516845703125" lon="-49.01413567364215850830078125">
        <ele>987</ele>
        <time>2025-04-05T11:15:22.000Z</time>
        <extensions>
          <ns3:TrackPointExtension>
            <ns3:hr>110</ns3:hr>
          </ns3:TrackPointExtension>
        </extensions>
      </trkpt>
      <trkpt lat="-25.3975426219403743743896484375" lon="-49.01413173414766788482666015625">
        <ele>986.4000244140625</ele>
        <time>2025-04-05T11:15:24.000Z</time>
        <extensions>
          <ns3:TrackPointExtension>
            <ns3:hr>106</ns3:hr>
          </ns3:TrackPointExtension>
        </extensions>
      </trkpt>
      <trkpt lat="-25.397491492331027984619140625" lon="-49.01409653015434741973876953125">
        <ele>985.4000244140625</ele>
        <time>2025-04-05T11:15:29.000Z</time>
        <extensions>
          <ns3:TrackPointExtension>
            <ns3:hr>107</ns3:hr>
          </ns3:TrackPointExtension>
        </extensions>
      </trkpt>
      <trkpt lat="-25.39743290282785892486572265625" lon="-49.0140919201076030731201171875">
        <ele>983.5999755859375</ele>
        <time>2025-04-05T11:15:36.000Z</time>
        <extensions>
          <ns3:TrackPointExtension>
            <ns3:hr>106</ns3:hr>
          </ns3:TrackPointExtension>
        </extensions>
      </trkpt>
      <trkpt lat="-25.39735394529998302459716796875" lon="-49.0140263736248016357421875">
        <ele>982</ele>
        <time>2025-04-05T11:15:42.000Z</time>
        <extensions>
          <ns3:TrackPointExtension>
            <ns3:hr>106</ns3:hr>
          </ns3:TrackPointExtension>
        </extensions>
      </trkpt>
      <trkpt lat="-25.397239364683628082275390625" lon="-49.0140097774565219879150390625">
        <ele>982.4000244140625</ele>
        <time>2025-04-05T11:15:48.000Z</time>
        <extensions>
          <ns3:TrackPointExtension>
            <ns3:hr>106</ns3:hr>
          </ns3:TrackPointExtension>
        </extensions>
      </trkpt>
      <trkpt lat="-25.39712964557111263275146484375" lon="-49.0139997191727161407470703125">
        <ele>983.5999755859375</ele>
        <time>2025-04-05T11:15:56.000Z</time>
        <extensions>
          <ns3:TrackPointExtension>
            <ns3:hr>107</ns3:hr>
          </ns3:TrackPointExtension>
        </extensions>
      </trkpt>
      <trkpt lat="-25.39707734249532222747802734375" lon="-49.01399309746921062469482421875">
        <ele>981.5999755859375</ele>
        <time>2025-04-05T11:16:01.000Z</time>
        <extensions>
          <ns3:TrackPointExtension>
            <ns3:hr>110</ns3:hr>
          </ns3:TrackPointExtension>
        </extensions>
      </trkpt>
      <trkpt lat="-25.39707818068563938140869140625" lon="-49.01399242691695690155029296875">
        <ele>979.79998779296875</ele>
        <time>2025-04-05T11:16:04.000Z</time>
        <extensions>
          <ns3:TrackPointExtension>
            <ns3:hr>111</ns3:hr>
          </ns3:TrackPointExtension>
        </extensions>
      </trkpt>
      <trkpt lat="-25.3970913402736186981201171875" lon="-49.0139397047460079193115234375">
        <ele>977.5999755859375</ele>
        <time>2025-04-05T11:16:11.000Z</time>
        <extensions>
          <ns3:TrackPointExtension>
            <ns3:hr>114</ns3:hr>
          </ns3:TrackPointExtension>
        </extensions>
      </trkpt>
      <trkpt lat="-25.397105924785137176513671875" lon="-49.01392034254968166351318359375">
        <ele>977.4000244140625</ele>
        <time>2025-04-05T11:16:13.000Z</time>
        <extensions>
          <ns3:TrackPointExtension>
            <ns3:hr>111</ns3:hr>
          </ns3:TrackPointExtension>
        </extensions>
      </trkpt>
      <trkpt lat="-25.39711522869765758514404296875" lon="-49.01384976692497730255126953125">
        <ele>976.20001220703125</ele>
        <time>2025-04-05T11:16:18.000Z</time>
        <extensions>
          <ns3:TrackPointExtension>
            <ns3:hr>111</ns3:hr>
          </ns3:TrackPointExtension>
        </extensions>
      </trkpt>
      <trkpt lat="-25.397126376628875732421875" lon="-49.01374398730695247650146484375">
        <ele>973.79998779296875</ele>
        <time>2025-04-05T11:16:25.000Z</time>
        <extensions>
          <ns3:TrackPointExtension>
            <ns3:hr>114</ns3:hr>
          </ns3:TrackPointExtension>
        </extensions>
      </trkpt>
      <trkpt lat="-25.39715378545224666595458984375" lon="-49.01366855017840862274169921875">
        <ele>973.20001220703125</ele>
        <time>2025-04-05T11:16:31.000Z</time>
        <extensions>
          <ns3:TrackPointExtension>
            <ns3:hr>113</ns3:hr>
          </ns3:TrackPointExtension>
        </extensions>
      </trkpt>
      <trkpt lat="-25.397170968353748321533203125" lon="-49.0136312507092952728271484375">
        <ele>973.20001220703125</ele>
        <time>2025-04-05T11:16:34.000Z</time>
        <extensions>
          <ns3:TrackPointExtension>
            <ns3:hr>109</ns3:hr>
          </ns3:TrackPointExtension>
        </extensions>
      </trkpt>
      <trkpt lat="-25.39717289619147777557373046875" lon="-49.01359898038208484649658203125">
        <ele>973.4000244140625</ele>
        <time>2025-04-05T11:16:37.000Z</time>
        <extensions>
          <ns3:TrackPointExtension>
            <ns3:hr>110</ns3:hr>
          </ns3:TrackPointExtension>
        </extensions>
      </trkpt>
      <trkpt lat="-25.3972220979630947113037109375" lon="-49.0135377086699008941650390625">
        <ele>973.20001220703125</ele>
        <time>2025-04-05T11:16:41.000Z</time>
        <extensions>
          <ns3:TrackPointExtension>
            <ns3:hr>112</ns3:hr>
          </ns3:TrackPointExtension>
        </extensions>
      </trkpt>
      <trkpt lat="-25.39724171161651611328125" lon="-49.013531170785427093505859375">
        <ele>973</ele>
        <time>2025-04-05T11:16:42.000Z</time>
        <extensions>
          <ns3:TrackPointExtension>
            <ns3:hr>110</ns3:hr>
          </ns3:TrackPointExtension>
        </extensions>
      </trkpt>
      <trkpt lat="-25.39726157672703266143798828125" lon="-49.01351029984652996063232421875">
        <ele>972.5999755859375</ele>
        <time>2025-04-05T11:16:43.000Z</time>
        <extensions>
          <ns3:TrackPointExtension>
            <ns3:hr>110</ns3:hr>
          </ns3:TrackPointExtension>
        </extensions>
      </trkpt>
      <trkpt lat="-25.397309102118015289306640625" lon="-49.01339345611631870269775390625">
        <ele>971.79998779296875</ele>
        <time>2025-04-05T11:16:46.000Z</time>
        <extensions>
          <ns3:TrackPointExtension>
            <ns3:hr>110</ns3:hr>
          </ns3:TrackPointExtension>
        </extensions>
      </trkpt>
      <trkpt lat="-25.39732075296342372894287109375" lon="-49.01327443309128284454345703125">
        <ele>969.79998779296875</ele>
        <time>2025-04-05T11:16:50.000Z</time>
        <extensions>
          <ns3:TrackPointExtension>
            <ns3:hr>116</ns3:hr>
          </ns3:TrackPointExtension>
        </extensions>
      </trkpt>
      <trkpt lat="-25.3973277099430561065673828125" lon="-49.0132406540215015411376953125">
        <ele>969</ele>
        <time>2025-04-05T11:16:52.000Z</time>
        <extensions>
          <ns3:TrackPointExtension>
            <ns3:hr>119</ns3:hr>
          </ns3:TrackPointExtension>
        </extensions>
      </trkpt>
      <trkpt lat="-25.39733466692268848419189453125" lon="-49.01318524964153766632080078125">
        <ele>968.5999755859375</ele>
        <time>2025-04-05T11:16:55.000Z</time>
        <extensions>
          <ns3:TrackPointExtension>
            <ns3:hr>121</ns3:hr>
          </ns3:TrackPointExtension>
        </extensions>
      </trkpt>
      <trkpt lat="-25.3972951881587505340576171875" lon="-49.01304594241082668304443359375">
        <ele>968.20001220703125</ele>
        <time>2025-04-05T11:17:02.000Z</time>
        <extensions>
          <ns3:TrackPointExtension>
            <ns3:hr>125</ns3:hr>
          </ns3:TrackPointExtension>
        </extensions>
      </trkpt>
      <trkpt lat="-25.39728663861751556396484375" lon="-49.01302582584321498870849609375">
        <ele>968.5999755859375</ele>
        <time>2025-04-05T11:17:04.000Z</time>
        <extensions>
          <ns3:TrackPointExtension>
            <ns3:hr>128</ns3:hr>
          </ns3:TrackPointExtension>
        </extensions>
      </trkpt>
      <trkpt lat="-25.39728663861751556396484375" lon="-49.01300805620849132537841796875">
        <ele>968.79998779296875</ele>
        <time>2025-04-05T11:17:05.000Z</time>
        <extensions>
          <ns3:TrackPointExtension>
            <ns3:hr>131</ns3:hr>
          </ns3:TrackPointExtension>
        </extensions>
      </trkpt>
      <trkpt lat="-25.39729124866425991058349609375" lon="-49.01295709423720836639404296875">
        <ele>969.4000244140625</ele>
        <time>2025-04-05T11:17:10.000Z</time>
        <extensions>
          <ns3:TrackPointExtension>
            <ns3:hr>130</ns3:hr>
          </ns3:TrackPointExtension>
        </extensions>
      </trkpt>
      <trkpt lat="-25.39731555618345737457275390625" lon="-49.01286740787327289581298828125">
        <ele>969.5999755859375</ele>
        <time>2025-04-05T11:17:16.000Z</time>
        <extensions>
          <ns3:TrackPointExtension>
            <ns3:hr>130</ns3:hr>
          </ns3:TrackPointExtension>
        </extensions>
      </trkpt>
      <trkpt lat="-25.3973193280398845672607421875" lon="-49.0128577686846256256103515625">
        <ele>969.79998779296875</ele>
        <time>2025-04-05T11:17:22.000Z</time>
        <extensions>
          <ns3:TrackPointExtension>
            <ns3:hr>128</ns3:hr>
          </ns3:TrackPointExtension>
        </extensions>
      </trkpt>
      <trkpt lat="-25.3973102755844593048095703125" lon="-49.0128346346318721771240234375">
        <ele>970.20001220703125</ele>
        <time>2025-04-05T11:17:27.000Z</time>
        <extensions>
          <ns3:TrackPointExtension>
            <ns3:hr>126</ns3:hr>
          </ns3:TrackPointExtension>
        </extensions>
      </trkpt>
      <trkpt lat="-25.397279262542724609375" lon="-49.012809656560420989990234375">
        <ele>971.20001220703125</ele>
        <time>2025-04-05T11:17:32.000Z</time>
        <extensions>
          <ns3:TrackPointExtension>
            <ns3:hr>125</ns3:hr>
          </ns3:TrackPointExtension>
        </extensions>
      </trkpt>
      <trkpt lat="-25.397275574505329132080078125" lon="-49.012814350426197052001953125">
        <ele>974.20001220703125</ele>
        <time>2025-04-05T11:17:36.000Z</time>
        <extensions>
          <ns3:TrackPointExtension>
            <ns3:hr>123</ns3:hr>
          </ns3:TrackPointExtension>
        </extensions>
      </trkpt>
      <trkpt lat="-25.397287309169769287109375" lon="-49.01282164268195629119873046875">
        <ele>977.5999755859375</ele>
        <time>2025-04-05T11:17:39.000Z</time>
        <extensions>
          <ns3:TrackPointExtension>
            <ns3:hr>123</ns3:hr>
          </ns3:TrackPointExtension>
        </extensions>
      </trkpt>
      <trkpt lat="-25.39728554897010326385498046875" lon="-49.01281275786459445953369140625">
        <ele>981</ele>
        <time>2025-04-05T11:17:43.000Z</time>
        <extensions>
          <ns3:TrackPointExtension>
            <ns3:hr>123</ns3:hr>
          </ns3:TrackPointExtension>
        </extensions>
      </trkpt>
      <trkpt lat="-25.3973169811069965362548828125" lon="-49.0128044597804546356201171875">
        <ele>983.4000244140625</ele>
        <time>2025-04-05T11:17:46.000Z</time>
        <extensions>
          <ns3:TrackPointExtension>
            <ns3:hr>119</ns3:hr>
          </ns3:TrackPointExtension>
        </extensions>
      </trkpt>
      <trkpt lat="-25.397342629730701446533203125" lon="-49.0128175355494022369384765625">
        <ele>984</ele>
        <time>2025-04-05T11:17:47.000Z</time>
        <extensions>
          <ns3:TrackPointExtension>
            <ns3:hr>120</ns3:hr>
          </ns3:TrackPointExtension>
        </extensions>
      </trkpt>
      <trkpt lat="-25.3973860479891300201416015625" lon="-49.01279130019247531890869140625">
        <ele>985.4000244140625</ele>
        <time>2025-04-05T11:17:50.000Z</time>
        <extensions>
          <ns3:TrackPointExtension>
            <ns3:hr>119</ns3:hr>
          </ns3:TrackPointExtension>
        </extensions>
      </trkpt>
      <trkpt lat="-25.39741463027894496917724609375" lon="-49.0127622149884700775146484375">
        <ele>986.20001220703125</ele>
        <time>2025-04-05T11:17:55.000Z</time>
        <extensions>
          <ns3:TrackPointExtension>
            <ns3:hr>117</ns3:hr>
          </ns3:TrackPointExtension>
        </extensions>
      </trkpt>
      <trkpt lat="-25.39741672575473785400390625" lon="-49.01274922303855419158935546875">
        <ele>985</ele>
        <time>2025-04-05T11:18:01.000Z</time>
        <extensions>
          <ns3:TrackPointExtension>
            <ns3:hr>116</ns3:hr>
          </ns3:TrackPointExtension>
        </extensions>
      </trkpt>
      <trkpt lat="-25.397413037717342376708984375" lon="-49.0127397514879703521728515625">
        <ele>985.20001220703125</ele>
        <time>2025-04-05T11:18:05.000Z</time>
        <extensions>
          <ns3:TrackPointExtension>
            <ns3:hr>115</ns3:hr>
          </ns3:TrackPointExtension>
        </extensions>
      </trkpt>
      <trkpt lat="-25.3974145464599132537841796875" lon="-49.01274318806827068328857421875">
        <ele>985.5999755859375</ele>
        <time>2025-04-05T11:18:09.000Z</time>
        <extensions>
          <ns3:TrackPointExtension>
            <ns3:hr>115</ns3:hr>
          </ns3:TrackPointExtension>
        </extensions>
      </trkpt>
      <trkpt lat="-25.39739317260682582855224609375" lon="-49.01273832656443119049072265625">
        <ele>986</ele>
        <time>2025-04-05T11:18:13.000Z</time>
        <extensions>
          <ns3:TrackPointExtension>
            <ns3:hr>114</ns3:hr>
          </ns3:TrackPointExtension>
        </extensions>
      </trkpt>
      <trkpt lat="-25.3973474912345409393310546875" lon="-49.01271083392202854156494140625">
        <ele>986.20001220703125</ele>
        <time>2025-04-05T11:18:16.000Z</time>
        <extensions>
          <ns3:TrackPointExtension>
            <ns3:hr>114</ns3:hr>
          </ns3:TrackPointExtension>
        </extensions>
      </trkpt>
      <trkpt lat="-25.39734992198646068572998046875" lon="-49.01270446367561817169189453125">
        <ele>986.5999755859375</ele>
        <time>2025-04-05T11:18:18.000Z</time>
        <extensions>
          <ns3:TrackPointExtension>
            <ns3:hr>110</ns3:hr>
          </ns3:TrackPointExtension>
        </extensions>
      </trkpt>
      <trkpt lat="-25.39698061533272266387939453125" lon="-49.0141733922064304351806640625">
        <ele>972.20001220703125</ele>
        <time>2025-04-05T11:40:20.000Z</time>
        <extensions>
          <ns3:TrackPointExtension>
            <ns3:hr>94</ns3:hr>
          </ns3:TrackPointExtension>
        </extensions>
      </trkpt>
      <trkpt lat="-25.39697349071502685546875" lon="-49.0141794271767139434814453125">
        <ele>972.4000244140625</ele>
        <time>2025-04-05T11:40:21.000Z</time>
        <extensions>
          <ns3:TrackPointExtension>
            <ns3:hr>94</ns3:hr>
          </ns3:TrackPointExtension>
        </extensions>
      </trkpt>
      <trkpt lat="-25.3969669528305530548095703125" lon="-49.0142273716628551483154296875">
        <ele>972.5999755859375</ele>
        <time>2025-04-05T11:40:27.000Z</time>
        <extensions>
          <ns3:TrackPointExtension>
            <ns3:hr>96</ns3:hr>
          </ns3:TrackPointExtension>
        </extensions>
      </trkpt>
      <trkpt lat="-25.396983884274959564208984375" lon="-49.01426115073263645172119140625">
        <ele>972.4000244140625</ele>
        <time>2025-04-05T11:40:31.000Z</time>
        <extensions>
          <ns3:TrackPointExtension>
            <ns3:hr>93</ns3:hr>
          </ns3:TrackPointExtension>
        </extensions>
      </trkpt>
      <trkpt lat="-25.39698782376945018768310546875" lon="-49.0142692811787128448486328125">
        <ele>972.20001220703125</ele>
        <time>2025-04-05T11:40:32.000Z</time>
        <extensions>
          <ns3:TrackPointExtension>
            <ns3:hr>93</ns3:hr>
          </ns3:TrackPointExtension>
        </extensions>
      </trkpt>
      <trkpt lat="-25.39699436165392398834228515625" lon="-49.0143068321049213409423828125">
        <ele>972</ele>
        <time>2025-04-05T11:40:35.000Z</time>
        <extensions>
          <ns3:TrackPointExtension>
            <ns3:hr>93</ns3:hr>
          </ns3:TrackPointExtension>
        </extensions>
      </trkpt>
      <trkpt lat="-25.39697776548564434051513671875" lon="-49.014362990856170654296875">
        <ele>971.79998779296875</ele>
        <time>2025-04-05T11:40:38.000Z</time>
        <extensions>
          <ns3:TrackPointExtension>
            <ns3:hr>92</ns3:hr>
          </ns3:TrackPointExtension>
        </extensions>
      </trkpt>
      <trkpt lat="-25.39699218235909938812255859375" lon="-49.01438176631927490234375">
        <ele>971.79998779296875</ele>
        <time>2025-04-05T11:40:40.000Z</time>
        <extensions>
          <ns3:TrackPointExtension>
            <ns3:hr>92</ns3:hr>
          </ns3:TrackPointExtension>
        </extensions>
      </trkpt>
      <trkpt lat="-25.39700207300484180450439453125" lon="-49.0143916569650173187255859375">
        <ele>971.79998779296875</ele>
        <time>2025-04-05T11:40:42.000Z</time>
        <extensions>
          <ns3:TrackPointExtension>
            <ns3:hr>92</ns3:hr>
          </ns3:TrackPointExtension>
        </extensions>
      </trkpt>
      <trkpt lat="-25.3970155678689479827880859375" lon="-49.01449701748788356781005859375">
        <ele>971.4000244140625</ele>
        <time>2025-04-05T11:40:48.000Z</time>
        <extensions>
          <ns3:TrackPointExtension>
            <ns3:hr>93</ns3:hr>
          </ns3:TrackPointExtension>
        </extensions>
      </trkpt>
      <trkpt lat="-25.39700777269899845123291015625" lon="-49.01451587677001953125">
        <ele>971.4000244140625</ele>
        <time>2025-04-05T11:40:49.000Z</time>
        <extensions>
          <ns3:TrackPointExtension>
            <ns3:hr>93</ns3:hr>
          </ns3:TrackPointExtension>
        </extensions>
      </trkpt>
      <trkpt lat="-25.3970152325928211212158203125" lon="-49.01457379572093486785888671875">
        <ele>971.20001220703125</ele>
        <time>2025-04-05T11:40:53.000Z</time>
        <extensions>
          <ns3:TrackPointExtension>
            <ns3:hr>91</ns3:hr>
          </ns3:TrackPointExtension>
        </extensions>
      </trkpt>
      <trkpt lat="-25.39702168665826320648193359375" lon="-49.01457999832928180694580078125">
        <ele>971.4000244140625</ele>
        <time>2025-04-05T11:40:54.000Z</time>
        <extensions>
          <ns3:TrackPointExtension>
            <ns3:hr>94</ns3:hr>
          </ns3:TrackPointExtension>
        </extensions>
      </trkpt>
      <trkpt lat="-25.39702403359115123748779296875" lon="-49.01459340937435626983642578125">
        <ele>971.4000244140625</ele>
        <time>2025-04-05T11:40:56.000Z</time>
        <extensions>
          <ns3:TrackPointExtension>
            <ns3:hr>94</ns3:hr>
          </ns3:TrackPointExtension>
        </extensions>
      </trkpt>
      <trkpt lat="-25.397018752992153167724609375" lon="-49.01462425477802753448486328125">
        <ele>971.5999755859375</ele>
        <time>2025-04-05T11:40:58.000Z</time>
        <extensions>
          <ns3:TrackPointExtension>
            <ns3:hr>93</ns3:hr>
          </ns3:TrackPointExtension>
        </extensions>
      </trkpt>
      <trkpt lat="-25.3969947807490825653076171875" lon="-49.01471528224647045135498046875">
        <ele>973.4000244140625</ele>
        <time>2025-04-05T11:41:05.000Z</time>
        <extensions>
          <ns3:TrackPointExtension>
            <ns3:hr>92</ns3:hr>
          </ns3:TrackPointExtension>
        </extensions>
      </trkpt>
      <trkpt lat="-25.3969729878008365631103515625" lon="-49.014797843992710113525390625">
        <ele>974.4000244140625</ele>
        <time>2025-04-05T11:41:12.000Z</time>
        <extensions>
          <ns3:TrackPointExtension>
            <ns3:hr>93</ns3:hr>
          </ns3:TrackPointExtension>
        </extensions>
      </trkpt>
      <trkpt lat="-25.3969721496105194091796875" lon="-49.0148154459893703460693359375">
        <ele>974.79998779296875</ele>
        <time>2025-04-05T11:41:14.000Z</time>
        <extensions>
          <ns3:TrackPointExtension>
            <ns3:hr>93</ns3:hr>
          </ns3:TrackPointExtension>
        </extensions>
      </trkpt>
      <trkpt lat="-25.396960079669952392578125" lon="-49.0148744545876979827880859375">
        <ele>975.79998779296875</ele>
        <time>2025-04-05T11:41:18.000Z</time>
        <extensions>
          <ns3:TrackPointExtension>
            <ns3:hr>93</ns3:hr>
          </ns3:TrackPointExtension>
        </extensions>
      </trkpt>
      <trkpt lat="-25.39697390981018543243408203125" lon="-49.0149223990738391876220703125">
        <ele>981.4000244140625</ele>
        <time>2025-04-05T11:41:25.000Z</time>
        <extensions>
          <ns3:TrackPointExtension>
            <ns3:hr>92</ns3:hr>
          </ns3:TrackPointExtension>
        </extensions>
      </trkpt>
      <trkpt lat="-25.39697608910501003265380859375" lon="-49.01498819701373577117919921875">
        <ele>985.20001220703125</ele>
        <time>2025-04-05T11:41:30.000Z</time>
        <extensions>
          <ns3:TrackPointExtension>
            <ns3:hr>92</ns3:hr>
          </ns3:TrackPointExtension>
        </extensions>
      </trkpt>
      <trkpt lat="-25.39698229171335697174072265625" lon="-49.0150001831352710723876953125">
        <ele>985.5999755859375</ele>
        <time>2025-04-05T11:41:31.000Z</time>
        <extensions>
          <ns3:TrackPointExtension>
            <ns3:hr>93</ns3:hr>
          </ns3:TrackPointExtension>
        </extensions>
      </trkpt>
      <trkpt lat="-25.39697558619081974029541015625" lon="-49.0150873549282550811767578125">
        <ele>984.5999755859375</ele>
        <time>2025-04-05T11:41:38.000Z</time>
        <extensions>
          <ns3:TrackPointExtension>
            <ns3:hr>92</ns3:hr>
          </ns3:TrackPointExtension>
        </extensions>
      </trkpt>
      <trkpt lat="-25.39695404469966888427734375" lon="-49.015216939151287078857421875">
        <ele>983</ele>
        <time>2025-04-05T11:41:46.000Z</time>
        <extensions>
          <ns3:TrackPointExtension>
            <ns3:hr>94</ns3:hr>
          </ns3:TrackPointExtension>
        </extensions>
      </trkpt>
      <trkpt lat="-25.39695270359516143798828125" lon="-49.0152318589389324188232421875">
        <ele>983</ele>
        <time>2025-04-05T11:41:48.000Z</time>
        <extensions>
          <ns3:TrackPointExtension>
            <ns3:hr>97</ns3:hr>
          </ns3:TrackPointExtension>
        </extensions>
      </trkpt>
      <trkpt lat="-25.3969615884125232696533203125" lon="-49.01524267159402370452880859375">
        <ele>983</ele>
        <time>2025-04-05T11:41:50.000Z</time>
        <extensions>
          <ns3:TrackPointExtension>
            <ns3:hr>92</ns3:hr>
          </ns3:TrackPointExtension>
        </extensions>
      </trkpt>
      <trkpt lat="-25.3969692997634410858154296875" lon="-49.0152440965175628662109375">
        <ele>983.20001220703125</ele>
        <time>2025-04-05T11:41:51.000Z</time>
        <extensions>
          <ns3:TrackPointExtension>
            <ns3:hr>93</ns3:hr>
          </ns3:TrackPointExtension>
        </extensions>
      </trkpt>
      <trkpt lat="-25.3969721496105194091796875" lon="-49.015259854495525360107421875">
        <ele>983.4000244140625</ele>
        <time>2025-04-05T11:41:53.000Z</time>
        <extensions>
          <ns3:TrackPointExtension>
            <ns3:hr>92</ns3:hr>
          </ns3:TrackPointExtension>
        </extensions>
      </trkpt>
      <trkpt lat="-25.396963767707347869873046875" lon="-49.0152977406978607177734375">
        <ele>984.20001220703125</ele>
        <time>2025-04-05T11:41:57.000Z</time>
        <extensions>
          <ns3:TrackPointExtension>
            <ns3:hr>89</ns3:hr>
          </ns3:TrackPointExtension>
        </extensions>
      </trkpt>
      <trkpt lat="-25.39696485735476016998291015625" lon="-49.0153069607913494110107421875">
        <ele>984.5999755859375</ele>
        <time>2025-04-05T11:41:58.000Z</time>
        <extensions>
          <ns3:TrackPointExtension>
            <ns3:hr>92</ns3:hr>
          </ns3:TrackPointExtension>
        </extensions>
      </trkpt>
      <trkpt lat="-25.396960414946079254150390625" lon="-49.0153213776648044586181640625">
        <ele>985</ele>
        <time>2025-04-05T11:41:59.000Z</time>
        <extensions>
          <ns3:TrackPointExtension>
            <ns3:hr>91</ns3:hr>
          </ns3:TrackPointExtension>
        </extensions>
      </trkpt>
      <trkpt lat="-25.3969371132552623748779296875" lon="-49.01534442789852619171142578125">
        <ele>985.5999755859375</ele>
        <time>2025-04-05T11:42:02.000Z</time>
        <extensions>
          <ns3:TrackPointExtension>
            <ns3:hr>94</ns3:hr>
          </ns3:TrackPointExtension>
        </extensions>
      </trkpt>
      <trkpt lat="-25.3969314135611057281494140625" lon="-49.01537124998867511749267578125">
        <ele>986</ele>
        <time>2025-04-05T11:42:05.000Z</time>
        <extensions>
          <ns3:TrackPointExtension>
            <ns3:hr>92</ns3:hr>
          </ns3:TrackPointExtension>
        </extensions>
      </trkpt>
      <trkpt lat="-25.39690316654741764068603515625" lon="-49.01545322500169277191162109375">
        <ele>988</ele>
        <time>2025-04-05T11:42:12.000Z</time>
        <extensions>
          <ns3:TrackPointExtension>
            <ns3:hr>94</ns3:hr>
          </ns3:TrackPointExtension>
        </extensions>
      </trkpt>
      <trkpt lat="-25.3968890011310577392578125" lon="-49.01547770015895366668701171875">
        <ele>988.79998779296875</ele>
        <time>2025-04-05T11:42:14.000Z</time>
        <extensions>
          <ns3:TrackPointExtension>
            <ns3:hr>92</ns3:hr>
          </ns3:TrackPointExtension>
        </extensions>
      </trkpt>
      <trkpt lat="-25.39687357842922210693359375" lon="-49.01552178896963596343994140625">
        <ele>990</ele>
        <time>2025-04-05T11:42:17.000Z</time>
        <extensions>
          <ns3:TrackPointExtension>
            <ns3:hr>91</ns3:hr>
          </ns3:TrackPointExtension>
        </extensions>
      </trkpt>
      <trkpt lat="-25.3968486003577709197998046875" lon="-49.0155713260173797607421875">
        <ele>991</ele>
        <time>2025-04-05T11:42:21.000Z</time>
        <extensions>
          <ns3:TrackPointExtension>
            <ns3:hr>91</ns3:hr>
          </ns3:TrackPointExtension>
        </extensions>
      </trkpt>
      <trkpt lat="-25.396836698055267333984375" lon="-49.0155862458050251007080078125">
        <ele>991.20001220703125</ele>
        <time>2025-04-05T11:42:23.000Z</time>
        <extensions>
          <ns3:TrackPointExtension>
            <ns3:hr>93</ns3:hr>
          </ns3:TrackPointExtension>
        </extensions>
      </trkpt>
      <trkpt lat="-25.39677274413406848907470703125" lon="-49.01564869098365306854248046875">
        <ele>992.20001220703125</ele>
        <time>2025-04-05T11:42:31.000Z</time>
        <extensions>
          <ns3:TrackPointExtension>
            <ns3:hr>93</ns3:hr>
          </ns3:TrackPointExtension>
        </extensions>
      </trkpt>
      <trkpt lat="-25.3966980613768100738525390625" lon="-49.0157381258904933929443359375">
        <ele>993.4000244140625</ele>
        <time>2025-04-05T11:42:38.000Z</time>
        <extensions>
          <ns3:TrackPointExtension>
            <ns3:hr>92</ns3:hr>
          </ns3:TrackPointExtension>
        </extensions>
      </trkpt>
      <trkpt lat="-25.3966625221073627471923828125" lon="-49.015811383724212646484375">
        <ele>993.20001220703125</ele>
        <time>2025-04-05T11:42:43.000Z</time>
        <extensions>
          <ns3:TrackPointExtension>
            <ns3:hr>94</ns3:hr>
          </ns3:TrackPointExtension>
        </extensions>
      </trkpt>
      <trkpt lat="-25.396639890968799591064453125" lon="-49.01582135818898677825927734375">
        <ele>993</ele>
        <time>2025-04-05T11:42:45.000Z</time>
        <extensions>
          <ns3:TrackPointExtension>
            <ns3:hr>94</ns3:hr>
          </ns3:TrackPointExtension>
        </extensions>
      </trkpt>
      <trkpt lat="-25.39662907831370830535888671875" lon="-49.01582957245409488677978515625">
        <ele>992.5999755859375</ele>
        <time>2025-04-05T11:42:47.000Z</time>
        <extensions>
          <ns3:TrackPointExtension>
            <ns3:hr>91</ns3:hr>
          </ns3:TrackPointExtension>
        </extensions>
      </trkpt>
      <trkpt lat="-25.39660745300352573394775390625" lon="-49.0158407203853130340576171875">
        <ele>991.79998779296875</ele>
        <time>2025-04-05T11:42:50.000Z</time>
        <extensions>
          <ns3:TrackPointExtension>
            <ns3:hr>91</ns3:hr>
          </ns3:TrackPointExtension>
        </extensions>
      </trkpt>
      <trkpt lat="-25.3965552337467670440673828125" lon="-49.0158958733081817626953125">
        <ele>991.4000244140625</ele>
        <time>2025-04-05T11:42:56.000Z</time>
        <extensions>
          <ns3:TrackPointExtension>
            <ns3:hr>93</ns3:hr>
          </ns3:TrackPointExtension>
        </extensions>
      </trkpt>
      <trkpt lat="-25.3965471871197223663330078125" lon="-49.01590836234390735626220703125">
        <ele>991.4000244140625</ele>
        <time>2025-04-05T11:42:57.000Z</time>
        <extensions>
          <ns3:TrackPointExtension>
            <ns3:hr>90</ns3:hr>
          </ns3:TrackPointExtension>
        </extensions>
      </trkpt>
      <trkpt lat="-25.39653922431170940399169921875" lon="-49.015936441719532012939453125">
        <ele>991.4000244140625</ele>
        <time>2025-04-05T11:42:58.000Z</time>
        <extensions>
          <ns3:TrackPointExtension>
            <ns3:hr>91</ns3:hr>
          </ns3:TrackPointExtension>
        </extensions>
      </trkpt>
      <trkpt lat="-25.3965391404926776885986328125" lon="-49.01594725437462329864501953125">
        <ele>992.20001220703125</ele>
        <time>2025-04-05T11:43:01.000Z</time>
        <extensions>
          <ns3:TrackPointExtension>
            <ns3:hr>91</ns3:hr>
          </ns3:TrackPointExtension>
        </extensions>
      </trkpt>
      <trkpt lat="-25.39651659317314624786376953125" lon="-49.01597558520734310150146484375">
        <ele>993.4000244140625</ele>
        <time>2025-04-05T11:43:03.000Z</time>
        <extensions>
          <ns3:TrackPointExtension>
            <ns3:hr>92</ns3:hr>
          </ns3:TrackPointExtension>
        </extensions>
      </trkpt>
      <trkpt lat="-25.39649270474910736083984375" lon="-49.01602470315992832183837890625">
        <ele>994.5999755859375</ele>
        <time>2025-04-05T11:43:06.000Z</time>
        <extensions>
          <ns3:TrackPointExtension>
            <ns3:hr>92</ns3:hr>
          </ns3:TrackPointExtension>
        </extensions>
      </trkpt>
      <trkpt lat="-25.39648977108299732208251953125" lon="-49.016039706766605377197265625">
        <ele>994.79998779296875</ele>
        <time>2025-04-05T11:43:07.000Z</time>
        <extensions>
          <ns3:TrackPointExtension>
            <ns3:hr>92</ns3:hr>
          </ns3:TrackPointExtension>
        </extensions>
      </trkpt>
      <trkpt lat="-25.39646848104894161224365234375" lon="-49.0161263756453990936279296875">
        <ele>996.79998779296875</ele>
        <time>2025-04-05T11:43:13.000Z</time>
        <extensions>
          <ns3:TrackPointExtension>
            <ns3:hr>93</ns3:hr>
          </ns3:TrackPointExtension>
        </extensions>
      </trkpt>
      <trkpt lat="-25.39646864868700504302978515625" lon="-49.01620156131684780120849609375">
        <ele>997.5999755859375</ele>
        <time>2025-04-05T11:43:20.000Z</time>
        <extensions>
          <ns3:TrackPointExtension>
            <ns3:hr>96</ns3:hr>
          </ns3:TrackPointExtension>
        </extensions>
      </trkpt>
      <trkpt lat="-25.396452136337757110595703125" lon="-49.01626811362802982330322265625">
        <ele>999.5999755859375</ele>
        <time>2025-04-05T11:43:26.000Z</time>
        <extensions>
          <ns3:TrackPointExtension>
            <ns3:hr>96</ns3:hr>
          </ns3:TrackPointExtension>
        </extensions>
      </trkpt>
      <trkpt lat="-25.39642028510570526123046875" lon="-49.01632376946508884429931640625">
        <ele>1001</ele>
        <time>2025-04-05T11:43:29.000Z</time>
        <extensions>
          <ns3:TrackPointExtension>
            <ns3:hr>94</ns3:hr>
          </ns3:TrackPointExtension>
        </extensions>
      </trkpt>
      <trkpt lat="-25.39641366340219974517822265625" lon="-49.01634757407009601593017578125">
        <ele>1001.4000244140625</ele>
        <time>2025-04-05T11:43:31.000Z</time>
        <extensions>
          <ns3:TrackPointExtension>
            <ns3:hr>93</ns3:hr>
          </ns3:TrackPointExtension>
        </extensions>
      </trkpt>
      <trkpt lat="-25.39641634561121463775634765625" lon="-49.0163647569715976715087890625">
        <ele>1002</ele>
        <time>2025-04-05T11:43:33.000Z</time>
        <extensions>
          <ns3:TrackPointExtension>
            <ns3:hr>92</ns3:hr>
          </ns3:TrackPointExtension>
        </extensions>
      </trkpt>
      <trkpt lat="-25.3964070416986942291259765625" lon="-49.01638177223503589630126953125">
        <ele>1002.5999755859375</ele>
        <time>2025-04-05T11:43:36.000Z</time>
        <extensions>
          <ns3:TrackPointExtension>
            <ns3:hr>89</ns3:hr>
          </ns3:TrackPointExtension>
        </extensions>
      </trkpt>
      <trkpt lat="-25.39635096676647663116455078125" lon="-49.0164214186370372772216796875">
        <ele>1003.20001220703125</ele>
        <time>2025-04-05T11:43:39.000Z</time>
        <extensions>
          <ns3:TrackPointExtension>
            <ns3:hr>94</ns3:hr>
          </ns3:TrackPointExtension>
        </extensions>
      </trkpt>
      <trkpt lat="-25.396332442760467529296875" lon="-49.0164358355104923248291015625">
        <ele>1003.4000244140625</ele>
        <time>2025-04-05T11:43:40.000Z</time>
        <extensions>
          <ns3:TrackPointExtension>
            <ns3:hr>92</ns3:hr>
          </ns3:TrackPointExtension>
        </extensions>
      </trkpt>
      <trkpt lat="-25.396235883235931396484375" lon="-49.0164844505488872528076171875">
        <ele>1003.5999755859375</ele>
        <time>2025-04-05T11:43:46.000Z</time>
        <extensions>
          <ns3:TrackPointExtension>
            <ns3:hr>92</ns3:hr>
          </ns3:TrackPointExtension>
        </extensions>
      </trkpt>
      <trkpt lat="-25.396208055317401885986328125" lon="-49.01649777777493000030517578125">
        <ele>1003.79998779296875</ele>
        <time>2025-04-05T11:43:48.000Z</time>
        <extensions>
          <ns3:TrackPointExtension>
            <ns3:hr>91</ns3:hr>
          </ns3:TrackPointExtension>
        </extensions>
      </trkpt>
      <trkpt lat="-25.396189950406551361083984375" lon="-49.01649735867977142333984375">
        <ele>1004</ele>
        <time>2025-04-05T11:43:49.000Z</time>
        <extensions>
          <ns3:TrackPointExtension>
            <ns3:hr>94</ns3:hr>
          </ns3:TrackPointExtension>
        </extensions>
      </trkpt>
      <trkpt lat="-25.396167822182178497314453125" lon="-49.01650699786841869354248046875">
        <ele>1004.20001220703125</ele>
        <time>2025-04-05T11:43:50.000Z</time>
        <extensions>
          <ns3:TrackPointExtension>
            <ns3:hr>95</ns3:hr>
          </ns3:TrackPointExtension>
        </extensions>
      </trkpt>
      <trkpt lat="-25.39612147025763988494873046875" lon="-49.01652828790247440338134765625">
        <ele>1004.79998779296875</ele>
        <time>2025-04-05T11:43:52.000Z</time>
        <extensions>
          <ns3:TrackPointExtension>
            <ns3:hr>95</ns3:hr>
          </ns3:TrackPointExtension>
        </extensions>
      </trkpt>
      <trkpt lat="-25.39608769118785858154296875" lon="-49.01655326597392559051513671875">
        <ele>1005.20001220703125</ele>
        <time>2025-04-05T11:43:54.000Z</time>
        <extensions>
          <ns3:TrackPointExtension>
            <ns3:hr>96</ns3:hr>
          </ns3:TrackPointExtension>
        </extensions>
      </trkpt>
      <trkpt lat="-25.39607235230505466461181640625" lon="-49.0165625698864459991455078125">
        <ele>1005.4000244140625</ele>
        <time>2025-04-05T11:43:55.000Z</time>
        <extensions>
          <ns3:TrackPointExtension>
            <ns3:hr>95</ns3:hr>
          </ns3:TrackPointExtension>
        </extensions>
      </trkpt>
      <trkpt lat="-25.3960278443992137908935546875" lon="-49.01656332425773143768310546875">
        <ele>1007.20001220703125</ele>
        <time>2025-04-05T11:44:00.000Z</time>
        <extensions>
          <ns3:TrackPointExtension>
            <ns3:hr>95</ns3:hr>
          </ns3:TrackPointExtension>
        </extensions>
      </trkpt>
      <trkpt lat="-25.3960157744586467742919921875" lon="-49.01655678637325763702392578125">
        <ele>1008.5999755859375</ele>
        <time>2025-04-05T11:44:02.000Z</time>
        <extensions>
          <ns3:TrackPointExtension>
            <ns3:hr>98</ns3:hr>
          </ns3:TrackPointExtension>
        </extensions>
      </trkpt>
      <trkpt lat="-25.3959529101848602294921875" lon="-49.01658662594854831695556640625">
        <ele>1010.79998779296875</ele>
        <time>2025-04-05T11:44:07.000Z</time>
        <extensions>
          <ns3:TrackPointExtension>
            <ns3:hr>97</ns3:hr>
          </ns3:TrackPointExtension>
        </extensions>
      </trkpt>
      <trkpt lat="-25.3958987630903720855712890625" lon="-49.01661931537091732025146484375">
        <ele>1010.4000244140625</ele>
        <time>2025-04-05T11:44:10.000Z</time>
        <extensions>
          <ns3:TrackPointExtension>
            <ns3:hr>98</ns3:hr>
          </ns3:TrackPointExtension>
        </extensions>
      </trkpt>
      <trkpt lat="-25.39587638340890407562255859375" lon="-49.016617052257061004638671875">
        <ele>1009.5999755859375</ele>
        <time>2025-04-05T11:44:12.000Z</time>
        <extensions>
          <ns3:TrackPointExtension>
            <ns3:hr>96</ns3:hr>
          </ns3:TrackPointExtension>
        </extensions>
      </trkpt>
      <trkpt lat="-25.39583346806466579437255859375" lon="-49.0166400186717510223388671875">
        <ele>1009</ele>
        <time>2025-04-05T11:44:16.000Z</time>
        <extensions>
          <ns3:TrackPointExtension>
            <ns3:hr>96</ns3:hr>
          </ns3:TrackPointExtension>
        </extensions>
      </trkpt>
      <trkpt lat="-25.39583564735949039459228515625" lon="-49.0166388452053070068359375">
        <ele>1009.4000244140625</ele>
        <time>2025-04-05T11:44:19.000Z</time>
        <extensions>
          <ns3:TrackPointExtension>
            <ns3:hr>99</ns3:hr>
          </ns3:TrackPointExtension>
        </extensions>
      </trkpt>
      <trkpt lat="-25.3958273492753505706787109375" lon="-49.0166480652987957000732421875">
        <ele>1009.5999755859375</ele>
        <time>2025-04-05T11:44:20.000Z</time>
        <extensions>
          <ns3:TrackPointExtension>
            <ns3:hr>100</ns3:hr>
          </ns3:TrackPointExtension>
        </extensions>
      </trkpt>
      <trkpt lat="-25.395821817219257354736328125" lon="-49.01667815633118152618408203125">
        <ele>1009.79998779296875</ele>
        <time>2025-04-05T11:44:22.000Z</time>
        <extensions>
          <ns3:TrackPointExtension>
            <ns3:hr>103</ns3:hr>
          </ns3:TrackPointExtension>
        </extensions>
      </trkpt>
      <trkpt lat="-25.3958394192159175872802734375" lon="-49.01670900173485279083251953125">
        <ele>1009.5999755859375</ele>
        <time>2025-04-05T11:44:25.000Z</time>
        <extensions>
          <ns3:TrackPointExtension>
            <ns3:hr>99</ns3:hr>
          </ns3:TrackPointExtension>
        </extensions>
      </trkpt>
      <trkpt lat="-25.39583648554980754852294921875" lon="-49.016722328960895538330078125">
        <ele>1009.20001220703125</ele>
        <time>2025-04-05T11:44:26.000Z</time>
        <extensions>
          <ns3:TrackPointExtension>
            <ns3:hr>102</ns3:hr>
          </ns3:TrackPointExtension>
        </extensions>
      </trkpt>
      <trkpt lat="-25.3958079032599925994873046875" lon="-49.01674102060496807098388671875">
        <ele>1008.79998779296875</ele>
        <time>2025-04-05T11:44:29.000Z</time>
        <extensions>
          <ns3:TrackPointExtension>
            <ns3:hr>102</ns3:hr>
          </ns3:TrackPointExtension>
        </extensions>
      </trkpt>
      <trkpt lat="-25.395810417830944061279296875" lon="-49.01673783548176288604736328125">
        <ele>1008.5999755859375</ele>
        <time>2025-04-05T11:44:30.000Z</time>
        <extensions>
          <ns3:TrackPointExtension>
            <ns3:hr>99</ns3:hr>
          </ns3:TrackPointExtension>
        </extensions>
      </trkpt>
      <trkpt lat="-25.3958005271852016448974609375" lon="-49.01674789376556873321533203125">
        <ele>1008.4000244140625</ele>
        <time>2025-04-05T11:44:31.000Z</time>
        <extensions>
          <ns3:TrackPointExtension>
            <ns3:hr>98</ns3:hr>
          </ns3:TrackPointExtension>
        </extensions>
      </trkpt>
      <trkpt lat="-25.39580781944096088409423828125" lon="-49.016763903200626373291015625">
        <ele>1008.4000244140625</ele>
        <time>2025-04-05T11:44:33.000Z</time>
        <extensions>
          <ns3:TrackPointExtension>
            <ns3:hr>98</ns3:hr>
          </ns3:TrackPointExtension>
        </extensions>
      </trkpt>
      <trkpt lat="-25.3958132676780223846435546875" lon="-49.01676817797124385833740234375">
        <ele>1008.20001220703125</ele>
        <time>2025-04-05T11:44:34.000Z</time>
        <extensions>
          <ns3:TrackPointExtension>
            <ns3:hr>98</ns3:hr>
          </ns3:TrackPointExtension>
        </extensions>
      </trkpt>
      <trkpt lat="-25.3958105854690074920654296875" lon="-49.0167855285108089447021484375">
        <ele>1007.5999755859375</ele>
        <time>2025-04-05T11:44:36.000Z</time>
        <extensions>
          <ns3:TrackPointExtension>
            <ns3:hr>99</ns3:hr>
          </ns3:TrackPointExtension>
        </extensions>
      </trkpt>
      <trkpt lat="-25.39581921882927417755126953125" lon="-49.01681788265705108642578125">
        <ele>1006.5999755859375</ele>
        <time>2025-04-05T11:44:38.000Z</time>
        <extensions>
          <ns3:TrackPointExtension>
            <ns3:hr>100</ns3:hr>
          </ns3:TrackPointExtension>
        </extensions>
      </trkpt>
      <trkpt lat="-25.3958199732005596160888671875" lon="-49.01687555015087127685546875">
        <ele>1005.4000244140625</ele>
        <time>2025-04-05T11:44:41.000Z</time>
        <extensions>
          <ns3:TrackPointExtension>
            <ns3:hr>102</ns3:hr>
          </ns3:TrackPointExtension>
        </extensions>
      </trkpt>
      <trkpt lat="-25.39578502066433429718017578125" lon="-49.0169176273047924041748046875">
        <ele>1005</ele>
        <time>2025-04-05T11:44:44.000Z</time>
        <extensions>
          <ns3:TrackPointExtension>
            <ns3:hr>102</ns3:hr>
          </ns3:TrackPointExtension>
        </extensions>
      </trkpt>
      <trkpt lat="-25.39577194489538669586181640625" lon="-49.01693279854953289031982421875">
        <ele>1004.79998779296875</ele>
        <time>2025-04-05T11:44:45.000Z</time>
        <extensions>
          <ns3:TrackPointExtension>
            <ns3:hr>98</ns3:hr>
          </ns3:TrackPointExtension>
        </extensions>
      </trkpt>
      <trkpt lat="-25.39576842449605464935302734375" lon="-49.016957022249698638916015625">
        <ele>1004.79998779296875</ele>
        <time>2025-04-05T11:44:46.000Z</time>
        <extensions>
          <ns3:TrackPointExtension>
            <ns3:hr>98</ns3:hr>
          </ns3:TrackPointExtension>
        </extensions>
      </trkpt>
      <trkpt lat="-25.3957678377628326416015625" lon="-49.01700991205871105194091796875">
        <ele>1006.5999755859375</ele>
        <time>2025-04-05T11:44:50.000Z</time>
        <extensions>
          <ns3:TrackPointExtension>
            <ns3:hr>96</ns3:hr>
          </ns3:TrackPointExtension>
        </extensions>
      </trkpt>
      <trkpt lat="-25.39577848277986049652099609375" lon="-49.0170411765575408935546875">
        <ele>1007.4000244140625</ele>
        <time>2025-04-05T11:44:52.000Z</time>
        <extensions>
          <ns3:TrackPointExtension>
            <ns3:hr>92</ns3:hr>
          </ns3:TrackPointExtension>
        </extensions>
      </trkpt>
      <trkpt lat="-25.395783595740795135498046875" lon="-49.0171006880700588226318359375">
        <ele>1008.5999755859375</ele>
        <time>2025-04-05T11:44:56.000Z</time>
        <extensions>
          <ns3:TrackPointExtension>
            <ns3:hr>89</ns3:hr>
          </ns3:TrackPointExtension>
        </extensions>
      </trkpt>
      <trkpt lat="-25.39577395655214786529541015625" lon="-49.017120636999607086181640625">
        <ele>1009.20001220703125</ele>
        <time>2025-04-05T11:44:57.000Z</time>
        <extensions>
          <ns3:TrackPointExtension>
            <ns3:hr>89</ns3:hr>
          </ns3:TrackPointExtension>
        </extensions>
      </trkpt>
      <trkpt lat="-25.395764149725437164306640625" lon="-49.01718542911112308502197265625">
        <ele>1010.20001220703125</ele>
        <time>2025-04-05T11:45:02.000Z</time>
        <extensions>
          <ns3:TrackPointExtension>
            <ns3:hr>86</ns3:hr>
          </ns3:TrackPointExtension>
        </extensions>
      </trkpt>
      <trkpt lat="-25.395768173038959503173828125" lon="-49.0172089822590351104736328125">
        <ele>1009</ele>
        <time>2025-04-05T11:45:05.000Z</time>
        <extensions>
          <ns3:TrackPointExtension>
            <ns3:hr>86</ns3:hr>
          </ns3:TrackPointExtension>
        </extensions>
      </trkpt>
      <trkpt lat="-25.39579306729137897491455078125" lon="-49.0172700025141239166259765625">
        <ele>1007.5999755859375</ele>
        <time>2025-04-05T11:45:10.000Z</time>
        <extensions>
          <ns3:TrackPointExtension>
            <ns3:hr>82</ns3:hr>
          </ns3:TrackPointExtension>
        </extensions>
      </trkpt>
      <trkpt lat="-25.39580471813678741455078125" lon="-49.017280228435993194580078125">
        <ele>1007.20001220703125</ele>
        <time>2025-04-05T11:45:11.000Z</time>
        <extensions>
          <ns3:TrackPointExtension>
            <ns3:hr>85</ns3:hr>
          </ns3:TrackPointExtension>
        </extensions>
      </trkpt>
      <trkpt lat="-25.3958094120025634765625" lon="-49.0172881074249744415283203125">
        <ele>1005.4000244140625</ele>
        <time>2025-04-05T11:45:13.000Z</time>
        <extensions>
          <ns3:TrackPointExtension>
            <ns3:hr>85</ns3:hr>
          </ns3:TrackPointExtension>
        </extensions>
      </trkpt>
      <trkpt lat="-25.39581653662025928497314453125" lon="-49.0173541568219661712646484375">
        <ele>1002.20001220703125</ele>
        <time>2025-04-05T11:45:19.000Z</time>
        <extensions>
          <ns3:TrackPointExtension>
            <ns3:hr>86</ns3:hr>
          </ns3:TrackPointExtension>
        </extensions>
      </trkpt>
      <trkpt lat="-25.3958159498870372772216796875" lon="-49.01735960505902767181396484375">
        <ele>1002.20001220703125</ele>
        <time>2025-04-05T11:45:20.000Z</time>
        <extensions>
          <ns3:TrackPointExtension>
            <ns3:hr>84</ns3:hr>
          </ns3:TrackPointExtension>
        </extensions>
      </trkpt>
      <trkpt lat="-25.39585811085999011993408203125" lon="-49.0174376405775547027587890625">
        <ele>1002.5999755859375</ele>
        <time>2025-04-05T11:45:24.000Z</time>
        <extensions>
          <ns3:TrackPointExtension>
            <ns3:hr>83</ns3:hr>
          </ns3:TrackPointExtension>
        </extensions>
      </trkpt>
      <trkpt lat="-25.39585031569004058837890625" lon="-49.0174684859812259674072265625">
        <ele>1003</ele>
        <time>2025-04-05T11:45:26.000Z</time>
        <extensions>
          <ns3:TrackPointExtension>
            <ns3:hr>86</ns3:hr>
          </ns3:TrackPointExtension>
        </extensions>
      </trkpt>
      <trkpt lat="-25.3958276845514774322509765625" lon="-49.01752204634249210357666015625">
        <ele>1002.5999755859375</ele>
        <time>2025-04-05T11:45:30.000Z</time>
        <extensions>
          <ns3:TrackPointExtension>
            <ns3:hr>86</ns3:hr>
          </ns3:TrackPointExtension>
        </extensions>
      </trkpt>
      <trkpt lat="-25.395809076726436614990234375" lon="-49.017562530934810638427734375">
        <ele>1002.20001220703125</ele>
        <time>2025-04-05T11:45:33.000Z</time>
        <extensions>
          <ns3:TrackPointExtension>
            <ns3:hr>89</ns3:hr>
          </ns3:TrackPointExtension>
        </extensions>
      </trkpt>
      <trkpt lat="-25.39576314389705657958984375" lon="-49.0176076255738735198974609375">
        <ele>1000.5999755859375</ele>
        <time>2025-04-05T11:45:37.000Z</time>
        <extensions>
          <ns3:TrackPointExtension>
            <ns3:hr>92</ns3:hr>
          </ns3:TrackPointExtension>
        </extensions>
      </trkpt>
      <trkpt lat="-25.3957509063184261322021484375" lon="-49.01761986315250396728515625">
        <ele>1000</ele>
        <time>2025-04-05T11:45:38.000Z</time>
        <extensions>
          <ns3:TrackPointExtension>
            <ns3:hr>93</ns3:hr>
          </ns3:TrackPointExtension>
        </extensions>
      </trkpt>
      <trkpt lat="-25.39565962739288806915283203125" lon="-49.017662443220615386962890625">
        <ele>996.20001220703125</ele>
        <time>2025-04-05T11:45:46.000Z</time>
        <extensions>
          <ns3:TrackPointExtension>
            <ns3:hr>96</ns3:hr>
          </ns3:TrackPointExtension>
        </extensions>
      </trkpt>
      <trkpt lat="-25.395571030676364898681640625" lon="-49.0176787041127681732177734375">
        <ele>995.4000244140625</ele>
        <time>2025-04-05T11:45:52.000Z</time>
        <extensions>
          <ns3:TrackPointExtension>
            <ns3:hr>98</ns3:hr>
          </ns3:TrackPointExtension>
        </extensions>
      </trkpt>
      <trkpt lat="-25.39554588496685028076171875" lon="-49.01768951676785945892333984375">
        <ele>995.20001220703125</ele>
        <time>2025-04-05T11:45:54.000Z</time>
        <extensions>
          <ns3:TrackPointExtension>
            <ns3:hr>98</ns3:hr>
          </ns3:TrackPointExtension>
        </extensions>
      </trkpt>
      <trkpt lat="-25.3954964317381381988525390625" lon="-49.01770561002194881439208984375">
        <ele>995</ele>
        <time>2025-04-05T11:45:58.000Z</time>
        <extensions>
          <ns3:TrackPointExtension>
            <ns3:hr>98</ns3:hr>
          </ns3:TrackPointExtension>
        </extensions>
      </trkpt>
      <trkpt lat="-25.3954592160880565643310546875" lon="-49.0177105553448200225830078125">
        <ele>995</ele>
        <time>2025-04-05T11:46:00.000Z</time>
        <extensions>
          <ns3:TrackPointExtension>
            <ns3:hr>101</ns3:hr>
          </ns3:TrackPointExtension>
        </extensions>
      </trkpt>
      <trkpt lat="-25.39541688747704029083251953125" lon="-49.0177098847925662994384765625">
        <ele>995.79998779296875</ele>
        <time>2025-04-05T11:46:04.000Z</time>
        <extensions>
          <ns3:TrackPointExtension>
            <ns3:hr>104</ns3:hr>
          </ns3:TrackPointExtension>
        </extensions>
      </trkpt>
      <trkpt lat="-25.39540909230709075927734375" lon="-49.01769496500492095947265625">
        <ele>996</ele>
        <time>2025-04-05T11:46:05.000Z</time>
        <extensions>
          <ns3:TrackPointExtension>
            <ns3:hr>104</ns3:hr>
          </ns3:TrackPointExtension>
        </extensions>
      </trkpt>
      <trkpt lat="-25.39540180005133152008056640625" lon="-49.0176795423030853271484375">
        <ele>996.4000244140625</ele>
        <time>2025-04-05T11:46:06.000Z</time>
        <extensions>
          <ns3:TrackPointExtension>
            <ns3:hr>104</ns3:hr>
          </ns3:TrackPointExtension>
        </extensions>
      </trkpt>
      <trkpt lat="-25.39540381170809268951416015625" lon="-49.01765498332679271697998046875">
        <ele>997</ele>
        <time>2025-04-05T11:46:08.000Z</time>
        <extensions>
          <ns3:TrackPointExtension>
            <ns3:hr>103</ns3:hr>
          </ns3:TrackPointExtension>
        </extensions>
      </trkpt>
      <trkpt lat="-25.39539157412946224212646484375" lon="-49.01765297167003154754638671875">
        <ele>997.5999755859375</ele>
        <time>2025-04-05T11:46:09.000Z</time>
        <extensions>
          <ns3:TrackPointExtension>
            <ns3:hr>103</ns3:hr>
          </ns3:TrackPointExtension>
        </extensions>
      </trkpt>
      <trkpt lat="-25.395388305187225341796875" lon="-49.017650373280048370361328125">
        <ele>998.4000244140625</ele>
        <time>2025-04-05T11:46:10.000Z</time>
        <extensions>
          <ns3:TrackPointExtension>
            <ns3:hr>98</ns3:hr>
          </ns3:TrackPointExtension>
        </extensions>
      </trkpt>
      <trkpt lat="-25.39536424912512302398681640625" lon="-49.01764760725200176239013671875">
        <ele>999</ele>
        <time>2025-04-05T11:46:11.000Z</time>
        <extensions>
          <ns3:TrackPointExtension>
            <ns3:hr>98</ns3:hr>
          </ns3:TrackPointExtension>
        </extensions>
      </trkpt>
      <trkpt lat="-25.3952724672853946685791015625" lon="-49.01767610572278499603271484375">
        <ele>1000.5999755859375</ele>
        <time>2025-04-05T11:46:16.000Z</time>
        <extensions>
          <ns3:TrackPointExtension>
            <ns3:hr>98</ns3:hr>
          </ns3:TrackPointExtension>
        </extensions>
      </trkpt>
      <trkpt lat="-25.3952583856880664825439453125" lon="-49.01769504882395267486572265625">
        <ele>1001.4000244140625</ele>
        <time>2025-04-05T11:46:20.000Z</time>
        <extensions>
          <ns3:TrackPointExtension>
            <ns3:hr>101</ns3:hr>
          </ns3:TrackPointExtension>
        </extensions>
      </trkpt>
      <trkpt lat="-25.3952443040907382965087890625" lon="-49.01770167052745819091796875">
        <ele>1001.5999755859375</ele>
        <time>2025-04-05T11:46:21.000Z</time>
        <extensions>
          <ns3:TrackPointExtension>
            <ns3:hr>102</ns3:hr>
          </ns3:TrackPointExtension>
        </extensions>
      </trkpt>
      <trkpt lat="-25.39518822915852069854736328125" lon="-49.01771533302962779998779296875">
        <ele>1001.5999755859375</ele>
        <time>2025-04-05T11:46:24.000Z</time>
        <extensions>
          <ns3:TrackPointExtension>
            <ns3:hr>103</ns3:hr>
          </ns3:TrackPointExtension>
        </extensions>
      </trkpt>
      <trkpt lat="-25.39513156749308109283447265625" lon="-49.0177283249795436859130859375">
        <ele>1001.5999755859375</ele>
        <time>2025-04-05T11:46:26.000Z</time>
        <extensions>
          <ns3:TrackPointExtension>
            <ns3:hr>102</ns3:hr>
          </ns3:TrackPointExtension>
        </extensions>
      </trkpt>
      <trkpt lat="-25.39505881257355213165283203125" lon="-49.01772120036184787750244140625">
        <ele>1001</ele>
        <time>2025-04-05T11:46:32.000Z</time>
        <extensions>
          <ns3:TrackPointExtension>
            <ns3:hr>102</ns3:hr>
          </ns3:TrackPointExtension>
        </extensions>
      </trkpt>
      <trkpt lat="-25.39502595551311969757080078125" lon="-49.01773788034915924072265625">
        <ele>1000.5999755859375</ele>
        <time>2025-04-05T11:46:35.000Z</time>
        <extensions>
          <ns3:TrackPointExtension>
            <ns3:hr>103</ns3:hr>
          </ns3:TrackPointExtension>
        </extensions>
      </trkpt>
      <trkpt lat="-25.394983626902103424072265625" lon="-49.01776243932545185089111328125">
        <ele>1000.20001220703125</ele>
        <time>2025-04-05T11:46:37.000Z</time>
        <extensions>
          <ns3:TrackPointExtension>
            <ns3:hr>102</ns3:hr>
          </ns3:TrackPointExtension>
        </extensions>
      </trkpt>
      <trkpt lat="-25.39495705626904964447021484375" lon="-49.01776470243930816650390625">
        <ele>1000</ele>
        <time>2025-04-05T11:46:39.000Z</time>
        <extensions>
          <ns3:TrackPointExtension>
            <ns3:hr>102</ns3:hr>
          </ns3:TrackPointExtension>
        </extensions>
      </trkpt>
      <trkpt lat="-25.39493291638791561126708984375" lon="-49.0177789516746997833251953125">
        <ele>1000</ele>
        <time>2025-04-05T11:46:42.000Z</time>
        <extensions>
          <ns3:TrackPointExtension>
            <ns3:hr>101</ns3:hr>
          </ns3:TrackPointExtension>
        </extensions>
      </trkpt>
      <trkpt lat="-25.39492570795118808746337890625" lon="-49.01777870021760463714599609375">
        <ele>1000.4000244140625</ele>
        <time>2025-04-05T11:46:43.000Z</time>
        <extensions>
          <ns3:TrackPointExtension>
            <ns3:hr>101</ns3:hr>
          </ns3:TrackPointExtension>
        </extensions>
      </trkpt>
      <trkpt lat="-25.39488396607339382171630859375" lon="-49.01781491003930568695068359375">
        <ele>1003.5999755859375</ele>
        <time>2025-04-05T11:46:50.000Z</time>
        <extensions>
          <ns3:TrackPointExtension>
            <ns3:hr>101</ns3:hr>
          </ns3:TrackPointExtension>
        </extensions>
      </trkpt>
      <trkpt lat="-25.39486267603933811187744140625" lon="-49.01782463304698467254638671875">
        <ele>1004.20001220703125</ele>
        <time>2025-04-05T11:46:52.000Z</time>
        <extensions>
          <ns3:TrackPointExtension>
            <ns3:hr>102</ns3:hr>
          </ns3:TrackPointExtension>
        </extensions>
      </trkpt>
      <trkpt lat="-25.3948523662984371185302734375" lon="-49.017825387418270111083984375">
        <ele>1004.4000244140625</ele>
        <time>2025-04-05T11:46:53.000Z</time>
        <extensions>
          <ns3:TrackPointExtension>
            <ns3:hr>105</ns3:hr>
          </ns3:TrackPointExtension>
        </extensions>
      </trkpt>
      <trkpt lat="-25.39484339766204357147216796875" lon="-49.0178312547504901885986328125">
        <ele>1004.5999755859375</ele>
        <time>2025-04-05T11:46:54.000Z</time>
        <extensions>
          <ns3:TrackPointExtension>
            <ns3:hr>101</ns3:hr>
          </ns3:TrackPointExtension>
        </extensions>
      </trkpt>
      <trkpt lat="-25.39482437074184417724609375" lon="-49.01785028167068958282470703125">
        <ele>1004.79998779296875</ele>
        <time>2025-04-05T11:46:57.000Z</time>
        <extensions>
          <ns3:TrackPointExtension>
            <ns3:hr>101</ns3:hr>
          </ns3:TrackPointExtension>
        </extensions>
      </trkpt>
      <trkpt lat="-25.3947900049388408660888671875" lon="-49.01789202354848384857177734375">
        <ele>1003.4000244140625</ele>
        <time>2025-04-05T11:47:05.000Z</time>
        <extensions>
          <ns3:TrackPointExtension>
            <ns3:hr>98</ns3:hr>
          </ns3:TrackPointExtension>
        </extensions>
      </trkpt>
      <trkpt lat="-25.3947527892887592315673828125" lon="-49.01794315315783023834228515625">
        <ele>1003</ele>
        <time>2025-04-05T11:47:15.000Z</time>
        <extensions>
          <ns3:TrackPointExtension>
            <ns3:hr>98</ns3:hr>
          </ns3:TrackPointExtension>
        </extensions>
      </trkpt>
      <trkpt lat="-25.39475169964134693145751953125" lon="-49.017944075167179107666015625">
        <ele>1003.79998779296875</ele>
        <time>2025-04-05T11:47:35.000Z</time>
        <extensions>
          <ns3:TrackPointExtension>
            <ns3:hr>101</ns3:hr>
          </ns3:TrackPointExtension>
        </extensions>
      </trkpt>
      <trkpt lat="-25.39475086145102977752685546875" lon="-49.017944075167179107666015625">
        <ele>1003.79998779296875</ele>
        <time>2025-04-05T11:47:45.000Z</time>
        <extensions>
          <ns3:TrackPointExtension>
            <ns3:hr>104</ns3:hr>
          </ns3:TrackPointExtension>
        </extensions>
      </trkpt>
      <trkpt lat="-25.39475086145102977752685546875" lon="-49.017944075167179107666015625">
        <ele>1004</ele>
        <time>2025-04-05T11:47:49.000Z</time>
        <extensions>
          <ns3:TrackPointExtension>
            <ns3:hr>101</ns3:hr>
          </ns3:TrackPointExtension>
        </extensions>
      </trkpt>
      <trkpt lat="-25.39475069381296634674072265625" lon="-49.017944075167179107666015625">
        <ele>1004.20001220703125</ele>
        <time>2025-04-05T11:47:53.000Z</time>
        <extensions>
          <ns3:TrackPointExtension>
            <ns3:hr>97</ns3:hr>
          </ns3:TrackPointExtension>
        </extensions>
      </trkpt>
      <trkpt lat="-25.39475060999393463134765625" lon="-49.017944075167179107666015625">
        <ele>1004.20001220703125</ele>
        <time>2025-04-05T11:47:54.000Z</time>
        <extensions>
          <ns3:TrackPointExtension>
            <ns3:hr>100</ns3:hr>
          </ns3:TrackPointExtension>
        </extensions>
      </trkpt>
      <trkpt lat="-25.3947548009455204010009765625" lon="-49.0179767645895481109619140625">
        <ele>1003.79998779296875</ele>
        <time>2025-04-05T11:48:31.000Z</time>
        <extensions>
          <ns3:TrackPointExtension>
            <ns3:hr>103</ns3:hr>
          </ns3:TrackPointExtension>
        </extensions>
      </trkpt>
      <trkpt lat="-25.3947641886770725250244140625" lon="-49.0179807879030704498291015625">
        <ele>1002.4000244140625</ele>
        <time>2025-04-05T11:48:42.000Z</time>
        <extensions>
          <ns3:TrackPointExtension>
            <ns3:hr>100</ns3:hr>
          </ns3:TrackPointExtension>
        </extensions>
      </trkpt>
      <trkpt lat="-25.3947651945054531097412109375" lon="-49.01798196136951446533203125">
        <ele>1002.20001220703125</ele>
        <time>2025-04-05T11:48:46.000Z</time>
        <extensions>
          <ns3:TrackPointExtension>
            <ns3:hr>103</ns3:hr>
          </ns3:TrackPointExtension>
        </extensions>
      </trkpt>
      <trkpt lat="-25.39476293139159679412841796875" lon="-49.017984978854656219482421875">
        <ele>1002.20001220703125</ele>
        <time>2025-04-05T11:48:47.000Z</time>
        <extensions>
          <ns3:TrackPointExtension>
            <ns3:hr>103</ns3:hr>
          </ns3:TrackPointExtension>
        </extensions>
      </trkpt>
      <trkpt lat="-25.39381460286676883697509765625" lon="-49.02179731987416744232177734375">
        <ele>1005.20001220703125</ele>
        <time>2025-04-05T11:57:21.000Z</time>
        <extensions>
          <ns3:TrackPointExtension>
            <ns3:hr>92</ns3:hr>
          </ns3:TrackPointExtension>
        </extensions>
      </trkpt>
      <trkpt lat="-25.39381544105708599090576171875" lon="-49.02180905453860759735107421875">
        <ele>1004.5999755859375</ele>
        <time>2025-04-05T11:57:22.000Z</time>
        <extensions>
          <ns3:TrackPointExtension>
            <ns3:hr>93</ns3:hr>
          </ns3:TrackPointExtension>
        </extensions>
      </trkpt>
      <trkpt lat="-25.3938089869916439056396484375" lon="-49.02181710116565227508544921875">
        <ele>1004</ele>
        <time>2025-04-05T11:57:23.000Z</time>
        <extensions>
          <ns3:TrackPointExtension>
            <ns3:hr>92</ns3:hr>
          </ns3:TrackPointExtension>
        </extensions>
      </trkpt>
      <trkpt lat="-25.3937221504747867584228515625" lon="-49.02186705730855464935302734375">
        <ele>1003</ele>
        <time>2025-04-05T11:57:29.000Z</time>
        <extensions>
          <ns3:TrackPointExtension>
            <ns3:hr>94</ns3:hr>
          </ns3:TrackPointExtension>
        </extensions>
      </trkpt>
      <trkpt lat="-25.39372709579765796661376953125" lon="-49.02187309227883815765380859375">
        <ele>1003</ele>
        <time>2025-04-05T11:57:31.000Z</time>
        <extensions>
          <ns3:TrackPointExtension>
            <ns3:hr>92</ns3:hr>
          </ns3:TrackPointExtension>
        </extensions>
      </trkpt>
    </trkseg>
  </trk>
</gpx>
