<?xml version="1.0" encoding="UTF-8"?>
<gpx creator="Garmin Connect" version="1.1"
  xsi:schemaLocation="http://www.topografix.com/GPX/1/1 http://www.topografix.com/GPX/11.xsd"
  xmlns:ns3="http://www.garmin.com/xmlschemas/TrackPointExtension/v1"
  xmlns="http://www.topografix.com/GPX/1/1"
  xmlns:xsi="http://www.w3.org/2001/XMLSchema-instance" xmlns:ns2="http://www.garmin.com/xmlschemas/GpxExtensions/v3">
  <metadata>
    <link href="connect.garmin.com">
      <text>Garmin Connect</text>
    </link>
    <time>2026-04-20T17:14:04.000Z</time>
  </metadata>
  <trk>
    <name>Campina Grande do Sul Caminhada</name>
    <type>walking</type>
    <trkseg>
      <trkpt lat="-25.14058540575206279754638671875" lon="-48.8524432294070720672607421875">
        <ele>920</ele>
        <time>2026-04-20T17:14:04.000Z</time>
        <extensions>
          <ns3:TrackPointExtension>
            <ns3:hr>91</ns3:hr>
          </ns3:TrackPointExtension>
        </extensions>
      </trkpt>
      <trkpt lat="-25.14058046042919158935546875" lon="-48.8524398766458034515380859375">
        <ele>919.79998779296875</ele>
        <time>2026-04-20T17:14:05.000Z</time>
        <extensions>
          <ns3:TrackPointExtension>
            <ns3:hr>91</ns3:hr>
          </ns3:TrackPointExtension>
        </extensions>
      </trkpt>
      <trkpt lat="-25.1405202783644199371337890625" lon="-48.8524164073169231414794921875">
        <ele>919.5999755859375</ele>
        <time>2026-04-20T17:14:14.000Z</time>
        <extensions>
          <ns3:TrackPointExtension>
            <ns3:hr>89</ns3:hr>
          </ns3:TrackPointExtension>
        </extensions>
      </trkpt>
      <trkpt lat="-25.14047023840248584747314453125" lon="-48.8523563928902149200439453125">
        <ele>919</ele>
        <time>2026-04-20T17:14:24.000Z</time>
        <extensions>
          <ns3:TrackPointExtension>
            <ns3:hr>88</ns3:hr>
          </ns3:TrackPointExtension>
        </extensions>
      </trkpt>
      <trkpt lat="-25.14043285511434078216552734375" lon="-48.852304928004741668701171875">
        <ele>919.20001220703125</ele>
        <time>2026-04-20T17:14:31.000Z</time>
        <extensions>
          <ns3:TrackPointExtension>
            <ns3:hr>85</ns3:hr>
          </ns3:TrackPointExtension>
        </extensions>
      </trkpt>
      <trkpt lat="-25.140425227582454681396484375" lon="-48.85229880921542644500732421875">
        <ele>919.20001220703125</ele>
        <time>2026-04-20T17:14:32.000Z</time>
        <extensions>
          <ns3:TrackPointExtension>
            <ns3:hr>84</ns3:hr>
          </ns3:TrackPointExtension>
        </extensions>
      </trkpt>
      <trkpt lat="-25.14040477573871612548828125" lon="-48.85228455998003482818603515625">
        <ele>919.20001220703125</ele>
        <time>2026-04-20T17:14:36.000Z</time>
        <extensions>
          <ns3:TrackPointExtension>
            <ns3:hr>81</ns3:hr>
          </ns3:TrackPointExtension>
        </extensions>
      </trkpt>
      <trkpt lat="-25.14038323424756526947021484375" lon="-48.85228472761809825897216796875">
        <ele>919.4000244140625</ele>
        <time>2026-04-20T17:14:39.000Z</time>
        <extensions>
          <ns3:TrackPointExtension>
            <ns3:hr>81</ns3:hr>
          </ns3:TrackPointExtension>
        </extensions>
      </trkpt>
      <trkpt lat="-25.1403228007256984710693359375" lon="-48.85231272317469120025634765625">
        <ele>919.4000244140625</ele>
        <time>2026-04-20T17:14:44.000Z</time>
        <extensions>
          <ns3:TrackPointExtension>
            <ns3:hr>78</ns3:hr>
          </ns3:TrackPointExtension>
        </extensions>
      </trkpt>
      <trkpt lat="-25.140285752713680267333984375" lon="-48.85232328437268733978271484375">
        <ele>920.20001220703125</ele>
        <time>2026-04-20T17:14:48.000Z</time>
        <extensions>
          <ns3:TrackPointExtension>
            <ns3:hr>77</ns3:hr>
          </ns3:TrackPointExtension>
        </extensions>
      </trkpt>
      <trkpt lat="-25.14026991091668605804443359375" lon="-48.8523280620574951171875">
        <ele>921</ele>
        <time>2026-04-20T17:14:51.000Z</time>
        <extensions>
          <ns3:TrackPointExtension>
            <ns3:hr>74</ns3:hr>
          </ns3:TrackPointExtension>
        </extensions>
      </trkpt>
      <trkpt lat="-25.14024778269231319427490234375" lon="-48.85230249725282192230224609375">
        <ele>922.5999755859375</ele>
        <time>2026-04-20T17:14:55.000Z</time>
        <extensions>
          <ns3:TrackPointExtension>
            <ns3:hr>75</ns3:hr>
          </ns3:TrackPointExtension>
        </extensions>
      </trkpt>
      <trkpt lat="-25.14023420400917530059814453125" lon="-48.85227249003946781158447265625">
        <ele>923.79998779296875</ele>
        <time>2026-04-20T17:14:57.000Z</time>
        <extensions>
          <ns3:TrackPointExtension>
            <ns3:hr>78</ns3:hr>
          </ns3:TrackPointExtension>
        </extensions>
      </trkpt>
      <trkpt lat="-25.14018357731401920318603515625" lon="-48.8522464223206043243408203125">
        <ele>926</ele>
        <time>2026-04-20T17:15:03.000Z</time>
        <extensions>
          <ns3:TrackPointExtension>
            <ns3:hr>77</ns3:hr>
          </ns3:TrackPointExtension>
        </extensions>
      </trkpt>
      <trkpt lat="-25.14016597531735897064208984375" lon="-48.85221339762210845947265625">
        <ele>926.79998779296875</ele>
        <time>2026-04-20T17:15:08.000Z</time>
        <extensions>
          <ns3:TrackPointExtension>
            <ns3:hr>80</ns3:hr>
          </ns3:TrackPointExtension>
        </extensions>
      </trkpt>
      <trkpt lat="-25.1401635445654392242431640625" lon="-48.85220375843346118927001953125">
        <ele>927</ele>
        <time>2026-04-20T17:15:10.000Z</time>
        <extensions>
          <ns3:TrackPointExtension>
            <ns3:hr>81</ns3:hr>
          </ns3:TrackPointExtension>
        </extensions>
      </trkpt>
      <trkpt lat="-25.140147618949413299560546875" lon="-48.85219017975032329559326171875">
        <ele>927.5999755859375</ele>
        <time>2026-04-20T17:15:14.000Z</time>
        <extensions>
          <ns3:TrackPointExtension>
            <ns3:hr>84</ns3:hr>
          </ns3:TrackPointExtension>
        </extensions>
      </trkpt>
      <trkpt lat="-25.140146948397159576416015625" lon="-48.85216469876468181610107421875">
        <ele>927.79998779296875</ele>
        <time>2026-04-20T17:15:17.000Z</time>
        <extensions>
          <ns3:TrackPointExtension>
            <ns3:hr>84</ns3:hr>
          </ns3:TrackPointExtension>
        </extensions>
      </trkpt>
      <trkpt lat="-25.1401209644973278045654296875" lon="-48.85213552974164485931396484375">
        <ele>928.20001220703125</ele>
        <time>2026-04-20T17:15:23.000Z</time>
        <extensions>
          <ns3:TrackPointExtension>
            <ns3:hr>84</ns3:hr>
          </ns3:TrackPointExtension>
        </extensions>
      </trkpt>
      <trkpt lat="-25.14009003527462482452392578125" lon="-48.852066881954669952392578125">
        <ele>929.20001220703125</ele>
        <time>2026-04-20T17:15:32.000Z</time>
        <extensions>
          <ns3:TrackPointExtension>
            <ns3:hr>82</ns3:hr>
          </ns3:TrackPointExtension>
        </extensions>
      </trkpt>
      <trkpt lat="-25.14003932476043701171875" lon="-48.85200024582445621490478515625">
        <ele>929.5999755859375</ele>
        <time>2026-04-20T17:15:42.000Z</time>
        <extensions>
          <ns3:TrackPointExtension>
            <ns3:hr>78</ns3:hr>
          </ns3:TrackPointExtension>
        </extensions>
      </trkpt>
      <trkpt lat="-25.1400384865701198577880859375" lon="-48.8519885949790477752685546875">
        <ele>929.5999755859375</ele>
        <time>2026-04-20T17:15:44.000Z</time>
        <extensions>
          <ns3:TrackPointExtension>
            <ns3:hr>81</ns3:hr>
          </ns3:TrackPointExtension>
        </extensions>
      </trkpt>
      <trkpt lat="-25.140022896230220794677734375" lon="-48.85199588723480701446533203125">
        <ele>929.20001220703125</ele>
        <time>2026-04-20T17:15:47.000Z</time>
        <extensions>
          <ns3:TrackPointExtension>
            <ns3:hr>77</ns3:hr>
          </ns3:TrackPointExtension>
        </extensions>
      </trkpt>
      <trkpt lat="-25.14000554569065570831298828125" lon="-48.8519860804080963134765625">
        <ele>929</ele>
        <time>2026-04-20T17:15:49.000Z</time>
        <extensions>
          <ns3:TrackPointExtension>
            <ns3:hr>80</ns3:hr>
          </ns3:TrackPointExtension>
        </extensions>
      </trkpt>
      <trkpt lat="-25.1400083117187023162841796875" lon="-48.85197199881076812744140625">
        <ele>929</ele>
        <time>2026-04-20T17:15:50.000Z</time>
        <extensions>
          <ns3:TrackPointExtension>
            <ns3:hr>80</ns3:hr>
          </ns3:TrackPointExtension>
        </extensions>
      </trkpt>
      <trkpt lat="-25.14000873081386089324951171875" lon="-48.85188809596002101898193359375">
        <ele>927.4000244140625</ele>
        <time>2026-04-20T17:15:57.000Z</time>
        <extensions>
          <ns3:TrackPointExtension>
            <ns3:hr>81</ns3:hr>
          </ns3:TrackPointExtension>
        </extensions>
      </trkpt>
      <trkpt lat="-25.13998677022755146026611328125" lon="-48.85186814703047275543212890625">
        <ele>927</ele>
        <time>2026-04-20T17:16:01.000Z</time>
        <extensions>
          <ns3:TrackPointExtension>
            <ns3:hr>84</ns3:hr>
          </ns3:TrackPointExtension>
        </extensions>
      </trkpt>
      <trkpt lat="-25.1399548351764678955078125" lon="-48.85184735991060733795166015625">
        <ele>927</ele>
        <time>2026-04-20T17:16:05.000Z</time>
        <extensions>
          <ns3:TrackPointExtension>
            <ns3:hr>79</ns3:hr>
          </ns3:TrackPointExtension>
        </extensions>
      </trkpt>
      <trkpt lat="-25.139935724437236785888671875" lon="-48.851842582225799560546875">
        <ele>927.4000244140625</ele>
        <time>2026-04-20T17:16:07.000Z</time>
        <extensions>
          <ns3:TrackPointExtension>
            <ns3:hr>80</ns3:hr>
          </ns3:TrackPointExtension>
        </extensions>
      </trkpt>
      <trkpt lat="-25.1398842595517635345458984375" lon="-48.85180092416703701019287109375">
        <ele>928.5999755859375</ele>
        <time>2026-04-20T17:16:16.000Z</time>
        <extensions>
          <ns3:TrackPointExtension>
            <ns3:hr>82</ns3:hr>
          </ns3:TrackPointExtension>
        </extensions>
      </trkpt>
      <trkpt lat="-25.1398716866970062255859375" lon="-48.8517857529222965240478515625">
        <ele>928.79998779296875</ele>
        <time>2026-04-20T17:16:18.000Z</time>
        <extensions>
          <ns3:TrackPointExtension>
            <ns3:hr>81</ns3:hr>
          </ns3:TrackPointExtension>
        </extensions>
      </trkpt>
      <trkpt lat="-25.13985492289066314697265625" lon="-48.85173856280744075775146484375">
        <ele>929.20001220703125</ele>
        <time>2026-04-20T17:16:23.000Z</time>
        <extensions>
          <ns3:TrackPointExtension>
            <ns3:hr>80</ns3:hr>
          </ns3:TrackPointExtension>
        </extensions>
      </trkpt>
      <trkpt lat="-25.13984058983623981475830078125" lon="-48.8517227210104465484619140625">
        <ele>930</ele>
        <time>2026-04-20T17:16:25.000Z</time>
        <extensions>
          <ns3:TrackPointExtension>
            <ns3:hr>80</ns3:hr>
          </ns3:TrackPointExtension>
        </extensions>
      </trkpt>
      <trkpt lat="-25.1397987641394138336181640625" lon="-48.851654492318630218505859375">
        <ele>932.79998779296875</ele>
        <time>2026-04-20T17:16:35.000Z</time>
        <extensions>
          <ns3:TrackPointExtension>
            <ns3:hr>81</ns3:hr>
          </ns3:TrackPointExtension>
        </extensions>
      </trkpt>
      <trkpt lat="-25.1397521607577800750732421875" lon="-48.85158098302781581878662109375">
        <ele>933.20001220703125</ele>
        <time>2026-04-20T17:16:43.000Z</time>
        <extensions>
          <ns3:TrackPointExtension>
            <ns3:hr>82</ns3:hr>
          </ns3:TrackPointExtension>
        </extensions>
      </trkpt>
      <trkpt lat="-25.139723159372806549072265625" lon="-48.85154460556805133819580078125">
        <ele>933.20001220703125</ele>
        <time>2026-04-20T17:16:49.000Z</time>
        <extensions>
          <ns3:TrackPointExtension>
            <ns3:hr>85</ns3:hr>
          </ns3:TrackPointExtension>
        </extensions>
      </trkpt>
      <trkpt lat="-25.139714442193508148193359375" lon="-48.8515376485884189605712890625">
        <ele>933.4000244140625</ele>
        <time>2026-04-20T17:16:51.000Z</time>
        <extensions>
          <ns3:TrackPointExtension>
            <ns3:hr>83</ns3:hr>
          </ns3:TrackPointExtension>
        </extensions>
      </trkpt>
      <trkpt lat="-25.1396732032299041748046875" lon="-48.85150319896638393402099609375">
        <ele>934</ele>
        <time>2026-04-20T17:16:58.000Z</time>
        <extensions>
          <ns3:TrackPointExtension>
            <ns3:hr>83</ns3:hr>
          </ns3:TrackPointExtension>
        </extensions>
      </trkpt>
      <trkpt lat="-25.1396281085908412933349609375" lon="-48.851483166217803955078125">
        <ele>934.20001220703125</ele>
        <time>2026-04-20T17:17:03.000Z</time>
        <extensions>
          <ns3:TrackPointExtension>
            <ns3:hr>83</ns3:hr>
          </ns3:TrackPointExtension>
        </extensions>
      </trkpt>
      <trkpt lat="-25.1396197266876697540283203125" lon="-48.8514685817062854766845703125">
        <ele>934.20001220703125</ele>
        <time>2026-04-20T17:17:05.000Z</time>
        <extensions>
          <ns3:TrackPointExtension>
            <ns3:hr>78</ns3:hr>
          </ns3:TrackPointExtension>
        </extensions>
      </trkpt>
      <trkpt lat="-25.13961193151772022247314453125" lon="-48.85146296583116054534912109375">
        <ele>934.4000244140625</ele>
        <time>2026-04-20T17:17:06.000Z</time>
        <extensions>
          <ns3:TrackPointExtension>
            <ns3:hr>83</ns3:hr>
          </ns3:TrackPointExtension>
        </extensions>
      </trkpt>
      <trkpt lat="-25.13958779163658618927001953125" lon="-48.8514494709670543670654296875">
        <ele>934.5999755859375</ele>
        <time>2026-04-20T17:17:09.000Z</time>
        <extensions>
          <ns3:TrackPointExtension>
            <ns3:hr>79</ns3:hr>
          </ns3:TrackPointExtension>
        </extensions>
      </trkpt>
      <trkpt lat="-25.13959080912172794342041015625" lon="-48.8514568470418453216552734375">
        <ele>934.79998779296875</ele>
        <time>2026-04-20T17:17:11.000Z</time>
        <extensions>
          <ns3:TrackPointExtension>
            <ns3:hr>81</ns3:hr>
          </ns3:TrackPointExtension>
        </extensions>
      </trkpt>
      <trkpt lat="-25.139591731131076812744140625" lon="-48.85145793668925762176513671875">
        <ele>935</ele>
        <time>2026-04-20T17:17:13.000Z</time>
        <extensions>
          <ns3:TrackPointExtension>
            <ns3:hr>84</ns3:hr>
          </ns3:TrackPointExtension>
        </extensions>
      </trkpt>
      <trkpt lat="-25.1395922340452671051025390625" lon="-48.85145760141313076019287109375">
        <ele>935.4000244140625</ele>
        <time>2026-04-20T17:17:16.000Z</time>
        <extensions>
          <ns3:TrackPointExtension>
            <ns3:hr>81</ns3:hr>
          </ns3:TrackPointExtension>
        </extensions>
      </trkpt>
      <trkpt lat="-25.1395908929407596588134765625" lon="-48.8514588586986064910888671875">
        <ele>935.79998779296875</ele>
        <time>2026-04-20T17:17:20.000Z</time>
        <extensions>
          <ns3:TrackPointExtension>
            <ns3:hr>78</ns3:hr>
          </ns3:TrackPointExtension>
        </extensions>
      </trkpt>
      <trkpt lat="-25.1395908929407596588134765625" lon="-48.8514588586986064910888671875">
        <ele>936.20001220703125</ele>
        <time>2026-04-20T17:17:24.000Z</time>
        <extensions>
          <ns3:TrackPointExtension>
            <ns3:hr>75</ns3:hr>
          </ns3:TrackPointExtension>
        </extensions>
      </trkpt>
      <trkpt lat="-25.1395885460078716278076171875" lon="-48.851456679403781890869140625">
        <ele>936.20001220703125</ele>
        <time>2026-04-20T17:17:39.000Z</time>
        <extensions>
          <ns3:TrackPointExtension>
            <ns3:hr>78</ns3:hr>
          </ns3:TrackPointExtension>
        </extensions>
      </trkpt>
      <trkpt lat="-25.139586366713047027587890625" lon="-48.8514548353850841522216796875">
        <ele>936.20001220703125</ele>
        <time>2026-04-20T17:17:41.000Z</time>
        <extensions>
          <ns3:TrackPointExtension>
            <ns3:hr>80</ns3:hr>
          </ns3:TrackPointExtension>
        </extensions>
      </trkpt>
      <trkpt lat="-25.13958494178950786590576171875" lon="-48.85145357809960842132568359375">
        <ele>936.20001220703125</ele>
        <time>2026-04-20T17:17:42.000Z</time>
        <extensions>
          <ns3:TrackPointExtension>
            <ns3:hr>85</ns3:hr>
          </ns3:TrackPointExtension>
        </extensions>
      </trkpt>
      <trkpt lat="-25.13957974500954151153564453125" lon="-48.851453326642513275146484375">
        <ele>936</ele>
        <time>2026-04-20T17:17:43.000Z</time>
        <extensions>
          <ns3:TrackPointExtension>
            <ns3:hr>88</ns3:hr>
          </ns3:TrackPointExtension>
        </extensions>
      </trkpt>
      <trkpt lat="-25.1395737938582897186279296875" lon="-48.85145165026187896728515625">
        <ele>936</ele>
        <time>2026-04-20T17:17:45.000Z</time>
        <extensions>
          <ns3:TrackPointExtension>
            <ns3:hr>91</ns3:hr>
          </ns3:TrackPointExtension>
        </extensions>
      </trkpt>
      <trkpt lat="-25.13956390321254730224609375" lon="-48.85143731720745563507080078125">
        <ele>934.20001220703125</ele>
        <time>2026-04-20T17:18:17.000Z</time>
        <extensions>
          <ns3:TrackPointExtension>
            <ns3:hr>88</ns3:hr>
          </ns3:TrackPointExtension>
        </extensions>
      </trkpt>
      <trkpt lat="-25.1395637355744838714599609375" lon="-48.85143212042748928070068359375">
        <ele>934</ele>
        <time>2026-04-20T17:18:22.000Z</time>
        <extensions>
          <ns3:TrackPointExtension>
            <ns3:hr>85</ns3:hr>
          </ns3:TrackPointExtension>
        </extensions>
      </trkpt>
      <trkpt lat="-25.139559544622898101806640625" lon="-48.85142139159142971038818359375">
        <ele>933</ele>
        <time>2026-04-20T17:18:30.000Z</time>
        <extensions>
          <ns3:TrackPointExtension>
            <ns3:hr>88</ns3:hr>
          </ns3:TrackPointExtension>
        </extensions>
      </trkpt>
      <trkpt lat="-25.139558874070644378662109375" lon="-48.85142088867723941802978515625">
        <ele>932.79998779296875</ele>
        <time>2026-04-20T17:18:31.000Z</time>
        <extensions>
          <ns3:TrackPointExtension>
            <ns3:hr>85</ns3:hr>
          </ns3:TrackPointExtension>
        </extensions>
      </trkpt>
      <trkpt lat="-25.13957706280052661895751953125" lon="-48.85141678154468536376953125">
        <ele>933.4000244140625</ele>
        <time>2026-04-20T17:18:58.000Z</time>
        <extensions>
          <ns3:TrackPointExtension>
            <ns3:hr>82</ns3:hr>
          </ns3:TrackPointExtension>
        </extensions>
      </trkpt>
      <trkpt lat="-25.13957723043859004974365234375" lon="-48.85141678154468536376953125">
        <ele>933.4000244140625</ele>
        <time>2026-04-20T17:18:59.000Z</time>
        <extensions>
          <ns3:TrackPointExtension>
            <ns3:hr>85</ns3:hr>
          </ns3:TrackPointExtension>
        </extensions>
      </trkpt>
      <trkpt lat="-25.1395848579704761505126953125" lon="-48.85141703300178050994873046875">
        <ele>934</ele>
        <time>2026-04-20T17:19:14.000Z</time>
        <extensions>
          <ns3:TrackPointExtension>
            <ns3:hr>82</ns3:hr>
          </ns3:TrackPointExtension>
        </extensions>
      </trkpt>
      <trkpt lat="-25.1395962573587894439697265625" lon="-48.8514407537877559661865234375">
        <ele>935.5999755859375</ele>
        <time>2026-04-20T17:19:24.000Z</time>
        <extensions>
          <ns3:TrackPointExtension>
            <ns3:hr>85</ns3:hr>
          </ns3:TrackPointExtension>
        </extensions>
      </trkpt>
      <trkpt lat="-25.139596424996852874755859375" lon="-48.85144217871129512786865234375">
        <ele>936.4000244140625</ele>
        <time>2026-04-20T17:19:30.000Z</time>
        <extensions>
          <ns3:TrackPointExtension>
            <ns3:hr>82</ns3:hr>
          </ns3:TrackPointExtension>
        </extensions>
      </trkpt>
      <trkpt lat="-25.139596424996852874755859375" lon="-48.85144217871129512786865234375">
        <ele>936.5999755859375</ele>
        <time>2026-04-20T17:19:31.000Z</time>
        <extensions>
          <ns3:TrackPointExtension>
            <ns3:hr>86</ns3:hr>
          </ns3:TrackPointExtension>
        </extensions>
      </trkpt>
      <trkpt lat="-25.1395878754556179046630859375" lon="-48.8514457829296588897705078125">
        <ele>936</ele>
        <time>2026-04-20T17:20:10.000Z</time>
        <extensions>
          <ns3:TrackPointExtension>
            <ns3:hr>89</ns3:hr>
          </ns3:TrackPointExtension>
        </extensions>
      </trkpt>
      <trkpt lat="-25.13959399424493312835693359375" lon="-48.851450979709625244140625">
        <ele>937.20001220703125</ele>
        <time>2026-04-20T17:20:36.000Z</time>
        <extensions>
          <ns3:TrackPointExtension>
            <ns3:hr>86</ns3:hr>
          </ns3:TrackPointExtension>
        </extensions>
      </trkpt>
      <trkpt lat="-25.13959407806396484375" lon="-48.851450644433498382568359375">
        <ele>937.20001220703125</ele>
        <time>2026-04-20T17:20:41.000Z</time>
        <extensions>
          <ns3:TrackPointExtension>
            <ns3:hr>89</ns3:hr>
          </ns3:TrackPointExtension>
        </extensions>
      </trkpt>
      <trkpt lat="-25.13959608972072601318359375" lon="-48.85145022533833980560302734375">
        <ele>937</ele>
        <time>2026-04-20T17:21:00.000Z</time>
        <extensions>
          <ns3:TrackPointExtension>
            <ns3:hr>86</ns3:hr>
          </ns3:TrackPointExtension>
        </extensions>
      </trkpt>
      <trkpt lat="-25.13959734700620174407958984375" lon="-48.8514501415193080902099609375">
        <ele>937.20001220703125</ele>
        <time>2026-04-20T17:21:08.000Z</time>
        <extensions>
          <ns3:TrackPointExtension>
            <ns3:hr>91</ns3:hr>
          </ns3:TrackPointExtension>
        </extensions>
      </trkpt>
      <trkpt lat="-25.139597766101360321044921875" lon="-48.8514504767954349517822265625">
        <ele>937.20001220703125</ele>
        <time>2026-04-20T17:21:16.000Z</time>
        <extensions>
          <ns3:TrackPointExtension>
            <ns3:hr>94</ns3:hr>
          </ns3:TrackPointExtension>
        </extensions>
      </trkpt>
      <trkpt lat="-25.13959818519651889801025390625" lon="-48.8514504767954349517822265625">
        <ele>937.20001220703125</ele>
        <time>2026-04-20T17:21:23.000Z</time>
        <extensions>
          <ns3:TrackPointExtension>
            <ns3:hr>97</ns3:hr>
          </ns3:TrackPointExtension>
        </extensions>
      </trkpt>
      <trkpt lat="-25.13959852047264575958251953125" lon="-48.8514504767954349517822265625">
        <ele>937.20001220703125</ele>
        <time>2026-04-20T17:21:31.000Z</time>
        <extensions>
          <ns3:TrackPointExtension>
            <ns3:hr>100</ns3:hr>
          </ns3:TrackPointExtension>
        </extensions>
      </trkpt>
      <trkpt lat="-25.1395989395678043365478515625" lon="-48.8514504767954349517822265625">
        <ele>937.20001220703125</ele>
        <time>2026-04-20T17:21:35.000Z</time>
        <extensions>
          <ns3:TrackPointExtension>
            <ns3:hr>103</ns3:hr>
          </ns3:TrackPointExtension>
        </extensions>
      </trkpt>
      <trkpt lat="-25.13959952630102634429931640625" lon="-48.85145056061446666717529296875">
        <ele>937.20001220703125</ele>
        <time>2026-04-20T17:21:50.000Z</time>
        <extensions>
          <ns3:TrackPointExtension>
            <ns3:hr>100</ns3:hr>
          </ns3:TrackPointExtension>
        </extensions>
      </trkpt>
      <trkpt lat="-25.1396009512245655059814453125" lon="-48.851450644433498382568359375">
        <ele>937.4000244140625</ele>
        <time>2026-04-20T17:22:15.000Z</time>
        <extensions>
          <ns3:TrackPointExtension>
            <ns3:hr>97</ns3:hr>
          </ns3:TrackPointExtension>
        </extensions>
      </trkpt>
      <trkpt lat="-25.13960237614810466766357421875" lon="-48.85144284926354885101318359375">
        <ele>937.4000244140625</ele>
        <time>2026-04-20T17:22:23.000Z</time>
        <extensions>
          <ns3:TrackPointExtension>
            <ns3:hr>96</ns3:hr>
          </ns3:TrackPointExtension>
        </extensions>
      </trkpt>
      <trkpt lat="-25.13960539363324642181396484375" lon="-48.85143161751329898834228515625">
        <ele>935.4000244140625</ele>
        <time>2026-04-20T17:22:36.000Z</time>
        <extensions>
          <ns3:TrackPointExtension>
            <ns3:hr>97</ns3:hr>
          </ns3:TrackPointExtension>
        </extensions>
      </trkpt>
      <trkpt lat="-25.1396130211651325225830078125" lon="-48.851444609463214874267578125">
        <ele>935.4000244140625</ele>
        <time>2026-04-20T17:22:45.000Z</time>
        <extensions>
          <ns3:TrackPointExtension>
            <ns3:hr>93</ns3:hr>
          </ns3:TrackPointExtension>
        </extensions>
      </trkpt>
      <trkpt lat="-25.139618217945098876953125" lon="-48.85147268883883953094482421875">
        <ele>937.5999755859375</ele>
        <time>2026-04-20T17:22:55.000Z</time>
        <extensions>
          <ns3:TrackPointExtension>
            <ns3:hr>90</ns3:hr>
          </ns3:TrackPointExtension>
        </extensions>
      </trkpt>
      <trkpt lat="-25.13962182216346263885498046875" lon="-48.85138685815036296844482421875">
        <ele>943.5999755859375</ele>
        <time>2026-04-20T17:23:30.000Z</time>
        <extensions>
          <ns3:TrackPointExtension>
            <ns3:hr>90</ns3:hr>
          </ns3:TrackPointExtension>
        </extensions>
      </trkpt>
      <trkpt lat="-25.139618553221225738525390625" lon="-48.85138786397874355316162109375">
        <ele>943.79998779296875</ele>
        <time>2026-04-20T17:23:31.000Z</time>
        <extensions>
          <ns3:TrackPointExtension>
            <ns3:hr>93</ns3:hr>
          </ns3:TrackPointExtension>
        </extensions>
      </trkpt>
      <trkpt lat="-25.13962022960186004638671875" lon="-48.8513847626745700836181640625">
        <ele>943.79998779296875</ele>
        <time>2026-04-20T17:23:32.000Z</time>
        <extensions>
          <ns3:TrackPointExtension>
            <ns3:hr>90</ns3:hr>
          </ns3:TrackPointExtension>
        </extensions>
      </trkpt>
      <trkpt lat="-25.13963892124593257904052734375" lon="-48.8513354770839214324951171875">
        <ele>944.20001220703125</ele>
        <time>2026-04-20T17:23:35.000Z</time>
        <extensions>
          <ns3:TrackPointExtension>
            <ns3:hr>91</ns3:hr>
          </ns3:TrackPointExtension>
        </extensions>
      </trkpt>
      <trkpt lat="-25.13965308666229248046875" lon="-48.85132432915270328521728515625">
        <ele>944.4000244140625</ele>
        <time>2026-04-20T17:23:39.000Z</time>
        <extensions>
          <ns3:TrackPointExtension>
            <ns3:hr>90</ns3:hr>
          </ns3:TrackPointExtension>
        </extensions>
      </trkpt>
      <trkpt lat="-25.1396338082849979400634765625" lon="-48.85127454064786434173583984375">
        <ele>944.20001220703125</ele>
        <time>2026-04-20T17:23:45.000Z</time>
        <extensions>
          <ns3:TrackPointExtension>
            <ns3:hr>92</ns3:hr>
          </ns3:TrackPointExtension>
        </extensions>
      </trkpt>
      <trkpt lat="-25.1396462135016918182373046875" lon="-48.8512546755373477935791015625">
        <ele>944.79998779296875</ele>
        <time>2026-04-20T17:23:48.000Z</time>
        <extensions>
          <ns3:TrackPointExtension>
            <ns3:hr>95</ns3:hr>
          </ns3:TrackPointExtension>
        </extensions>
      </trkpt>
      <trkpt lat="-25.13965300284326076507568359375" lon="-48.85125442408025264739990234375">
        <ele>945.20001220703125</ele>
        <time>2026-04-20T17:23:50.000Z</time>
        <extensions>
          <ns3:TrackPointExtension>
            <ns3:hr>98</ns3:hr>
          </ns3:TrackPointExtension>
        </extensions>
      </trkpt>
      <trkpt lat="-25.1396544277667999267578125" lon="-48.8512352295219898223876953125">
        <ele>946.4000244140625</ele>
        <time>2026-04-20T17:23:53.000Z</time>
        <extensions>
          <ns3:TrackPointExtension>
            <ns3:hr>95</ns3:hr>
          </ns3:TrackPointExtension>
        </extensions>
      </trkpt>
      <trkpt lat="-25.1396629773080348968505859375" lon="-48.8512141071259975433349609375">
        <ele>946.79998779296875</ele>
        <time>2026-04-20T17:23:55.000Z</time>
        <extensions>
          <ns3:TrackPointExtension>
            <ns3:hr>96</ns3:hr>
          </ns3:TrackPointExtension>
        </extensions>
      </trkpt>
      <trkpt lat="-25.13966373167932033538818359375" lon="-48.85119239799678325653076171875">
        <ele>948.20001220703125</ele>
        <time>2026-04-20T17:24:00.000Z</time>
        <extensions>
          <ns3:TrackPointExtension>
            <ns3:hr>95</ns3:hr>
          </ns3:TrackPointExtension>
        </extensions>
      </trkpt>
      <trkpt lat="-25.13968233950436115264892578125" lon="-48.85118016041815280914306640625">
        <ele>949.4000244140625</ele>
        <time>2026-04-20T17:24:05.000Z</time>
        <extensions>
          <ns3:TrackPointExtension>
            <ns3:hr>96</ns3:hr>
          </ns3:TrackPointExtension>
        </extensions>
      </trkpt>
      <trkpt lat="-25.13966741971671581268310546875" lon="-48.85116867721080780029296875">
        <ele>950.20001220703125</ele>
        <time>2026-04-20T17:24:13.000Z</time>
        <extensions>
          <ns3:TrackPointExtension>
            <ns3:hr>96</ns3:hr>
          </ns3:TrackPointExtension>
        </extensions>
      </trkpt>
      <trkpt lat="-25.13966104947030544281005859375" lon="-48.85118200443685054779052734375">
        <ele>952</ele>
        <time>2026-04-20T17:24:20.000Z</time>
        <extensions>
          <ns3:TrackPointExtension>
            <ns3:hr>97</ns3:hr>
          </ns3:TrackPointExtension>
        </extensions>
      </trkpt>
      <trkpt lat="-25.13967697508633136749267578125" lon="-48.8511457107961177825927734375">
        <ele>952.5999755859375</ele>
        <time>2026-04-20T17:24:25.000Z</time>
        <extensions>
          <ns3:TrackPointExtension>
            <ns3:hr>94</ns3:hr>
          </ns3:TrackPointExtension>
        </extensions>
      </trkpt>
      <trkpt lat="-25.1396747119724750518798828125" lon="-48.85112416930496692657470703125">
        <ele>952.4000244140625</ele>
        <time>2026-04-20T17:24:28.000Z</time>
        <extensions>
          <ns3:TrackPointExtension>
            <ns3:hr>97</ns3:hr>
          </ns3:TrackPointExtension>
        </extensions>
      </trkpt>
      <trkpt lat="-25.1396787352859973907470703125" lon="-48.851125426590442657470703125">
        <ele>952.4000244140625</ele>
        <time>2026-04-20T17:24:29.000Z</time>
        <extensions>
          <ns3:TrackPointExtension>
            <ns3:hr>96</ns3:hr>
          </ns3:TrackPointExtension>
        </extensions>
      </trkpt>
      <trkpt lat="-25.1396891288459300994873046875" lon="-48.85112131945788860321044921875">
        <ele>952.20001220703125</ele>
        <time>2026-04-20T17:24:33.000Z</time>
        <extensions>
          <ns3:TrackPointExtension>
            <ns3:hr>93</ns3:hr>
          </ns3:TrackPointExtension>
        </extensions>
      </trkpt>
      <trkpt lat="-25.139690972864627838134765625" lon="-48.85111478157341480255126953125">
        <ele>952</ele>
        <time>2026-04-20T17:24:36.000Z</time>
        <extensions>
          <ns3:TrackPointExtension>
            <ns3:hr>94</ns3:hr>
          </ns3:TrackPointExtension>
        </extensions>
      </trkpt>
      <trkpt lat="-25.1396892964839935302734375" lon="-48.85106465779244899749755859375">
        <ele>951.79998779296875</ele>
        <time>2026-04-20T17:24:43.000Z</time>
        <extensions>
          <ns3:TrackPointExtension>
            <ns3:hr>95</ns3:hr>
          </ns3:TrackPointExtension>
        </extensions>
      </trkpt>
      <trkpt lat="-25.13971067033708095550537109375" lon="-48.851029872894287109375">
        <ele>951.20001220703125</ele>
        <time>2026-04-20T17:24:51.000Z</time>
        <extensions>
          <ns3:TrackPointExtension>
            <ns3:hr>94</ns3:hr>
          </ns3:TrackPointExtension>
        </extensions>
      </trkpt>
      <trkpt lat="-25.13972156681120395660400390625" lon="-48.8510025478899478912353515625">
        <ele>951</ele>
        <time>2026-04-20T17:24:56.000Z</time>
        <extensions>
          <ns3:TrackPointExtension>
            <ns3:hr>95</ns3:hr>
          </ns3:TrackPointExtension>
        </extensions>
      </trkpt>
      <trkpt lat="-25.13970673084259033203125" lon="-48.85097648017108440399169921875">
        <ele>951.20001220703125</ele>
        <time>2026-04-20T17:25:01.000Z</time>
        <extensions>
          <ns3:TrackPointExtension>
            <ns3:hr>97</ns3:hr>
          </ns3:TrackPointExtension>
        </extensions>
      </trkpt>
      <trkpt lat="-25.139704383909702301025390625" lon="-48.8509748876094818115234375">
        <ele>951.20001220703125</ele>
        <time>2026-04-20T17:25:02.000Z</time>
        <extensions>
          <ns3:TrackPointExtension>
            <ns3:hr>94</ns3:hr>
          </ns3:TrackPointExtension>
        </extensions>
      </trkpt>
      <trkpt lat="-25.13968368060886859893798828125" lon="-48.850930295884609222412109375">
        <ele>951.5999755859375</ele>
        <time>2026-04-20T17:25:08.000Z</time>
        <extensions>
          <ns3:TrackPointExtension>
            <ns3:hr>95</ns3:hr>
          </ns3:TrackPointExtension>
        </extensions>
      </trkpt>
      <trkpt lat="-25.1396797411143779754638671875" lon="-48.85088436305522918701171875">
        <ele>954.20001220703125</ele>
        <time>2026-04-20T17:25:14.000Z</time>
        <extensions>
          <ns3:TrackPointExtension>
            <ns3:hr>96</ns3:hr>
          </ns3:TrackPointExtension>
        </extensions>
      </trkpt>
      <trkpt lat="-25.1396830938756465911865234375" lon="-48.8508774898946285247802734375">
        <ele>956</ele>
        <time>2026-04-20T17:25:22.000Z</time>
        <extensions>
          <ns3:TrackPointExtension>
            <ns3:hr>97</ns3:hr>
          </ns3:TrackPointExtension>
        </extensions>
      </trkpt>
      <trkpt lat="-25.13968066312372684478759765625" lon="-48.850843794643878936767578125">
        <ele>956.20001220703125</ele>
        <time>2026-04-20T17:25:28.000Z</time>
        <extensions>
          <ns3:TrackPointExtension>
            <ns3:hr>96</ns3:hr>
          </ns3:TrackPointExtension>
        </extensions>
      </trkpt>
      <trkpt lat="-25.139680914580821990966796875" lon="-48.85083742439746856689453125">
        <ele>957</ele>
        <time>2026-04-20T17:25:32.000Z</time>
        <extensions>
          <ns3:TrackPointExtension>
            <ns3:hr>96</ns3:hr>
          </ns3:TrackPointExtension>
        </extensions>
      </trkpt>
      <trkpt lat="-25.1396767236292362213134765625" lon="-48.85082460008561611175537109375">
        <ele>957</ele>
        <time>2026-04-20T17:25:38.000Z</time>
        <extensions>
          <ns3:TrackPointExtension>
            <ns3:hr>95</ns3:hr>
          </ns3:TrackPointExtension>
        </extensions>
      </trkpt>
      <trkpt lat="-25.13969273306429386138916015625" lon="-48.85079878382384777069091796875">
        <ele>957.4000244140625</ele>
        <time>2026-04-20T17:25:46.000Z</time>
        <extensions>
          <ns3:TrackPointExtension>
            <ns3:hr>92</ns3:hr>
          </ns3:TrackPointExtension>
        </extensions>
      </trkpt>
      <trkpt lat="-25.13969206251204013824462890625" lon="-48.8507960177958011627197265625">
        <ele>957.20001220703125</ele>
        <time>2026-04-20T17:25:47.000Z</time>
        <extensions>
          <ns3:TrackPointExtension>
            <ns3:hr>93</ns3:hr>
          </ns3:TrackPointExtension>
        </extensions>
      </trkpt>
      <trkpt lat="-25.1396954990923404693603515625" lon="-48.8507896475493907928466796875">
        <ele>956.79998779296875</ele>
        <time>2026-04-20T17:25:56.000Z</time>
        <extensions>
          <ns3:TrackPointExtension>
            <ns3:hr>98</ns3:hr>
          </ns3:TrackPointExtension>
        </extensions>
      </trkpt>
      <trkpt lat="-25.13969575054943561553955078125" lon="-48.85079048573970794677734375">
        <ele>956.79998779296875</ele>
        <time>2026-04-20T17:25:57.000Z</time>
        <extensions>
          <ns3:TrackPointExtension>
            <ns3:hr>97</ns3:hr>
          </ns3:TrackPointExtension>
        </extensions>
      </trkpt>
      <trkpt lat="-25.13969038613140583038330078125" lon="-48.8507966883480548858642578125">
        <ele>957.5999755859375</ele>
        <time>2026-04-20T17:25:59.000Z</time>
        <extensions>
          <ns3:TrackPointExtension>
            <ns3:hr>100</ns3:hr>
          </ns3:TrackPointExtension>
        </extensions>
      </trkpt>
      <trkpt lat="-25.139684937894344329833984375" lon="-48.85077749378979206085205078125">
        <ele>959</ele>
        <time>2026-04-20T17:26:04.000Z</time>
        <extensions>
          <ns3:TrackPointExtension>
            <ns3:hr>105</ns3:hr>
          </ns3:TrackPointExtension>
        </extensions>
      </trkpt>
      <trkpt lat="-25.13967965729534626007080078125" lon="-48.850767351686954498291015625">
        <ele>959.20001220703125</ele>
        <time>2026-04-20T17:26:06.000Z</time>
        <extensions>
          <ns3:TrackPointExtension>
            <ns3:hr>102</ns3:hr>
          </ns3:TrackPointExtension>
        </extensions>
      </trkpt>
      <trkpt lat="-25.139680244028568267822265625" lon="-48.850766010582447052001953125">
        <ele>959.5999755859375</ele>
        <time>2026-04-20T17:26:07.000Z</time>
        <extensions>
          <ns3:TrackPointExtension>
            <ns3:hr>106</ns3:hr>
          </ns3:TrackPointExtension>
        </extensions>
      </trkpt>
      <trkpt lat="-25.1396814174950122833251953125" lon="-48.85076642967760562896728515625">
        <ele>960</ele>
        <time>2026-04-20T17:26:08.000Z</time>
        <extensions>
          <ns3:TrackPointExtension>
            <ns3:hr>109</ns3:hr>
          </ns3:TrackPointExtension>
        </extensions>
      </trkpt>
      <trkpt lat="-25.1396807469427585601806640625" lon="-48.850768692791461944580078125">
        <ele>960.79998779296875</ele>
        <time>2026-04-20T17:26:10.000Z</time>
        <extensions>
          <ns3:TrackPointExtension>
            <ns3:hr>109</ns3:hr>
          </ns3:TrackPointExtension>
        </extensions>
      </trkpt>
      <trkpt lat="-25.13968183659017086029052734375" lon="-48.8507710397243499755859375">
        <ele>961.20001220703125</ele>
        <time>2026-04-20T17:26:11.000Z</time>
        <extensions>
          <ns3:TrackPointExtension>
            <ns3:hr>112</ns3:hr>
          </ns3:TrackPointExtension>
        </extensions>
      </trkpt>
      <trkpt lat="-25.13969826512038707733154296875" lon="-48.85075964033603668212890625">
        <ele>962.20001220703125</ele>
        <time>2026-04-20T17:26:17.000Z</time>
        <extensions>
          <ns3:TrackPointExtension>
            <ns3:hr>111</ns3:hr>
          </ns3:TrackPointExtension>
        </extensions>
      </trkpt>
      <trkpt lat="-25.1397142745554447174072265625" lon="-48.85072854347527027130126953125">
        <ele>962.4000244140625</ele>
        <time>2026-04-20T17:26:41.000Z</time>
        <extensions>
          <ns3:TrackPointExtension>
            <ns3:hr>108</ns3:hr>
          </ns3:TrackPointExtension>
        </extensions>
      </trkpt>
      <trkpt lat="-25.139719806611537933349609375" lon="-48.85069149546325206756591796875">
        <ele>962.79998779296875</ele>
        <time>2026-04-20T17:26:48.000Z</time>
        <extensions>
          <ns3:TrackPointExtension>
            <ns3:hr>111</ns3:hr>
          </ns3:TrackPointExtension>
        </extensions>
      </trkpt>
      <trkpt lat="-25.1397216506302356719970703125" lon="-48.850686214864253997802734375">
        <ele>963.20001220703125</ele>
        <time>2026-04-20T17:26:51.000Z</time>
        <extensions>
          <ns3:TrackPointExtension>
            <ns3:hr>108</ns3:hr>
          </ns3:TrackPointExtension>
        </extensions>
      </trkpt>
      <trkpt lat="-25.13978979550302028656005859375" lon="-48.85061974637210369110107421875">
        <ele>964.20001220703125</ele>
        <time>2026-04-20T17:27:25.000Z</time>
        <extensions>
          <ns3:TrackPointExtension>
            <ns3:hr>111</ns3:hr>
          </ns3:TrackPointExtension>
        </extensions>
      </trkpt>
      <trkpt lat="-25.13981326483190059661865234375" lon="-48.85057046078145503997802734375">
        <ele>964.4000244140625</ele>
        <time>2026-04-20T17:27:35.000Z</time>
        <extensions>
          <ns3:TrackPointExtension>
            <ns3:hr>114</ns3:hr>
          </ns3:TrackPointExtension>
        </extensions>
      </trkpt>
      <trkpt lat="-25.1398151926696300506591796875" lon="-48.850553445518016815185546875">
        <ele>964.5999755859375</ele>
        <time>2026-04-20T17:27:39.000Z</time>
        <extensions>
          <ns3:TrackPointExtension>
            <ns3:hr>117</ns3:hr>
          </ns3:TrackPointExtension>
        </extensions>
      </trkpt>
      <trkpt lat="-25.13982164673507213592529296875" lon="-48.850481025874614715576171875">
        <ele>965.20001220703125</ele>
        <time>2026-04-20T17:27:48.000Z</time>
        <extensions>
          <ns3:TrackPointExtension>
            <ns3:hr>120</ns3:hr>
          </ns3:TrackPointExtension>
        </extensions>
      </trkpt>
      <trkpt lat="-25.13982047326862812042236328125" lon="-48.85042193345725536346435546875">
        <ele>965.20001220703125</ele>
        <time>2026-04-20T17:27:51.000Z</time>
        <extensions>
          <ns3:TrackPointExtension>
            <ns3:hr>122</ns3:hr>
          </ns3:TrackPointExtension>
        </extensions>
      </trkpt>
      <trkpt lat="-25.13985852710902690887451171875" lon="-48.8503175787627696990966796875">
        <ele>965.20001220703125</ele>
        <time>2026-04-20T17:27:58.000Z</time>
        <extensions>
          <ns3:TrackPointExtension>
            <ns3:hr>122</ns3:hr>
          </ns3:TrackPointExtension>
        </extensions>
      </trkpt>
      <trkpt lat="-25.139864981174468994140625" lon="-48.85026854462921619415283203125">
        <ele>965.20001220703125</ele>
        <time>2026-04-20T17:28:02.000Z</time>
        <extensions>
          <ns3:TrackPointExtension>
            <ns3:hr>119</ns3:hr>
          </ns3:TrackPointExtension>
        </extensions>
      </trkpt>
      <trkpt lat="-25.13985064812004566192626953125" lon="-48.85023568756878376007080078125">
        <ele>965.4000244140625</ele>
        <time>2026-04-20T17:28:06.000Z</time>
        <extensions>
          <ns3:TrackPointExtension>
            <ns3:hr>116</ns3:hr>
          </ns3:TrackPointExtension>
        </extensions>
      </trkpt>
      <trkpt lat="-25.13984813354909420013427734375" lon="-48.85023132897913455963134765625">
        <ele>965.5999755859375</ele>
        <time>2026-04-20T17:28:07.000Z</time>
        <extensions>
          <ns3:TrackPointExtension>
            <ns3:hr>116</ns3:hr>
          </ns3:TrackPointExtension>
        </extensions>
      </trkpt>
      <trkpt lat="-25.13985215686261653900146484375" lon="-48.8502123020589351654052734375">
        <ele>965.79998779296875</ele>
        <time>2026-04-20T17:28:12.000Z</time>
        <extensions>
          <ns3:TrackPointExtension>
            <ns3:hr>116</ns3:hr>
          </ns3:TrackPointExtension>
        </extensions>
      </trkpt>
      <trkpt lat="-25.13990060426294803619384765625" lon="-48.85021288879215717315673828125">
        <ele>966.4000244140625</ele>
        <time>2026-04-20T17:28:18.000Z</time>
        <extensions>
          <ns3:TrackPointExtension>
            <ns3:hr>118</ns3:hr>
          </ns3:TrackPointExtension>
        </extensions>
      </trkpt>
      <trkpt lat="-25.13990588486194610595703125" lon="-48.850201405584812164306640625">
        <ele>967.4000244140625</ele>
        <time>2026-04-20T17:28:23.000Z</time>
        <extensions>
          <ns3:TrackPointExtension>
            <ns3:hr>119</ns3:hr>
          </ns3:TrackPointExtension>
        </extensions>
      </trkpt>
      <trkpt lat="-25.13993279077112674713134765625" lon="-48.85014005005359649658203125">
        <ele>970.4000244140625</ele>
        <time>2026-04-20T17:28:30.000Z</time>
        <extensions>
          <ns3:TrackPointExtension>
            <ns3:hr>120</ns3:hr>
          </ns3:TrackPointExtension>
        </extensions>
      </trkpt>
      <trkpt lat="-25.13992491178214550018310546875" lon="-48.8500976376235485076904296875">
        <ele>974</ele>
        <time>2026-04-20T17:28:36.000Z</time>
        <extensions>
          <ns3:TrackPointExtension>
            <ns3:hr>120</ns3:hr>
          </ns3:TrackPointExtension>
        </extensions>
      </trkpt>
      <trkpt lat="-25.13992524705827236175537109375" lon="-48.8500899262726306915283203125">
        <ele>976.20001220703125</ele>
        <time>2026-04-20T17:28:41.000Z</time>
        <extensions>
          <ns3:TrackPointExtension>
            <ns3:hr>121</ns3:hr>
          </ns3:TrackPointExtension>
        </extensions>
      </trkpt>
      <trkpt lat="-25.1399038732051849365234375" lon="-48.85009235702455043792724609375">
        <ele>976.20001220703125</ele>
        <time>2026-04-20T17:28:46.000Z</time>
        <extensions>
          <ns3:TrackPointExtension>
            <ns3:hr>124</ns3:hr>
          </ns3:TrackPointExtension>
        </extensions>
      </trkpt>
      <trkpt lat="-25.13990127481520175933837890625" lon="-48.85009311139583587646484375">
        <ele>976.20001220703125</ele>
        <time>2026-04-20T17:28:47.000Z</time>
        <extensions>
          <ns3:TrackPointExtension>
            <ns3:hr>124</ns3:hr>
          </ns3:TrackPointExtension>
        </extensions>
      </trkpt>
      <trkpt lat="-25.139902532100677490234375" lon="-48.8500956259667873382568359375">
        <ele>975</ele>
        <time>2026-04-20T17:28:52.000Z</time>
        <extensions>
          <ns3:TrackPointExtension>
            <ns3:hr>127</ns3:hr>
          </ns3:TrackPointExtension>
        </extensions>
      </trkpt>
      <trkpt lat="-25.139906220138072967529296875" lon="-48.85009923018515110015869140625">
        <ele>974.20001220703125</ele>
        <time>2026-04-20T17:28:55.000Z</time>
        <extensions>
          <ns3:TrackPointExtension>
            <ns3:hr>128</ns3:hr>
          </ns3:TrackPointExtension>
        </extensions>
      </trkpt>
      <trkpt lat="-25.13991787098348140716552734375" lon="-48.850074671208858489990234375">
        <ele>973.20001220703125</ele>
        <time>2026-04-20T17:29:03.000Z</time>
        <extensions>
          <ns3:TrackPointExtension>
            <ns3:hr>127</ns3:hr>
          </ns3:TrackPointExtension>
        </extensions>
      </trkpt>
      <trkpt lat="-25.13993916101753711700439453125" lon="-48.8500473462045192718505859375">
        <ele>975.20001220703125</ele>
        <time>2026-04-20T17:29:10.000Z</time>
        <extensions>
          <ns3:TrackPointExtension>
            <ns3:hr>126</ns3:hr>
          </ns3:TrackPointExtension>
        </extensions>
      </trkpt>
      <trkpt lat="-25.13993647880852222442626953125" lon="-48.85004089213907718658447265625">
        <ele>976</ele>
        <time>2026-04-20T17:29:13.000Z</time>
        <extensions>
          <ns3:TrackPointExtension>
            <ns3:hr>129</ns3:hr>
          </ns3:TrackPointExtension>
        </extensions>
      </trkpt>
      <trkpt lat="-25.13993362896144390106201171875" lon="-48.85003301315009593963623046875">
        <ele>976.20001220703125</ele>
        <time>2026-04-20T17:29:14.000Z</time>
        <extensions>
          <ns3:TrackPointExtension>
            <ns3:hr>132</ns3:hr>
          </ns3:TrackPointExtension>
        </extensions>
      </trkpt>
      <trkpt lat="-25.13993513770401477813720703125" lon="-48.85002873837947845458984375">
        <ele>976.79998779296875</ele>
        <time>2026-04-20T17:29:16.000Z</time>
        <extensions>
          <ns3:TrackPointExtension>
            <ns3:hr>136</ns3:hr>
          </ns3:TrackPointExtension>
        </extensions>
      </trkpt>
      <trkpt lat="-25.13993538916110992431640625" lon="-48.85002546943724155426025390625">
        <ele>977.4000244140625</ele>
        <time>2026-04-20T17:29:18.000Z</time>
        <extensions>
          <ns3:TrackPointExtension>
            <ns3:hr>138</ns3:hr>
          </ns3:TrackPointExtension>
        </extensions>
      </trkpt>
      <trkpt lat="-25.1399409212172031402587890625" lon="-48.85001935064792633056640625">
        <ele>978.5999755859375</ele>
        <time>2026-04-20T17:29:21.000Z</time>
        <extensions>
          <ns3:TrackPointExtension>
            <ns3:hr>135</ns3:hr>
          </ns3:TrackPointExtension>
        </extensions>
      </trkpt>
      <trkpt lat="-25.1399399153888225555419921875" lon="-48.85001398622989654541015625">
        <ele>979.5999755859375</ele>
        <time>2026-04-20T17:29:24.000Z</time>
        <extensions>
          <ns3:TrackPointExtension>
            <ns3:hr>132</ns3:hr>
          </ns3:TrackPointExtension>
        </extensions>
      </trkpt>
      <trkpt lat="-25.13993664644658565521240234375" lon="-48.85000501759350299835205078125">
        <ele>980.4000244140625</ele>
        <time>2026-04-20T17:29:26.000Z</time>
        <extensions>
          <ns3:TrackPointExtension>
            <ns3:hr>130</ns3:hr>
          </ns3:TrackPointExtension>
        </extensions>
      </trkpt>
      <trkpt lat="-25.13993647880852222442626953125" lon="-48.84999244473874568939208984375">
        <ele>981.5999755859375</ele>
        <time>2026-04-20T17:29:34.000Z</time>
        <extensions>
          <ns3:TrackPointExtension>
            <ns3:hr>128</ns3:hr>
          </ns3:TrackPointExtension>
        </extensions>
      </trkpt>
      <trkpt lat="-25.13993647880852222442626953125" lon="-48.84999244473874568939208984375">
        <ele>981.5999755859375</ele>
        <time>2026-04-20T17:29:40.000Z</time>
        <extensions>
          <ns3:TrackPointExtension>
            <ns3:hr>125</ns3:hr>
          </ns3:TrackPointExtension>
        </extensions>
      </trkpt>
      <trkpt lat="-25.140009485185146331787109375" lon="-48.849966041743755340576171875">
        <ele>983.4000244140625</ele>
        <time>2026-04-20T17:29:57.000Z</time>
        <extensions>
          <ns3:TrackPointExtension>
            <ns3:hr>122</ns3:hr>
          </ns3:TrackPointExtension>
        </extensions>
      </trkpt>
      <trkpt lat="-25.1400401629507541656494140625" lon="-48.84996294043958187103271484375">
        <ele>985.20001220703125</ele>
        <time>2026-04-20T17:30:00.000Z</time>
        <extensions>
          <ns3:TrackPointExtension>
            <ns3:hr>122</ns3:hr>
          </ns3:TrackPointExtension>
        </extensions>
      </trkpt>
      <trkpt lat="-25.1400569267570972442626953125" lon="-48.84994399733841419219970703125">
        <ele>986.79998779296875</ele>
        <time>2026-04-20T17:30:05.000Z</time>
        <extensions>
          <ns3:TrackPointExtension>
            <ns3:hr>122</ns3:hr>
          </ns3:TrackPointExtension>
        </extensions>
      </trkpt>
      <trkpt lat="-25.14006304554641246795654296875" lon="-48.84994047693908214569091796875">
        <ele>987.20001220703125</ele>
        <time>2026-04-20T17:30:11.000Z</time>
        <extensions>
          <ns3:TrackPointExtension>
            <ns3:hr>123</ns3:hr>
          </ns3:TrackPointExtension>
        </extensions>
      </trkpt>
      <trkpt lat="-25.14006807468831539154052734375" lon="-48.8499387167394161224365234375">
        <ele>988.5999755859375</ele>
        <time>2026-04-20T17:30:24.000Z</time>
        <extensions>
          <ns3:TrackPointExtension>
            <ns3:hr>123</ns3:hr>
          </ns3:TrackPointExtension>
        </extensions>
      </trkpt>
      <trkpt lat="-25.14009229838848114013671875" lon="-48.84992220439016819000244140625">
        <ele>988.5999755859375</ele>
        <time>2026-04-20T17:30:28.000Z</time>
        <extensions>
          <ns3:TrackPointExtension>
            <ns3:hr>123</ns3:hr>
          </ns3:TrackPointExtension>
        </extensions>
      </trkpt>
      <trkpt lat="-25.14013378880918025970458984375" lon="-48.8498954661190509796142578125">
        <ele>989.79998779296875</ele>
        <time>2026-04-20T17:30:34.000Z</time>
        <extensions>
          <ns3:TrackPointExtension>
            <ns3:hr>120</ns3:hr>
          </ns3:TrackPointExtension>
        </extensions>
      </trkpt>
      <trkpt lat="-25.140134878456592559814453125" lon="-48.84986579418182373046875">
        <ele>991</ele>
        <time>2026-04-20T17:30:40.000Z</time>
        <extensions>
          <ns3:TrackPointExtension>
            <ns3:hr>121</ns3:hr>
          </ns3:TrackPointExtension>
        </extensions>
      </trkpt>
      <trkpt lat="-25.14013244770467281341552734375" lon="-48.8498461805284023284912109375">
        <ele>991.79998779296875</ele>
        <time>2026-04-20T17:30:44.000Z</time>
        <extensions>
          <ns3:TrackPointExtension>
            <ns3:hr>122</ns3:hr>
          </ns3:TrackPointExtension>
        </extensions>
      </trkpt>
      <trkpt lat="-25.14014904387295246124267578125" lon="-48.84983972646296024322509765625">
        <ele>991.5999755859375</ele>
        <time>2026-04-20T17:30:49.000Z</time>
        <extensions>
          <ns3:TrackPointExtension>
            <ns3:hr>119</ns3:hr>
          </ns3:TrackPointExtension>
        </extensions>
      </trkpt>
      <trkpt lat="-25.1401497982442378997802734375" lon="-48.84983335621654987335205078125">
        <ele>991.4000244140625</ele>
        <time>2026-04-20T17:30:50.000Z</time>
        <extensions>
          <ns3:TrackPointExtension>
            <ns3:hr>119</ns3:hr>
          </ns3:TrackPointExtension>
        </extensions>
      </trkpt>
      <trkpt lat="-25.14018206857144832611083984375" lon="-48.84978926740586757659912109375">
        <ele>990.5999755859375</ele>
        <time>2026-04-20T17:31:00.000Z</time>
        <extensions>
          <ns3:TrackPointExtension>
            <ns3:hr>118</ns3:hr>
          </ns3:TrackPointExtension>
        </extensions>
      </trkpt>
      <trkpt lat="-25.14019346795976161956787109375" lon="-48.84976194240152835845947265625">
        <ele>990</ele>
        <time>2026-04-20T17:31:06.000Z</time>
        <extensions>
          <ns3:TrackPointExtension>
            <ns3:hr>118</ns3:hr>
          </ns3:TrackPointExtension>
        </extensions>
      </trkpt>
      <trkpt lat="-25.14019514434039592742919921875" lon="-48.8497281633317470550537109375">
        <ele>989.5999755859375</ele>
        <time>2026-04-20T17:31:12.000Z</time>
        <extensions>
          <ns3:TrackPointExtension>
            <ns3:hr>118</ns3:hr>
          </ns3:TrackPointExtension>
        </extensions>
      </trkpt>
      <trkpt lat="-25.140209980309009552001953125" lon="-48.84971450082957744598388671875">
        <ele>989.79998779296875</ele>
        <time>2026-04-20T17:31:18.000Z</time>
        <extensions>
          <ns3:TrackPointExtension>
            <ns3:hr>119</ns3:hr>
          </ns3:TrackPointExtension>
        </extensions>
      </trkpt>
      <trkpt lat="-25.1402135007083415985107421875" lon="-48.84969455190002918243408203125">
        <ele>989.20001220703125</ele>
        <time>2026-04-20T17:31:22.000Z</time>
        <extensions>
          <ns3:TrackPointExtension>
            <ns3:hr>119</ns3:hr>
          </ns3:TrackPointExtension>
        </extensions>
      </trkpt>
      <trkpt lat="-25.140205286443233489990234375" lon="-48.84970494545996189117431640625">
        <ele>989</ele>
        <time>2026-04-20T17:31:27.000Z</time>
        <extensions>
          <ns3:TrackPointExtension>
            <ns3:hr>120</ns3:hr>
          </ns3:TrackPointExtension>
        </extensions>
      </trkpt>
      <trkpt lat="-25.140214003622531890869140625" lon="-48.84969488717615604400634765625">
        <ele>989.4000244140625</ele>
        <time>2026-04-20T17:31:31.000Z</time>
        <extensions>
          <ns3:TrackPointExtension>
            <ns3:hr>125</ns3:hr>
          </ns3:TrackPointExtension>
        </extensions>
      </trkpt>
      <trkpt lat="-25.1402161829173564910888671875" lon="-48.8496906124055385589599609375">
        <ele>989.4000244140625</ele>
        <time>2026-04-20T17:31:32.000Z</time>
        <extensions>
          <ns3:TrackPointExtension>
            <ns3:hr>129</ns3:hr>
          </ns3:TrackPointExtension>
        </extensions>
      </trkpt>
      <trkpt lat="-25.1402257382869720458984375" lon="-48.84968181140720844268798828125">
        <ele>989.5999755859375</ele>
        <time>2026-04-20T17:31:33.000Z</time>
        <extensions>
          <ns3:TrackPointExtension>
            <ns3:hr>132</ns3:hr>
          </ns3:TrackPointExtension>
        </extensions>
      </trkpt>
      <trkpt lat="-25.14022816903889179229736328125" lon="-48.84967812336981296539306640625">
        <ele>989.5999755859375</ele>
        <time>2026-04-20T17:31:34.000Z</time>
        <extensions>
          <ns3:TrackPointExtension>
            <ns3:hr>132</ns3:hr>
          </ns3:TrackPointExtension>
        </extensions>
      </trkpt>
      <trkpt lat="-25.14026706106960773468017578125" lon="-48.8496433384716510772705078125">
        <ele>989.79998779296875</ele>
        <time>2026-04-20T17:31:38.000Z</time>
        <extensions>
          <ns3:TrackPointExtension>
            <ns3:hr>132</ns3:hr>
          </ns3:TrackPointExtension>
        </extensions>
      </trkpt>
      <trkpt lat="-25.14030897058546543121337890625" lon="-48.84962372481822967529296875">
        <ele>989.4000244140625</ele>
        <time>2026-04-20T17:31:44.000Z</time>
        <extensions>
          <ns3:TrackPointExtension>
            <ns3:hr>130</ns3:hr>
          </ns3:TrackPointExtension>
        </extensions>
      </trkpt>
      <trkpt lat="-25.14033361338078975677490234375" lon="-48.84961408562958240509033203125">
        <ele>989.4000244140625</ele>
        <time>2026-04-20T17:31:50.000Z</time>
        <extensions>
          <ns3:TrackPointExtension>
            <ns3:hr>129</ns3:hr>
          </ns3:TrackPointExtension>
        </extensions>
      </trkpt>
      <trkpt lat="-25.1403464376926422119140625" lon="-48.84958474896848201751708984375">
        <ele>990</ele>
        <time>2026-04-20T17:31:55.000Z</time>
        <extensions>
          <ns3:TrackPointExtension>
            <ns3:hr>129</ns3:hr>
          </ns3:TrackPointExtension>
        </extensions>
      </trkpt>
      <trkpt lat="-25.140364877879619598388671875" lon="-48.84955876506865024566650390625">
        <ele>990.79998779296875</ele>
        <time>2026-04-20T17:32:04.000Z</time>
        <extensions>
          <ns3:TrackPointExtension>
            <ns3:hr>129</ns3:hr>
          </ns3:TrackPointExtension>
        </extensions>
      </trkpt>
      <trkpt lat="-25.1403737626969814300537109375" lon="-48.84955189190804958343505859375">
        <ele>991</ele>
        <time>2026-04-20T17:32:06.000Z</time>
        <extensions>
          <ns3:TrackPointExtension>
            <ns3:hr>126</ns3:hr>
          </ns3:TrackPointExtension>
        </extensions>
      </trkpt>
      <trkpt lat="-25.1403757743537425994873046875" lon="-48.84953764267265796661376953125">
        <ele>991.20001220703125</ele>
        <time>2026-04-20T17:32:08.000Z</time>
        <extensions>
          <ns3:TrackPointExtension>
            <ns3:hr>125</ns3:hr>
          </ns3:TrackPointExtension>
        </extensions>
      </trkpt>
      <trkpt lat="-25.1403893530368804931640625" lon="-48.8495293445885181427001953125">
        <ele>991.4000244140625</ele>
        <time>2026-04-20T17:32:10.000Z</time>
        <extensions>
          <ns3:TrackPointExtension>
            <ns3:hr>122</ns3:hr>
          </ns3:TrackPointExtension>
        </extensions>
      </trkpt>
      <trkpt lat="-25.14040066860616207122802734375" lon="-48.84953093715012073516845703125">
        <ele>991.79998779296875</ele>
        <time>2026-04-20T17:32:13.000Z</time>
        <extensions>
          <ns3:TrackPointExtension>
            <ns3:hr>120</ns3:hr>
          </ns3:TrackPointExtension>
        </extensions>
      </trkpt>
      <trkpt lat="-25.14039195142686367034912109375" lon="-48.8494907878339290618896484375">
        <ele>992</ele>
        <time>2026-04-20T17:32:18.000Z</time>
        <extensions>
          <ns3:TrackPointExtension>
            <ns3:hr>119</ns3:hr>
          </ns3:TrackPointExtension>
        </extensions>
      </trkpt>
      <trkpt lat="-25.140392370522022247314453125" lon="-48.8494666479527950286865234375">
        <ele>991.20001220703125</ele>
        <time>2026-04-20T17:32:24.000Z</time>
        <extensions>
          <ns3:TrackPointExtension>
            <ns3:hr>120</ns3:hr>
          </ns3:TrackPointExtension>
        </extensions>
      </trkpt>
      <trkpt lat="-25.14038725756108760833740234375" lon="-48.84942658245563507080078125">
        <ele>991.5999755859375</ele>
        <time>2026-04-20T17:32:29.000Z</time>
        <extensions>
          <ns3:TrackPointExtension>
            <ns3:hr>121</ns3:hr>
          </ns3:TrackPointExtension>
        </extensions>
      </trkpt>
      <trkpt lat="-25.14040536247193813323974609375" lon="-48.8494019396603107452392578125">
        <ele>993.4000244140625</ele>
        <time>2026-04-20T17:32:34.000Z</time>
        <extensions>
          <ns3:TrackPointExtension>
            <ns3:hr>122</ns3:hr>
          </ns3:TrackPointExtension>
        </extensions>
      </trkpt>
      <trkpt lat="-25.14044391922652721405029296875" lon="-48.8493814878165721893310546875">
        <ele>995.4000244140625</ele>
        <time>2026-04-20T17:32:40.000Z</time>
        <extensions>
          <ns3:TrackPointExtension>
            <ns3:hr>122</ns3:hr>
          </ns3:TrackPointExtension>
        </extensions>
      </trkpt>
      <trkpt lat="-25.140496306121349334716796875" lon="-48.84937226772308349609375">
        <ele>997.5999755859375</ele>
        <time>2026-04-20T17:32:48.000Z</time>
        <extensions>
          <ns3:TrackPointExtension>
            <ns3:hr>124</ns3:hr>
          </ns3:TrackPointExtension>
        </extensions>
      </trkpt>
      <trkpt lat="-25.1405129022896289825439453125" lon="-48.8493669033050537109375">
        <ele>998</ele>
        <time>2026-04-20T17:32:51.000Z</time>
        <extensions>
          <ns3:TrackPointExtension>
            <ns3:hr>127</ns3:hr>
          </ns3:TrackPointExtension>
        </extensions>
      </trkpt>
      <trkpt lat="-25.1405182667076587677001953125" lon="-48.84936447255313396453857421875">
        <ele>998.4000244140625</ele>
        <time>2026-04-20T17:32:57.000Z</time>
        <extensions>
          <ns3:TrackPointExtension>
            <ns3:hr>129</ns3:hr>
          </ns3:TrackPointExtension>
        </extensions>
      </trkpt>
      <trkpt lat="-25.1405175961554050445556640625" lon="-48.8493643887341022491455078125">
        <ele>998.20001220703125</ele>
        <time>2026-04-20T17:33:12.000Z</time>
        <extensions>
          <ns3:TrackPointExtension>
            <ns3:hr>128</ns3:hr>
          </ns3:TrackPointExtension>
        </extensions>
      </trkpt>
      <trkpt lat="-25.14057450927793979644775390625" lon="-48.84945876896381378173828125">
        <ele>999</ele>
        <time>2026-04-20T17:33:38.000Z</time>
        <extensions>
          <ns3:TrackPointExtension>
            <ns3:hr>128</ns3:hr>
          </ns3:TrackPointExtension>
        </extensions>
      </trkpt>
      <trkpt lat="-25.1406000740826129913330078125" lon="-48.84951517917215824127197265625">
        <ele>999.79998779296875</ele>
        <time>2026-04-20T17:33:44.000Z</time>
        <extensions>
          <ns3:TrackPointExtension>
            <ns3:hr>125</ns3:hr>
          </ns3:TrackPointExtension>
        </extensions>
      </trkpt>
      <trkpt lat="-25.140607617795467376708984375" lon="-48.8495243154466152191162109375">
        <ele>1000.4000244140625</ele>
        <time>2026-04-20T17:33:47.000Z</time>
        <extensions>
          <ns3:TrackPointExtension>
            <ns3:hr>125</ns3:hr>
          </ns3:TrackPointExtension>
        </extensions>
      </trkpt>
      <trkpt lat="-25.14060636050999164581298828125" lon="-48.8495645485818386077880859375">
        <ele>1002</ele>
        <time>2026-04-20T17:33:57.000Z</time>
        <extensions>
          <ns3:TrackPointExtension>
            <ns3:hr>124</ns3:hr>
          </ns3:TrackPointExtension>
        </extensions>
      </trkpt>
      <trkpt lat="-25.140621699392795562744140625" lon="-48.84961173869669437408447265625">
        <ele>1002.79998779296875</ele>
        <time>2026-04-20T17:34:04.000Z</time>
        <extensions>
          <ns3:TrackPointExtension>
            <ns3:hr>124</ns3:hr>
          </ns3:TrackPointExtension>
        </extensions>
      </trkpt>
      <trkpt lat="-25.1406094618141651153564453125" lon="-48.84962012059986591339111328125">
        <ele>1003.79998779296875</ele>
        <time>2026-04-20T17:34:10.000Z</time>
        <extensions>
          <ns3:TrackPointExtension>
            <ns3:hr>124</ns3:hr>
          </ns3:TrackPointExtension>
        </extensions>
      </trkpt>
      <trkpt lat="-25.14060602523386478424072265625" lon="-48.8496138341724872589111328125">
        <ele>1004.20001220703125</ele>
        <time>2026-04-20T17:34:18.000Z</time>
        <extensions>
          <ns3:TrackPointExtension>
            <ns3:hr>125</ns3:hr>
          </ns3:TrackPointExtension>
        </extensions>
      </trkpt>
      <trkpt lat="-25.1406061090528964996337890625" lon="-48.8496138341724872589111328125">
        <ele>1004.4000244140625</ele>
        <time>2026-04-20T17:34:30.000Z</time>
        <extensions>
          <ns3:TrackPointExtension>
            <ns3:hr>122</ns3:hr>
          </ns3:TrackPointExtension>
        </extensions>
      </trkpt>
      <trkpt lat="-25.1406061090528964996337890625" lon="-48.84961358271539211273193359375">
        <ele>1004.4000244140625</ele>
        <time>2026-04-20T17:34:34.000Z</time>
        <extensions>
          <ns3:TrackPointExtension>
            <ns3:hr>119</ns3:hr>
          </ns3:TrackPointExtension>
        </extensions>
      </trkpt>
      <trkpt lat="-25.1406064443290233612060546875" lon="-48.84961173869669437408447265625">
        <ele>1004.79998779296875</ele>
        <time>2026-04-20T17:34:46.000Z</time>
        <extensions>
          <ns3:TrackPointExtension>
            <ns3:hr>116</ns3:hr>
          </ns3:TrackPointExtension>
        </extensions>
      </trkpt>
      <trkpt lat="-25.1406225375831127166748046875" lon="-48.84964627213776111602783203125">
        <ele>1005</ele>
        <time>2026-04-20T17:34:52.000Z</time>
        <extensions>
          <ns3:TrackPointExtension>
            <ns3:hr>113</ns3:hr>
          </ns3:TrackPointExtension>
        </extensions>
      </trkpt>
      <trkpt lat="-25.14064240269362926483154296875" lon="-48.84968114085495471954345703125">
        <ele>1005.4000244140625</ele>
        <time>2026-04-20T17:34:55.000Z</time>
        <extensions>
          <ns3:TrackPointExtension>
            <ns3:hr>113</ns3:hr>
          </ns3:TrackPointExtension>
        </extensions>
      </trkpt>
      <trkpt lat="-25.140667967498302459716796875" lon="-48.84975624270737171173095703125">
        <ele>1008.5999755859375</ele>
        <time>2026-04-20T17:35:02.000Z</time>
        <extensions>
          <ns3:TrackPointExtension>
            <ns3:hr>110</ns3:hr>
          </ns3:TrackPointExtension>
        </extensions>
      </trkpt>
      <trkpt lat="-25.1406724937260150909423828125" lon="-48.84976948611438274383544921875">
        <ele>1009.20001220703125</ele>
        <time>2026-04-20T17:35:04.000Z</time>
        <extensions>
          <ns3:TrackPointExtension>
            <ns3:hr>110</ns3:hr>
          </ns3:TrackPointExtension>
        </extensions>
      </trkpt>
      <trkpt lat="-25.1406993158161640167236328125" lon="-48.8498161733150482177734375">
        <ele>1011</ele>
        <time>2026-04-20T17:35:13.000Z</time>
        <extensions>
          <ns3:TrackPointExtension>
            <ns3:hr>109</ns3:hr>
          </ns3:TrackPointExtension>
        </extensions>
      </trkpt>
      <trkpt lat="-25.1407103799283504486083984375" lon="-48.84984022937715053558349609375">
        <ele>1011.5999755859375</ele>
        <time>2026-04-20T17:35:18.000Z</time>
        <extensions>
          <ns3:TrackPointExtension>
            <ns3:hr>112</ns3:hr>
          </ns3:TrackPointExtension>
        </extensions>
      </trkpt>
      <trkpt lat="-25.14071381650865077972412109375" lon="-48.84984391741454601287841796875">
        <ele>1011.5999755859375</ele>
        <time>2026-04-20T17:35:19.000Z</time>
        <extensions>
          <ns3:TrackPointExtension>
            <ns3:hr>110</ns3:hr>
          </ns3:TrackPointExtension>
        </extensions>
      </trkpt>
      <trkpt lat="-25.1407251320779323577880859375" lon="-48.849863447248935699462890625">
        <ele>1011.5999755859375</ele>
        <time>2026-04-20T17:35:25.000Z</time>
        <extensions>
          <ns3:TrackPointExtension>
            <ns3:hr>113</ns3:hr>
          </ns3:TrackPointExtension>
        </extensions>
      </trkpt>
      <trkpt lat="-25.140726976096630096435546875" lon="-48.8498740084469318389892578125">
        <ele>1011.79998779296875</ele>
        <time>2026-04-20T17:35:27.000Z</time>
        <extensions>
          <ns3:TrackPointExtension>
            <ns3:hr>112</ns3:hr>
          </ns3:TrackPointExtension>
        </extensions>
      </trkpt>
      <trkpt lat="-25.14073644764721393585205078125" lon="-48.84990728460252285003662109375">
        <ele>1012.4000244140625</ele>
        <time>2026-04-20T17:35:32.000Z</time>
        <extensions>
          <ns3:TrackPointExtension>
            <ns3:hr>115</ns3:hr>
          </ns3:TrackPointExtension>
        </extensions>
      </trkpt>
      <trkpt lat="-25.14074784703552722930908203125" lon="-48.84992538951337337493896484375">
        <ele>1013.20001220703125</ele>
        <time>2026-04-20T17:35:36.000Z</time>
        <extensions>
          <ns3:TrackPointExtension>
            <ns3:hr>117</ns3:hr>
          </ns3:TrackPointExtension>
        </extensions>
      </trkpt>
      <trkpt lat="-25.14075254090130329132080078125" lon="-48.84996428154408931732177734375">
        <ele>1014</ele>
        <time>2026-04-20T17:35:42.000Z</time>
        <extensions>
          <ns3:TrackPointExtension>
            <ns3:hr>124</ns3:hr>
          </ns3:TrackPointExtension>
        </extensions>
      </trkpt>
      <trkpt lat="-25.140755474567413330078125" lon="-48.84997216053307056427001953125">
        <ele>1014</ele>
        <time>2026-04-20T17:35:43.000Z</time>
        <extensions>
          <ns3:TrackPointExtension>
            <ns3:hr>127</ns3:hr>
          </ns3:TrackPointExtension>
        </extensions>
      </trkpt>
      <trkpt lat="-25.14075748622417449951171875" lon="-48.8499776087701320648193359375">
        <ele>1014.20001220703125</ele>
        <time>2026-04-20T17:35:44.000Z</time>
        <extensions>
          <ns3:TrackPointExtension>
            <ns3:hr>130</ns3:hr>
          </ns3:TrackPointExtension>
        </extensions>
      </trkpt>
      <trkpt lat="-25.1407576538622379302978515625" lon="-48.84998205117881298065185546875">
        <ele>1014.20001220703125</ele>
        <time>2026-04-20T17:35:45.000Z</time>
        <extensions>
          <ns3:TrackPointExtension>
            <ns3:hr>133</ns3:hr>
          </ns3:TrackPointExtension>
        </extensions>
      </trkpt>
      <trkpt lat="-25.1407529599964618682861328125" lon="-48.84998993016779422760009765625">
        <ele>1014.20001220703125</ele>
        <time>2026-04-20T17:35:47.000Z</time>
        <extensions>
          <ns3:TrackPointExtension>
            <ns3:hr>137</ns3:hr>
          </ns3:TrackPointExtension>
        </extensions>
      </trkpt>
      <trkpt lat="-25.14076092280447483062744140625" lon="-48.85001876391470432281494140625">
        <ele>1013.5999755859375</ele>
        <time>2026-04-20T17:35:53.000Z</time>
        <extensions>
          <ns3:TrackPointExtension>
            <ns3:hr>135</ns3:hr>
          </ns3:TrackPointExtension>
        </extensions>
      </trkpt>
      <trkpt lat="-25.14078774489462375640869140625" lon="-48.85006721131503582000732421875">
        <ele>1014.79998779296875</ele>
        <time>2026-04-20T17:36:03.000Z</time>
        <extensions>
          <ns3:TrackPointExtension>
            <ns3:hr>136</ns3:hr>
          </ns3:TrackPointExtension>
        </extensions>
      </trkpt>
      <trkpt lat="-25.1407968811690807342529296875" lon="-48.85009235702455043792724609375">
        <ele>1015.79998779296875</ele>
        <time>2026-04-20T17:36:11.000Z</time>
        <extensions>
          <ns3:TrackPointExtension>
            <ns3:hr>137</ns3:hr>
          </ns3:TrackPointExtension>
        </extensions>
      </trkpt>
      <trkpt lat="-25.14080232940614223480224609375" lon="-48.85009420104324817657470703125">
        <ele>1017.79998779296875</ele>
        <time>2026-04-20T17:36:18.000Z</time>
        <extensions>
          <ns3:TrackPointExtension>
            <ns3:hr>137</ns3:hr>
          </ns3:TrackPointExtension>
        </extensions>
      </trkpt>
      <trkpt lat="-25.14080584980547428131103515625" lon="-48.85009805671870708465576171875">
        <ele>1020.20001220703125</ele>
        <time>2026-04-20T17:36:28.000Z</time>
        <extensions>
          <ns3:TrackPointExtension>
            <ns3:hr>139</ns3:hr>
          </ns3:TrackPointExtension>
        </extensions>
      </trkpt>
      <trkpt lat="-25.14080719090998172760009765625" lon="-48.850098140537738800048828125">
        <ele>1020.4000244140625</ele>
        <time>2026-04-20T17:36:40.000Z</time>
        <extensions>
          <ns3:TrackPointExtension>
            <ns3:hr>136</ns3:hr>
          </ns3:TrackPointExtension>
        </extensions>
      </trkpt>
      <trkpt lat="-25.1408099569380283355712890625" lon="-48.85010576806962490081787109375">
        <ele>1020.5999755859375</ele>
        <time>2026-04-20T17:36:43.000Z</time>
        <extensions>
          <ns3:TrackPointExtension>
            <ns3:hr>133</ns3:hr>
          </ns3:TrackPointExtension>
        </extensions>
      </trkpt>
      <trkpt lat="-25.14081356115639209747314453125" lon="-48.85011850856244564056396484375">
        <ele>1020.5999755859375</ele>
        <time>2026-04-20T17:36:46.000Z</time>
        <extensions>
          <ns3:TrackPointExtension>
            <ns3:hr>130</ns3:hr>
          </ns3:TrackPointExtension>
        </extensions>
      </trkpt>
      <trkpt lat="-25.1409199275076389312744140625" lon="-48.850240968167781829833984375">
        <ele>1023.79998779296875</ele>
        <time>2026-04-20T17:37:29.000Z</time>
        <extensions>
          <ns3:TrackPointExtension>
            <ns3:hr>127</ns3:hr>
          </ns3:TrackPointExtension>
        </extensions>
      </trkpt>
      <trkpt lat="-25.14101690612733364105224609375" lon="-48.8502729870378971099853515625">
        <ele>1024.4000244140625</ele>
        <time>2026-04-20T17:37:52.000Z</time>
        <extensions>
          <ns3:TrackPointExtension>
            <ns3:hr>130</ns3:hr>
          </ns3:TrackPointExtension>
        </extensions>
      </trkpt>
      <trkpt lat="-25.14108245261013507843017578125" lon="-48.8502857275307178497314453125">
        <ele>1023.20001220703125</ele>
        <time>2026-04-20T17:38:05.000Z</time>
        <extensions>
          <ns3:TrackPointExtension>
            <ns3:hr>133</ns3:hr>
          </ns3:TrackPointExtension>
        </extensions>
      </trkpt>
      <trkpt lat="-25.14118119142949581146240234375" lon="-48.85029335506260395050048828125">
        <ele>1022.5999755859375</ele>
        <time>2026-04-20T17:38:19.000Z</time>
        <extensions>
          <ns3:TrackPointExtension>
            <ns3:hr>135</ns3:hr>
          </ns3:TrackPointExtension>
        </extensions>
      </trkpt>
      <trkpt lat="-25.1412495039403438568115234375" lon="-48.8502907566726207733154296875">
        <ele>1022.79998779296875</ele>
        <time>2026-04-20T17:38:29.000Z</time>
        <extensions>
          <ns3:TrackPointExtension>
            <ns3:hr>138</ns3:hr>
          </ns3:TrackPointExtension>
        </extensions>
      </trkpt>
      <trkpt lat="-25.14124774374067783355712890625" lon="-48.85029067285358905792236328125">
        <ele>1023.5999755859375</ele>
        <time>2026-04-20T17:38:39.000Z</time>
        <extensions>
          <ns3:TrackPointExtension>
            <ns3:hr>136</ns3:hr>
          </ns3:TrackPointExtension>
        </extensions>
      </trkpt>
      <trkpt lat="-25.1412495039403438568115234375" lon="-48.850292600691318511962890625">
        <ele>1023.5999755859375</ele>
        <time>2026-04-20T17:38:51.000Z</time>
        <extensions>
          <ns3:TrackPointExtension>
            <ns3:hr>133</ns3:hr>
          </ns3:TrackPointExtension>
        </extensions>
      </trkpt>
      <trkpt lat="-25.1412541978061199188232421875" lon="-48.850299306213855743408203125">
        <ele>1025</ele>
        <time>2026-04-20T17:39:03.000Z</time>
        <extensions>
          <ns3:TrackPointExtension>
            <ns3:hr>136</ns3:hr>
          </ns3:TrackPointExtension>
        </extensions>
      </trkpt>
      <trkpt lat="-25.1412583887577056884765625" lon="-48.85028757154941558837890625">
        <ele>1027.4000244140625</ele>
        <time>2026-04-20T17:39:58.000Z</time>
        <extensions>
          <ns3:TrackPointExtension>
            <ns3:hr>132</ns3:hr>
          </ns3:TrackPointExtension>
        </extensions>
      </trkpt>
      <trkpt lat="-25.14125847257673740386962890625" lon="-48.85028757154941558837890625">
        <ele>1027.5999755859375</ele>
        <time>2026-04-20T17:40:03.000Z</time>
        <extensions>
          <ns3:TrackPointExtension>
            <ns3:hr>129</ns3:hr>
          </ns3:TrackPointExtension>
        </extensions>
      </trkpt>
      <trkpt lat="-25.1412521861493587493896484375" lon="-48.85028983466327190399169921875">
        <ele>1028.5999755859375</ele>
        <time>2026-04-20T17:40:16.000Z</time>
        <extensions>
          <ns3:TrackPointExtension>
            <ns3:hr>126</ns3:hr>
          </ns3:TrackPointExtension>
        </extensions>
      </trkpt>
      <trkpt lat="-25.14125193469226360321044921875" lon="-48.8502900861203670501708984375">
        <ele>1028.5999755859375</ele>
        <time>2026-04-20T17:40:17.000Z</time>
        <extensions>
          <ns3:TrackPointExtension>
            <ns3:hr>122</ns3:hr>
          </ns3:TrackPointExtension>
        </extensions>
      </trkpt>
      <trkpt lat="-25.14125168323516845703125" lon="-48.8502907566726207733154296875">
        <ele>1028.5999755859375</ele>
        <time>2026-04-20T17:40:18.000Z</time>
        <extensions>
          <ns3:TrackPointExtension>
            <ns3:hr>117</ns3:hr>
          </ns3:TrackPointExtension>
        </extensions>
      </trkpt>
      <trkpt lat="-25.14125159941613674163818359375" lon="-48.85029184632003307342529296875">
        <ele>1028.5999755859375</ele>
        <time>2026-04-20T17:40:19.000Z</time>
        <extensions>
          <ns3:TrackPointExtension>
            <ns3:hr>118</ns3:hr>
          </ns3:TrackPointExtension>
        </extensions>
      </trkpt>
      <trkpt lat="-25.14125159941613674163818359375" lon="-48.85029285214841365814208984375">
        <ele>1028.800048828125</ele>
        <time>2026-04-20T17:40:20.000Z</time>
        <extensions>
          <ns3:TrackPointExtension>
            <ns3:hr>114</ns3:hr>
          </ns3:TrackPointExtension>
        </extensions>
      </trkpt>
      <trkpt lat="-25.141251347959041595458984375" lon="-48.850293941795825958251953125">
        <ele>1028.800048828125</ele>
        <time>2026-04-20T17:40:21.000Z</time>
        <extensions>
          <ns3:TrackPointExtension>
            <ns3:hr>109</ns3:hr>
          </ns3:TrackPointExtension>
        </extensions>
      </trkpt>
      <trkpt lat="-25.14125109650194644927978515625" lon="-48.85029503144323825836181640625">
        <ele>1028.800048828125</ele>
        <time>2026-04-20T17:40:22.000Z</time>
        <extensions>
          <ns3:TrackPointExtension>
            <ns3:hr>109</ns3:hr>
          </ns3:TrackPointExtension>
        </extensions>
      </trkpt>
      <trkpt lat="-25.14125092886388301849365234375" lon="-48.85029603727161884307861328125">
        <ele>1028.800048828125</ele>
        <time>2026-04-20T17:40:23.000Z</time>
        <extensions>
          <ns3:TrackPointExtension>
            <ns3:hr>105</ns3:hr>
          </ns3:TrackPointExtension>
        </extensions>
      </trkpt>
      <trkpt lat="-25.14125076122581958770751953125" lon="-48.8502967916429042816162109375">
        <ele>1028.800048828125</ele>
        <time>2026-04-20T17:40:24.000Z</time>
        <extensions>
          <ns3:TrackPointExtension>
            <ns3:hr>102</ns3:hr>
          </ns3:TrackPointExtension>
        </extensions>
      </trkpt>
      <trkpt lat="-25.1412505097687244415283203125" lon="-48.8502977974712848663330078125">
        <ele>1028.800048828125</ele>
        <time>2026-04-20T17:40:26.000Z</time>
        <extensions>
          <ns3:TrackPointExtension>
            <ns3:hr>97</ns3:hr>
          </ns3:TrackPointExtension>
        </extensions>
      </trkpt>
      <trkpt lat="-25.14125025831162929534912109375" lon="-48.85029871948063373565673828125">
        <ele>1029</ele>
        <time>2026-04-20T17:40:27.000Z</time>
        <extensions>
          <ns3:TrackPointExtension>
            <ns3:hr>90</ns3:hr>
          </ns3:TrackPointExtension>
        </extensions>
      </trkpt>
      <trkpt lat="-25.14125009067356586456298828125" lon="-48.850299306213855743408203125">
        <ele>1029</ele>
        <time>2026-04-20T17:40:28.000Z</time>
        <extensions>
          <ns3:TrackPointExtension>
            <ns3:hr>86</ns3:hr>
          </ns3:TrackPointExtension>
        </extensions>
      </trkpt>
      <trkpt lat="-25.141249336302280426025390625" lon="-48.8503008149564266204833984375">
        <ele>1029</ele>
        <time>2026-04-20T17:40:32.000Z</time>
        <extensions>
          <ns3:TrackPointExtension>
            <ns3:hr>83</ns3:hr>
          </ns3:TrackPointExtension>
        </extensions>
      </trkpt>
      <trkpt lat="-25.141245983541011810302734375" lon="-48.85030542500317096710205078125">
        <ele>1029.4000244140625</ele>
        <time>2026-04-20T17:40:49.000Z</time>
        <extensions>
          <ns3:TrackPointExtension>
            <ns3:hr>86</ns3:hr>
          </ns3:TrackPointExtension>
        </extensions>
      </trkpt>
      <trkpt lat="-25.1412431336939334869384765625" lon="-48.85030760429799556732177734375">
        <ele>1030.4000244140625</ele>
        <time>2026-04-20T17:40:58.000Z</time>
        <extensions>
          <ns3:TrackPointExtension>
            <ns3:hr>89</ns3:hr>
          </ns3:TrackPointExtension>
        </extensions>
      </trkpt>
      <trkpt lat="-25.14124254696071147918701171875" lon="-48.85030928067862987518310546875">
        <ele>1032.800048828125</ele>
        <time>2026-04-20T17:41:14.000Z</time>
        <extensions>
          <ns3:TrackPointExtension>
            <ns3:hr>92</ns3:hr>
          </ns3:TrackPointExtension>
        </extensions>
      </trkpt>
      <trkpt lat="-25.1412454806268215179443359375" lon="-48.8503096997737884521484375">
        <ele>1033</ele>
        <time>2026-04-20T17:41:34.000Z</time>
        <extensions>
          <ns3:TrackPointExtension>
            <ns3:hr>95</ns3:hr>
          </ns3:TrackPointExtension>
        </extensions>
      </trkpt>
      <trkpt lat="-25.14124908484518527984619140625" lon="-48.85031045414507389068603515625">
        <ele>1033</ele>
        <time>2026-04-20T17:41:49.000Z</time>
        <extensions>
          <ns3:TrackPointExtension>
            <ns3:hr>91</ns3:hr>
          </ns3:TrackPointExtension>
        </extensions>
      </trkpt>
      <trkpt lat="-25.14124925248324871063232421875" lon="-48.8503105379641056060791015625">
        <ele>1032.800048828125</ele>
        <time>2026-04-20T17:41:52.000Z</time>
        <extensions>
          <ns3:TrackPointExtension>
            <ns3:hr>97</ns3:hr>
          </ns3:TrackPointExtension>
        </extensions>
      </trkpt>
      <trkpt lat="-25.141249336302280426025390625" lon="-48.8503105379641056060791015625">
        <ele>1032.800048828125</ele>
        <time>2026-04-20T17:41:53.000Z</time>
        <extensions>
          <ns3:TrackPointExtension>
            <ns3:hr>97</ns3:hr>
          </ns3:TrackPointExtension>
        </extensions>
      </trkpt>
      <trkpt lat="-25.141249336302280426025390625" lon="-48.85031037032604217529296875">
        <ele>1032.800048828125</ele>
        <time>2026-04-20T17:41:58.000Z</time>
        <extensions>
          <ns3:TrackPointExtension>
            <ns3:hr>94</ns3:hr>
          </ns3:TrackPointExtension>
        </extensions>
      </trkpt>
      <trkpt lat="-25.14124925248324871063232421875" lon="-48.85031037032604217529296875">
        <ele>1032.800048828125</ele>
        <time>2026-04-20T17:42:00.000Z</time>
        <extensions>
          <ns3:TrackPointExtension>
            <ns3:hr>91</ns3:hr>
          </ns3:TrackPointExtension>
        </extensions>
      </trkpt>
      <trkpt lat="-25.1412491686642169952392578125" lon="-48.8503102026879787445068359375">
        <ele>1032.800048828125</ele>
        <time>2026-04-20T17:42:03.000Z</time>
        <extensions>
          <ns3:TrackPointExtension>
            <ns3:hr>87</ns3:hr>
          </ns3:TrackPointExtension>
        </extensions>
      </trkpt>
      <trkpt lat="-25.1412491686642169952392578125" lon="-48.850310035049915313720703125">
        <ele>1032.800048828125</ele>
        <time>2026-04-20T17:42:05.000Z</time>
        <extensions>
          <ns3:TrackPointExtension>
            <ns3:hr>84</ns3:hr>
          </ns3:TrackPointExtension>
        </extensions>
      </trkpt>
      <trkpt lat="-25.14124908484518527984619140625" lon="-48.85030995123088359832763671875">
        <ele>1032.800048828125</ele>
        <time>2026-04-20T17:42:07.000Z</time>
        <extensions>
          <ns3:TrackPointExtension>
            <ns3:hr>81</ns3:hr>
          </ns3:TrackPointExtension>
        </extensions>
      </trkpt>
      <trkpt lat="-25.14124908484518527984619140625" lon="-48.85030978359282016754150390625">
        <ele>1032.800048828125</ele>
        <time>2026-04-20T17:42:11.000Z</time>
        <extensions>
          <ns3:TrackPointExtension>
            <ns3:hr>78</ns3:hr>
          </ns3:TrackPointExtension>
        </extensions>
      </trkpt>
      <trkpt lat="-25.14124908484518527984619140625" lon="-48.8503095321357250213623046875">
        <ele>1032.800048828125</ele>
        <time>2026-04-20T17:42:14.000Z</time>
        <extensions>
          <ns3:TrackPointExtension>
            <ns3:hr>75</ns3:hr>
          </ns3:TrackPointExtension>
        </extensions>
      </trkpt>
      <trkpt lat="-25.1412484981119632720947265625" lon="-48.850308358669281005859375">
        <ele>1032.800048828125</ele>
        <time>2026-04-20T17:42:39.000Z</time>
        <extensions>
          <ns3:TrackPointExtension>
            <ns3:hr>72</ns3:hr>
          </ns3:TrackPointExtension>
        </extensions>
      </trkpt>
      <trkpt lat="-25.14124774374067783355712890625" lon="-48.8503078557550907135009765625">
        <ele>1033</ele>
        <time>2026-04-20T17:42:56.000Z</time>
        <extensions>
          <ns3:TrackPointExtension>
            <ns3:hr>69</ns3:hr>
          </ns3:TrackPointExtension>
        </extensions>
      </trkpt>
      <trkpt lat="-25.14124774374067783355712890625" lon="-48.85030777193605899810791015625">
        <ele>1033</ele>
        <time>2026-04-20T17:43:00.000Z</time>
        <extensions>
          <ns3:TrackPointExtension>
            <ns3:hr>66</ns3:hr>
          </ns3:TrackPointExtension>
        </extensions>
      </trkpt>
      <trkpt lat="-25.14124740846455097198486328125" lon="-48.85030768811702728271484375">
        <ele>1033</ele>
        <time>2026-04-20T17:43:08.000Z</time>
        <extensions>
          <ns3:TrackPointExtension>
            <ns3:hr>69</ns3:hr>
          </ns3:TrackPointExtension>
        </extensions>
      </trkpt>
      <trkpt lat="-25.14124724082648754119873046875" lon="-48.850307352840900421142578125">
        <ele>1033</ele>
        <time>2026-04-20T17:43:13.000Z</time>
        <extensions>
          <ns3:TrackPointExtension>
            <ns3:hr>72</ns3:hr>
          </ns3:TrackPointExtension>
        </extensions>
      </trkpt>
      <trkpt lat="-25.14124690555036067962646484375" lon="-48.85030726902186870574951171875">
        <ele>1033</ele>
        <time>2026-04-20T17:43:22.000Z</time>
        <extensions>
          <ns3:TrackPointExtension>
            <ns3:hr>75</ns3:hr>
          </ns3:TrackPointExtension>
        </extensions>
      </trkpt>
      <trkpt lat="-25.14124640263617038726806640625" lon="-48.8503068499267101287841796875">
        <ele>1033.199951171875</ele>
        <time>2026-04-20T17:43:35.000Z</time>
        <extensions>
          <ns3:TrackPointExtension>
            <ns3:hr>78</ns3:hr>
          </ns3:TrackPointExtension>
        </extensions>
      </trkpt>
      <trkpt lat="-25.14124623499810695648193359375" lon="-48.8503068499267101287841796875">
        <ele>1033.199951171875</ele>
        <time>2026-04-20T17:43:44.000Z</time>
        <extensions>
          <ns3:TrackPointExtension>
            <ns3:hr>75</ns3:hr>
          </ns3:TrackPointExtension>
        </extensions>
      </trkpt>
      <trkpt lat="-25.14124606736004352569580078125" lon="-48.85030634701251983642578125">
        <ele>1033.199951171875</ele>
        <time>2026-04-20T17:44:01.000Z</time>
        <extensions>
          <ns3:TrackPointExtension>
            <ns3:hr>72</ns3:hr>
          </ns3:TrackPointExtension>
        </extensions>
      </trkpt>
      <trkpt lat="-25.1412458159029483795166015625" lon="-48.850305341184139251708984375">
        <ele>1033.4000244140625</ele>
        <time>2026-04-20T17:44:25.000Z</time>
        <extensions>
          <ns3:TrackPointExtension>
            <ns3:hr>75</ns3:hr>
          </ns3:TrackPointExtension>
        </extensions>
      </trkpt>
      <trkpt lat="-25.14124589972198009490966796875" lon="-48.85030525736510753631591796875">
        <ele>1033.4000244140625</ele>
        <time>2026-04-20T17:44:31.000Z</time>
        <extensions>
          <ns3:TrackPointExtension>
            <ns3:hr>78</ns3:hr>
          </ns3:TrackPointExtension>
        </extensions>
      </trkpt>
      <trkpt lat="-25.14124589972198009490966796875" lon="-48.8503051735460758209228515625">
        <ele>1033.4000244140625</ele>
        <time>2026-04-20T17:44:37.000Z</time>
        <extensions>
          <ns3:TrackPointExtension>
            <ns3:hr>82</ns3:hr>
          </ns3:TrackPointExtension>
        </extensions>
      </trkpt>
      <trkpt lat="-25.14124606736004352569580078125" lon="-48.85030525736510753631591796875">
        <ele>1033.4000244140625</ele>
        <time>2026-04-20T17:44:42.000Z</time>
        <extensions>
          <ns3:TrackPointExtension>
            <ns3:hr>85</ns3:hr>
          </ns3:TrackPointExtension>
        </extensions>
      </trkpt>
      <trkpt lat="-25.14124606736004352569580078125" lon="-48.8503051735460758209228515625">
        <ele>1033.4000244140625</ele>
        <time>2026-04-20T17:44:45.000Z</time>
        <extensions>
          <ns3:TrackPointExtension>
            <ns3:hr>89</ns3:hr>
          </ns3:TrackPointExtension>
        </extensions>
      </trkpt>
      <trkpt lat="-25.141246318817138671875" lon="-48.85030508972704410552978515625">
        <ele>1033.4000244140625</ele>
        <time>2026-04-20T17:45:03.000Z</time>
        <extensions>
          <ns3:TrackPointExtension>
            <ns3:hr>93</ns3:hr>
          </ns3:TrackPointExtension>
        </extensions>
      </trkpt>
      <trkpt lat="-25.14124640263617038726806640625" lon="-48.8503051735460758209228515625">
        <ele>1033.4000244140625</ele>
        <time>2026-04-20T17:45:07.000Z</time>
        <extensions>
          <ns3:TrackPointExtension>
            <ns3:hr>90</ns3:hr>
          </ns3:TrackPointExtension>
        </extensions>
      </trkpt>
      <trkpt lat="-25.14124640263617038726806640625" lon="-48.8503051735460758209228515625">
        <ele>1033.4000244140625</ele>
        <time>2026-04-20T17:45:10.000Z</time>
        <extensions>
          <ns3:TrackPointExtension>
            <ns3:hr>93</ns3:hr>
          </ns3:TrackPointExtension>
        </extensions>
      </trkpt>
      <trkpt lat="-25.1412478275597095489501953125" lon="-48.85030458681285381317138671875">
        <ele>1033.5999755859375</ele>
        <time>2026-04-20T17:45:31.000Z</time>
        <extensions>
          <ns3:TrackPointExtension>
            <ns3:hr>96</ns3:hr>
          </ns3:TrackPointExtension>
        </extensions>
      </trkpt>
      <trkpt lat="-25.1412501744925975799560546875" lon="-48.85030408389866352081298828125">
        <ele>1033.5999755859375</ele>
        <time>2026-04-20T17:45:46.000Z</time>
        <extensions>
          <ns3:TrackPointExtension>
            <ns3:hr>93</ns3:hr>
          </ns3:TrackPointExtension>
        </extensions>
      </trkpt>
      <trkpt lat="-25.14125210233032703399658203125" lon="-48.85030366480350494384765625">
        <ele>1033.5999755859375</ele>
        <time>2026-04-20T17:45:54.000Z</time>
        <extensions>
          <ns3:TrackPointExtension>
            <ns3:hr>90</ns3:hr>
          </ns3:TrackPointExtension>
        </extensions>
      </trkpt>
      <trkpt lat="-25.141254700720310211181640625" lon="-48.85030307807028293609619140625">
        <ele>1033.800048828125</ele>
        <time>2026-04-20T17:46:04.000Z</time>
        <extensions>
          <ns3:TrackPointExtension>
            <ns3:hr>87</ns3:hr>
          </ns3:TrackPointExtension>
        </extensions>
      </trkpt>
      <trkpt lat="-25.14125511981546878814697265625" lon="-48.850302994251251220703125">
        <ele>1033.800048828125</ele>
        <time>2026-04-20T17:46:06.000Z</time>
        <extensions>
          <ns3:TrackPointExtension>
            <ns3:hr>90</ns3:hr>
          </ns3:TrackPointExtension>
        </extensions>
      </trkpt>
      <trkpt lat="-25.141259394586086273193359375" lon="-48.8503021560609340667724609375">
        <ele>1033.800048828125</ele>
        <time>2026-04-20T17:46:22.000Z</time>
        <extensions>
          <ns3:TrackPointExtension>
            <ns3:hr>86</ns3:hr>
          </ns3:TrackPointExtension>
        </extensions>
      </trkpt>
      <trkpt lat="-25.14125964604318141937255859375" lon="-48.85030207224190235137939453125">
        <ele>1033.800048828125</ele>
        <time>2026-04-20T17:46:23.000Z</time>
        <extensions>
          <ns3:TrackPointExtension>
            <ns3:hr>89</ns3:hr>
          </ns3:TrackPointExtension>
        </extensions>
      </trkpt>
      <trkpt lat="-25.14126216061413288116455078125" lon="-48.8503014855086803436279296875">
        <ele>1033.800048828125</ele>
        <time>2026-04-20T17:46:31.000Z</time>
        <extensions>
          <ns3:TrackPointExtension>
            <ns3:hr>92</ns3:hr>
          </ns3:TrackPointExtension>
        </extensions>
      </trkpt>
      <trkpt lat="-25.14126383699476718902587890625" lon="-48.85030123405158519744873046875">
        <ele>1033.800048828125</ele>
        <time>2026-04-20T17:46:36.000Z</time>
        <extensions>
          <ns3:TrackPointExtension>
            <ns3:hr>96</ns3:hr>
          </ns3:TrackPointExtension>
        </extensions>
      </trkpt>
      <trkpt lat="-25.14126417227089405059814453125" lon="-48.8503011502325534820556640625">
        <ele>1033.800048828125</ele>
        <time>2026-04-20T17:46:37.000Z</time>
        <extensions>
          <ns3:TrackPointExtension>
            <ns3:hr>93</ns3:hr>
          </ns3:TrackPointExtension>
        </extensions>
      </trkpt>
      <trkpt lat="-25.14126484282314777374267578125" lon="-48.85030089877545833587646484375">
        <ele>1034</ele>
        <time>2026-04-20T17:46:39.000Z</time>
        <extensions>
          <ns3:TrackPointExtension>
            <ns3:hr>96</ns3:hr>
          </ns3:TrackPointExtension>
        </extensions>
      </trkpt>
      <trkpt lat="-25.14126869849860668182373046875" lon="-48.850299976766109466552734375">
        <ele>1034</ele>
        <time>2026-04-20T17:46:50.000Z</time>
        <extensions>
          <ns3:TrackPointExtension>
            <ns3:hr>92</ns3:hr>
          </ns3:TrackPointExtension>
        </extensions>
      </trkpt>
      <trkpt lat="-25.14127020724117755889892578125" lon="-48.85029955767095088958740234375">
        <ele>1034</ele>
        <time>2026-04-20T17:46:54.000Z</time>
        <extensions>
          <ns3:TrackPointExtension>
            <ns3:hr>89</ns3:hr>
          </ns3:TrackPointExtension>
        </extensions>
      </trkpt>
      <trkpt lat="-25.1412753202021121978759765625" lon="-48.8502981327474117279052734375">
        <ele>1034</ele>
        <time>2026-04-20T17:47:06.000Z</time>
        <extensions>
          <ns3:TrackPointExtension>
            <ns3:hr>86</ns3:hr>
          </ns3:TrackPointExtension>
        </extensions>
      </trkpt>
      <trkpt lat="-25.14127674512565135955810546875" lon="-48.85029771365225315093994140625">
        <ele>1034.199951171875</ele>
        <time>2026-04-20T17:47:09.000Z</time>
        <extensions>
          <ns3:TrackPointExtension>
            <ns3:hr>89</ns3:hr>
          </ns3:TrackPointExtension>
        </extensions>
      </trkpt>
      <trkpt lat="-25.14128110371530055999755859375" lon="-48.85029603727161884307861328125">
        <ele>1034.199951171875</ele>
        <time>2026-04-20T17:47:18.000Z</time>
        <extensions>
          <ns3:TrackPointExtension>
            <ns3:hr>86</ns3:hr>
          </ns3:TrackPointExtension>
        </extensions>
      </trkpt>
      <trkpt lat="-25.14128160662949085235595703125" lon="-48.850295953452587127685546875">
        <ele>1034.199951171875</ele>
        <time>2026-04-20T17:47:19.000Z</time>
        <extensions>
          <ns3:TrackPointExtension>
            <ns3:hr>89</ns3:hr>
          </ns3:TrackPointExtension>
        </extensions>
      </trkpt>
      <trkpt lat="-25.14144538901746273040771484375" lon="-48.85023593902587890625">
        <ele>1034.199951171875</ele>
        <time>2026-04-20T17:47:26.000Z</time>
        <extensions>
          <ns3:TrackPointExtension>
            <ns3:hr>89</ns3:hr>
          </ns3:TrackPointExtension>
        </extensions>
      </trkpt>
      <trkpt lat="-25.1414997875690460205078125" lon="-48.85022311471402645111083984375">
        <ele>1034.199951171875</ele>
        <time>2026-04-20T17:47:27.000Z</time>
        <extensions>
          <ns3:TrackPointExtension>
            <ns3:hr>88</ns3:hr>
          </ns3:TrackPointExtension>
        </extensions>
      </trkpt>
      <trkpt lat="-25.1417467184364795684814453125" lon="-48.8501368649303913116455078125">
        <ele>1037.800048828125</ele>
        <time>2026-04-20T17:47:32.000Z</time>
        <extensions>
          <ns3:TrackPointExtension>
            <ns3:hr>87</ns3:hr>
          </ns3:TrackPointExtension>
        </extensions>
      </trkpt>
      <trkpt lat="-25.1418017037212848663330078125" lon="-48.85012471117079257965087890625">
        <ele>1046.800048828125</ele>
        <time>2026-04-20T17:47:41.000Z</time>
        <extensions>
          <ns3:TrackPointExtension>
            <ns3:hr>87</ns3:hr>
          </ns3:TrackPointExtension>
        </extensions>
      </trkpt>
      <trkpt lat="-25.14180128462612628936767578125" lon="-48.850124292075634002685546875">
        <ele>1048.4000244140625</ele>
        <time>2026-04-20T17:47:51.000Z</time>
        <extensions>
          <ns3:TrackPointExtension>
            <ns3:hr>90</ns3:hr>
          </ns3:TrackPointExtension>
        </extensions>
      </trkpt>
      <trkpt lat="-25.14179977588355541229248046875" lon="-48.8501241244375705718994140625">
        <ele>1048.4000244140625</ele>
        <time>2026-04-20T17:47:56.000Z</time>
        <extensions>
          <ns3:TrackPointExtension>
            <ns3:hr>87</ns3:hr>
          </ns3:TrackPointExtension>
        </extensions>
      </trkpt>
      <trkpt lat="-25.1417990215122699737548828125" lon="-48.85012404061853885650634765625">
        <ele>1048.4000244140625</ele>
        <time>2026-04-20T17:47:59.000Z</time>
        <extensions>
          <ns3:TrackPointExtension>
            <ns3:hr>91</ns3:hr>
          </ns3:TrackPointExtension>
        </extensions>
      </trkpt>
      <trkpt lat="-25.14179877005517482757568359375" lon="-48.8501241244375705718994140625">
        <ele>1048.4000244140625</ele>
        <time>2026-04-20T17:48:01.000Z</time>
        <extensions>
          <ns3:TrackPointExtension>
            <ns3:hr>88</ns3:hr>
          </ns3:TrackPointExtension>
        </extensions>
      </trkpt>
      <trkpt lat="-25.1417983509600162506103515625" lon="-48.850124292075634002685546875">
        <ele>1048.199951171875</ele>
        <time>2026-04-20T17:48:04.000Z</time>
        <extensions>
          <ns3:TrackPointExtension>
            <ns3:hr>93</ns3:hr>
          </ns3:TrackPointExtension>
        </extensions>
      </trkpt>
      <trkpt lat="-25.1417983509600162506103515625" lon="-48.850124292075634002685546875">
        <ele>1048.199951171875</ele>
        <time>2026-04-20T17:48:05.000Z</time>
        <extensions>
          <ns3:TrackPointExtension>
            <ns3:hr>93</ns3:hr>
          </ns3:TrackPointExtension>
        </extensions>
      </trkpt>
      <trkpt lat="-25.14179818332195281982421875" lon="-48.850124292075634002685546875">
        <ele>1048.199951171875</ele>
        <time>2026-04-20T17:48:06.000Z</time>
        <extensions>
          <ns3:TrackPointExtension>
            <ns3:hr>96</ns3:hr>
          </ns3:TrackPointExtension>
        </extensions>
      </trkpt>
      <trkpt lat="-25.1417970098555088043212890625" lon="-48.8501244597136974334716796875">
        <ele>1048.199951171875</ele>
        <time>2026-04-20T17:48:09.000Z</time>
        <extensions>
          <ns3:TrackPointExtension>
            <ns3:hr>99</ns3:hr>
          </ns3:TrackPointExtension>
        </extensions>
      </trkpt>
      <trkpt lat="-25.141795836389064788818359375" lon="-48.8501261360943317413330078125">
        <ele>1048</ele>
        <time>2026-04-20T17:48:15.000Z</time>
        <extensions>
          <ns3:TrackPointExtension>
            <ns3:hr>96</ns3:hr>
          </ns3:TrackPointExtension>
        </extensions>
      </trkpt>
      <trkpt lat="-25.1417956687510013580322265625" lon="-48.8501264713704586029052734375">
        <ele>1048</ele>
        <time>2026-04-20T17:48:17.000Z</time>
        <extensions>
          <ns3:TrackPointExtension>
            <ns3:hr>93</ns3:hr>
          </ns3:TrackPointExtension>
        </extensions>
      </trkpt>
      <trkpt lat="-25.14179550111293792724609375" lon="-48.85012655518949031829833984375">
        <ele>1048</ele>
        <time>2026-04-20T17:48:19.000Z</time>
        <extensions>
          <ns3:TrackPointExtension>
            <ns3:hr>89</ns3:hr>
          </ns3:TrackPointExtension>
        </extensions>
      </trkpt>
      <trkpt lat="-25.1417948305606842041015625" lon="-48.85012689046561717987060546875">
        <ele>1048</ele>
        <time>2026-04-20T17:48:26.000Z</time>
        <extensions>
          <ns3:TrackPointExtension>
            <ns3:hr>86</ns3:hr>
          </ns3:TrackPointExtension>
        </extensions>
      </trkpt>
      <trkpt lat="-25.14179281890392303466796875" lon="-48.85012722574174404144287109375">
        <ele>1048</ele>
        <time>2026-04-20T17:48:30.000Z</time>
        <extensions>
          <ns3:TrackPointExtension>
            <ns3:hr>83</ns3:hr>
          </ns3:TrackPointExtension>
        </extensions>
      </trkpt>
      <trkpt lat="-25.1417923159897327423095703125" lon="-48.85012722574174404144287109375">
        <ele>1048</ele>
        <time>2026-04-20T17:48:34.000Z</time>
        <extensions>
          <ns3:TrackPointExtension>
            <ns3:hr>80</ns3:hr>
          </ns3:TrackPointExtension>
        </extensions>
      </trkpt>
      <trkpt lat="-25.1417903043329715728759765625" lon="-48.85011783801019191741943359375">
        <ele>1048</ele>
        <time>2026-04-20T17:48:43.000Z</time>
        <extensions>
          <ns3:TrackPointExtension>
            <ns3:hr>76</ns3:hr>
          </ns3:TrackPointExtension>
        </extensions>
      </trkpt>
      <trkpt lat="-25.1418020389974117279052734375" lon="-48.8500517047941684722900390625">
        <ele>1048.800048828125</ele>
        <time>2026-04-20T17:48:49.000Z</time>
        <extensions>
          <ns3:TrackPointExtension>
            <ns3:hr>75</ns3:hr>
          </ns3:TrackPointExtension>
        </extensions>
      </trkpt>
      <trkpt lat="-25.14181771315634250640869140625" lon="-48.84997283108532428741455078125">
        <ele>1052.800048828125</ele>
        <time>2026-04-20T17:48:56.000Z</time>
        <extensions>
          <ns3:TrackPointExtension>
            <ns3:hr>75</ns3:hr>
          </ns3:TrackPointExtension>
        </extensions>
      </trkpt>
      <trkpt lat="-25.1418184675276279449462890625" lon="-48.8499665446579456329345703125">
        <ele>1055.199951171875</ele>
        <time>2026-04-20T17:49:02.000Z</time>
        <extensions>
          <ns3:TrackPointExtension>
            <ns3:hr>74</ns3:hr>
          </ns3:TrackPointExtension>
        </extensions>
      </trkpt>
      <trkpt lat="-25.1418090797960758209228515625" lon="-48.849916420876979827880859375">
        <ele>1056.5999755859375</ele>
        <time>2026-04-20T17:49:10.000Z</time>
        <extensions>
          <ns3:TrackPointExtension>
            <ns3:hr>74</ns3:hr>
          </ns3:TrackPointExtension>
        </extensions>
      </trkpt>
      <trkpt lat="-25.1418030448257923126220703125" lon="-48.849900998175144195556640625">
        <ele>1057.199951171875</ele>
        <time>2026-04-20T17:49:17.000Z</time>
        <extensions>
          <ns3:TrackPointExtension>
            <ns3:hr>74</ns3:hr>
          </ns3:TrackPointExtension>
        </extensions>
      </trkpt>
      <trkpt lat="-25.141811259090900421142578125" lon="-48.84986487217247486114501953125">
        <ele>1058</ele>
        <time>2026-04-20T17:49:27.000Z</time>
        <extensions>
          <ns3:TrackPointExtension>
            <ns3:hr>75</ns3:hr>
          </ns3:TrackPointExtension>
        </extensions>
      </trkpt>
      <trkpt lat="-25.1418127678334712982177734375" lon="-48.849846012890338897705078125">
        <ele>1059.4000244140625</ele>
        <time>2026-04-20T17:49:34.000Z</time>
        <extensions>
          <ns3:TrackPointExtension>
            <ns3:hr>72</ns3:hr>
          </ns3:TrackPointExtension>
        </extensions>
      </trkpt>
      <trkpt lat="-25.1418157853186130523681640625" lon="-48.84984492324292659759521484375">
        <ele>1060.800048828125</ele>
        <time>2026-04-20T17:49:46.000Z</time>
        <extensions>
          <ns3:TrackPointExtension>
            <ns3:hr>74</ns3:hr>
          </ns3:TrackPointExtension>
        </extensions>
      </trkpt>
      <trkpt lat="-25.1418189704418182373046875" lon="-48.84982212446630001068115234375">
        <ele>1060.800048828125</ele>
        <time>2026-04-20T17:49:50.000Z</time>
        <extensions>
          <ns3:TrackPointExtension>
            <ns3:hr>71</ns3:hr>
          </ns3:TrackPointExtension>
        </extensions>
      </trkpt>
      <trkpt lat="-25.14182039536535739898681640625" lon="-48.84979278780519962310791015625">
        <ele>1061</ele>
        <time>2026-04-20T17:49:53.000Z</time>
        <extensions>
          <ns3:TrackPointExtension>
            <ns3:hr>77</ns3:hr>
          </ns3:TrackPointExtension>
        </extensions>
      </trkpt>
      <trkpt lat="-25.14182441867887973785400390625" lon="-48.84977719746530055999755859375">
        <ele>1061.4000244140625</ele>
        <time>2026-04-20T17:49:55.000Z</time>
        <extensions>
          <ns3:TrackPointExtension>
            <ns3:hr>82</ns3:hr>
          </ns3:TrackPointExtension>
        </extensions>
      </trkpt>
      <trkpt lat="-25.1418258436024188995361328125" lon="-48.8497683964669704437255859375">
        <ele>1061.800048828125</ele>
        <time>2026-04-20T17:49:56.000Z</time>
        <extensions>
          <ns3:TrackPointExtension>
            <ns3:hr>87</ns3:hr>
          </ns3:TrackPointExtension>
        </extensions>
      </trkpt>
      <trkpt lat="-25.14182894490659236907958984375" lon="-48.84975423105061054229736328125">
        <ele>1062.4000244140625</ele>
        <time>2026-04-20T17:49:58.000Z</time>
        <extensions>
          <ns3:TrackPointExtension>
            <ns3:hr>90</ns3:hr>
          </ns3:TrackPointExtension>
        </extensions>
      </trkpt>
      <trkpt lat="-25.14183078892529010772705078125" lon="-48.84974350221455097198486328125">
        <ele>1063.5999755859375</ele>
        <time>2026-04-20T17:50:02.000Z</time>
        <extensions>
          <ns3:TrackPointExtension>
            <ns3:hr>93</ns3:hr>
          </ns3:TrackPointExtension>
        </extensions>
      </trkpt>
      <trkpt lat="-25.1418302021920680999755859375" lon="-48.84974685497581958770751953125">
        <ele>1064.199951171875</ele>
        <time>2026-04-20T17:50:04.000Z</time>
        <extensions>
          <ns3:TrackPointExtension>
            <ns3:hr>93</ns3:hr>
          </ns3:TrackPointExtension>
        </extensions>
      </trkpt>
      <trkpt lat="-25.14182793907821178436279296875" lon="-48.8497472740709781646728515625">
        <ele>1065</ele>
        <time>2026-04-20T17:50:07.000Z</time>
        <extensions>
          <ns3:TrackPointExtension>
            <ns3:hr>96</ns3:hr>
          </ns3:TrackPointExtension>
        </extensions>
      </trkpt>
      <trkpt lat="-25.141836069524288177490234375" lon="-48.84973042644560337066650390625">
        <ele>1065.5999755859375</ele>
        <time>2026-04-20T17:50:10.000Z</time>
        <extensions>
          <ns3:TrackPointExtension>
            <ns3:hr>99</ns3:hr>
          </ns3:TrackPointExtension>
        </extensions>
      </trkpt>
      <trkpt lat="-25.1418377459049224853515625" lon="-48.84972422383725643157958984375">
        <ele>1065.800048828125</ele>
        <time>2026-04-20T17:50:11.000Z</time>
        <extensions>
          <ns3:TrackPointExtension>
            <ns3:hr>99</ns3:hr>
          </ns3:TrackPointExtension>
        </extensions>
      </trkpt>
      <trkpt lat="-25.1418345607817173004150390625" lon="-48.849716596305370330810546875">
        <ele>1066.4000244140625</ele>
        <time>2026-04-20T17:50:13.000Z</time>
        <extensions>
          <ns3:TrackPointExtension>
            <ns3:hr>102</ns3:hr>
          </ns3:TrackPointExtension>
        </extensions>
      </trkpt>
      <trkpt lat="-25.14183196239173412322998046875" lon="-48.84970796294510364532470703125">
        <ele>1066.800048828125</ele>
        <time>2026-04-20T17:50:15.000Z</time>
        <extensions>
          <ns3:TrackPointExtension>
            <ns3:hr>105</ns3:hr>
          </ns3:TrackPointExtension>
        </extensions>
      </trkpt>
      <trkpt lat="-25.14182634651660919189453125" lon="-48.84970159269869327545166015625">
        <ele>1067.199951171875</ele>
        <time>2026-04-20T17:50:20.000Z</time>
        <extensions>
          <ns3:TrackPointExtension>
            <ns3:hr>109</ns3:hr>
          </ns3:TrackPointExtension>
        </extensions>
      </trkpt>
      <trkpt lat="-25.14182634651660919189453125" lon="-48.84970159269869327545166015625">
        <ele>1067.4000244140625</ele>
        <time>2026-04-20T17:50:21.000Z</time>
        <extensions>
          <ns3:TrackPointExtension>
            <ns3:hr>110</ns3:hr>
          </ns3:TrackPointExtension>
        </extensions>
      </trkpt>
      <trkpt lat="-25.14182056300342082977294921875" lon="-48.849713914096355438232421875">
        <ele>1068.4000244140625</ele>
        <time>2026-04-20T17:50:52.000Z</time>
        <extensions>
          <ns3:TrackPointExtension>
            <ns3:hr>110</ns3:hr>
          </ns3:TrackPointExtension>
        </extensions>
      </trkpt>
      <trkpt lat="-25.141817629337310791015625" lon="-48.84970687329769134521484375">
        <ele>1070.199951171875</ele>
        <time>2026-04-20T17:51:01.000Z</time>
        <extensions>
          <ns3:TrackPointExtension>
            <ns3:hr>108</ns3:hr>
          </ns3:TrackPointExtension>
        </extensions>
      </trkpt>
      <trkpt lat="-25.14181536622345447540283203125" lon="-48.8496993295848369598388671875">
        <ele>1070.5999755859375</ele>
        <time>2026-04-20T17:51:09.000Z</time>
        <extensions>
          <ns3:TrackPointExtension>
            <ns3:hr>104</ns3:hr>
          </ns3:TrackPointExtension>
        </extensions>
      </trkpt>
      <trkpt lat="-25.141814611852169036865234375" lon="-48.8496989943087100982666015625">
        <ele>1070.800048828125</ele>
        <time>2026-04-20T17:51:11.000Z</time>
        <extensions>
          <ns3:TrackPointExtension>
            <ns3:hr>101</ns3:hr>
          </ns3:TrackPointExtension>
        </extensions>
      </trkpt>
      <trkpt lat="-25.14181419275701045989990234375" lon="-48.8496986590325832366943359375">
        <ele>1071</ele>
        <time>2026-04-20T17:51:14.000Z</time>
        <extensions>
          <ns3:TrackPointExtension>
            <ns3:hr>97</ns3:hr>
          </ns3:TrackPointExtension>
        </extensions>
      </trkpt>
      <trkpt lat="-25.14181368984282016754150390625" lon="-48.849697820842266082763671875">
        <ele>1071.199951171875</ele>
        <time>2026-04-20T17:51:18.000Z</time>
        <extensions>
          <ns3:TrackPointExtension>
            <ns3:hr>94</ns3:hr>
          </ns3:TrackPointExtension>
        </extensions>
      </trkpt>
      <trkpt lat="-25.1418136060237884521484375" lon="-48.84969773702323436737060546875">
        <ele>1071.199951171875</ele>
        <time>2026-04-20T17:51:20.000Z</time>
        <extensions>
          <ns3:TrackPointExtension>
            <ns3:hr>91</ns3:hr>
          </ns3:TrackPointExtension>
        </extensions>
      </trkpt>
      <trkpt lat="-25.1418136060237884521484375" lon="-48.84969773702323436737060546875">
        <ele>1071.199951171875</ele>
        <time>2026-04-20T17:51:21.000Z</time>
        <extensions>
          <ns3:TrackPointExtension>
            <ns3:hr>88</ns3:hr>
          </ns3:TrackPointExtension>
        </extensions>
      </trkpt>
      <trkpt lat="-25.14181352220475673675537109375" lon="-48.84969773702323436737060546875">
        <ele>1071.199951171875</ele>
        <time>2026-04-20T17:51:22.000Z</time>
        <extensions>
          <ns3:TrackPointExtension>
            <ns3:hr>91</ns3:hr>
          </ns3:TrackPointExtension>
        </extensions>
      </trkpt>
      <trkpt lat="-25.14180354773998260498046875" lon="-48.84969572536647319793701171875">
        <ele>1071.4000244140625</ele>
        <time>2026-04-20T17:51:30.000Z</time>
        <extensions>
          <ns3:TrackPointExtension>
            <ns3:hr>88</ns3:hr>
          </ns3:TrackPointExtension>
        </extensions>
      </trkpt>
      <trkpt lat="-25.1417986862361431121826171875" lon="-48.8496926240622997283935546875">
        <ele>1071.5999755859375</ele>
        <time>2026-04-20T17:51:33.000Z</time>
        <extensions>
          <ns3:TrackPointExtension>
            <ns3:hr>85</ns3:hr>
          </ns3:TrackPointExtension>
        </extensions>
      </trkpt>
      <trkpt lat="-25.1418053917586803436279296875" lon="-48.84967879392206668853759765625">
        <ele>1072.5999755859375</ele>
        <time>2026-04-20T17:51:56.000Z</time>
        <extensions>
          <ns3:TrackPointExtension>
            <ns3:hr>89</ns3:hr>
          </ns3:TrackPointExtension>
        </extensions>
      </trkpt>
      <trkpt lat="-25.14182676561176776885986328125" lon="-48.84961039759218692779541015625">
        <ele>1073</ele>
        <time>2026-04-20T17:52:01.000Z</time>
        <extensions>
          <ns3:TrackPointExtension>
            <ns3:hr>86</ns3:hr>
          </ns3:TrackPointExtension>
        </extensions>
      </trkpt>
      <trkpt lat="-25.14182844199240207672119140625" lon="-48.84959480725228786468505859375">
        <ele>1073.199951171875</ele>
        <time>2026-04-20T17:52:02.000Z</time>
        <extensions>
          <ns3:TrackPointExtension>
            <ns3:hr>86</ns3:hr>
          </ns3:TrackPointExtension>
        </extensions>
      </trkpt>
      <trkpt lat="-25.141827352344989776611328125" lon="-48.84951584972441196441650390625">
        <ele>1076.199951171875</ele>
        <time>2026-04-20T17:52:10.000Z</time>
        <extensions>
          <ns3:TrackPointExtension>
            <ns3:hr>87</ns3:hr>
          </ns3:TrackPointExtension>
        </extensions>
      </trkpt>
      <trkpt lat="-25.14183833263814449310302734375" lon="-48.84947360493242740631103515625">
        <ele>1077.5999755859375</ele>
        <time>2026-04-20T17:52:16.000Z</time>
        <extensions>
          <ns3:TrackPointExtension>
            <ns3:hr>90</ns3:hr>
          </ns3:TrackPointExtension>
        </extensions>
      </trkpt>
      <trkpt lat="-25.14183514751493930816650390625" lon="-48.84945717640221118927001953125">
        <ele>1078.199951171875</ele>
        <time>2026-04-20T17:52:19.000Z</time>
        <extensions>
          <ns3:TrackPointExtension>
            <ns3:hr>89</ns3:hr>
          </ns3:TrackPointExtension>
        </extensions>
      </trkpt>
      <trkpt lat="-25.14184202067553997039794921875" lon="-48.849406130611896514892578125">
        <ele>1079.5999755859375</ele>
        <time>2026-04-20T17:52:28.000Z</time>
        <extensions>
          <ns3:TrackPointExtension>
            <ns3:hr>91</ns3:hr>
          </ns3:TrackPointExtension>
        </extensions>
      </trkpt>
      <trkpt lat="-25.14185861684381961822509765625" lon="-48.84936816059052944183349609375">
        <ele>1081.5999755859375</ele>
        <time>2026-04-20T17:52:37.000Z</time>
        <extensions>
          <ns3:TrackPointExtension>
            <ns3:hr>93</ns3:hr>
          </ns3:TrackPointExtension>
        </extensions>
      </trkpt>
      <trkpt lat="-25.141865909099578857421875" lon="-48.849351815879344940185546875">
        <ele>1081.5999755859375</ele>
        <time>2026-04-20T17:52:41.000Z</time>
        <extensions>
          <ns3:TrackPointExtension>
            <ns3:hr>90</ns3:hr>
          </ns3:TrackPointExtension>
        </extensions>
      </trkpt>
      <trkpt lat="-25.14187035150825977325439453125" lon="-48.84934343397617340087890625">
        <ele>1081.800048828125</ele>
        <time>2026-04-20T17:52:43.000Z</time>
        <extensions>
          <ns3:TrackPointExtension>
            <ns3:hr>93</ns3:hr>
          </ns3:TrackPointExtension>
        </extensions>
      </trkpt>
      <trkpt lat="-25.14187303371727466583251953125" lon="-48.8493399135768413543701171875">
        <ele>1081.800048828125</ele>
        <time>2026-04-20T17:52:44.000Z</time>
        <extensions>
          <ns3:TrackPointExtension>
            <ns3:hr>97</ns3:hr>
          </ns3:TrackPointExtension>
        </extensions>
      </trkpt>
      <trkpt lat="-25.14187856577336788177490234375" lon="-48.8493382371962070465087890625">
        <ele>1082</ele>
        <time>2026-04-20T17:52:46.000Z</time>
        <extensions>
          <ns3:TrackPointExtension>
            <ns3:hr>94</ns3:hr>
          </ns3:TrackPointExtension>
        </extensions>
      </trkpt>
      <trkpt lat="-25.14187554828822612762451171875" lon="-48.849339075386524200439453125">
        <ele>1082.4000244140625</ele>
        <time>2026-04-20T17:52:49.000Z</time>
        <extensions>
          <ns3:TrackPointExtension>
            <ns3:hr>92</ns3:hr>
          </ns3:TrackPointExtension>
        </extensions>
      </trkpt>
      <trkpt lat="-25.14187538065016269683837890625" lon="-48.8493405841290950775146484375">
        <ele>1084</ele>
        <time>2026-04-20T17:52:58.000Z</time>
        <extensions>
          <ns3:TrackPointExtension>
            <ns3:hr>92</ns3:hr>
          </ns3:TrackPointExtension>
        </extensions>
      </trkpt>
      <trkpt lat="-25.1418704353272914886474609375" lon="-48.84933832101523876190185546875">
        <ele>1084.199951171875</ele>
        <time>2026-04-20T17:53:13.000Z</time>
        <extensions>
          <ns3:TrackPointExtension>
            <ns3:hr>88</ns3:hr>
          </ns3:TrackPointExtension>
        </extensions>
      </trkpt>
      <trkpt lat="-25.1418704353272914886474609375" lon="-48.8493382371962070465087890625">
        <ele>1084.199951171875</ele>
        <time>2026-04-20T17:53:14.000Z</time>
        <extensions>
          <ns3:TrackPointExtension>
            <ns3:hr>91</ns3:hr>
          </ns3:TrackPointExtension>
        </extensions>
      </trkpt>
      <trkpt lat="-25.1418704353272914886474609375" lon="-48.8493258319795131683349609375">
        <ele>1084.4000244140625</ele>
        <time>2026-04-20T17:53:18.000Z</time>
        <extensions>
          <ns3:TrackPointExtension>
            <ns3:hr>87</ns3:hr>
          </ns3:TrackPointExtension>
        </extensions>
      </trkpt>
      <trkpt lat="-25.1418704353272914886474609375" lon="-48.849324323236942291259765625">
        <ele>1084.5999755859375</ele>
        <time>2026-04-20T17:53:19.000Z</time>
        <extensions>
          <ns3:TrackPointExtension>
            <ns3:hr>92</ns3:hr>
          </ns3:TrackPointExtension>
        </extensions>
      </trkpt>
      <trkpt lat="-25.1418704353272914886474609375" lon="-48.84930814616382122039794921875">
        <ele>1085.4000244140625</ele>
        <time>2026-04-20T17:53:26.000Z</time>
        <extensions>
          <ns3:TrackPointExtension>
            <ns3:hr>88</ns3:hr>
          </ns3:TrackPointExtension>
        </extensions>
      </trkpt>
      <trkpt lat="-25.14189164154231548309326171875" lon="-48.84927310980856418609619140625">
        <ele>1086.199951171875</ele>
        <time>2026-04-20T17:53:38.000Z</time>
        <extensions>
          <ns3:TrackPointExtension>
            <ns3:hr>85</ns3:hr>
          </ns3:TrackPointExtension>
        </extensions>
      </trkpt>
      <trkpt lat="-25.14191058464348316192626953125" lon="-48.84924259968101978302001953125">
        <ele>1086.5999755859375</ele>
        <time>2026-04-20T17:53:46.000Z</time>
        <extensions>
          <ns3:TrackPointExtension>
            <ns3:hr>82</ns3:hr>
          </ns3:TrackPointExtension>
        </extensions>
      </trkpt>
      <trkpt lat="-25.1419441960752010345458984375" lon="-48.84917889721691608428955078125">
        <ele>1086.800048828125</ele>
        <time>2026-04-20T17:54:03.000Z</time>
        <extensions>
          <ns3:TrackPointExtension>
            <ns3:hr>85</ns3:hr>
          </ns3:TrackPointExtension>
        </extensions>
      </trkpt>
      <trkpt lat="-25.14195433817803859710693359375" lon="-48.84916028939187526702880859375">
        <ele>1087</ele>
        <time>2026-04-20T17:54:08.000Z</time>
        <extensions>
          <ns3:TrackPointExtension>
            <ns3:hr>89</ns3:hr>
          </ns3:TrackPointExtension>
        </extensions>
      </trkpt>
      <trkpt lat="-25.1419566012918949127197265625" lon="-48.84915475733578205108642578125">
        <ele>1087.199951171875</ele>
        <time>2026-04-20T17:54:10.000Z</time>
        <extensions>
          <ns3:TrackPointExtension>
            <ns3:hr>92</ns3:hr>
          </ns3:TrackPointExtension>
        </extensions>
      </trkpt>
      <trkpt lat="-25.141957104206085205078125" lon="-48.84915257804095745086669921875">
        <ele>1087.199951171875</ele>
        <time>2026-04-20T17:54:12.000Z</time>
        <extensions>
          <ns3:TrackPointExtension>
            <ns3:hr>96</ns3:hr>
          </ns3:TrackPointExtension>
        </extensions>
      </trkpt>
      <trkpt lat="-25.14195735566318035125732421875" lon="-48.8491521589457988739013671875">
        <ele>1087.4000244140625</ele>
        <time>2026-04-20T17:54:14.000Z</time>
        <extensions>
          <ns3:TrackPointExtension>
            <ns3:hr>99</ns3:hr>
          </ns3:TrackPointExtension>
        </extensions>
      </trkpt>
      <trkpt lat="-25.14195802621543407440185546875" lon="-48.84915173985064029693603515625">
        <ele>1087.5999755859375</ele>
        <time>2026-04-20T17:54:22.000Z</time>
        <extensions>
          <ns3:TrackPointExtension>
            <ns3:hr>102</ns3:hr>
          </ns3:TrackPointExtension>
        </extensions>
      </trkpt>
      <trkpt lat="-25.141958110034465789794921875" lon="-48.84915173985064029693603515625">
        <ele>1087.5999755859375</ele>
        <time>2026-04-20T17:54:23.000Z</time>
        <extensions>
          <ns3:TrackPointExtension>
            <ns3:hr>99</ns3:hr>
          </ns3:TrackPointExtension>
        </extensions>
      </trkpt>
      <trkpt lat="-25.14199876226484775543212890625" lon="-48.84907814674079418182373046875">
        <ele>1087.199951171875</ele>
        <time>2026-04-20T17:54:51.000Z</time>
        <extensions>
          <ns3:TrackPointExtension>
            <ns3:hr>96</ns3:hr>
          </ns3:TrackPointExtension>
        </extensions>
      </trkpt>
      <trkpt lat="-25.14201317913830280303955078125" lon="-48.8490525819361209869384765625">
        <ele>1087.4000244140625</ele>
        <time>2026-04-20T17:55:01.000Z</time>
        <extensions>
          <ns3:TrackPointExtension>
            <ns3:hr>100</ns3:hr>
          </ns3:TrackPointExtension>
        </extensions>
      </trkpt>
      <trkpt lat="-25.142015777528285980224609375" lon="-48.84904839098453521728515625">
        <ele>1087.4000244140625</ele>
        <time>2026-04-20T17:55:02.000Z</time>
        <extensions>
          <ns3:TrackPointExtension>
            <ns3:hr>103</ns3:hr>
          </ns3:TrackPointExtension>
        </extensions>
      </trkpt>
      <trkpt lat="-25.1420179568231105804443359375" lon="-48.84904394857585430145263671875">
        <ele>1087.4000244140625</ele>
        <time>2026-04-20T17:55:03.000Z</time>
        <extensions>
          <ns3:TrackPointExtension>
            <ns3:hr>106</ns3:hr>
          </ns3:TrackPointExtension>
        </extensions>
      </trkpt>
      <trkpt lat="-25.14202005229890346527099609375" lon="-48.84903875179588794708251953125">
        <ele>1087.4000244140625</ele>
        <time>2026-04-20T17:55:04.000Z</time>
        <extensions>
          <ns3:TrackPointExtension>
            <ns3:hr>110</ns3:hr>
          </ns3:TrackPointExtension>
        </extensions>
      </trkpt>
      <trkpt lat="-25.1420219801366329193115234375" lon="-48.84903338737785816192626953125">
        <ele>1087.4000244140625</ele>
        <time>2026-04-20T17:55:05.000Z</time>
        <extensions>
          <ns3:TrackPointExtension>
            <ns3:hr>110</ns3:hr>
          </ns3:TrackPointExtension>
        </extensions>
      </trkpt>
      <trkpt lat="-25.14202642254531383514404296875" lon="-48.849021904170513153076171875">
        <ele>1087.4000244140625</ele>
        <time>2026-04-20T17:55:07.000Z</time>
        <extensions>
          <ns3:TrackPointExtension>
            <ns3:hr>113</ns3:hr>
          </ns3:TrackPointExtension>
        </extensions>
      </trkpt>
      <trkpt lat="-25.14203111641108989715576171875" lon="-48.84901092387735843658447265625">
        <ele>1087.4000244140625</ele>
        <time>2026-04-20T17:55:09.000Z</time>
        <extensions>
          <ns3:TrackPointExtension>
            <ns3:hr>116</ns3:hr>
          </ns3:TrackPointExtension>
        </extensions>
      </trkpt>
      <trkpt lat="-25.1420437730848789215087890625" lon="-48.84898812510073184967041015625">
        <ele>1087.199951171875</ele>
        <time>2026-04-20T17:55:15.000Z</time>
        <extensions>
          <ns3:TrackPointExtension>
            <ns3:hr>119</ns3:hr>
          </ns3:TrackPointExtension>
        </extensions>
      </trkpt>
      <trkpt lat="-25.14205089770257472991943359375" lon="-48.8489741273224353790283203125">
        <ele>1087.199951171875</ele>
        <time>2026-04-20T17:55:18.000Z</time>
        <extensions>
          <ns3:TrackPointExtension>
            <ns3:hr>122</ns3:hr>
          </ns3:TrackPointExtension>
        </extensions>
      </trkpt>
      <trkpt lat="-25.1420789770781993865966796875" lon="-48.8489171303808689117431640625">
        <ele>1087.199951171875</ele>
        <time>2026-04-20T17:55:23.000Z</time>
        <extensions>
          <ns3:TrackPointExtension>
            <ns3:hr>122</ns3:hr>
          </ns3:TrackPointExtension>
        </extensions>
      </trkpt>
      <trkpt lat="-25.1420789770781993865966796875" lon="-48.8489171303808689117431640625">
        <ele>1087.5999755859375</ele>
        <time>2026-04-20T17:55:26.000Z</time>
        <extensions>
          <ns3:TrackPointExtension>
            <ns3:hr>119</ns3:hr>
          </ns3:TrackPointExtension>
        </extensions>
      </trkpt>
      <trkpt lat="-25.14210152439773082733154296875" lon="-48.84886893443763256072998046875">
        <ele>1089.800048828125</ele>
        <time>2026-04-20T17:55:58.000Z</time>
        <extensions>
          <ns3:TrackPointExtension>
            <ns3:hr>116</ns3:hr>
          </ns3:TrackPointExtension>
        </extensions>
      </trkpt>
      <trkpt lat="-25.14210085384547710418701171875" lon="-48.84886893443763256072998046875">
        <ele>1089.800048828125</ele>
        <time>2026-04-20T17:56:04.000Z</time>
        <extensions>
          <ns3:TrackPointExtension>
            <ns3:hr>113</ns3:hr>
          </ns3:TrackPointExtension>
        </extensions>
      </trkpt>
      <trkpt lat="-25.1421006023883819580078125" lon="-48.84886876679956912994384765625">
        <ele>1089.800048828125</ele>
        <time>2026-04-20T17:56:07.000Z</time>
        <extensions>
          <ns3:TrackPointExtension>
            <ns3:hr>110</ns3:hr>
          </ns3:TrackPointExtension>
        </extensions>
      </trkpt>
      <trkpt lat="-25.1421000994741916656494140625" lon="-48.848868347704410552978515625">
        <ele>1089.800048828125</ele>
        <time>2026-04-20T17:56:10.000Z</time>
        <extensions>
          <ns3:TrackPointExtension>
            <ns3:hr>107</ns3:hr>
          </ns3:TrackPointExtension>
        </extensions>
      </trkpt>
      <trkpt lat="-25.1421000994741916656494140625" lon="-48.84886801242828369140625">
        <ele>1089.800048828125</ele>
        <time>2026-04-20T17:56:12.000Z</time>
        <extensions>
          <ns3:TrackPointExtension>
            <ns3:hr>110</ns3:hr>
          </ns3:TrackPointExtension>
        </extensions>
      </trkpt>
      <trkpt lat="-25.1421000994741916656494140625" lon="-48.84886792860925197601318359375">
        <ele>1089.5999755859375</ele>
        <time>2026-04-20T17:56:13.000Z</time>
        <extensions>
          <ns3:TrackPointExtension>
            <ns3:hr>107</ns3:hr>
          </ns3:TrackPointExtension>
        </extensions>
      </trkpt>
      <trkpt lat="-25.142100267112255096435546875" lon="-48.84886734187602996826171875">
        <ele>1089.5999755859375</ele>
        <time>2026-04-20T17:56:15.000Z</time>
        <extensions>
          <ns3:TrackPointExtension>
            <ns3:hr>103</ns3:hr>
          </ns3:TrackPointExtension>
        </extensions>
      </trkpt>
      <trkpt lat="-25.142100267112255096435546875" lon="-48.84886709041893482208251953125">
        <ele>1089.4000244140625</ele>
        <time>2026-04-20T17:56:17.000Z</time>
        <extensions>
          <ns3:TrackPointExtension>
            <ns3:hr>99</ns3:hr>
          </ns3:TrackPointExtension>
        </extensions>
      </trkpt>
      <trkpt lat="-25.14210035093128681182861328125" lon="-48.8488654978573322296142578125">
        <ele>1089.199951171875</ele>
        <time>2026-04-20T17:56:24.000Z</time>
        <extensions>
          <ns3:TrackPointExtension>
            <ns3:hr>96</ns3:hr>
          </ns3:TrackPointExtension>
        </extensions>
      </trkpt>
      <trkpt lat="-25.14210688881576061248779296875" lon="-48.84886323474347591400146484375">
        <ele>1089</ele>
        <time>2026-04-20T17:56:37.000Z</time>
        <extensions>
          <ns3:TrackPointExtension>
            <ns3:hr>93</ns3:hr>
          </ns3:TrackPointExtension>
        </extensions>
      </trkpt>
      <trkpt lat="-25.1421339623630046844482421875" lon="-48.84880087338387966156005859375">
        <ele>1089.199951171875</ele>
        <time>2026-04-20T17:56:48.000Z</time>
        <extensions>
          <ns3:TrackPointExtension>
            <ns3:hr>95</ns3:hr>
          </ns3:TrackPointExtension>
        </extensions>
      </trkpt>
      <trkpt lat="-25.142157264053821563720703125" lon="-48.84873901493847370147705078125">
        <ele>1093.199951171875</ele>
        <time>2026-04-20T17:56:55.000Z</time>
        <extensions>
          <ns3:TrackPointExtension>
            <ns3:hr>95</ns3:hr>
          </ns3:TrackPointExtension>
        </extensions>
      </trkpt>
      <trkpt lat="-25.1421537436544895172119140625" lon="-48.84872728027403354644775390625">
        <ele>1096.5999755859375</ele>
        <time>2026-04-20T17:57:00.000Z</time>
        <extensions>
          <ns3:TrackPointExtension>
            <ns3:hr>95</ns3:hr>
          </ns3:TrackPointExtension>
        </extensions>
      </trkpt>
      <trkpt lat="-25.142169333994388580322265625" lon="-48.8487099297344684600830078125">
        <ele>1098.800048828125</ele>
        <time>2026-04-20T17:57:05.000Z</time>
        <extensions>
          <ns3:TrackPointExtension>
            <ns3:hr>98</ns3:hr>
          </ns3:TrackPointExtension>
        </extensions>
      </trkpt>
      <trkpt lat="-25.14218039810657501220703125" lon="-48.84868905879557132720947265625">
        <ele>1099.800048828125</ele>
        <time>2026-04-20T17:57:10.000Z</time>
        <extensions>
          <ns3:TrackPointExtension>
            <ns3:hr>100</ns3:hr>
          </ns3:TrackPointExtension>
        </extensions>
      </trkpt>
      <trkpt lat="-25.1421795599162578582763671875" lon="-48.84867824614048004150390625">
        <ele>1100.4000244140625</ele>
        <time>2026-04-20T17:57:13.000Z</time>
        <extensions>
          <ns3:TrackPointExtension>
            <ns3:hr>103</ns3:hr>
          </ns3:TrackPointExtension>
        </extensions>
      </trkpt>
      <trkpt lat="-25.14217997901141643524169921875" lon="-48.848673216998577117919921875">
        <ele>1100.800048828125</ele>
        <time>2026-04-20T17:57:15.000Z</time>
        <extensions>
          <ns3:TrackPointExtension>
            <ns3:hr>106</ns3:hr>
          </ns3:TrackPointExtension>
        </extensions>
      </trkpt>
      <trkpt lat="-25.1421852596104145050048828125" lon="-48.8486539386212825775146484375">
        <ele>1101.4000244140625</ele>
        <time>2026-04-20T17:57:21.000Z</time>
        <extensions>
          <ns3:TrackPointExtension>
            <ns3:hr>109</ns3:hr>
          </ns3:TrackPointExtension>
        </extensions>
      </trkpt>
      <trkpt lat="-25.14220529235899448394775390625" lon="-48.84863440878689289093017578125">
        <ele>1102.4000244140625</ele>
        <time>2026-04-20T17:57:27.000Z</time>
        <extensions>
          <ns3:TrackPointExtension>
            <ns3:hr>112</ns3:hr>
          </ns3:TrackPointExtension>
        </extensions>
      </trkpt>
      <trkpt lat="-25.14222155325114727020263671875" lon="-48.84862460196018218994140625">
        <ele>1103.5999755859375</ele>
        <time>2026-04-20T17:57:31.000Z</time>
        <extensions>
          <ns3:TrackPointExtension>
            <ns3:hr>113</ns3:hr>
          </ns3:TrackPointExtension>
        </extensions>
      </trkpt>
      <trkpt lat="-25.14222406782209873199462890625" lon="-48.8486227579414844512939453125">
        <ele>1104</ele>
        <time>2026-04-20T17:57:32.000Z</time>
        <extensions>
          <ns3:TrackPointExtension>
            <ns3:hr>116</ns3:hr>
          </ns3:TrackPointExtension>
        </extensions>
      </trkpt>
      <trkpt lat="-25.1422264985740184783935546875" lon="-48.84861680679023265838623046875">
        <ele>1105.800048828125</ele>
        <time>2026-04-20T17:57:38.000Z</time>
        <extensions>
          <ns3:TrackPointExtension>
            <ns3:hr>119</ns3:hr>
          </ns3:TrackPointExtension>
        </extensions>
      </trkpt>
      <trkpt lat="-25.14222976751625537872314453125" lon="-48.84861546568572521209716796875">
        <ele>1106.4000244140625</ele>
        <time>2026-04-20T17:57:59.000Z</time>
        <extensions>
          <ns3:TrackPointExtension>
            <ns3:hr>116</ns3:hr>
          </ns3:TrackPointExtension>
        </extensions>
      </trkpt>
      <trkpt lat="-25.1422325335443019866943359375" lon="-48.84861546568572521209716796875">
        <ele>1106.4000244140625</ele>
        <time>2026-04-20T17:58:01.000Z</time>
        <extensions>
          <ns3:TrackPointExtension>
            <ns3:hr>113</ns3:hr>
          </ns3:TrackPointExtension>
        </extensions>
      </trkpt>
      <trkpt lat="-25.1422332040965557098388671875" lon="-48.84861546568572521209716796875">
        <ele>1106.4000244140625</ele>
        <time>2026-04-20T17:58:02.000Z</time>
        <extensions>
          <ns3:TrackPointExtension>
            <ns3:hr>109</ns3:hr>
          </ns3:TrackPointExtension>
        </extensions>
      </trkpt>
      <trkpt lat="-25.142235048115253448486328125" lon="-48.84861546568572521209716796875">
        <ele>1106.4000244140625</ele>
        <time>2026-04-20T17:58:03.000Z</time>
        <extensions>
          <ns3:TrackPointExtension>
            <ns3:hr>104</ns3:hr>
          </ns3:TrackPointExtension>
        </extensions>
      </trkpt>
      <trkpt lat="-25.14223672449588775634765625" lon="-48.8486153818666934967041015625">
        <ele>1106.199951171875</ele>
        <time>2026-04-20T17:58:04.000Z</time>
        <extensions>
          <ns3:TrackPointExtension>
            <ns3:hr>101</ns3:hr>
          </ns3:TrackPointExtension>
        </extensions>
      </trkpt>
      <trkpt lat="-25.14223965816199779510498046875" lon="-48.8486143760383129119873046875">
        <ele>1106</ele>
        <time>2026-04-20T17:58:09.000Z</time>
        <extensions>
          <ns3:TrackPointExtension>
            <ns3:hr>98</ns3:hr>
          </ns3:TrackPointExtension>
        </extensions>
      </trkpt>
      <trkpt lat="-25.142245106399059295654296875" lon="-48.84860021062195301055908203125">
        <ele>1106</ele>
        <time>2026-04-20T17:58:17.000Z</time>
        <extensions>
          <ns3:TrackPointExtension>
            <ns3:hr>101</ns3:hr>
          </ns3:TrackPointExtension>
        </extensions>
      </trkpt>
      <trkpt lat="-25.14227402396500110626220703125" lon="-48.8485714606940746307373046875">
        <ele>1106.5999755859375</ele>
        <time>2026-04-20T17:58:27.000Z</time>
        <extensions>
          <ns3:TrackPointExtension>
            <ns3:hr>104</ns3:hr>
          </ns3:TrackPointExtension>
        </extensions>
      </trkpt>
      <trkpt lat="-25.1422865130007266998291015625" lon="-48.84855897165834903717041015625">
        <ele>1107</ele>
        <time>2026-04-20T17:58:30.000Z</time>
        <extensions>
          <ns3:TrackPointExtension>
            <ns3:hr>107</ns3:hr>
          </ns3:TrackPointExtension>
        </extensions>
      </trkpt>
      <trkpt lat="-25.1423492096364498138427734375" lon="-48.8484940119087696075439453125">
        <ele>1111</ele>
        <time>2026-04-20T17:58:52.000Z</time>
        <extensions>
          <ns3:TrackPointExtension>
            <ns3:hr>111</ns3:hr>
          </ns3:TrackPointExtension>
        </extensions>
      </trkpt>
      <trkpt lat="-25.142370164394378662109375" lon="-48.84847464971244335174560546875">
        <ele>1112.4000244140625</ele>
        <time>2026-04-20T17:58:58.000Z</time>
        <extensions>
          <ns3:TrackPointExtension>
            <ns3:hr>114</ns3:hr>
          </ns3:TrackPointExtension>
        </extensions>
      </trkpt>
      <trkpt lat="-25.1423822343349456787109375" lon="-48.848454952239990234375">
        <ele>1112.800048828125</ele>
        <time>2026-04-20T17:59:02.000Z</time>
        <extensions>
          <ns3:TrackPointExtension>
            <ns3:hr>118</ns3:hr>
          </ns3:TrackPointExtension>
        </extensions>
      </trkpt>
      <trkpt lat="-25.14244736172258853912353515625" lon="-48.8484162278473377227783203125">
        <ele>1112</ele>
        <time>2026-04-20T17:59:14.000Z</time>
        <extensions>
          <ns3:TrackPointExtension>
            <ns3:hr>121</ns3:hr>
          </ns3:TrackPointExtension>
        </extensions>
      </trkpt>
      <trkpt lat="-25.14252363704144954681396484375" lon="-48.84839451871812343597412109375">
        <ele>1109.5999755859375</ele>
        <time>2026-04-20T17:59:28.000Z</time>
        <extensions>
          <ns3:TrackPointExtension>
            <ns3:hr>118</ns3:hr>
          </ns3:TrackPointExtension>
        </extensions>
      </trkpt>
      <trkpt lat="-25.14258381910622119903564453125" lon="-48.84835445322096347808837890625">
        <ele>1108.5999755859375</ele>
        <time>2026-04-20T17:59:42.000Z</time>
        <extensions>
          <ns3:TrackPointExtension>
            <ns3:hr>115</ns3:hr>
          </ns3:TrackPointExtension>
        </extensions>
      </trkpt>
      <trkpt lat="-25.14260393567383289337158203125" lon="-48.848351351916790008544921875">
        <ele>1108.199951171875</ele>
        <time>2026-04-20T17:59:46.000Z</time>
        <extensions>
          <ns3:TrackPointExtension>
            <ns3:hr>112</ns3:hr>
          </ns3:TrackPointExtension>
        </extensions>
      </trkpt>
      <trkpt lat="-25.14272488653659820556640625" lon="-48.84831857867538928985595703125">
        <ele>1109.4000244140625</ele>
        <time>2026-04-20T18:00:09.000Z</time>
        <extensions>
          <ns3:TrackPointExtension>
            <ns3:hr>109</ns3:hr>
          </ns3:TrackPointExtension>
        </extensions>
      </trkpt>
      <trkpt lat="-25.14276319183409214019775390625" lon="-48.84831505827605724334716796875">
        <ele>1110.199951171875</ele>
        <time>2026-04-20T18:00:17.000Z</time>
        <extensions>
          <ns3:TrackPointExtension>
            <ns3:hr>112</ns3:hr>
          </ns3:TrackPointExtension>
        </extensions>
      </trkpt>
      <trkpt lat="-25.14276855625212192535400390625" lon="-48.84831489063799381256103515625">
        <ele>1110.199951171875</ele>
        <time>2026-04-20T18:00:18.000Z</time>
        <extensions>
          <ns3:TrackPointExtension>
            <ns3:hr>109</ns3:hr>
          </ns3:TrackPointExtension>
        </extensions>
      </trkpt>
      <trkpt lat="-25.14282035641372203826904296875" lon="-48.84830349124968051910400390625">
        <ele>1112.5999755859375</ele>
        <time>2026-04-20T18:00:37.000Z</time>
        <extensions>
          <ns3:TrackPointExtension>
            <ns3:hr>112</ns3:hr>
          </ns3:TrackPointExtension>
        </extensions>
      </trkpt>
      <trkpt lat="-25.14284365810453891754150390625" lon="-48.848296366631984710693359375">
        <ele>1114.4000244140625</ele>
        <time>2026-04-20T18:00:54.000Z</time>
        <extensions>
          <ns3:TrackPointExtension>
            <ns3:hr>108</ns3:hr>
          </ns3:TrackPointExtension>
        </extensions>
      </trkpt>
      <trkpt lat="-25.14284600503742694854736328125" lon="-48.848295696079730987548828125">
        <ele>1114.5999755859375</ele>
        <time>2026-04-20T18:00:57.000Z</time>
        <extensions>
          <ns3:TrackPointExtension>
            <ns3:hr>105</ns3:hr>
          </ns3:TrackPointExtension>
        </extensions>
      </trkpt>
      <trkpt lat="-25.14285304583609104156494140625" lon="-48.84829142130911350250244140625">
        <ele>1115</ele>
        <time>2026-04-20T18:01:24.000Z</time>
        <extensions>
          <ns3:TrackPointExtension>
            <ns3:hr>109</ns3:hr>
          </ns3:TrackPointExtension>
        </extensions>
      </trkpt>
      <trkpt lat="-25.14285363256931304931640625" lon="-48.84829091839492321014404296875">
        <ele>1115</ele>
        <time>2026-04-20T18:01:26.000Z</time>
        <extensions>
          <ns3:TrackPointExtension>
            <ns3:hr>113</ns3:hr>
          </ns3:TrackPointExtension>
        </extensions>
      </trkpt>
      <trkpt lat="-25.14285522513091564178466796875" lon="-48.8482898287475109100341796875">
        <ele>1115</ele>
        <time>2026-04-20T18:01:32.000Z</time>
        <extensions>
          <ns3:TrackPointExtension>
            <ns3:hr>116</ns3:hr>
          </ns3:TrackPointExtension>
        </extensions>
      </trkpt>
      <trkpt lat="-25.14285857789218425750732421875" lon="-48.8482864759862422943115234375">
        <ele>1115</ele>
        <time>2026-04-20T18:01:44.000Z</time>
        <extensions>
          <ns3:TrackPointExtension>
            <ns3:hr>119</ns3:hr>
          </ns3:TrackPointExtension>
        </extensions>
      </trkpt>
      <trkpt lat="-25.14285924844443798065185546875" lon="-48.84828588925302028656005859375">
        <ele>1115</ele>
        <time>2026-04-20T18:01:46.000Z</time>
        <extensions>
          <ns3:TrackPointExtension>
            <ns3:hr>123</ns3:hr>
          </ns3:TrackPointExtension>
        </extensions>
      </trkpt>
      <trkpt lat="-25.1428623497486114501953125" lon="-48.84828253649175167083740234375">
        <ele>1115</ele>
        <time>2026-04-20T18:01:56.000Z</time>
        <extensions>
          <ns3:TrackPointExtension>
            <ns3:hr>120</ns3:hr>
          </ns3:TrackPointExtension>
        </extensions>
      </trkpt>
      <trkpt lat="-25.14286897145211696624755859375" lon="-48.8482747413218021392822265625">
        <ele>1115</ele>
        <time>2026-04-20T18:02:17.000Z</time>
        <extensions>
          <ns3:TrackPointExtension>
            <ns3:hr>117</ns3:hr>
          </ns3:TrackPointExtension>
        </extensions>
      </trkpt>
      <trkpt lat="-25.14286997728049755096435546875" lon="-48.84827348403632640838623046875">
        <ele>1115</ele>
        <time>2026-04-20T18:02:20.000Z</time>
        <extensions>
          <ns3:TrackPointExtension>
            <ns3:hr>121</ns3:hr>
          </ns3:TrackPointExtension>
        </extensions>
      </trkpt>
      <trkpt lat="-25.14289411716163158416748046875" lon="-48.848248422145843505859375">
        <ele>1115</ele>
        <time>2026-04-20T18:02:22.000Z</time>
        <extensions>
          <ns3:TrackPointExtension>
            <ns3:hr>124</ns3:hr>
          </ns3:TrackPointExtension>
        </extensions>
      </trkpt>
      <trkpt lat="-25.14297827146947383880615234375" lon="-48.848164938390254974365234375">
        <ele>1115</ele>
        <time>2026-04-20T18:02:25.000Z</time>
        <extensions>
          <ns3:TrackPointExtension>
            <ns3:hr>128</ns3:hr>
          </ns3:TrackPointExtension>
        </extensions>
      </trkpt>
      <trkpt lat="-25.14303493313491344451904296875" lon="-48.8481094501912593841552734375">
        <ele>1115.199951171875</ele>
        <time>2026-04-20T18:02:27.000Z</time>
        <extensions>
          <ns3:TrackPointExtension>
            <ns3:hr>129</ns3:hr>
          </ns3:TrackPointExtension>
        </extensions>
      </trkpt>
      <trkpt lat="-25.14315227977931499481201171875" lon="-48.84799185208976268768310546875">
        <ele>1118</ele>
        <time>2026-04-20T18:02:33.000Z</time>
        <extensions>
          <ns3:TrackPointExtension>
            <ns3:hr>126</ns3:hr>
          </ns3:TrackPointExtension>
        </extensions>
      </trkpt>
      <trkpt lat="-25.14316082932054996490478515625" lon="-48.84797458536922931671142578125">
        <ele>1119</ele>
        <time>2026-04-20T18:02:36.000Z</time>
        <extensions>
          <ns3:TrackPointExtension>
            <ns3:hr>123</ns3:hr>
          </ns3:TrackPointExtension>
        </extensions>
      </trkpt>
      <trkpt lat="-25.14316585846245288848876953125" lon="-48.84796880185604095458984375">
        <ele>1119.4000244140625</ele>
        <time>2026-04-20T18:02:37.000Z</time>
        <extensions>
          <ns3:TrackPointExtension>
            <ns3:hr>126</ns3:hr>
          </ns3:TrackPointExtension>
        </extensions>
      </trkpt>
      <trkpt lat="-25.143168456852436065673828125" lon="-48.84796502999961376190185546875">
        <ele>1119.5999755859375</ele>
        <time>2026-04-20T18:02:38.000Z</time>
        <extensions>
          <ns3:TrackPointExtension>
            <ns3:hr>122</ns3:hr>
          </ns3:TrackPointExtension>
        </extensions>
      </trkpt>
      <trkpt lat="-25.14317424036562442779541015625" lon="-48.84794793091714382171630859375">
        <ele>1120.199951171875</ele>
        <time>2026-04-20T18:02:42.000Z</time>
        <extensions>
          <ns3:TrackPointExtension>
            <ns3:hr>119</ns3:hr>
          </ns3:TrackPointExtension>
        </extensions>
      </trkpt>
      <trkpt lat="-25.14317994005978107452392578125" lon="-48.84794524870812892913818359375">
        <ele>1120.5999755859375</ele>
        <time>2026-04-20T18:02:46.000Z</time>
        <extensions>
          <ns3:TrackPointExtension>
            <ns3:hr>115</ns3:hr>
          </ns3:TrackPointExtension>
        </extensions>
      </trkpt>
      <trkpt lat="-25.1431813649833202362060546875" lon="-48.84794332087039947509765625">
        <ele>1121</ele>
        <time>2026-04-20T18:02:47.000Z</time>
        <extensions>
          <ns3:TrackPointExtension>
            <ns3:hr>114</ns3:hr>
          </ns3:TrackPointExtension>
        </extensions>
      </trkpt>
      <trkpt lat="-25.1431991346180438995361328125" lon="-48.8479022495448589324951171875">
        <ele>1123.800048828125</ele>
        <time>2026-04-20T18:02:58.000Z</time>
        <extensions>
          <ns3:TrackPointExtension>
            <ns3:hr>111</ns3:hr>
          </ns3:TrackPointExtension>
        </extensions>
      </trkpt>
      <trkpt lat="-25.14319418929517269134521484375" lon="-48.84790518321096897125244140625">
        <ele>1125.4000244140625</ele>
        <time>2026-04-20T18:03:04.000Z</time>
        <extensions>
          <ns3:TrackPointExtension>
            <ns3:hr>108</ns3:hr>
          </ns3:TrackPointExtension>
        </extensions>
      </trkpt>
      <trkpt lat="-25.14319360256195068359375" lon="-48.84790451265871524810791015625">
        <ele>1125.5999755859375</ele>
        <time>2026-04-20T18:03:05.000Z</time>
        <extensions>
          <ns3:TrackPointExtension>
            <ns3:hr>108</ns3:hr>
          </ns3:TrackPointExtension>
        </extensions>
      </trkpt>
      <trkpt lat="-25.14319360256195068359375" lon="-48.84790451265871524810791015625">
        <ele>1126</ele>
        <time>2026-04-20T18:03:11.000Z</time>
        <extensions>
          <ns3:TrackPointExtension>
            <ns3:hr>105</ns3:hr>
          </ns3:TrackPointExtension>
        </extensions>
      </trkpt>
      <trkpt lat="-25.14319360256195068359375" lon="-48.84790451265871524810791015625">
        <ele>1126</ele>
        <time>2026-04-20T18:03:19.000Z</time>
        <extensions>
          <ns3:TrackPointExtension>
            <ns3:hr>102</ns3:hr>
          </ns3:TrackPointExtension>
        </extensions>
      </trkpt>
      <trkpt lat="-25.143226124346256256103515625" lon="-48.84787886403501033782958984375">
        <ele>1127</ele>
        <time>2026-04-20T18:03:45.000Z</time>
        <extensions>
          <ns3:TrackPointExtension>
            <ns3:hr>105</ns3:hr>
          </ns3:TrackPointExtension>
        </extensions>
      </trkpt>
      <trkpt lat="-25.1432568021118640899658203125" lon="-48.84786478243768215179443359375">
        <ele>1129</ele>
        <time>2026-04-20T18:03:57.000Z</time>
        <extensions>
          <ns3:TrackPointExtension>
            <ns3:hr>108</ns3:hr>
          </ns3:TrackPointExtension>
        </extensions>
      </trkpt>
      <trkpt lat="-25.14326342381536960601806640625" lon="-48.84786260314285755157470703125">
        <ele>1129.5999755859375</ele>
        <time>2026-04-20T18:04:01.000Z</time>
        <extensions>
          <ns3:TrackPointExtension>
            <ns3:hr>111</ns3:hr>
          </ns3:TrackPointExtension>
        </extensions>
      </trkpt>
      <trkpt lat="-25.1432836242020130157470703125" lon="-48.84782874025404453277587890625">
        <ele>1130.4000244140625</ele>
        <time>2026-04-20T18:04:14.000Z</time>
        <extensions>
          <ns3:TrackPointExtension>
            <ns3:hr>108</ns3:hr>
          </ns3:TrackPointExtension>
        </extensions>
      </trkpt>
      <trkpt lat="-25.143287144601345062255859375" lon="-48.84781549684703350067138671875">
        <ele>1131.199951171875</ele>
        <time>2026-04-20T18:04:24.000Z</time>
        <extensions>
          <ns3:TrackPointExtension>
            <ns3:hr>112</ns3:hr>
          </ns3:TrackPointExtension>
        </extensions>
      </trkpt>
      <trkpt lat="-25.143287479877471923828125" lon="-48.84781499393284320831298828125">
        <ele>1131.4000244140625</ele>
        <time>2026-04-20T18:04:25.000Z</time>
        <extensions>
          <ns3:TrackPointExtension>
            <ns3:hr>115</ns3:hr>
          </ns3:TrackPointExtension>
        </extensions>
      </trkpt>
      <trkpt lat="-25.14333399944007396697998046875" lon="-48.8477496989071369171142578125">
        <ele>1131.800048828125</ele>
        <time>2026-04-20T18:04:40.000Z</time>
        <extensions>
          <ns3:TrackPointExtension>
            <ns3:hr>112</ns3:hr>
          </ns3:TrackPointExtension>
        </extensions>
      </trkpt>
      <trkpt lat="-25.1435355842113494873046875" lon="-48.84768323041498661041259765625">
        <ele>1131.5999755859375</ele>
        <time>2026-04-20T18:05:18.000Z</time>
        <extensions>
          <ns3:TrackPointExtension>
            <ns3:hr>115</ns3:hr>
          </ns3:TrackPointExtension>
        </extensions>
      </trkpt>
      <trkpt lat="-25.14359417371451854705810546875" lon="-48.8477279059588909149169921875">
        <ele>1131.5999755859375</ele>
        <time>2026-04-20T18:05:27.000Z</time>
        <extensions>
          <ns3:TrackPointExtension>
            <ns3:hr>117</ns3:hr>
          </ns3:TrackPointExtension>
        </extensions>
      </trkpt>
      <trkpt lat="-25.14366977848112583160400390625" lon="-48.84775095619261264801025390625">
        <ele>1131.4000244140625</ele>
        <time>2026-04-20T18:05:32.000Z</time>
        <extensions>
          <ns3:TrackPointExtension>
            <ns3:hr>114</ns3:hr>
          </ns3:TrackPointExtension>
        </extensions>
      </trkpt>
      <trkpt lat="-25.14369140379130840301513671875" lon="-48.8477481901645660400390625">
        <ele>1131.199951171875</ele>
        <time>2026-04-20T18:05:35.000Z</time>
        <extensions>
          <ns3:TrackPointExtension>
            <ns3:hr>111</ns3:hr>
          </ns3:TrackPointExtension>
        </extensions>
      </trkpt>
      <trkpt lat="-25.143726356327533721923828125" lon="-48.8477426581084728240966796875">
        <ele>1131.199951171875</ele>
        <time>2026-04-20T18:05:41.000Z</time>
        <extensions>
          <ns3:TrackPointExtension>
            <ns3:hr>111</ns3:hr>
          </ns3:TrackPointExtension>
        </extensions>
      </trkpt>
      <trkpt lat="-25.1437912322580814361572265625" lon="-48.84770468808710575103759765625">
        <ele>1133.5999755859375</ele>
        <time>2026-04-20T18:05:51.000Z</time>
        <extensions>
          <ns3:TrackPointExtension>
            <ns3:hr>111</ns3:hr>
          </ns3:TrackPointExtension>
        </extensions>
      </trkpt>
      <trkpt lat="-25.1438250951468944549560546875" lon="-48.84768448770046234130859375">
        <ele>1135</ele>
        <time>2026-04-20T18:05:57.000Z</time>
        <extensions>
          <ns3:TrackPointExtension>
            <ns3:hr>108</ns3:hr>
          </ns3:TrackPointExtension>
        </extensions>
      </trkpt>
      <trkpt lat="-25.14384076930582523345947265625" lon="-48.84767350740730762481689453125">
        <ele>1135.800048828125</ele>
        <time>2026-04-20T18:05:59.000Z</time>
        <extensions>
          <ns3:TrackPointExtension>
            <ns3:hr>108</ns3:hr>
          </ns3:TrackPointExtension>
        </extensions>
      </trkpt>
      <trkpt lat="-25.1438988558948040008544921875" lon="-48.84765221737325191497802734375">
        <ele>1138.199951171875</ele>
        <time>2026-04-20T18:06:09.000Z</time>
        <extensions>
          <ns3:TrackPointExtension>
            <ns3:hr>107</ns3:hr>
          </ns3:TrackPointExtension>
        </extensions>
      </trkpt>
      <trkpt lat="-25.14394126832485198974609375" lon="-48.84763176552951335906982421875">
        <ele>1140.5999755859375</ele>
        <time>2026-04-20T18:06:17.000Z</time>
        <extensions>
          <ns3:TrackPointExtension>
            <ns3:hr>109</ns3:hr>
          </ns3:TrackPointExtension>
        </extensions>
      </trkpt>
      <trkpt lat="-25.14397479593753814697265625" lon="-48.84760376997292041778564453125">
        <ele>1141.199951171875</ele>
        <time>2026-04-20T18:06:22.000Z</time>
        <extensions>
          <ns3:TrackPointExtension>
            <ns3:hr>110</ns3:hr>
          </ns3:TrackPointExtension>
        </extensions>
      </trkpt>
      <trkpt lat="-25.14399482868611812591552734375" lon="-48.84758901782333850860595703125">
        <ele>1140.800048828125</ele>
        <time>2026-04-20T18:06:26.000Z</time>
        <extensions>
          <ns3:TrackPointExtension>
            <ns3:hr>110</ns3:hr>
          </ns3:TrackPointExtension>
        </extensions>
      </trkpt>
      <trkpt lat="-25.14402869157493114471435546875" lon="-48.8475260697305202484130859375">
        <ele>1140.5999755859375</ele>
        <time>2026-04-20T18:06:35.000Z</time>
        <extensions>
          <ns3:TrackPointExtension>
            <ns3:hr>109</ns3:hr>
          </ns3:TrackPointExtension>
        </extensions>
      </trkpt>
      <trkpt lat="-25.14404076151549816131591796875" lon="-48.84749078191816806793212890625">
        <ele>1140.199951171875</ele>
        <time>2026-04-20T18:06:43.000Z</time>
        <extensions>
          <ns3:TrackPointExtension>
            <ns3:hr>107</ns3:hr>
          </ns3:TrackPointExtension>
        </extensions>
      </trkpt>
      <trkpt lat="-25.1440269313752651214599609375" lon="-48.84744040668010711669921875">
        <ele>1140.800048828125</ele>
        <time>2026-04-20T18:06:51.000Z</time>
        <extensions>
          <ns3:TrackPointExtension>
            <ns3:hr>106</ns3:hr>
          </ns3:TrackPointExtension>
        </extensions>
      </trkpt>
      <trkpt lat="-25.14402466826140880584716796875" lon="-48.8474311865866184234619140625">
        <ele>1141</ele>
        <time>2026-04-20T18:06:52.000Z</time>
        <extensions>
          <ns3:TrackPointExtension>
            <ns3:hr>103</ns3:hr>
          </ns3:TrackPointExtension>
        </extensions>
      </trkpt>
      <trkpt lat="-25.14403204433619976043701171875" lon="-48.84740696288645267486572265625">
        <ele>1142.4000244140625</ele>
        <time>2026-04-20T18:06:55.000Z</time>
        <extensions>
          <ns3:TrackPointExtension>
            <ns3:hr>106</ns3:hr>
          </ns3:TrackPointExtension>
        </extensions>
      </trkpt>
      <trkpt lat="-25.14403455890715122222900390625" lon="-48.8474013470113277435302734375">
        <ele>1143.4000244140625</ele>
        <time>2026-04-20T18:06:58.000Z</time>
        <extensions>
          <ns3:TrackPointExtension>
            <ns3:hr>106</ns3:hr>
          </ns3:TrackPointExtension>
        </extensions>
      </trkpt>
      <trkpt lat="-25.14403020031750202178955078125" lon="-48.8474040292203426361083984375">
        <ele>1146.199951171875</ele>
        <time>2026-04-20T18:07:38.000Z</time>
        <extensions>
          <ns3:TrackPointExtension>
            <ns3:hr>103</ns3:hr>
          </ns3:TrackPointExtension>
        </extensions>
      </trkpt>
      <trkpt lat="-25.1440276019275188446044921875" lon="-48.84740109555423259735107421875">
        <ele>1146</ele>
        <time>2026-04-20T18:07:53.000Z</time>
        <extensions>
          <ns3:TrackPointExtension>
            <ns3:hr>100</ns3:hr>
          </ns3:TrackPointExtension>
        </extensions>
      </trkpt>
      <trkpt lat="-25.1440279372036457061767578125" lon="-48.84740226902067661285400390625">
        <ele>1146.199951171875</ele>
        <time>2026-04-20T18:08:01.000Z</time>
        <extensions>
          <ns3:TrackPointExtension>
            <ns3:hr>97</ns3:hr>
          </ns3:TrackPointExtension>
        </extensions>
      </trkpt>
      <trkpt lat="-25.14402835629880428314208984375" lon="-48.84740260429680347442626953125">
        <ele>1146.4000244140625</ele>
        <time>2026-04-20T18:08:06.000Z</time>
        <extensions>
          <ns3:TrackPointExtension>
            <ns3:hr>92</ns3:hr>
          </ns3:TrackPointExtension>
        </extensions>
      </trkpt>
      <trkpt lat="-25.14402844011783599853515625" lon="-48.84740260429680347442626953125">
        <ele>1146.5999755859375</ele>
        <time>2026-04-20T18:08:07.000Z</time>
        <extensions>
          <ns3:TrackPointExtension>
            <ns3:hr>92</ns3:hr>
          </ns3:TrackPointExtension>
        </extensions>
      </trkpt>
      <trkpt lat="-25.14402852393686771392822265625" lon="-48.84740260429680347442626953125">
        <ele>1146.5999755859375</ele>
        <time>2026-04-20T18:08:08.000Z</time>
        <extensions>
          <ns3:TrackPointExtension>
            <ns3:hr>89</ns3:hr>
          </ns3:TrackPointExtension>
        </extensions>
      </trkpt>
      <trkpt lat="-25.14402852393686771392822265625" lon="-48.8474026881158351898193359375">
        <ele>1146.5999755859375</ele>
        <time>2026-04-20T18:08:09.000Z</time>
        <extensions>
          <ns3:TrackPointExtension>
            <ns3:hr>84</ns3:hr>
          </ns3:TrackPointExtension>
        </extensions>
      </trkpt>
      <trkpt lat="-25.14402852393686771392822265625" lon="-48.84740277193486690521240234375">
        <ele>1146.800048828125</ele>
        <time>2026-04-20T18:08:10.000Z</time>
        <extensions>
          <ns3:TrackPointExtension>
            <ns3:hr>85</ns3:hr>
          </ns3:TrackPointExtension>
        </extensions>
      </trkpt>
      <trkpt lat="-25.14402852393686771392822265625" lon="-48.84740277193486690521240234375">
        <ele>1146.800048828125</ele>
        <time>2026-04-20T18:08:11.000Z</time>
        <extensions>
          <ns3:TrackPointExtension>
            <ns3:hr>78</ns3:hr>
          </ns3:TrackPointExtension>
        </extensions>
      </trkpt>
      <trkpt lat="-25.14402852393686771392822265625" lon="-48.84740285575389862060546875">
        <ele>1146.800048828125</ele>
        <time>2026-04-20T18:08:13.000Z</time>
        <extensions>
          <ns3:TrackPointExtension>
            <ns3:hr>75</ns3:hr>
          </ns3:TrackPointExtension>
        </extensions>
      </trkpt>
      <trkpt lat="-25.1440289430320262908935546875" lon="-48.847403191030025482177734375">
        <ele>1147</ele>
        <time>2026-04-20T18:08:22.000Z</time>
        <extensions>
          <ns3:TrackPointExtension>
            <ns3:hr>78</ns3:hr>
          </ns3:TrackPointExtension>
        </extensions>
      </trkpt>
      <trkpt lat="-25.14402952976524829864501953125" lon="-48.84740377776324748992919921875">
        <ele>1147.199951171875</ele>
        <time>2026-04-20T18:08:26.000Z</time>
        <extensions>
          <ns3:TrackPointExtension>
            <ns3:hr>75</ns3:hr>
          </ns3:TrackPointExtension>
        </extensions>
      </trkpt>
      <trkpt lat="-25.1440302841365337371826171875" lon="-48.8474040292203426361083984375">
        <ele>1147.4000244140625</ele>
        <time>2026-04-20T18:08:30.000Z</time>
        <extensions>
          <ns3:TrackPointExtension>
            <ns3:hr>72</ns3:hr>
          </ns3:TrackPointExtension>
        </extensions>
      </trkpt>
      <trkpt lat="-25.1440306194126605987548828125" lon="-48.84740595705807209014892578125">
        <ele>1147.4000244140625</ele>
        <time>2026-04-20T18:08:36.000Z</time>
        <extensions>
          <ns3:TrackPointExtension>
            <ns3:hr>75</ns3:hr>
          </ns3:TrackPointExtension>
        </extensions>
      </trkpt>
      <trkpt lat="-25.14403103850781917572021484375" lon="-48.847406543791294097900390625">
        <ele>1147.4000244140625</ele>
        <time>2026-04-20T18:08:42.000Z</time>
        <extensions>
          <ns3:TrackPointExtension>
            <ns3:hr>78</ns3:hr>
          </ns3:TrackPointExtension>
        </extensions>
      </trkpt>
      <trkpt lat="-25.1439900510013103485107421875" lon="-48.8474499620497226715087890625">
        <ele>1147.4000244140625</ele>
        <time>2026-04-20T18:08:46.000Z</time>
        <extensions>
          <ns3:TrackPointExtension>
            <ns3:hr>79</ns3:hr>
          </ns3:TrackPointExtension>
        </extensions>
      </trkpt>
      <trkpt lat="-25.14392810873687267303466796875" lon="-48.84751575998961925506591796875">
        <ele>1147.4000244140625</ele>
        <time>2026-04-20T18:08:51.000Z</time>
        <extensions>
          <ns3:TrackPointExtension>
            <ns3:hr>79</ns3:hr>
          </ns3:TrackPointExtension>
        </extensions>
      </trkpt>
      <trkpt lat="-25.14386373572051525115966796875" lon="-48.84753671474754810333251953125">
        <ele>1147.4000244140625</ele>
        <time>2026-04-20T18:08:56.000Z</time>
        <extensions>
          <ns3:TrackPointExtension>
            <ns3:hr>78</ns3:hr>
          </ns3:TrackPointExtension>
        </extensions>
      </trkpt>
      <trkpt lat="-25.1438549347221851348876953125" lon="-48.8475294224917888641357421875">
        <ele>1147.4000244140625</ele>
        <time>2026-04-20T18:08:57.000Z</time>
        <extensions>
          <ns3:TrackPointExtension>
            <ns3:hr>78</ns3:hr>
          </ns3:TrackPointExtension>
        </extensions>
      </trkpt>
      <trkpt lat="-25.14384462498128414154052734375" lon="-48.84752397425472736358642578125">
        <ele>1147.199951171875</ele>
        <time>2026-04-20T18:08:58.000Z</time>
        <extensions>
          <ns3:TrackPointExtension>
            <ns3:hr>78</ns3:hr>
          </ns3:TrackPointExtension>
        </extensions>
      </trkpt>
      <trkpt lat="-25.14383490197360515594482421875" lon="-48.84752498008310794830322265625">
        <ele>1147</ele>
        <time>2026-04-20T18:08:59.000Z</time>
        <extensions>
          <ns3:TrackPointExtension>
            <ns3:hr>78</ns3:hr>
          </ns3:TrackPointExtension>
        </extensions>
      </trkpt>
      <trkpt lat="-25.143797434866428375244140625" lon="-48.84753026068210601806640625">
        <ele>1146.4000244140625</ele>
        <time>2026-04-20T18:09:03.000Z</time>
        <extensions>
          <ns3:TrackPointExtension>
            <ns3:hr>81</ns3:hr>
          </ns3:TrackPointExtension>
        </extensions>
      </trkpt>
      <trkpt lat="-25.1437885500490665435791015625" lon="-48.84753026068210601806640625">
        <ele>1146.199951171875</ele>
        <time>2026-04-20T18:09:04.000Z</time>
        <extensions>
          <ns3:TrackPointExtension>
            <ns3:hr>78</ns3:hr>
          </ns3:TrackPointExtension>
        </extensions>
      </trkpt>
      <trkpt lat="-25.14377539046108722686767578125" lon="-48.8475257344543933868408203125">
        <ele>1146.5999755859375</ele>
        <time>2026-04-20T18:09:06.000Z</time>
        <extensions>
          <ns3:TrackPointExtension>
            <ns3:hr>80</ns3:hr>
          </ns3:TrackPointExtension>
        </extensions>
      </trkpt>
      <trkpt lat="-25.1437583751976490020751953125" lon="-48.8474932126700878143310546875">
        <ele>1148.4000244140625</ele>
        <time>2026-04-20T18:09:10.000Z</time>
        <extensions>
          <ns3:TrackPointExtension>
            <ns3:hr>76</ns3:hr>
          </ns3:TrackPointExtension>
        </extensions>
      </trkpt>
      <trkpt lat="-25.14375485479831695556640625" lon="-48.84748541750013828277587890625">
        <ele>1148.800048828125</ele>
        <time>2026-04-20T18:09:11.000Z</time>
        <extensions>
          <ns3:TrackPointExtension>
            <ns3:hr>79</ns3:hr>
          </ns3:TrackPointExtension>
        </extensions>
      </trkpt>
      <trkpt lat="-25.14373683370649814605712890625" lon="-48.84748005308210849761962890625">
        <ele>1150.800048828125</ele>
        <time>2026-04-20T18:09:16.000Z</time>
        <extensions>
          <ns3:TrackPointExtension>
            <ns3:hr>79</ns3:hr>
          </ns3:TrackPointExtension>
        </extensions>
      </trkpt>
      <trkpt lat="-25.143713615834712982177734375" lon="-48.84745758958160877227783203125">
        <ele>1152.199951171875</ele>
        <time>2026-04-20T18:09:23.000Z</time>
        <extensions>
          <ns3:TrackPointExtension>
            <ns3:hr>76</ns3:hr>
          </ns3:TrackPointExtension>
        </extensions>
      </trkpt>
      <trkpt lat="-25.143697522580623626708984375" lon="-48.84746110998094081878662109375">
        <ele>1153.199951171875</ele>
        <time>2026-04-20T18:09:30.000Z</time>
        <extensions>
          <ns3:TrackPointExtension>
            <ns3:hr>74</ns3:hr>
          </ns3:TrackPointExtension>
        </extensions>
      </trkpt>
      <trkpt lat="-25.14369584619998931884765625" lon="-48.84746261872351169586181640625">
        <ele>1154.199951171875</ele>
        <time>2026-04-20T18:09:38.000Z</time>
        <extensions>
          <ns3:TrackPointExtension>
            <ns3:hr>71</ns3:hr>
          </ns3:TrackPointExtension>
        </extensions>
      </trkpt>
      <trkpt lat="-25.14369584619998931884765625" lon="-48.84746261872351169586181640625">
        <ele>1154.199951171875</ele>
        <time>2026-04-20T18:09:39.000Z</time>
        <extensions>
          <ns3:TrackPointExtension>
            <ns3:hr>73</ns3:hr>
          </ns3:TrackPointExtension>
        </extensions>
      </trkpt>
      <trkpt lat="-25.14365217648446559906005859375" lon="-48.8473637960851192474365234375">
        <ele>1159.4000244140625</ele>
        <time>2026-04-20T18:10:20.000Z</time>
        <extensions>
          <ns3:TrackPointExtension>
            <ns3:hr>70</ns3:hr>
          </ns3:TrackPointExtension>
        </extensions>
      </trkpt>
      <trkpt lat="-25.14365066774189472198486328125" lon="-48.84732448495924472808837890625">
        <ele>1162.4000244140625</ele>
        <time>2026-04-20T18:10:38.000Z</time>
        <extensions>
          <ns3:TrackPointExtension>
            <ns3:hr>73</ns3:hr>
          </ns3:TrackPointExtension>
        </extensions>
      </trkpt>
      <trkpt lat="-25.14365251176059246063232421875" lon="-48.84730671532452106475830078125">
        <ele>1162.800048828125</ele>
        <time>2026-04-20T18:10:51.000Z</time>
        <extensions>
          <ns3:TrackPointExtension>
            <ns3:hr>76</ns3:hr>
          </ns3:TrackPointExtension>
        </extensions>
      </trkpt>
      <trkpt lat="-25.1436685211956501007080078125" lon="-48.84725407697260379791259765625">
        <ele>1163.5999755859375</ele>
        <time>2026-04-20T18:11:01.000Z</time>
        <extensions>
          <ns3:TrackPointExtension>
            <ns3:hr>80</ns3:hr>
          </ns3:TrackPointExtension>
        </extensions>
      </trkpt>
      <trkpt lat="-25.143672041594982147216796875" lon="-48.84724888019263744354248046875">
        <ele>1164</ele>
        <time>2026-04-20T18:11:05.000Z</time>
        <extensions>
          <ns3:TrackPointExtension>
            <ns3:hr>77</ns3:hr>
          </ns3:TrackPointExtension>
        </extensions>
      </trkpt>
      <trkpt lat="-25.1436769030988216400146484375" lon="-48.84723999537527561187744140625">
        <ele>1164.199951171875</ele>
        <time>2026-04-20T18:11:07.000Z</time>
        <extensions>
          <ns3:TrackPointExtension>
            <ns3:hr>80</ns3:hr>
          </ns3:TrackPointExtension>
        </extensions>
      </trkpt>
      <trkpt lat="-25.14369676820933818817138671875" lon="-48.84721853770315647125244140625">
        <ele>1164.5999755859375</ele>
        <time>2026-04-20T18:11:12.000Z</time>
        <extensions>
          <ns3:TrackPointExtension>
            <ns3:hr>76</ns3:hr>
          </ns3:TrackPointExtension>
        </extensions>
      </trkpt>
      <trkpt lat="-25.14371462166309356689453125" lon="-48.84720395319163799285888671875">
        <ele>1165.5999755859375</ele>
        <time>2026-04-20T18:11:25.000Z</time>
        <extensions>
          <ns3:TrackPointExtension>
            <ns3:hr>79</ns3:hr>
          </ns3:TrackPointExtension>
        </extensions>
      </trkpt>
      <trkpt lat="-25.143722333014011383056640625" lon="-48.84719456546008586883544921875">
        <ele>1165.800048828125</ele>
        <time>2026-04-20T18:11:29.000Z</time>
        <extensions>
          <ns3:TrackPointExtension>
            <ns3:hr>84</ns3:hr>
          </ns3:TrackPointExtension>
        </extensions>
      </trkpt>
      <trkpt lat="-25.143725015223026275634765625" lon="-48.8471884466707706451416015625">
        <ele>1165.800048828125</ele>
        <time>2026-04-20T18:11:32.000Z</time>
        <extensions>
          <ns3:TrackPointExtension>
            <ns3:hr>88</ns3:hr>
          </ns3:TrackPointExtension>
        </extensions>
      </trkpt>
      <trkpt lat="-25.143726356327533721923828125" lon="-48.84718467481434345245361328125">
        <ele>1166</ele>
        <time>2026-04-20T18:11:34.000Z</time>
        <extensions>
          <ns3:TrackPointExtension>
            <ns3:hr>93</ns3:hr>
          </ns3:TrackPointExtension>
        </extensions>
      </trkpt>
      <trkpt lat="-25.143727697432041168212890625" lon="-48.8471804000437259674072265625">
        <ele>1166</ele>
        <time>2026-04-20T18:11:37.000Z</time>
        <extensions>
          <ns3:TrackPointExtension>
            <ns3:hr>90</ns3:hr>
          </ns3:TrackPointExtension>
        </extensions>
      </trkpt>
      <trkpt lat="-25.1437298767268657684326171875" lon="-48.847174532711505889892578125">
        <ele>1166.199951171875</ele>
        <time>2026-04-20T18:11:40.000Z</time>
        <extensions>
          <ns3:TrackPointExtension>
            <ns3:hr>94</ns3:hr>
          </ns3:TrackPointExtension>
        </extensions>
      </trkpt>
      <trkpt lat="-25.14373071491718292236328125" lon="-48.8471576012670993804931640625">
        <ele>1168.4000244140625</ele>
        <time>2026-04-20T18:12:16.000Z</time>
        <extensions>
          <ns3:TrackPointExtension>
            <ns3:hr>91</ns3:hr>
          </ns3:TrackPointExtension>
        </extensions>
      </trkpt>
      <trkpt lat="-25.14372996054589748382568359375" lon="-48.84714796207845211029052734375">
        <ele>1168.800048828125</ele>
        <time>2026-04-20T18:12:21.000Z</time>
        <extensions>
          <ns3:TrackPointExtension>
            <ns3:hr>94</ns3:hr>
          </ns3:TrackPointExtension>
        </extensions>
      </trkpt>
      <trkpt lat="-25.14372996054589748382568359375" lon="-48.8471445254981517791748046875">
        <ele>1168.800048828125</ele>
        <time>2026-04-20T18:12:24.000Z</time>
        <extensions>
          <ns3:TrackPointExtension>
            <ns3:hr>97</ns3:hr>
          </ns3:TrackPointExtension>
        </extensions>
      </trkpt>
      <trkpt lat="-25.1437302120029926300048828125" lon="-48.84714259766042232513427734375">
        <ele>1168.800048828125</ele>
        <time>2026-04-20T18:12:27.000Z</time>
        <extensions>
          <ns3:TrackPointExtension>
            <ns3:hr>100</ns3:hr>
          </ns3:TrackPointExtension>
        </extensions>
      </trkpt>
      <trkpt lat="-25.1437302120029926300048828125" lon="-48.84713270701467990875244140625">
        <ele>1168.4000244140625</ele>
        <time>2026-04-20T18:12:40.000Z</time>
        <extensions>
          <ns3:TrackPointExtension>
            <ns3:hr>103</ns3:hr>
          </ns3:TrackPointExtension>
        </extensions>
      </trkpt>
      <trkpt lat="-25.1437114365398883819580078125" lon="-48.84707202203571796417236328125">
        <ele>1168.199951171875</ele>
        <time>2026-04-20T18:12:54.000Z</time>
        <extensions>
          <ns3:TrackPointExtension>
            <ns3:hr>104</ns3:hr>
          </ns3:TrackPointExtension>
        </extensions>
      </trkpt>
      <trkpt lat="-25.1436963491141796112060546875" lon="-48.847027011215686798095703125">
        <ele>1168</ele>
        <time>2026-04-20T18:12:59.000Z</time>
        <extensions>
          <ns3:TrackPointExtension>
            <ns3:hr>101</ns3:hr>
          </ns3:TrackPointExtension>
        </extensions>
      </trkpt>
      <trkpt lat="-25.14368570409715175628662109375" lon="-48.84701569564640522003173828125">
        <ele>1167.800048828125</ele>
        <time>2026-04-20T18:13:04.000Z</time>
        <extensions>
          <ns3:TrackPointExtension>
            <ns3:hr>104</ns3:hr>
          </ns3:TrackPointExtension>
        </extensions>
      </trkpt>
      <trkpt lat="-25.14368779957294464111328125" lon="-48.847015611827373504638671875">
        <ele>1167.800048828125</ele>
        <time>2026-04-20T18:13:06.000Z</time>
        <extensions>
          <ns3:TrackPointExtension>
            <ns3:hr>103</ns3:hr>
          </ns3:TrackPointExtension>
        </extensions>
      </trkpt>
      <trkpt lat="-25.143692493438720703125" lon="-48.84702625684440135955810546875">
        <ele>1169</ele>
        <time>2026-04-20T18:14:07.000Z</time>
        <extensions>
          <ns3:TrackPointExtension>
            <ns3:hr>100</ns3:hr>
          </ns3:TrackPointExtension>
        </extensions>
      </trkpt>
      <trkpt lat="-25.143692493438720703125" lon="-48.84702675975859165191650390625">
        <ele>1169</ele>
        <time>2026-04-20T18:14:09.000Z</time>
        <extensions>
          <ns3:TrackPointExtension>
            <ns3:hr>103</ns3:hr>
          </ns3:TrackPointExtension>
        </extensions>
      </trkpt>
      <trkpt lat="-25.14369190670549869537353515625" lon="-48.847027681767940521240234375">
        <ele>1169</ele>
        <time>2026-04-20T18:14:10.000Z</time>
        <extensions>
          <ns3:TrackPointExtension>
            <ns3:hr>100</ns3:hr>
          </ns3:TrackPointExtension>
        </extensions>
      </trkpt>
      <trkpt lat="-25.1436909846961498260498046875" lon="-48.84702868759632110595703125">
        <ele>1169.199951171875</ele>
        <time>2026-04-20T18:14:15.000Z</time>
        <extensions>
          <ns3:TrackPointExtension>
            <ns3:hr>103</ns3:hr>
          </ns3:TrackPointExtension>
        </extensions>
      </trkpt>
      <trkpt lat="-25.14369106851518154144287109375" lon="-48.84702910669147968292236328125">
        <ele>1169.5999755859375</ele>
        <time>2026-04-20T18:14:28.000Z</time>
        <extensions>
          <ns3:TrackPointExtension>
            <ns3:hr>100</ns3:hr>
          </ns3:TrackPointExtension>
        </extensions>
      </trkpt>
      <trkpt lat="-25.14369048178195953369140625" lon="-48.8470291905105113983154296875">
        <ele>1169.5999755859375</ele>
        <time>2026-04-20T18:14:31.000Z</time>
        <extensions>
          <ns3:TrackPointExtension>
            <ns3:hr>95</ns3:hr>
          </ns3:TrackPointExtension>
        </extensions>
      </trkpt>
      <trkpt lat="-25.14369039796292781829833984375" lon="-48.8470291905105113983154296875">
        <ele>1169.5999755859375</ele>
        <time>2026-04-20T18:14:32.000Z</time>
        <extensions>
          <ns3:TrackPointExtension>
            <ns3:hr>90</ns3:hr>
          </ns3:TrackPointExtension>
        </extensions>
      </trkpt>
      <trkpt lat="-25.14369023032486438751220703125" lon="-48.8470295257866382598876953125">
        <ele>1169.5999755859375</ele>
        <time>2026-04-20T18:14:35.000Z</time>
        <extensions>
          <ns3:TrackPointExtension>
            <ns3:hr>87</ns3:hr>
          </ns3:TrackPointExtension>
        </extensions>
      </trkpt>
      <trkpt lat="-25.1436792500317096710205078125" lon="-48.847043104469776153564453125">
        <ele>1168.800048828125</ele>
        <time>2026-04-20T18:14:53.000Z</time>
        <extensions>
          <ns3:TrackPointExtension>
            <ns3:hr>83</ns3:hr>
          </ns3:TrackPointExtension>
        </extensions>
      </trkpt>
      <trkpt lat="-25.1436792500317096710205078125" lon="-48.8470432721078395843505859375">
        <ele>1168.800048828125</ele>
        <time>2026-04-20T18:14:56.000Z</time>
        <extensions>
          <ns3:TrackPointExtension>
            <ns3:hr>88</ns3:hr>
          </ns3:TrackPointExtension>
        </extensions>
      </trkpt>
      <trkpt lat="-25.143685452640056610107421875" lon="-48.84704419411718845367431640625">
        <ele>1169.199951171875</ele>
        <time>2026-04-20T18:15:14.000Z</time>
        <extensions>
          <ns3:TrackPointExtension>
            <ns3:hr>91</ns3:hr>
          </ns3:TrackPointExtension>
        </extensions>
      </trkpt>
      <trkpt lat="-25.143686793744564056396484375" lon="-48.84704436175525188446044921875">
        <ele>1169.199951171875</ele>
        <time>2026-04-20T18:15:18.000Z</time>
        <extensions>
          <ns3:TrackPointExtension>
            <ns3:hr>94</ns3:hr>
          </ns3:TrackPointExtension>
        </extensions>
      </trkpt>
      <trkpt lat="-25.1436883024871349334716796875" lon="-48.84704922325909137725830078125">
        <ele>1169.5999755859375</ele>
        <time>2026-04-20T18:15:37.000Z</time>
        <extensions>
          <ns3:TrackPointExtension>
            <ns3:hr>91</ns3:hr>
          </ns3:TrackPointExtension>
        </extensions>
      </trkpt>
      <trkpt lat="-25.143686123192310333251953125" lon="-48.8470506481826305389404296875">
        <ele>1170.4000244140625</ele>
        <time>2026-04-20T18:16:24.000Z</time>
        <extensions>
          <ns3:TrackPointExtension>
            <ns3:hr>88</ns3:hr>
          </ns3:TrackPointExtension>
        </extensions>
      </trkpt>
      <trkpt lat="-25.14368603937327861785888671875" lon="-48.8470506481826305389404296875">
        <ele>1170.4000244140625</ele>
        <time>2026-04-20T18:16:25.000Z</time>
        <extensions>
          <ns3:TrackPointExtension>
            <ns3:hr>91</ns3:hr>
          </ns3:TrackPointExtension>
        </extensions>
      </trkpt>
      <trkpt lat="-25.1436856202781200408935546875" lon="-48.84704989381134510040283203125">
        <ele>1170.4000244140625</ele>
        <time>2026-04-20T18:16:44.000Z</time>
        <extensions>
          <ns3:TrackPointExtension>
            <ns3:hr>87</ns3:hr>
          </ns3:TrackPointExtension>
        </extensions>
      </trkpt>
      <trkpt lat="-25.143684446811676025390625" lon="-48.8470493070781230926513671875">
        <ele>1170.4000244140625</ele>
        <time>2026-04-20T18:17:03.000Z</time>
        <extensions>
          <ns3:TrackPointExtension>
            <ns3:hr>84</ns3:hr>
          </ns3:TrackPointExtension>
        </extensions>
      </trkpt>
      <trkpt lat="-25.14368402771651744842529296875" lon="-48.84704905562102794647216796875">
        <ele>1170.4000244140625</ele>
        <time>2026-04-20T18:17:13.000Z</time>
        <extensions>
          <ns3:TrackPointExtension>
            <ns3:hr>80</ns3:hr>
          </ns3:TrackPointExtension>
        </extensions>
      </trkpt>
      <trkpt lat="-25.1436839438974857330322265625" lon="-48.8470489718019962310791015625">
        <ele>1170.4000244140625</ele>
        <time>2026-04-20T18:17:15.000Z</time>
        <extensions>
          <ns3:TrackPointExtension>
            <ns3:hr>77</ns3:hr>
          </ns3:TrackPointExtension>
        </extensions>
      </trkpt>
      <trkpt lat="-25.143682770431041717529296875" lon="-48.84704804979264736175537109375">
        <ele>1170.4000244140625</ele>
        <time>2026-04-20T18:17:34.000Z</time>
        <extensions>
          <ns3:TrackPointExtension>
            <ns3:hr>80</ns3:hr>
          </ns3:TrackPointExtension>
        </extensions>
      </trkpt>
      <trkpt lat="-25.143681429326534271240234375" lon="-48.84704687632620334625244140625">
        <ele>1170.4000244140625</ele>
        <time>2026-04-20T18:17:50.000Z</time>
        <extensions>
          <ns3:TrackPointExtension>
            <ns3:hr>83</ns3:hr>
          </ns3:TrackPointExtension>
        </extensions>
      </trkpt>
      <trkpt lat="-25.1436802558600902557373046875" lon="-48.847045786678791046142578125">
        <ele>1170.4000244140625</ele>
        <time>2026-04-20T18:18:06.000Z</time>
        <extensions>
          <ns3:TrackPointExtension>
            <ns3:hr>86</ns3:hr>
          </ns3:TrackPointExtension>
        </extensions>
      </trkpt>
      <trkpt lat="-25.1436799205839633941650390625" lon="-48.84704553522169589996337890625">
        <ele>1170.4000244140625</ele>
        <time>2026-04-20T18:18:11.000Z</time>
        <extensions>
          <ns3:TrackPointExtension>
            <ns3:hr>89</ns3:hr>
          </ns3:TrackPointExtension>
        </extensions>
      </trkpt>
      <trkpt lat="-25.1436795853078365325927734375" lon="-48.84704519994556903839111328125">
        <ele>1170.4000244140625</ele>
        <time>2026-04-20T18:18:16.000Z</time>
        <extensions>
          <ns3:TrackPointExtension>
            <ns3:hr>92</ns3:hr>
          </ns3:TrackPointExtension>
        </extensions>
      </trkpt>
      <trkpt lat="-25.143679082393646240234375" lon="-48.84704469703137874603271484375">
        <ele>1170.4000244140625</ele>
        <time>2026-04-20T18:18:23.000Z</time>
        <extensions>
          <ns3:TrackPointExtension>
            <ns3:hr>95</ns3:hr>
          </ns3:TrackPointExtension>
        </extensions>
      </trkpt>
      <trkpt lat="-25.1436779089272022247314453125" lon="-48.84704402647912502288818359375">
        <ele>1170.4000244140625</ele>
        <time>2026-04-20T18:18:36.000Z</time>
        <extensions>
          <ns3:TrackPointExtension>
            <ns3:hr>98</ns3:hr>
          </ns3:TrackPointExtension>
        </extensions>
      </trkpt>
      <trkpt lat="-25.14367732219398021697998046875" lon="-48.84704318828880786895751953125">
        <ele>1170.4000244140625</ele>
        <time>2026-04-20T18:18:47.000Z</time>
        <extensions>
          <ns3:TrackPointExtension>
            <ns3:hr>95</ns3:hr>
          </ns3:TrackPointExtension>
        </extensions>
      </trkpt>
      <trkpt lat="-25.1436772383749485015869140625" lon="-48.84704302065074443817138671875">
        <ele>1170.4000244140625</ele>
        <time>2026-04-20T18:18:49.000Z</time>
        <extensions>
          <ns3:TrackPointExtension>
            <ns3:hr>92</ns3:hr>
          </ns3:TrackPointExtension>
        </extensions>
      </trkpt>
      <trkpt lat="-25.14367707073688507080078125" lon="-48.8470427691936492919921875">
        <ele>1170.4000244140625</ele>
        <time>2026-04-20T18:18:51.000Z</time>
        <extensions>
          <ns3:TrackPointExtension>
            <ns3:hr>89</ns3:hr>
          </ns3:TrackPointExtension>
        </extensions>
      </trkpt>
      <trkpt lat="-25.14367698691785335540771484375" lon="-48.8470426015555858612060546875">
        <ele>1170.4000244140625</ele>
        <time>2026-04-20T18:18:54.000Z</time>
        <extensions>
          <ns3:TrackPointExtension>
            <ns3:hr>86</ns3:hr>
          </ns3:TrackPointExtension>
        </extensions>
      </trkpt>
      <trkpt lat="-25.14367497526109218597412109375" lon="-48.84703950025141239166259765625">
        <ele>1170.4000244140625</ele>
        <time>2026-04-20T18:19:32.000Z</time>
        <extensions>
          <ns3:TrackPointExtension>
            <ns3:hr>89</ns3:hr>
          </ns3:TrackPointExtension>
        </extensions>
      </trkpt>
      <trkpt lat="-25.143673717975616455078125" lon="-48.8470389135181903839111328125">
        <ele>1170.4000244140625</ele>
        <time>2026-04-20T18:19:42.000Z</time>
        <extensions>
          <ns3:TrackPointExtension>
            <ns3:hr>92</ns3:hr>
          </ns3:TrackPointExtension>
        </extensions>
      </trkpt>
      <trkpt lat="-25.14367279596626758575439453125" lon="-48.8470379076898097991943359375">
        <ele>1170.4000244140625</ele>
        <time>2026-04-20T18:20:00.000Z</time>
        <extensions>
          <ns3:TrackPointExtension>
            <ns3:hr>89</ns3:hr>
          </ns3:TrackPointExtension>
        </extensions>
      </trkpt>
      <trkpt lat="-25.143668688833713531494140625" lon="-48.84703313000500202178955078125">
        <ele>1170.5999755859375</ele>
        <time>2026-04-20T18:20:35.000Z</time>
        <extensions>
          <ns3:TrackPointExtension>
            <ns3:hr>84</ns3:hr>
          </ns3:TrackPointExtension>
        </extensions>
      </trkpt>
      <trkpt lat="-25.1436685211956501007080078125" lon="-48.84703296236693859100341796875">
        <ele>1170.5999755859375</ele>
        <time>2026-04-20T18:20:36.000Z</time>
        <extensions>
          <ns3:TrackPointExtension>
            <ns3:hr>87</ns3:hr>
          </ns3:TrackPointExtension>
        </extensions>
      </trkpt>
      <trkpt lat="-25.14366810210049152374267578125" lon="-48.8470325432717800140380859375">
        <ele>1170.5999755859375</ele>
        <time>2026-04-20T18:20:39.000Z</time>
        <extensions>
          <ns3:TrackPointExtension>
            <ns3:hr>90</ns3:hr>
          </ns3:TrackPointExtension>
        </extensions>
      </trkpt>
      <trkpt lat="-25.143666006624698638916015625" lon="-48.84703078307211399078369140625">
        <ele>1170.5999755859375</ele>
        <time>2026-04-20T18:20:52.000Z</time>
        <extensions>
          <ns3:TrackPointExtension>
            <ns3:hr>93</ns3:hr>
          </ns3:TrackPointExtension>
        </extensions>
      </trkpt>
      <trkpt lat="-25.14366273768246173858642578125" lon="-48.84702843613922595977783203125">
        <ele>1170.5999755859375</ele>
        <time>2026-04-20T18:21:08.000Z</time>
        <extensions>
          <ns3:TrackPointExtension>
            <ns3:hr>96</ns3:hr>
          </ns3:TrackPointExtension>
        </extensions>
      </trkpt>
      <trkpt lat="-25.1436594687402248382568359375" lon="-48.8470258377492427825927734375">
        <ele>1170.5999755859375</ele>
        <time>2026-04-20T18:21:21.000Z</time>
        <extensions>
          <ns3:TrackPointExtension>
            <ns3:hr>93</ns3:hr>
          </ns3:TrackPointExtension>
        </extensions>
      </trkpt>
      <trkpt lat="-25.143646560609340667724609375" lon="-48.84701753966510295867919921875">
        <ele>1170.800048828125</ele>
        <time>2026-04-20T18:21:59.000Z</time>
        <extensions>
          <ns3:TrackPointExtension>
            <ns3:hr>96</ns3:hr>
          </ns3:TrackPointExtension>
        </extensions>
      </trkpt>
      <trkpt lat="-25.14364622533321380615234375" lon="-48.84701737202703952789306640625">
        <ele>1170.800048828125</ele>
        <time>2026-04-20T18:22:00.000Z</time>
        <extensions>
          <ns3:TrackPointExtension>
            <ns3:hr>92</ns3:hr>
          </ns3:TrackPointExtension>
        </extensions>
      </trkpt>
      <trkpt lat="-25.14364345930516719818115234375" lon="-48.84701586328446865081787109375">
        <ele>1171</ele>
        <time>2026-04-20T18:22:07.000Z</time>
        <extensions>
          <ns3:TrackPointExtension>
            <ns3:hr>89</ns3:hr>
          </ns3:TrackPointExtension>
        </extensions>
      </trkpt>
      <trkpt lat="-25.1436430402100086212158203125" lon="-48.847015611827373504638671875">
        <ele>1171</ele>
        <time>2026-04-20T18:22:08.000Z</time>
        <extensions>
          <ns3:TrackPointExtension>
            <ns3:hr>92</ns3:hr>
          </ns3:TrackPointExtension>
        </extensions>
      </trkpt>
      <trkpt lat="-25.143630802631378173828125" lon="-48.8470084033906459808349609375">
        <ele>1171</ele>
        <time>2026-04-20T18:22:37.000Z</time>
        <extensions>
          <ns3:TrackPointExtension>
            <ns3:hr>89</ns3:hr>
          </ns3:TrackPointExtension>
        </extensions>
      </trkpt>
      <trkpt lat="-25.14362887479364871978759765625" lon="-48.847007565200328826904296875">
        <ele>1171.199951171875</ele>
        <time>2026-04-20T18:22:41.000Z</time>
        <extensions>
          <ns3:TrackPointExtension>
            <ns3:hr>92</ns3:hr>
          </ns3:TrackPointExtension>
        </extensions>
      </trkpt>
      <trkpt lat="-25.14362703077495098114013671875" lon="-48.84700664319097995758056640625">
        <ele>1171.199951171875</ele>
        <time>2026-04-20T18:22:45.000Z</time>
        <extensions>
          <ns3:TrackPointExtension>
            <ns3:hr>89</ns3:hr>
          </ns3:TrackPointExtension>
        </extensions>
      </trkpt>
      <trkpt lat="-25.14362518675625324249267578125" lon="-48.84700580500066280364990234375">
        <ele>1171.199951171875</ele>
        <time>2026-04-20T18:22:49.000Z</time>
        <extensions>
          <ns3:TrackPointExtension>
            <ns3:hr>92</ns3:hr>
          </ns3:TrackPointExtension>
        </extensions>
      </trkpt>
      <trkpt lat="-25.1436242647469043731689453125" lon="-48.84700530208647251129150390625">
        <ele>1171.199951171875</ele>
        <time>2026-04-20T18:22:51.000Z</time>
        <extensions>
          <ns3:TrackPointExtension>
            <ns3:hr>95</ns3:hr>
          </ns3:TrackPointExtension>
        </extensions>
      </trkpt>
      <trkpt lat="-25.1436229236423969268798828125" lon="-48.84700454771518707275390625">
        <ele>1171.199951171875</ele>
        <time>2026-04-20T18:22:54.000Z</time>
        <extensions>
          <ns3:TrackPointExtension>
            <ns3:hr>100</ns3:hr>
          </ns3:TrackPointExtension>
        </extensions>
      </trkpt>
      <trkpt lat="-25.14362200163304805755615234375" lon="-48.8470040448009967803955078125">
        <ele>1171.199951171875</ele>
        <time>2026-04-20T18:22:56.000Z</time>
        <extensions>
          <ns3:TrackPointExtension>
            <ns3:hr>106</ns3:hr>
          </ns3:TrackPointExtension>
        </extensions>
      </trkpt>
      <trkpt lat="-25.1436215825378894805908203125" lon="-48.84700379334390163421630859375">
        <ele>1171.199951171875</ele>
        <time>2026-04-20T18:22:57.000Z</time>
        <extensions>
          <ns3:TrackPointExtension>
            <ns3:hr>109</ns3:hr>
          </ns3:TrackPointExtension>
        </extensions>
      </trkpt>
      <trkpt lat="-25.1436108537018299102783203125" lon="-48.846998512744903564453125">
        <ele>1171.4000244140625</ele>
        <time>2026-04-20T18:23:22.000Z</time>
        <extensions>
          <ns3:TrackPointExtension>
            <ns3:hr>106</ns3:hr>
          </ns3:TrackPointExtension>
        </extensions>
      </trkpt>
      <trkpt lat="-25.14360926114022731781005859375" lon="-48.84699759073555469512939453125">
        <ele>1171.4000244140625</ele>
        <time>2026-04-20T18:23:26.000Z</time>
        <extensions>
          <ns3:TrackPointExtension>
            <ns3:hr>103</ns3:hr>
          </ns3:TrackPointExtension>
        </extensions>
      </trkpt>
      <trkpt lat="-25.1436085067689418792724609375" lon="-48.84699708782136440277099609375">
        <ele>1171.4000244140625</ele>
        <time>2026-04-20T18:23:28.000Z</time>
        <extensions>
          <ns3:TrackPointExtension>
            <ns3:hr>100</ns3:hr>
          </ns3:TrackPointExtension>
        </extensions>
      </trkpt>
      <trkpt lat="-25.14360775239765644073486328125" lon="-48.8469966687262058258056640625">
        <ele>1171.4000244140625</ele>
        <time>2026-04-20T18:23:30.000Z</time>
        <extensions>
          <ns3:TrackPointExtension>
            <ns3:hr>97</ns3:hr>
          </ns3:TrackPointExtension>
        </extensions>
      </trkpt>
      <trkpt lat="-25.143606662750244140625" lon="-48.84699608199298381805419921875">
        <ele>1171.5999755859375</ele>
        <time>2026-04-20T18:23:33.000Z</time>
        <extensions>
          <ns3:TrackPointExtension>
            <ns3:hr>94</ns3:hr>
          </ns3:TrackPointExtension>
        </extensions>
      </trkpt>
      <trkpt lat="-25.143604315817356109619140625" lon="-48.84699490852653980255126953125">
        <ele>1171.5999755859375</ele>
        <time>2026-04-20T18:23:39.000Z</time>
        <extensions>
          <ns3:TrackPointExtension>
            <ns3:hr>91</ns3:hr>
          </ns3:TrackPointExtension>
        </extensions>
      </trkpt>
      <trkpt lat="-25.143596939742565155029296875" lon="-48.846990801393985748291015625">
        <ele>1171.800048828125</ele>
        <time>2026-04-20T18:23:59.000Z</time>
        <extensions>
          <ns3:TrackPointExtension>
            <ns3:hr>88</ns3:hr>
          </ns3:TrackPointExtension>
        </extensions>
      </trkpt>
      <trkpt lat="-25.14359501190483570098876953125" lon="-48.84698979556560516357421875">
        <ele>1171.800048828125</ele>
        <time>2026-04-20T18:24:04.000Z</time>
        <extensions>
          <ns3:TrackPointExtension>
            <ns3:hr>85</ns3:hr>
          </ns3:TrackPointExtension>
        </extensions>
      </trkpt>
      <trkpt lat="-25.14359434135258197784423828125" lon="-48.84698937647044658660888671875">
        <ele>1171.800048828125</ele>
        <time>2026-04-20T18:24:06.000Z</time>
        <extensions>
          <ns3:TrackPointExtension>
            <ns3:hr>82</ns3:hr>
          </ns3:TrackPointExtension>
        </extensions>
      </trkpt>
      <trkpt lat="-25.143593586981296539306640625" lon="-48.8469889573752880096435546875">
        <ele>1171.800048828125</ele>
        <time>2026-04-20T18:24:08.000Z</time>
        <extensions>
          <ns3:TrackPointExtension>
            <ns3:hr>79</ns3:hr>
          </ns3:TrackPointExtension>
        </extensions>
      </trkpt>
      <trkpt lat="-25.14359258115291595458984375" lon="-48.84698837064206600189208984375">
        <ele>1171.800048828125</ele>
        <time>2026-04-20T18:24:11.000Z</time>
        <extensions>
          <ns3:TrackPointExtension>
            <ns3:hr>76</ns3:hr>
          </ns3:TrackPointExtension>
        </extensions>
      </trkpt>
      <trkpt lat="-25.14358964748680591583251953125" lon="-48.8469869457185268402099609375">
        <ele>1172</ele>
        <time>2026-04-20T18:24:19.000Z</time>
        <extensions>
          <ns3:TrackPointExtension>
            <ns3:hr>79</ns3:hr>
          </ns3:TrackPointExtension>
        </extensions>
      </trkpt>
      <trkpt lat="-25.1435860432684421539306640625" lon="-48.8469851016998291015625">
        <ele>1172</ele>
        <time>2026-04-20T18:24:29.000Z</time>
        <extensions>
          <ns3:TrackPointExtension>
            <ns3:hr>83</ns3:hr>
          </ns3:TrackPointExtension>
        </extensions>
      </trkpt>
      <trkpt lat="-25.14358562417328357696533203125" lon="-48.8469849340617656707763671875">
        <ele>1172</ele>
        <time>2026-04-20T18:24:30.000Z</time>
        <extensions>
          <ns3:TrackPointExtension>
            <ns3:hr>80</ns3:hr>
          </ns3:TrackPointExtension>
        </extensions>
      </trkpt>
      <trkpt lat="-25.1435806788504123687744140625" lon="-48.846982419490814208984375">
        <ele>1172.199951171875</ele>
        <time>2026-04-20T18:24:44.000Z</time>
        <extensions>
          <ns3:TrackPointExtension>
            <ns3:hr>77</ns3:hr>
          </ns3:TrackPointExtension>
        </extensions>
      </trkpt>
      <trkpt lat="-25.14357271604239940643310546875" lon="-48.84697814472019672393798828125">
        <ele>1172.4000244140625</ele>
        <time>2026-04-20T18:25:08.000Z</time>
        <extensions>
          <ns3:TrackPointExtension>
            <ns3:hr>80</ns3:hr>
          </ns3:TrackPointExtension>
        </extensions>
      </trkpt>
      <trkpt lat="-25.1435716263949871063232421875" lon="-48.8469775579869747161865234375">
        <ele>1172.4000244140625</ele>
        <time>2026-04-20T18:25:11.000Z</time>
        <extensions>
          <ns3:TrackPointExtension>
            <ns3:hr>77</ns3:hr>
          </ns3:TrackPointExtension>
        </extensions>
      </trkpt>
      <trkpt lat="-25.1435699500143527984619140625" lon="-48.846976719796657562255859375">
        <ele>1172.5999755859375</ele>
        <time>2026-04-20T18:25:16.000Z</time>
        <extensions>
          <ns3:TrackPointExtension>
            <ns3:hr>80</ns3:hr>
          </ns3:TrackPointExtension>
        </extensions>
      </trkpt>
      <trkpt lat="-25.1435625739395618438720703125" lon="-48.8469730317592620849609375">
        <ele>1172.800048828125</ele>
        <time>2026-04-20T18:25:39.000Z</time>
        <extensions>
          <ns3:TrackPointExtension>
            <ns3:hr>83</ns3:hr>
          </ns3:TrackPointExtension>
        </extensions>
      </trkpt>
      <trkpt lat="-25.14356198720633983612060546875" lon="-48.846972696483135223388671875">
        <ele>1172.800048828125</ele>
        <time>2026-04-20T18:25:41.000Z</time>
        <extensions>
          <ns3:TrackPointExtension>
            <ns3:hr>80</ns3:hr>
          </ns3:TrackPointExtension>
        </extensions>
      </trkpt>
      <trkpt lat="-25.143561065196990966796875" lon="-48.8469721935689449310302734375">
        <ele>1172.800048828125</ele>
        <time>2026-04-20T18:25:44.000Z</time>
        <extensions>
          <ns3:TrackPointExtension>
            <ns3:hr>83</ns3:hr>
          </ns3:TrackPointExtension>
        </extensions>
      </trkpt>
      <trkpt lat="-25.14355947263538837432861328125" lon="-48.84697143919765949249267578125">
        <ele>1172.800048828125</ele>
        <time>2026-04-20T18:25:49.000Z</time>
        <extensions>
          <ns3:TrackPointExtension>
            <ns3:hr>87</ns3:hr>
          </ns3:TrackPointExtension>
        </extensions>
      </trkpt>
      <trkpt lat="-25.14355427585542201995849609375" lon="-48.84696858935058116912841796875">
        <ele>1173</ele>
        <time>2026-04-20T18:26:06.000Z</time>
        <extensions>
          <ns3:TrackPointExtension>
            <ns3:hr>92</ns3:hr>
          </ns3:TrackPointExtension>
        </extensions>
      </trkpt>
      <trkpt lat="-25.143554024398326873779296875" lon="-48.84696842171251773834228515625">
        <ele>1173</ele>
        <time>2026-04-20T18:26:07.000Z</time>
        <extensions>
          <ns3:TrackPointExtension>
            <ns3:hr>95</ns3:hr>
          </ns3:TrackPointExtension>
        </extensions>
      </trkpt>
      <trkpt lat="-25.14355368912220001220703125" lon="-48.84696833789348602294921875">
        <ele>1173</ele>
        <time>2026-04-20T18:26:08.000Z</time>
        <extensions>
          <ns3:TrackPointExtension>
            <ns3:hr>98</ns3:hr>
          </ns3:TrackPointExtension>
        </extensions>
      </trkpt>
      <trkpt lat="-25.143553353846073150634765625" lon="-48.8469681702554225921630859375">
        <ele>1173</ele>
        <time>2026-04-20T18:26:09.000Z</time>
        <extensions>
          <ns3:TrackPointExtension>
            <ns3:hr>101</ns3:hr>
          </ns3:TrackPointExtension>
        </extensions>
      </trkpt>
      <trkpt lat="-25.14355310238897800445556640625" lon="-48.846968002617359161376953125">
        <ele>1173</ele>
        <time>2026-04-20T18:26:10.000Z</time>
        <extensions>
          <ns3:TrackPointExtension>
            <ns3:hr>101</ns3:hr>
          </ns3:TrackPointExtension>
        </extensions>
      </trkpt>
      <trkpt lat="-25.14355042017996311187744140625" lon="-48.846966661512851715087890625">
        <ele>1173.199951171875</ele>
        <time>2026-04-20T18:26:19.000Z</time>
        <extensions>
          <ns3:TrackPointExtension>
            <ns3:hr>97</ns3:hr>
          </ns3:TrackPointExtension>
        </extensions>
      </trkpt>
      <trkpt lat="-25.1435484923422336578369140625" lon="-48.84696573950350284576416015625">
        <ele>1173.199951171875</ele>
        <time>2026-04-20T18:26:25.000Z</time>
        <extensions>
          <ns3:TrackPointExtension>
            <ns3:hr>93</ns3:hr>
          </ns3:TrackPointExtension>
        </extensions>
      </trkpt>
      <trkpt lat="-25.14354757033288478851318359375" lon="-48.84696540422737598419189453125">
        <ele>1173.199951171875</ele>
        <time>2026-04-20T18:26:28.000Z</time>
        <extensions>
          <ns3:TrackPointExtension>
            <ns3:hr>89</ns3:hr>
          </ns3:TrackPointExtension>
        </extensions>
      </trkpt>
      <trkpt lat="-25.14354706741869449615478515625" lon="-48.8469651527702808380126953125">
        <ele>1173.199951171875</ele>
        <time>2026-04-20T18:26:30.000Z</time>
        <extensions>
          <ns3:TrackPointExtension>
            <ns3:hr>85</ns3:hr>
          </ns3:TrackPointExtension>
        </extensions>
      </trkpt>
      <trkpt lat="-25.1435461454093456268310546875" lon="-48.846964649856090545654296875">
        <ele>1173.199951171875</ele>
        <time>2026-04-20T18:26:33.000Z</time>
        <extensions>
          <ns3:TrackPointExtension>
            <ns3:hr>82</ns3:hr>
          </ns3:TrackPointExtension>
        </extensions>
      </trkpt>
      <trkpt lat="-25.1435421220958232879638671875" lon="-48.8469631411135196685791015625">
        <ele>1173.4000244140625</ele>
        <time>2026-04-20T18:26:46.000Z</time>
        <extensions>
          <ns3:TrackPointExtension>
            <ns3:hr>79</ns3:hr>
          </ns3:TrackPointExtension>
        </extensions>
      </trkpt>
      <trkpt lat="-25.1435380987823009490966796875" lon="-48.846961297094821929931640625">
        <ele>1173.5999755859375</ele>
        <time>2026-04-20T18:26:59.000Z</time>
        <extensions>
          <ns3:TrackPointExtension>
            <ns3:hr>83</ns3:hr>
          </ns3:TrackPointExtension>
        </extensions>
      </trkpt>
      <trkpt lat="-25.14353784732520580291748046875" lon="-48.8469611294567584991455078125">
        <ele>1173.5999755859375</ele>
        <time>2026-04-20T18:27:00.000Z</time>
        <extensions>
          <ns3:TrackPointExtension>
            <ns3:hr>80</ns3:hr>
          </ns3:TrackPointExtension>
        </extensions>
      </trkpt>
      <trkpt lat="-25.1435323990881443023681640625" lon="-48.846958614885807037353515625">
        <ele>1173.5999755859375</ele>
        <time>2026-04-20T18:27:19.000Z</time>
        <extensions>
          <ns3:TrackPointExtension>
            <ns3:hr>77</ns3:hr>
          </ns3:TrackPointExtension>
        </extensions>
      </trkpt>
      <trkpt lat="-25.143528543412685394287109375" lon="-48.8469571061432361602783203125">
        <ele>1173.800048828125</ele>
        <time>2026-04-20T18:27:32.000Z</time>
        <extensions>
          <ns3:TrackPointExtension>
            <ns3:hr>74</ns3:hr>
          </ns3:TrackPointExtension>
        </extensions>
      </trkpt>
      <trkpt lat="-25.14352292753756046295166015625" lon="-48.84695467539131641387939453125">
        <ele>1174</ele>
        <time>2026-04-20T18:27:53.000Z</time>
        <extensions>
          <ns3:TrackPointExtension>
            <ns3:hr>71</ns3:hr>
          </ns3:TrackPointExtension>
        </extensions>
      </trkpt>
      <trkpt lat="-25.14352041296660900115966796875" lon="-48.84695366956293582916259765625">
        <ele>1174</ele>
        <time>2026-04-20T18:28:02.000Z</time>
        <extensions>
          <ns3:TrackPointExtension>
            <ns3:hr>74</ns3:hr>
          </ns3:TrackPointExtension>
        </extensions>
      </trkpt>
      <trkpt lat="-25.1435193233191967010498046875" lon="-48.846953250467777252197265625">
        <ele>1174</ele>
        <time>2026-04-20T18:28:06.000Z</time>
        <extensions>
          <ns3:TrackPointExtension>
            <ns3:hr>77</ns3:hr>
          </ns3:TrackPointExtension>
        </extensions>
      </trkpt>
      <trkpt lat="-25.143518149852752685546875" lon="-48.84695283137261867523193359375">
        <ele>1174.199951171875</ele>
        <time>2026-04-20T18:28:10.000Z</time>
        <extensions>
          <ns3:TrackPointExtension>
            <ns3:hr>81</ns3:hr>
          </ns3:TrackPointExtension>
        </extensions>
      </trkpt>
      <trkpt lat="-25.14351521618664264678955078125" lon="-48.8469514064490795135498046875">
        <ele>1174.199951171875</ele>
        <time>2026-04-20T18:28:21.000Z</time>
        <extensions>
          <ns3:TrackPointExtension>
            <ns3:hr>78</ns3:hr>
          </ns3:TrackPointExtension>
        </extensions>
      </trkpt>
      <trkpt lat="-25.14351421035826206207275390625" lon="-48.84695081971585750579833984375">
        <ele>1174.199951171875</ele>
        <time>2026-04-20T18:28:25.000Z</time>
        <extensions>
          <ns3:TrackPointExtension>
            <ns3:hr>75</ns3:hr>
          </ns3:TrackPointExtension>
        </extensions>
      </trkpt>
      <trkpt lat="-25.14351169578731060028076171875" lon="-48.8469497300684452056884765625">
        <ele>1174.4000244140625</ele>
        <time>2026-04-20T18:28:34.000Z</time>
        <extensions>
          <ns3:TrackPointExtension>
            <ns3:hr>78</ns3:hr>
          </ns3:TrackPointExtension>
        </extensions>
      </trkpt>
      <trkpt lat="-25.14350884594023227691650390625" lon="-48.84694830514490604400634765625">
        <ele>1174.4000244140625</ele>
        <time>2026-04-20T18:28:45.000Z</time>
        <extensions>
          <ns3:TrackPointExtension>
            <ns3:hr>81</ns3:hr>
          </ns3:TrackPointExtension>
        </extensions>
      </trkpt>
      <trkpt lat="-25.1435065828263759613037109375" lon="-48.8469473831355571746826171875">
        <ele>1174.4000244140625</ele>
        <time>2026-04-20T18:28:54.000Z</time>
        <extensions>
          <ns3:TrackPointExtension>
            <ns3:hr>78</ns3:hr>
          </ns3:TrackPointExtension>
        </extensions>
      </trkpt>
      <trkpt lat="-25.14350146986544132232666015625" lon="-48.8469447009265422821044921875">
        <ele>1174.5999755859375</ele>
        <time>2026-04-20T18:29:15.000Z</time>
        <extensions>
          <ns3:TrackPointExtension>
            <ns3:hr>75</ns3:hr>
          </ns3:TrackPointExtension>
        </extensions>
      </trkpt>
      <trkpt lat="-25.143500380218029022216796875" lon="-48.84694419801235198974609375">
        <ele>1174.5999755859375</ele>
        <time>2026-04-20T18:29:19.000Z</time>
        <extensions>
          <ns3:TrackPointExtension>
            <ns3:hr>71</ns3:hr>
          </ns3:TrackPointExtension>
        </extensions>
      </trkpt>
      <trkpt lat="-25.14349870383739471435546875" lon="-48.8469433598220348358154296875">
        <ele>1174.800048828125</ele>
        <time>2026-04-20T18:29:26.000Z</time>
        <extensions>
          <ns3:TrackPointExtension>
            <ns3:hr>68</ns3:hr>
          </ns3:TrackPointExtension>
        </extensions>
      </trkpt>
      <trkpt lat="-25.1434971950948238372802734375" lon="-48.8469426892697811126708984375">
        <ele>1174.800048828125</ele>
        <time>2026-04-20T18:29:32.000Z</time>
        <extensions>
          <ns3:TrackPointExtension>
            <ns3:hr>72</ns3:hr>
          </ns3:TrackPointExtension>
        </extensions>
      </trkpt>
      <trkpt lat="-25.14349199831485748291015625" lon="-48.84694009087979793548583984375">
        <ele>1175</ele>
        <time>2026-04-20T18:29:54.000Z</time>
        <extensions>
          <ns3:TrackPointExtension>
            <ns3:hr>76</ns3:hr>
          </ns3:TrackPointExtension>
        </extensions>
      </trkpt>
      <trkpt lat="-25.14348671771585941314697265625" lon="-48.84693707339465618133544921875">
        <ele>1175.199951171875</ele>
        <time>2026-04-20T18:30:16.000Z</time>
        <extensions>
          <ns3:TrackPointExtension>
            <ns3:hr>73</ns3:hr>
          </ns3:TrackPointExtension>
        </extensions>
      </trkpt>
      <trkpt lat="-25.143480598926544189453125" lon="-48.84693338535726070404052734375">
        <ele>1175.4000244140625</ele>
        <time>2026-04-20T18:30:39.000Z</time>
        <extensions>
          <ns3:TrackPointExtension>
            <ns3:hr>70</ns3:hr>
          </ns3:TrackPointExtension>
        </extensions>
      </trkpt>
      <trkpt lat="-25.14347297139465808868408203125" lon="-48.84692810475826263427734375">
        <ele>1175.5999755859375</ele>
        <time>2026-04-20T18:31:06.000Z</time>
        <extensions>
          <ns3:TrackPointExtension>
            <ns3:hr>73</ns3:hr>
          </ns3:TrackPointExtension>
        </extensions>
      </trkpt>
      <trkpt lat="-25.14346760697662830352783203125" lon="-48.84692433290183544158935546875">
        <ele>1175.800048828125</ele>
        <time>2026-04-20T18:31:24.000Z</time>
        <extensions>
          <ns3:TrackPointExtension>
            <ns3:hr>76</ns3:hr>
          </ns3:TrackPointExtension>
        </extensions>
      </trkpt>
      <trkpt lat="-25.14346643351018428802490234375" lon="-48.846923410892486572265625">
        <ele>1175.800048828125</ele>
        <time>2026-04-20T18:31:28.000Z</time>
        <extensions>
          <ns3:TrackPointExtension>
            <ns3:hr>73</ns3:hr>
          </ns3:TrackPointExtension>
        </extensions>
      </trkpt>
      <trkpt lat="-25.143464840948581695556640625" lon="-48.84692215360701084136962890625">
        <ele>1175.800048828125</ele>
        <time>2026-04-20T18:31:34.000Z</time>
        <extensions>
          <ns3:TrackPointExtension>
            <ns3:hr>69</ns3:hr>
          </ns3:TrackPointExtension>
        </extensions>
      </trkpt>
      <trkpt lat="-25.14346274547278881072998046875" lon="-48.84692030958831310272216796875">
        <ele>1175.800048828125</ele>
        <time>2026-04-20T18:31:42.000Z</time>
        <extensions>
          <ns3:TrackPointExtension>
            <ns3:hr>72</ns3:hr>
          </ns3:TrackPointExtension>
        </extensions>
      </trkpt>
      <trkpt lat="-25.14346249401569366455078125" lon="-48.84692014195024967193603515625">
        <ele>1175.800048828125</ele>
        <time>2026-04-20T18:31:43.000Z</time>
        <extensions>
          <ns3:TrackPointExtension>
            <ns3:hr>75</ns3:hr>
          </ns3:TrackPointExtension>
        </extensions>
      </trkpt>
      <trkpt lat="-25.14346224255859851837158203125" lon="-48.8469198904931545257568359375">
        <ele>1176</ele>
        <time>2026-04-20T18:31:44.000Z</time>
        <extensions>
          <ns3:TrackPointExtension>
            <ns3:hr>78</ns3:hr>
          </ns3:TrackPointExtension>
        </extensions>
      </trkpt>
      <trkpt lat="-25.14346173964440822601318359375" lon="-48.8469193875789642333984375">
        <ele>1176</ele>
        <time>2026-04-20T18:31:46.000Z</time>
        <extensions>
          <ns3:TrackPointExtension>
            <ns3:hr>83</ns3:hr>
          </ns3:TrackPointExtension>
        </extensions>
      </trkpt>
      <trkpt lat="-25.143461488187313079833984375" lon="-48.84691913612186908721923828125">
        <ele>1176</ele>
        <time>2026-04-20T18:31:47.000Z</time>
        <extensions>
          <ns3:TrackPointExtension>
            <ns3:hr>83</ns3:hr>
          </ns3:TrackPointExtension>
        </extensions>
      </trkpt>
      <trkpt lat="-25.143460817635059356689453125" lon="-48.84691846556961536407470703125">
        <ele>1176</ele>
        <time>2026-04-20T18:31:50.000Z</time>
        <extensions>
          <ns3:TrackPointExtension>
            <ns3:hr>91</ns3:hr>
          </ns3:TrackPointExtension>
        </extensions>
      </trkpt>
      <trkpt lat="-25.14346006326377391815185546875" lon="-48.84691779501736164093017578125">
        <ele>1176</ele>
        <time>2026-04-20T18:31:53.000Z</time>
        <extensions>
          <ns3:TrackPointExtension>
            <ns3:hr>95</ns3:hr>
          </ns3:TrackPointExtension>
        </extensions>
      </trkpt>
      <trkpt lat="-25.1434579677879810333251953125" lon="-48.8469151966273784637451171875">
        <ele>1176</ele>
        <time>2026-04-20T18:32:03.000Z</time>
        <extensions>
          <ns3:TrackPointExtension>
            <ns3:hr>91</ns3:hr>
          </ns3:TrackPointExtension>
        </extensions>
      </trkpt>
      <trkpt lat="-25.14345712959766387939453125" lon="-48.8469141907989978790283203125">
        <ele>1176.199951171875</ele>
        <time>2026-04-20T18:32:07.000Z</time>
        <extensions>
          <ns3:TrackPointExtension>
            <ns3:hr>94</ns3:hr>
          </ns3:TrackPointExtension>
        </extensions>
      </trkpt>
      <trkpt lat="-25.1434562914073467254638671875" lon="-48.8469131849706172943115234375">
        <ele>1176.199951171875</ele>
        <time>2026-04-20T18:32:11.000Z</time>
        <extensions>
          <ns3:TrackPointExtension>
            <ns3:hr>91</ns3:hr>
          </ns3:TrackPointExtension>
        </extensions>
      </trkpt>
      <trkpt lat="-25.14344933442771434783935546875" lon="-48.84690354578197002410888671875">
        <ele>1176.5999755859375</ele>
        <time>2026-04-20T18:32:47.000Z</time>
        <extensions>
          <ns3:TrackPointExtension>
            <ns3:hr>94</ns3:hr>
          </ns3:TrackPointExtension>
        </extensions>
      </trkpt>
      <trkpt lat="-25.143448412418365478515625" lon="-48.846901953220367431640625">
        <ele>1176.5999755859375</ele>
        <time>2026-04-20T18:32:53.000Z</time>
        <extensions>
          <ns3:TrackPointExtension>
            <ns3:hr>98</ns3:hr>
          </ns3:TrackPointExtension>
        </extensions>
      </trkpt>
      <trkpt lat="-25.14344782568514347076416015625" lon="-48.84690086357295513153076171875">
        <ele>1176.5999755859375</ele>
        <time>2026-04-20T18:32:57.000Z</time>
        <extensions>
          <ns3:TrackPointExtension>
            <ns3:hr>101</ns3:hr>
          </ns3:TrackPointExtension>
        </extensions>
      </trkpt>
      <trkpt lat="-25.1434469036757946014404296875" lon="-48.8468991033732891082763671875">
        <ele>1176.800048828125</ele>
        <time>2026-04-20T18:33:03.000Z</time>
        <extensions>
          <ns3:TrackPointExtension>
            <ns3:hr>98</ns3:hr>
          </ns3:TrackPointExtension>
        </extensions>
      </trkpt>
      <trkpt lat="-25.14344564639031887054443359375" lon="-48.846896253526210784912109375">
        <ele>1176.800048828125</ele>
        <time>2026-04-20T18:33:12.000Z</time>
        <extensions>
          <ns3:TrackPointExtension>
            <ns3:hr>101</ns3:hr>
          </ns3:TrackPointExtension>
        </extensions>
      </trkpt>
      <trkpt lat="-25.1434408687055110931396484375" lon="-48.8468823395669460296630859375">
        <ele>1177.4000244140625</ele>
        <time>2026-04-20T18:33:54.000Z</time>
        <extensions>
          <ns3:TrackPointExtension>
            <ns3:hr>98</ns3:hr>
          </ns3:TrackPointExtension>
        </extensions>
      </trkpt>
      <trkpt lat="-25.14343625865876674652099609375" lon="-48.8468657433986663818359375">
        <ele>1178</ele>
        <time>2026-04-20T18:34:44.000Z</time>
        <extensions>
          <ns3:TrackPointExtension>
            <ns3:hr>95</ns3:hr>
          </ns3:TrackPointExtension>
        </extensions>
      </trkpt>
      <trkpt lat="-25.1434358395636081695556640625" lon="-48.84686448611319065093994140625">
        <ele>1178.199951171875</ele>
        <time>2026-04-20T18:34:48.000Z</time>
        <extensions>
          <ns3:TrackPointExtension>
            <ns3:hr>92</ns3:hr>
          </ns3:TrackPointExtension>
        </extensions>
      </trkpt>
      <trkpt lat="-25.14343433082103729248046875" lon="-48.84686012752354145050048828125">
        <ele>1178.4000244140625</ele>
        <time>2026-04-20T18:35:02.000Z</time>
        <extensions>
          <ns3:TrackPointExtension>
            <ns3:hr>89</ns3:hr>
          </ns3:TrackPointExtension>
        </extensions>
      </trkpt>
      <trkpt lat="-25.14343407936394214630126953125" lon="-48.84685928933322429656982421875">
        <ele>1178.4000244140625</ele>
        <time>2026-04-20T18:35:05.000Z</time>
        <extensions>
          <ns3:TrackPointExtension>
            <ns3:hr>86</ns3:hr>
          </ns3:TrackPointExtension>
        </extensions>
      </trkpt>
      <trkpt lat="-25.1434308104217052459716796875" lon="-48.8468474708497524261474609375">
        <ele>1179</ele>
        <time>2026-04-20T18:35:45.000Z</time>
        <extensions>
          <ns3:TrackPointExtension>
            <ns3:hr>89</ns3:hr>
          </ns3:TrackPointExtension>
        </extensions>
      </trkpt>
      <trkpt lat="-25.1434308104217052459716796875" lon="-48.84684654884040355682373046875">
        <ele>1179</ele>
        <time>2026-04-20T18:35:48.000Z</time>
        <extensions>
          <ns3:TrackPointExtension>
            <ns3:hr>86</ns3:hr>
          </ns3:TrackPointExtension>
        </extensions>
      </trkpt>
      <trkpt lat="-25.1434304751455783843994140625" lon="-48.8468444533646106719970703125">
        <ele>1179.199951171875</ele>
        <time>2026-04-20T18:35:55.000Z</time>
        <extensions>
          <ns3:TrackPointExtension>
            <ns3:hr>90</ns3:hr>
          </ns3:TrackPointExtension>
        </extensions>
      </trkpt>
      <trkpt lat="-25.14343030750751495361328125" lon="-48.84684302844107151031494140625">
        <ele>1179.199951171875</ele>
        <time>2026-04-20T18:36:00.000Z</time>
        <extensions>
          <ns3:TrackPointExtension>
            <ns3:hr>95</ns3:hr>
          </ns3:TrackPointExtension>
        </extensions>
      </trkpt>
      <trkpt lat="-25.14342988841235637664794921875" lon="-48.846839256584644317626953125">
        <ele>1179.4000244140625</ele>
        <time>2026-04-20T18:36:13.000Z</time>
        <extensions>
          <ns3:TrackPointExtension>
            <ns3:hr>92</ns3:hr>
          </ns3:TrackPointExtension>
        </extensions>
      </trkpt>
      <trkpt lat="-25.14342972077429294586181640625" lon="-48.846837580204010009765625">
        <ele>1179.5999755859375</ele>
        <time>2026-04-20T18:36:19.000Z</time>
        <extensions>
          <ns3:TrackPointExtension>
            <ns3:hr>96</ns3:hr>
          </ns3:TrackPointExtension>
        </extensions>
      </trkpt>
      <trkpt lat="-25.1434294693171977996826171875" lon="-48.846835903823375701904296875">
        <ele>1179.5999755859375</ele>
        <time>2026-04-20T18:36:25.000Z</time>
        <extensions>
          <ns3:TrackPointExtension>
            <ns3:hr>93</ns3:hr>
          </ns3:TrackPointExtension>
        </extensions>
      </trkpt>
      <trkpt lat="-25.1434294693171977996826171875" lon="-48.8468354009091854095458984375">
        <ele>1179.5999755859375</ele>
        <time>2026-04-20T18:36:27.000Z</time>
        <extensions>
          <ns3:TrackPointExtension>
            <ns3:hr>90</ns3:hr>
          </ns3:TrackPointExtension>
        </extensions>
      </trkpt>
      <trkpt lat="-25.14342921786010265350341796875" lon="-48.84683347307145595550537109375">
        <ele>1179.800048828125</ele>
        <time>2026-04-20T18:36:34.000Z</time>
        <extensions>
          <ns3:TrackPointExtension>
            <ns3:hr>87</ns3:hr>
          </ns3:TrackPointExtension>
        </extensions>
      </trkpt>
      <trkpt lat="-25.143428631126880645751953125" lon="-48.84682794101536273956298828125">
        <ele>1180.199951171875</ele>
        <time>2026-04-20T18:36:54.000Z</time>
        <extensions>
          <ns3:TrackPointExtension>
            <ns3:hr>84</ns3:hr>
          </ns3:TrackPointExtension>
        </extensions>
      </trkpt>
      <trkpt lat="-25.14342737384140491485595703125" lon="-48.84682006202638149261474609375">
        <ele>1180.5999755859375</ele>
        <time>2026-04-20T18:37:27.000Z</time>
        <extensions>
          <ns3:TrackPointExtension>
            <ns3:hr>81</ns3:hr>
          </ns3:TrackPointExtension>
        </extensions>
      </trkpt>
      <trkpt lat="-25.14342703856527805328369140625" lon="-48.846817798912525177001953125">
        <ele>1180.800048828125</ele>
        <time>2026-04-20T18:37:36.000Z</time>
        <extensions>
          <ns3:TrackPointExtension>
            <ns3:hr>78</ns3:hr>
          </ns3:TrackPointExtension>
        </extensions>
      </trkpt>
      <trkpt lat="-25.14342687092721462249755859375" lon="-48.84681704454123973846435546875">
        <ele>1180.800048828125</ele>
        <time>2026-04-20T18:37:39.000Z</time>
        <extensions>
          <ns3:TrackPointExtension>
            <ns3:hr>74</ns3:hr>
          </ns3:TrackPointExtension>
        </extensions>
      </trkpt>
      <trkpt lat="-25.1434267871081829071044921875" lon="-48.84681637398898601531982421875">
        <ele>1180.800048828125</ele>
        <time>2026-04-20T18:37:42.000Z</time>
        <extensions>
          <ns3:TrackPointExtension>
            <ns3:hr>71</ns3:hr>
          </ns3:TrackPointExtension>
        </extensions>
      </trkpt>
      <trkpt lat="-25.1434264518320560455322265625" lon="-48.84681411087512969970703125">
        <ele>1181</ele>
        <time>2026-04-20T18:37:51.000Z</time>
        <extensions>
          <ns3:TrackPointExtension>
            <ns3:hr>74</ns3:hr>
          </ns3:TrackPointExtension>
        </extensions>
      </trkpt>
      <trkpt lat="-25.143425948917865753173828125" lon="-48.84681142866611480712890625">
        <ele>1181.199951171875</ele>
        <time>2026-04-20T18:38:02.000Z</time>
        <extensions>
          <ns3:TrackPointExtension>
            <ns3:hr>77</ns3:hr>
          </ns3:TrackPointExtension>
        </extensions>
      </trkpt>
      <trkpt lat="-25.14342586509883403778076171875" lon="-48.84681100957095623016357421875">
        <ele>1181.199951171875</ele>
        <time>2026-04-20T18:38:04.000Z</time>
        <extensions>
          <ns3:TrackPointExtension>
            <ns3:hr>80</ns3:hr>
          </ns3:TrackPointExtension>
        </extensions>
      </trkpt>
      <trkpt lat="-25.1434254460036754608154296875" lon="-48.84680883027613162994384765625">
        <ele>1181.4000244140625</ele>
        <time>2026-04-20T18:38:13.000Z</time>
        <extensions>
          <ns3:TrackPointExtension>
            <ns3:hr>83</ns3:hr>
          </ns3:TrackPointExtension>
        </extensions>
      </trkpt>
      <trkpt lat="-25.14342536218464374542236328125" lon="-48.84680815972387790679931640625">
        <ele>1181.4000244140625</ele>
        <time>2026-04-20T18:38:16.000Z</time>
        <extensions>
          <ns3:TrackPointExtension>
            <ns3:hr>80</ns3:hr>
          </ns3:TrackPointExtension>
        </extensions>
      </trkpt>
      <trkpt lat="-25.14342536218464374542236328125" lon="-48.8468079082667827606201171875">
        <ele>1181.4000244140625</ele>
        <time>2026-04-20T18:38:17.000Z</time>
        <extensions>
          <ns3:TrackPointExtension>
            <ns3:hr>83</ns3:hr>
          </ns3:TrackPointExtension>
        </extensions>
      </trkpt>
      <trkpt lat="-25.1434251107275485992431640625" lon="-48.84680614806711673736572265625">
        <ele>1181.5999755859375</ele>
        <time>2026-04-20T18:38:25.000Z</time>
        <extensions>
          <ns3:TrackPointExtension>
            <ns3:hr>79</ns3:hr>
          </ns3:TrackPointExtension>
        </extensions>
      </trkpt>
      <trkpt lat="-25.14342502690851688385009765625" lon="-48.846805728971958160400390625">
        <ele>1181.5999755859375</ele>
        <time>2026-04-20T18:38:27.000Z</time>
        <extensions>
          <ns3:TrackPointExtension>
            <ns3:hr>76</ns3:hr>
          </ns3:TrackPointExtension>
        </extensions>
      </trkpt>
      <trkpt lat="-25.14342494308948516845703125" lon="-48.8468052260577678680419921875">
        <ele>1181.5999755859375</ele>
        <time>2026-04-20T18:38:29.000Z</time>
        <extensions>
          <ns3:TrackPointExtension>
            <ns3:hr>73</ns3:hr>
          </ns3:TrackPointExtension>
        </extensions>
      </trkpt>
      <trkpt lat="-25.14342469163239002227783203125" lon="-48.846804387867450714111328125">
        <ele>1181.800048828125</ele>
        <time>2026-04-20T18:38:33.000Z</time>
        <extensions>
          <ns3:TrackPointExtension>
            <ns3:hr>70</ns3:hr>
          </ns3:TrackPointExtension>
        </extensions>
      </trkpt>
      <trkpt lat="-25.1434244401752948760986328125" lon="-48.84680296294391155242919921875">
        <ele>1181.800048828125</ele>
        <time>2026-04-20T18:38:39.000Z</time>
        <extensions>
          <ns3:TrackPointExtension>
            <ns3:hr>67</ns3:hr>
          </ns3:TrackPointExtension>
        </extensions>
      </trkpt>
      <trkpt lat="-25.14342335052788257598876953125" lon="-48.8467955030500888824462890625">
        <ele>1182.4000244140625</ele>
        <time>2026-04-20T18:39:15.000Z</time>
        <extensions>
          <ns3:TrackPointExtension>
            <ns3:hr>70</ns3:hr>
          </ns3:TrackPointExtension>
        </extensions>
      </trkpt>
      <trkpt lat="-25.143422596156597137451171875" lon="-48.84679089300334453582763671875">
        <ele>1182.800048828125</ele>
        <time>2026-04-20T18:39:37.000Z</time>
        <extensions>
          <ns3:TrackPointExtension>
            <ns3:hr>73</ns3:hr>
          </ns3:TrackPointExtension>
        </extensions>
      </trkpt>
      <trkpt lat="-25.14342226088047027587890625" lon="-48.84678837843239307403564453125">
        <ele>1183</ele>
        <time>2026-04-20T18:39:49.000Z</time>
        <extensions>
          <ns3:TrackPointExtension>
            <ns3:hr>76</ns3:hr>
          </ns3:TrackPointExtension>
        </extensions>
      </trkpt>
      <trkpt lat="-25.14342150650918483734130859375" lon="-48.8467847742140293121337890625">
        <ele>1183.199951171875</ele>
        <time>2026-04-20T18:40:07.000Z</time>
        <extensions>
          <ns3:TrackPointExtension>
            <ns3:hr>73</ns3:hr>
          </ns3:TrackPointExtension>
        </extensions>
      </trkpt>
      <trkpt lat="-25.14342133887112140655517578125" lon="-48.84678385220468044281005859375">
        <ele>1183.4000244140625</ele>
        <time>2026-04-20T18:40:11.000Z</time>
        <extensions>
          <ns3:TrackPointExtension>
            <ns3:hr>70</ns3:hr>
          </ns3:TrackPointExtension>
        </extensions>
      </trkpt>
      <trkpt lat="-25.14342091977596282958984375" lon="-48.84678133763372898101806640625">
        <ele>1183.5999755859375</ele>
        <time>2026-04-20T18:40:24.000Z</time>
        <extensions>
          <ns3:TrackPointExtension>
            <ns3:hr>73</ns3:hr>
          </ns3:TrackPointExtension>
        </extensions>
      </trkpt>
      <trkpt lat="-25.14342066831886768341064453125" lon="-48.8467794097959995269775390625">
        <ele>1183.800048828125</ele>
        <time>2026-04-20T18:40:33.000Z</time>
        <extensions>
          <ns3:TrackPointExtension>
            <ns3:hr>76</ns3:hr>
          </ns3:TrackPointExtension>
        </extensions>
      </trkpt>
      <trkpt lat="-25.14341689646244049072265625" lon="-48.84675904177129268646240234375">
        <ele>1185.4000244140625</ele>
        <time>2026-04-20T18:42:21.000Z</time>
        <extensions>
          <ns3:TrackPointExtension>
            <ns3:hr>73</ns3:hr>
          </ns3:TrackPointExtension>
        </extensions>
      </trkpt>
      <trkpt lat="-25.143416561186313629150390625" lon="-48.846757449209690093994140625">
        <ele>1185.5999755859375</ele>
        <time>2026-04-20T18:42:29.000Z</time>
        <extensions>
          <ns3:TrackPointExtension>
            <ns3:hr>78</ns3:hr>
          </ns3:TrackPointExtension>
        </extensions>
      </trkpt>
      <trkpt lat="-25.143416561186313629150390625" lon="-48.846757113933563232421875">
        <ele>1185.5999755859375</ele>
        <time>2026-04-20T18:42:31.000Z</time>
        <extensions>
          <ns3:TrackPointExtension>
            <ns3:hr>75</ns3:hr>
          </ns3:TrackPointExtension>
        </extensions>
      </trkpt>
      <trkpt lat="-25.14341630972921848297119140625" lon="-48.8467559404671192169189453125">
        <ele>1185.800048828125</ele>
        <time>2026-04-20T18:42:38.000Z</time>
        <extensions>
          <ns3:TrackPointExtension>
            <ns3:hr>78</ns3:hr>
          </ns3:TrackPointExtension>
        </extensions>
      </trkpt>
      <trkpt lat="-25.143416225910186767578125" lon="-48.846755437552928924560546875">
        <ele>1185.800048828125</ele>
        <time>2026-04-20T18:42:41.000Z</time>
        <extensions>
          <ns3:TrackPointExtension>
            <ns3:hr>74</ns3:hr>
          </ns3:TrackPointExtension>
        </extensions>
      </trkpt>
      <trkpt lat="-25.14340206049382686614990234375" lon="-48.8466352410614490509033203125">
        <ele>1185.800048828125</ele>
        <time>2026-04-20T18:42:47.000Z</time>
        <extensions>
          <ns3:TrackPointExtension>
            <ns3:hr>75</ns3:hr>
          </ns3:TrackPointExtension>
        </extensions>
      </trkpt>
      <trkpt lat="-25.143378339707851409912109375" lon="-48.84645310230553150177001953125">
        <ele>1196.4000244140625</ele>
        <time>2026-04-20T18:42:54.000Z</time>
        <extensions>
          <ns3:TrackPointExtension>
            <ns3:hr>74</ns3:hr>
          </ns3:TrackPointExtension>
        </extensions>
      </trkpt>
      <trkpt lat="-25.1433764956891536712646484375" lon="-48.84640029631555080413818359375">
        <ele>1210.199951171875</ele>
        <time>2026-04-20T18:43:03.000Z</time>
        <extensions>
          <ns3:TrackPointExtension>
            <ns3:hr>76</ns3:hr>
          </ns3:TrackPointExtension>
        </extensions>
      </trkpt>
      <trkpt lat="-25.14336635358631610870361328125" lon="-48.84633324109017848968505859375">
        <ele>1217.199951171875</ele>
        <time>2026-04-20T18:43:18.000Z</time>
        <extensions>
          <ns3:TrackPointExtension>
            <ns3:hr>79</ns3:hr>
          </ns3:TrackPointExtension>
        </extensions>
      </trkpt>
      <trkpt lat="-25.1433666050434112548828125" lon="-48.84633726440370082855224609375">
        <ele>1219.4000244140625</ele>
        <time>2026-04-20T18:43:43.000Z</time>
        <extensions>
          <ns3:TrackPointExtension>
            <ns3:hr>76</ns3:hr>
          </ns3:TrackPointExtension>
        </extensions>
      </trkpt>
      <trkpt lat="-25.14336165972054004669189453125" lon="-48.8463695347309112548828125">
        <ele>1223</ele>
        <time>2026-04-20T18:44:09.000Z</time>
        <extensions>
          <ns3:TrackPointExtension>
            <ns3:hr>79</ns3:hr>
          </ns3:TrackPointExtension>
        </extensions>
      </trkpt>
      <trkpt lat="-25.14335394836962223052978515625" lon="-48.84637020528316497802734375">
        <ele>1224.800048828125</ele>
        <time>2026-04-20T18:45:02.000Z</time>
        <extensions>
          <ns3:TrackPointExtension>
            <ns3:hr>83</ns3:hr>
          </ns3:TrackPointExtension>
        </extensions>
      </trkpt>
      <trkpt lat="-25.14335361309349536895751953125" lon="-48.8463700376451015472412109375">
        <ele>1225</ele>
        <time>2026-04-20T18:45:07.000Z</time>
        <extensions>
          <ns3:TrackPointExtension>
            <ns3:hr>80</ns3:hr>
          </ns3:TrackPointExtension>
        </extensions>
      </trkpt>
      <trkpt lat="-25.143354199826717376708984375" lon="-48.8463636673986911773681640625">
        <ele>1225.199951171875</ele>
        <time>2026-04-20T18:45:23.000Z</time>
        <extensions>
          <ns3:TrackPointExtension>
            <ns3:hr>83</ns3:hr>
          </ns3:TrackPointExtension>
        </extensions>
      </trkpt>
      <trkpt lat="-25.143358223140239715576171875" lon="-48.8463462330400943756103515625">
        <ele>1225</ele>
        <time>2026-04-20T18:45:34.000Z</time>
        <extensions>
          <ns3:TrackPointExtension>
            <ns3:hr>86</ns3:hr>
          </ns3:TrackPointExtension>
        </extensions>
      </trkpt>
      <trkpt lat="-25.14336786232888698577880859375" lon="-48.84628814645111560821533203125">
        <ele>1224.4000244140625</ele>
        <time>2026-04-20T18:45:54.000Z</time>
        <extensions>
          <ns3:TrackPointExtension>
            <ns3:hr>90</ns3:hr>
          </ns3:TrackPointExtension>
        </extensions>
      </trkpt>
      <trkpt lat="-25.14336937107145786285400390625" lon="-48.84628227911889553070068359375">
        <ele>1224.4000244140625</ele>
        <time>2026-04-20T18:45:56.000Z</time>
        <extensions>
          <ns3:TrackPointExtension>
            <ns3:hr>87</ns3:hr>
          </ns3:TrackPointExtension>
        </extensions>
      </trkpt>
      <trkpt lat="-25.14338244684040546417236328125" lon="-48.84617566131055355072021484375">
        <ele>1224</ele>
        <time>2026-04-20T18:46:12.000Z</time>
        <extensions>
          <ns3:TrackPointExtension>
            <ns3:hr>88</ns3:hr>
          </ns3:TrackPointExtension>
        </extensions>
      </trkpt>
      <trkpt lat="-25.143387056887149810791015625" lon="-48.8461308181285858154296875">
        <ele>1223.800048828125</ele>
        <time>2026-04-20T18:46:17.000Z</time>
        <extensions>
          <ns3:TrackPointExtension>
            <ns3:hr>87</ns3:hr>
          </ns3:TrackPointExtension>
        </extensions>
      </trkpt>
      <trkpt lat="-25.14338202774524688720703125" lon="-48.846136517822742462158203125">
        <ele>1224.4000244140625</ele>
        <time>2026-04-20T18:46:35.000Z</time>
        <extensions>
          <ns3:TrackPointExtension>
            <ns3:hr>87</ns3:hr>
          </ns3:TrackPointExtension>
        </extensions>
      </trkpt>
      <trkpt lat="-25.14338194392621517181396484375" lon="-48.8461360149085521697998046875">
        <ele>1224.5999755859375</ele>
        <time>2026-04-20T18:46:48.000Z</time>
        <extensions>
          <ns3:TrackPointExtension>
            <ns3:hr>91</ns3:hr>
          </ns3:TrackPointExtension>
        </extensions>
      </trkpt>
      <trkpt lat="-25.1433818601071834564208984375" lon="-48.8461360149085521697998046875">
        <ele>1224.800048828125</ele>
        <time>2026-04-20T18:46:49.000Z</time>
        <extensions>
          <ns3:TrackPointExtension>
            <ns3:hr>91</ns3:hr>
          </ns3:TrackPointExtension>
        </extensions>
      </trkpt>
      <trkpt lat="-25.1433815248310565948486328125" lon="-48.8461360149085521697998046875">
        <ele>1226.199951171875</ele>
        <time>2026-04-20T18:46:57.000Z</time>
        <extensions>
          <ns3:TrackPointExtension>
            <ns3:hr>88</ns3:hr>
          </ns3:TrackPointExtension>
        </extensions>
      </trkpt>
      <trkpt lat="-25.14338177628815174102783203125" lon="-48.8461373560130596160888671875">
        <ele>1226.4000244140625</ele>
        <time>2026-04-20T18:47:11.000Z</time>
        <extensions>
          <ns3:TrackPointExtension>
            <ns3:hr>85</ns3:hr>
          </ns3:TrackPointExtension>
        </extensions>
      </trkpt>
      <trkpt lat="-25.1433832012116909027099609375" lon="-48.8461383618414402008056640625">
        <ele>1226.5999755859375</ele>
        <time>2026-04-20T18:47:19.000Z</time>
        <extensions>
          <ns3:TrackPointExtension>
            <ns3:hr>82</ns3:hr>
          </ns3:TrackPointExtension>
        </extensions>
      </trkpt>
      <trkpt lat="-25.1433825306594371795654296875" lon="-48.84611799381673336029052734375">
        <ele>1228</ele>
        <time>2026-04-20T18:48:09.000Z</time>
        <extensions>
          <ns3:TrackPointExtension>
            <ns3:hr>79</ns3:hr>
          </ns3:TrackPointExtension>
        </extensions>
      </trkpt>
      <trkpt lat="-25.143382363021373748779296875" lon="-48.8461179099977016448974609375">
        <ele>1228</ele>
        <time>2026-04-20T18:48:11.000Z</time>
        <extensions>
          <ns3:TrackPointExtension>
            <ns3:hr>82</ns3:hr>
          </ns3:TrackPointExtension>
        </extensions>
      </trkpt>
      <trkpt lat="-25.14338177628815174102783203125" lon="-48.846086896955966949462890625">
        <ele>1229</ele>
        <time>2026-04-20T18:48:28.000Z</time>
        <extensions>
          <ns3:TrackPointExtension>
            <ns3:hr>85</ns3:hr>
          </ns3:TrackPointExtension>
        </extensions>
      </trkpt>
      <trkpt lat="-25.143383704125881195068359375" lon="-48.846069462597370147705078125">
        <ele>1230</ele>
        <time>2026-04-20T18:48:44.000Z</time>
        <extensions>
          <ns3:TrackPointExtension>
            <ns3:hr>88</ns3:hr>
          </ns3:TrackPointExtension>
        </extensions>
      </trkpt>
      <trkpt lat="-25.14338362030684947967529296875" lon="-48.846062086522579193115234375">
        <ele>1230.199951171875</ele>
        <time>2026-04-20T18:48:55.000Z</time>
        <extensions>
          <ns3:TrackPointExtension>
            <ns3:hr>91</ns3:hr>
          </ns3:TrackPointExtension>
        </extensions>
      </trkpt>
      <trkpt lat="-25.14338579960167407989501953125" lon="-48.8460243679583072662353515625">
        <ele>1231</ele>
        <time>2026-04-20T18:49:04.000Z</time>
        <extensions>
          <ns3:TrackPointExtension>
            <ns3:hr>93</ns3:hr>
          </ns3:TrackPointExtension>
        </extensions>
      </trkpt>
      <trkpt lat="-25.1433907449245452880859375" lon="-48.84601925499737262725830078125">
        <ele>1233</ele>
        <time>2026-04-20T18:49:13.000Z</time>
        <extensions>
          <ns3:TrackPointExtension>
            <ns3:hr>96</ns3:hr>
          </ns3:TrackPointExtension>
        </extensions>
      </trkpt>
      <trkpt lat="-25.1434026472270488739013671875" lon="-48.8460079394280910491943359375">
        <ele>1234.5999755859375</ele>
        <time>2026-04-20T18:49:27.000Z</time>
        <extensions>
          <ns3:TrackPointExtension>
            <ns3:hr>93</ns3:hr>
          </ns3:TrackPointExtension>
        </extensions>
      </trkpt>
      <trkpt lat="-25.1434127055108547210693359375" lon="-48.84601070545613765716552734375">
        <ele>1236.5999755859375</ele>
        <time>2026-04-20T18:49:42.000Z</time>
        <extensions>
          <ns3:TrackPointExtension>
            <ns3:hr>90</ns3:hr>
          </ns3:TrackPointExtension>
        </extensions>
      </trkpt>
      <trkpt lat="-25.143434666097164154052734375" lon="-48.84601070545613765716552734375">
        <ele>1236.199951171875</ele>
        <time>2026-04-20T18:49:52.000Z</time>
        <extensions>
          <ns3:TrackPointExtension>
            <ns3:hr>86</ns3:hr>
          </ns3:TrackPointExtension>
        </extensions>
      </trkpt>
      <trkpt lat="-25.143436677753925323486328125" lon="-48.84600701741874217987060546875">
        <ele>1236</ele>
        <time>2026-04-20T18:49:56.000Z</time>
        <extensions>
          <ns3:TrackPointExtension>
            <ns3:hr>89</ns3:hr>
          </ns3:TrackPointExtension>
        </extensions>
      </trkpt>
      <trkpt lat="-25.143436677753925323486328125" lon="-48.8460008986294269561767578125">
        <ele>1235.800048828125</ele>
        <time>2026-04-20T18:50:04.000Z</time>
        <extensions>
          <ns3:TrackPointExtension>
            <ns3:hr>85</ns3:hr>
          </ns3:TrackPointExtension>
        </extensions>
      </trkpt>
      <trkpt lat="-25.14343676157295703887939453125" lon="-48.84600064717233180999755859375">
        <ele>1235.800048828125</ele>
        <time>2026-04-20T18:50:06.000Z</time>
        <extensions>
          <ns3:TrackPointExtension>
            <ns3:hr>82</ns3:hr>
          </ns3:TrackPointExtension>
        </extensions>
      </trkpt>
      <trkpt lat="-25.14343709684908390045166015625" lon="-48.8459995575249195098876953125">
        <ele>1235.800048828125</ele>
        <time>2026-04-20T18:50:09.000Z</time>
        <extensions>
          <ns3:TrackPointExtension>
            <ns3:hr>79</ns3:hr>
          </ns3:TrackPointExtension>
        </extensions>
      </trkpt>
      <trkpt lat="-25.14344598166644573211669921875" lon="-48.84595689363777637481689453125">
        <ele>1237.199951171875</ele>
        <time>2026-04-20T18:50:36.000Z</time>
        <extensions>
          <ns3:TrackPointExtension>
            <ns3:hr>82</ns3:hr>
          </ns3:TrackPointExtension>
        </extensions>
      </trkpt>
      <trkpt lat="-25.1434497535228729248046875" lon="-48.84594599716365337371826171875">
        <ele>1238</ele>
        <time>2026-04-20T18:50:49.000Z</time>
        <extensions>
          <ns3:TrackPointExtension>
            <ns3:hr>79</ns3:hr>
          </ns3:TrackPointExtension>
        </extensions>
      </trkpt>
      <trkpt lat="-25.14345084317028522491455078125" lon="-48.84593225084245204925537109375">
        <ele>1238</ele>
        <time>2026-04-20T18:50:54.000Z</time>
        <extensions>
          <ns3:TrackPointExtension>
            <ns3:hr>76</ns3:hr>
          </ns3:TrackPointExtension>
        </extensions>
      </trkpt>
      <trkpt lat="-25.1434559561312198638916015625" lon="-48.8459019921720027923583984375">
        <ele>1238.4000244140625</ele>
        <time>2026-04-20T18:51:05.000Z</time>
        <extensions>
          <ns3:TrackPointExtension>
            <ns3:hr>79</ns3:hr>
          </ns3:TrackPointExtension>
        </extensions>
      </trkpt>
      <trkpt lat="-25.1434646733105182647705078125" lon="-48.8458631001412868499755859375">
        <ele>1242.4000244140625</ele>
        <time>2026-04-20T18:51:21.000Z</time>
        <extensions>
          <ns3:TrackPointExtension>
            <ns3:hr>76</ns3:hr>
          </ns3:TrackPointExtension>
        </extensions>
      </trkpt>
      <trkpt lat="-25.14346760697662830352783203125" lon="-48.845862261950969696044921875">
        <ele>1243.800048828125</ele>
        <time>2026-04-20T18:51:30.000Z</time>
        <extensions>
          <ns3:TrackPointExtension>
            <ns3:hr>73</ns3:hr>
          </ns3:TrackPointExtension>
        </extensions>
      </trkpt>
      <trkpt lat="-25.14346861280500888824462890625" lon="-48.845862261950969696044921875">
        <ele>1244</ele>
        <time>2026-04-20T18:51:31.000Z</time>
        <extensions>
          <ns3:TrackPointExtension>
            <ns3:hr>76</ns3:hr>
          </ns3:TrackPointExtension>
        </extensions>
      </trkpt>
      <trkpt lat="-25.1434814371168613433837890625" lon="-48.84586217813193798065185546875">
        <ele>1244.199951171875</ele>
        <time>2026-04-20T18:51:37.000Z</time>
        <extensions>
          <ns3:TrackPointExtension>
            <ns3:hr>72</ns3:hr>
          </ns3:TrackPointExtension>
        </extensions>
      </trkpt>
      <trkpt lat="-25.1434834487736225128173828125" lon="-48.845862261950969696044921875">
        <ele>1244.4000244140625</ele>
        <time>2026-04-20T18:51:38.000Z</time>
        <extensions>
          <ns3:TrackPointExtension>
            <ns3:hr>75</ns3:hr>
          </ns3:TrackPointExtension>
        </extensions>
      </trkpt>
      <trkpt lat="-25.14349275268614292144775390625" lon="-48.8458761759102344512939453125">
        <ele>1245</ele>
        <time>2026-04-20T18:52:03.000Z</time>
        <extensions>
          <ns3:TrackPointExtension>
            <ns3:hr>78</ns3:hr>
          </ns3:TrackPointExtension>
        </extensions>
      </trkpt>
      <trkpt lat="-25.1434941776096820831298828125" lon="-48.84587743319571018218994140625">
        <ele>1243.4000244140625</ele>
        <time>2026-04-20T18:52:23.000Z</time>
        <extensions>
          <ns3:TrackPointExtension>
            <ns3:hr>75</ns3:hr>
          </ns3:TrackPointExtension>
        </extensions>
      </trkpt>
      <trkpt lat="-25.14349426142871379852294921875" lon="-48.84587743319571018218994140625">
        <ele>1243.4000244140625</ele>
        <time>2026-04-20T18:52:26.000Z</time>
        <extensions>
          <ns3:TrackPointExtension>
            <ns3:hr>78</ns3:hr>
          </ns3:TrackPointExtension>
        </extensions>
      </trkpt>
      <trkpt lat="-25.1434945128858089447021484375" lon="-48.8458775170147418975830078125">
        <ele>1243.199951171875</ele>
        <time>2026-04-20T18:52:34.000Z</time>
        <extensions>
          <ns3:TrackPointExtension>
            <ns3:hr>81</ns3:hr>
          </ns3:TrackPointExtension>
        </extensions>
      </trkpt>
      <trkpt lat="-25.14349476434290409088134765625" lon="-48.84587760083377361297607421875">
        <ele>1243.199951171875</ele>
        <time>2026-04-20T18:52:43.000Z</time>
        <extensions>
          <ns3:TrackPointExtension>
            <ns3:hr>84</ns3:hr>
          </ns3:TrackPointExtension>
        </extensions>
      </trkpt>
      <trkpt lat="-25.14349476434290409088134765625" lon="-48.84587760083377361297607421875">
        <ele>1243.199951171875</ele>
        <time>2026-04-20T18:52:46.000Z</time>
        <extensions>
          <ns3:TrackPointExtension>
            <ns3:hr>81</ns3:hr>
          </ns3:TrackPointExtension>
        </extensions>
      </trkpt>
      <trkpt lat="-25.14349476434290409088134765625" lon="-48.84587760083377361297607421875">
        <ele>1243.199951171875</ele>
        <time>2026-04-20T18:52:47.000Z</time>
        <extensions>
          <ns3:TrackPointExtension>
            <ns3:hr>84</ns3:hr>
          </ns3:TrackPointExtension>
        </extensions>
      </trkpt>
      <trkpt lat="-25.1434948481619358062744140625" lon="-48.845877349376678466796875">
        <ele>1243.199951171875</ele>
        <time>2026-04-20T18:52:55.000Z</time>
        <extensions>
          <ns3:TrackPointExtension>
            <ns3:hr>87</ns3:hr>
          </ns3:TrackPointExtension>
        </extensions>
      </trkpt>
      <trkpt lat="-25.14349644072353839874267578125" lon="-48.8458704762160778045654296875">
        <ele>1243.199951171875</ele>
        <time>2026-04-20T18:53:47.000Z</time>
        <extensions>
          <ns3:TrackPointExtension>
            <ns3:hr>84</ns3:hr>
          </ns3:TrackPointExtension>
        </extensions>
      </trkpt>
      <trkpt lat="-25.14349660836160182952880859375" lon="-48.84586938656866550445556640625">
        <ele>1243.199951171875</ele>
        <time>2026-04-20T18:53:53.000Z</time>
        <extensions>
          <ns3:TrackPointExtension>
            <ns3:hr>87</ns3:hr>
          </ns3:TrackPointExtension>
        </extensions>
      </trkpt>
      <trkpt lat="-25.1434968598186969757080078125" lon="-48.845868296921253204345703125">
        <ele>1243.199951171875</ele>
        <time>2026-04-20T18:53:58.000Z</time>
        <extensions>
          <ns3:TrackPointExtension>
            <ns3:hr>84</ns3:hr>
          </ns3:TrackPointExtension>
        </extensions>
      </trkpt>
      <trkpt lat="-25.14349694363772869110107421875" lon="-48.8458674587309360504150390625">
        <ele>1243.199951171875</ele>
        <time>2026-04-20T18:54:04.000Z</time>
        <extensions>
          <ns3:TrackPointExtension>
            <ns3:hr>81</ns3:hr>
          </ns3:TrackPointExtension>
        </extensions>
      </trkpt>
      <trkpt lat="-25.14349694363772869110107421875" lon="-48.84586729109287261962890625">
        <ele>1243.199951171875</ele>
        <time>2026-04-20T18:54:06.000Z</time>
        <extensions>
          <ns3:TrackPointExtension>
            <ns3:hr>84</ns3:hr>
          </ns3:TrackPointExtension>
        </extensions>
      </trkpt>
      <trkpt lat="-25.1434971950948238372802734375" lon="-48.84586687199771404266357421875">
        <ele>1243.199951171875</ele>
        <time>2026-04-20T18:54:09.000Z</time>
        <extensions>
          <ns3:TrackPointExtension>
            <ns3:hr>80</ns3:hr>
          </ns3:TrackPointExtension>
        </extensions>
      </trkpt>
      <trkpt lat="-25.1434988714754581451416015625" lon="-48.84586201049387454986572265625">
        <ele>1243.4000244140625</ele>
        <time>2026-04-20T18:54:42.000Z</time>
        <extensions>
          <ns3:TrackPointExtension>
            <ns3:hr>83</ns3:hr>
          </ns3:TrackPointExtension>
        </extensions>
      </trkpt>
      <trkpt lat="-25.14349912293255329132080078125" lon="-48.84586117230355739593505859375">
        <ele>1243.4000244140625</ele>
        <time>2026-04-20T18:54:48.000Z</time>
        <extensions>
          <ns3:TrackPointExtension>
            <ns3:hr>86</ns3:hr>
          </ns3:TrackPointExtension>
        </extensions>
      </trkpt>
      <trkpt lat="-25.14349929057061672210693359375" lon="-48.8458607532083988189697265625">
        <ele>1243.4000244140625</ele>
        <time>2026-04-20T18:54:52.000Z</time>
        <extensions>
          <ns3:TrackPointExtension>
            <ns3:hr>89</ns3:hr>
          </ns3:TrackPointExtension>
        </extensions>
      </trkpt>
      <trkpt lat="-25.14350012876093387603759765625" lon="-48.84585999883711338043212890625">
        <ele>1243.5999755859375</ele>
        <time>2026-04-20T18:55:00.000Z</time>
        <extensions>
          <ns3:TrackPointExtension>
            <ns3:hr>86</ns3:hr>
          </ns3:TrackPointExtension>
        </extensions>
      </trkpt>
      <trkpt lat="-25.143501050770282745361328125" lon="-48.84585765190422534942626953125">
        <ele>1243.5999755859375</ele>
        <time>2026-04-20T18:55:21.000Z</time>
        <extensions>
          <ns3:TrackPointExtension>
            <ns3:hr>89</ns3:hr>
          </ns3:TrackPointExtension>
        </extensions>
      </trkpt>
      <trkpt lat="-25.14350113458931446075439453125" lon="-48.8458567298948764801025390625">
        <ele>1243.800048828125</ele>
        <time>2026-04-20T18:55:31.000Z</time>
        <extensions>
          <ns3:TrackPointExtension>
            <ns3:hr>86</ns3:hr>
          </ns3:TrackPointExtension>
        </extensions>
      </trkpt>
      <trkpt lat="-25.14350130222737789154052734375" lon="-48.84585580788552761077880859375">
        <ele>1243.800048828125</ele>
        <time>2026-04-20T18:55:42.000Z</time>
        <extensions>
          <ns3:TrackPointExtension>
            <ns3:hr>89</ns3:hr>
          </ns3:TrackPointExtension>
        </extensions>
      </trkpt>
      <trkpt lat="-25.14350138604640960693359375" lon="-48.845855556428432464599609375">
        <ele>1243.800048828125</ele>
        <time>2026-04-20T18:55:44.000Z</time>
        <extensions>
          <ns3:TrackPointExtension>
            <ns3:hr>94</ns3:hr>
          </ns3:TrackPointExtension>
        </extensions>
      </trkpt>
      <trkpt lat="-25.14350138604640960693359375" lon="-48.84585547260940074920654296875">
        <ele>1243.800048828125</ele>
        <time>2026-04-20T18:55:45.000Z</time>
        <extensions>
          <ns3:TrackPointExtension>
            <ns3:hr>90</ns3:hr>
          </ns3:TrackPointExtension>
        </extensions>
      </trkpt>
      <trkpt lat="-25.14350163750350475311279296875" lon="-48.8458545506000518798828125">
        <ele>1244</ele>
        <time>2026-04-20T18:55:56.000Z</time>
        <extensions>
          <ns3:TrackPointExtension>
            <ns3:hr>93</ns3:hr>
          </ns3:TrackPointExtension>
        </extensions>
      </trkpt>
      <trkpt lat="-25.143501721322536468505859375" lon="-48.84585429914295673370361328125">
        <ele>1244</ele>
        <time>2026-04-20T18:55:59.000Z</time>
        <extensions>
          <ns3:TrackPointExtension>
            <ns3:hr>90</ns3:hr>
          </ns3:TrackPointExtension>
        </extensions>
      </trkpt>
      <trkpt lat="-25.143501721322536468505859375" lon="-48.84585379622876644134521484375">
        <ele>1244</ele>
        <time>2026-04-20T18:56:05.000Z</time>
        <extensions>
          <ns3:TrackPointExtension>
            <ns3:hr>87</ns3:hr>
          </ns3:TrackPointExtension>
        </extensions>
      </trkpt>
      <trkpt lat="-25.14350180514156818389892578125" lon="-48.84585144929587841033935546875">
        <ele>1244.4000244140625</ele>
        <time>2026-04-20T18:56:31.000Z</time>
        <extensions>
          <ns3:TrackPointExtension>
            <ns3:hr>84</ns3:hr>
          </ns3:TrackPointExtension>
        </extensions>
      </trkpt>
      <trkpt lat="-25.14350381679832935333251953125" lon="-48.84584709070622920989990234375">
        <ele>1244.800048828125</ele>
        <time>2026-04-20T18:57:23.000Z</time>
        <extensions>
          <ns3:TrackPointExtension>
            <ns3:hr>81</ns3:hr>
          </ns3:TrackPointExtension>
        </extensions>
      </trkpt>
      <trkpt lat="-25.143504403531551361083984375" lon="-48.8458456657826900482177734375">
        <ele>1245</ele>
        <time>2026-04-20T18:57:39.000Z</time>
        <extensions>
          <ns3:TrackPointExtension>
            <ns3:hr>84</ns3:hr>
          </ns3:TrackPointExtension>
        </extensions>
      </trkpt>
      <trkpt lat="-25.143505744636058807373046875" lon="-48.84584038518369197845458984375">
        <ele>1245.5999755859375</ele>
        <time>2026-04-20T18:58:39.000Z</time>
        <extensions>
          <ns3:TrackPointExtension>
            <ns3:hr>88</ns3:hr>
          </ns3:TrackPointExtension>
        </extensions>
      </trkpt>
      <trkpt lat="-25.14349258504807949066162109375" lon="-48.8457900099456310272216796875">
        <ele>1245.800048828125</ele>
        <time>2026-04-20T18:58:53.000Z</time>
        <extensions>
          <ns3:TrackPointExtension>
            <ns3:hr>91</ns3:hr>
          </ns3:TrackPointExtension>
        </extensions>
      </trkpt>
      <trkpt lat="-25.14348261058330535888671875" lon="-48.84573678486049175262451171875">
        <ele>1246.800048828125</ele>
        <time>2026-04-20T18:58:56.000Z</time>
        <extensions>
          <ns3:TrackPointExtension>
            <ns3:hr>89</ns3:hr>
          </ns3:TrackPointExtension>
        </extensions>
      </trkpt>
      <trkpt lat="-25.14345536939799785614013671875" lon="-48.8456676341593265533447265625">
        <ele>1254.800048828125</ele>
        <time>2026-04-20T18:59:02.000Z</time>
        <extensions>
          <ns3:TrackPointExtension>
            <ns3:hr>90</ns3:hr>
          </ns3:TrackPointExtension>
        </extensions>
      </trkpt>
      <trkpt lat="-25.14347112737596035003662109375" lon="-48.84564290754497051239013671875">
        <ele>1262.5999755859375</ele>
        <time>2026-04-20T18:59:07.000Z</time>
        <extensions>
          <ns3:TrackPointExtension>
            <ns3:hr>87</ns3:hr>
          </ns3:TrackPointExtension>
        </extensions>
      </trkpt>
      <trkpt lat="-25.143470205366611480712890625" lon="-48.8456414826214313507080078125">
        <ele>1264</ele>
        <time>2026-04-20T18:59:09.000Z</time>
        <extensions>
          <ns3:TrackPointExtension>
            <ns3:hr>86</ns3:hr>
          </ns3:TrackPointExtension>
        </extensions>
      </trkpt>
      <trkpt lat="-25.143475569784641265869140625" lon="-48.8456475175917148590087890625">
        <ele>1265.800048828125</ele>
        <time>2026-04-20T18:59:14.000Z</time>
        <extensions>
          <ns3:TrackPointExtension>
            <ns3:hr>85</ns3:hr>
          </ns3:TrackPointExtension>
        </extensions>
      </trkpt>
      <trkpt lat="-25.14348504133522510528564453125" lon="-48.84565698914229869842529296875">
        <ele>1267</ele>
        <time>2026-04-20T18:59:19.000Z</time>
        <extensions>
          <ns3:TrackPointExtension>
            <ns3:hr>82</ns3:hr>
          </ns3:TrackPointExtension>
        </extensions>
      </trkpt>
      <trkpt lat="-25.1434914954006671905517578125" lon="-48.84564927779138088226318359375">
        <ele>1267.4000244140625</ele>
        <time>2026-04-20T18:59:22.000Z</time>
        <extensions>
          <ns3:TrackPointExtension>
            <ns3:hr>83</ns3:hr>
          </ns3:TrackPointExtension>
        </extensions>
      </trkpt>
      <trkpt lat="-25.143502391874790191650390625" lon="-48.845625557005405426025390625">
        <ele>1269</ele>
        <time>2026-04-20T18:59:28.000Z</time>
        <extensions>
          <ns3:TrackPointExtension>
            <ns3:hr>86</ns3:hr>
          </ns3:TrackPointExtension>
        </extensions>
      </trkpt>
      <trkpt lat="-25.14350272715091705322265625" lon="-48.8456051051616668701171875">
        <ele>1270.4000244140625</ele>
        <time>2026-04-20T18:59:32.000Z</time>
        <extensions>
          <ns3:TrackPointExtension>
            <ns3:hr>84</ns3:hr>
          </ns3:TrackPointExtension>
        </extensions>
      </trkpt>
      <trkpt lat="-25.143518485128879547119140625" lon="-48.84559446014463901519775390625">
        <ele>1271.199951171875</ele>
        <time>2026-04-20T18:59:38.000Z</time>
        <extensions>
          <ns3:TrackPointExtension>
            <ns3:hr>84</ns3:hr>
          </ns3:TrackPointExtension>
        </extensions>
      </trkpt>
      <trkpt lat="-25.143514461815357208251953125" lon="-48.84560108184814453125">
        <ele>1271.800048828125</ele>
        <time>2026-04-20T18:59:44.000Z</time>
        <extensions>
          <ns3:TrackPointExtension>
            <ns3:hr>87</ns3:hr>
          </ns3:TrackPointExtension>
        </extensions>
      </trkpt>
      <trkpt lat="-25.1435146294534206390380859375" lon="-48.845600746572017669677734375">
        <ele>1272</ele>
        <time>2026-04-20T18:59:45.000Z</time>
        <extensions>
          <ns3:TrackPointExtension>
            <ns3:hr>86</ns3:hr>
          </ns3:TrackPointExtension>
        </extensions>
      </trkpt>
      <trkpt lat="-25.14351471327245235443115234375" lon="-48.8456015847623348236083984375">
        <ele>1272.4000244140625</ele>
        <time>2026-04-20T19:00:12.000Z</time>
        <extensions>
          <ns3:TrackPointExtension>
            <ns3:hr>89</ns3:hr>
          </ns3:TrackPointExtension>
        </extensions>
      </trkpt>
      <trkpt lat="-25.14351471327245235443115234375" lon="-48.8456015847623348236083984375">
        <ele>1272.4000244140625</ele>
        <time>2026-04-20T19:00:13.000Z</time>
        <extensions>
          <ns3:TrackPointExtension>
            <ns3:hr>86</ns3:hr>
          </ns3:TrackPointExtension>
        </extensions>
      </trkpt>
      <trkpt lat="-25.143531896173954010009765625" lon="-48.84558155201375484466552734375">
        <ele>1274.199951171875</ele>
        <time>2026-04-20T19:00:53.000Z</time>
        <extensions>
          <ns3:TrackPointExtension>
            <ns3:hr>83</ns3:hr>
          </ns3:TrackPointExtension>
        </extensions>
      </trkpt>
      <trkpt lat="-25.1435323990881443023681640625" lon="-48.84558138437569141387939453125">
        <ele>1274.199951171875</ele>
        <time>2026-04-20T19:00:54.000Z</time>
        <extensions>
          <ns3:TrackPointExtension>
            <ns3:hr>86</ns3:hr>
          </ns3:TrackPointExtension>
        </extensions>
      </trkpt>
      <trkpt lat="-25.14353415928781032562255859375" lon="-48.84557099081575870513916015625">
        <ele>1275</ele>
        <time>2026-04-20T19:01:03.000Z</time>
        <extensions>
          <ns3:TrackPointExtension>
            <ns3:hr>83</ns3:hr>
          </ns3:TrackPointExtension>
        </extensions>
      </trkpt>
      <trkpt lat="-25.14353533275425434112548828125" lon="-48.845563866198062896728515625">
        <ele>1275.4000244140625</ele>
        <time>2026-04-20T19:01:05.000Z</time>
        <extensions>
          <ns3:TrackPointExtension>
            <ns3:hr>80</ns3:hr>
          </ns3:TrackPointExtension>
        </extensions>
      </trkpt>
      <trkpt lat="-25.1435488276183605194091796875" lon="-48.84554869495332241058349609375">
        <ele>1276.5999755859375</ele>
        <time>2026-04-20T19:01:18.000Z</time>
        <extensions>
          <ns3:TrackPointExtension>
            <ns3:hr>77</ns3:hr>
          </ns3:TrackPointExtension>
        </extensions>
      </trkpt>
      <trkpt lat="-25.143550001084804534912109375" lon="-48.84554785676300525665283203125">
        <ele>1276.800048828125</ele>
        <time>2026-04-20T19:01:22.000Z</time>
        <extensions>
          <ns3:TrackPointExtension>
            <ns3:hr>80</ns3:hr>
          </ns3:TrackPointExtension>
        </extensions>
      </trkpt>
      <trkpt lat="-25.1435910724103450775146484375" lon="-48.84552991949021816253662109375">
        <ele>1276.800048828125</ele>
        <time>2026-04-20T19:01:36.000Z</time>
        <extensions>
          <ns3:TrackPointExtension>
            <ns3:hr>83</ns3:hr>
          </ns3:TrackPointExtension>
        </extensions>
      </trkpt>
      <trkpt lat="-25.143667347729206085205078125" lon="-48.8454108126461505889892578125">
        <ele>1281.4000244140625</ele>
        <time>2026-04-20T19:02:23.000Z</time>
        <extensions>
          <ns3:TrackPointExtension>
            <ns3:hr>80</ns3:hr>
          </ns3:TrackPointExtension>
        </extensions>
      </trkpt>
      <trkpt lat="-25.1436685211956501007080078125" lon="-48.84540637023746967315673828125">
        <ele>1281.5999755859375</ele>
        <time>2026-04-20T19:02:26.000Z</time>
        <extensions>
          <ns3:TrackPointExtension>
            <ns3:hr>83</ns3:hr>
          </ns3:TrackPointExtension>
        </extensions>
      </trkpt>
      <trkpt lat="-25.1436691917479038238525390625" lon="-48.84540259838104248046875">
        <ele>1282.199951171875</ele>
        <time>2026-04-20T19:02:31.000Z</time>
        <extensions>
          <ns3:TrackPointExtension>
            <ns3:hr>80</ns3:hr>
          </ns3:TrackPointExtension>
        </extensions>
      </trkpt>
      <trkpt lat="-25.1436678506433963775634765625" lon="-48.8454007543623447418212890625">
        <ele>1282.4000244140625</ele>
        <time>2026-04-20T19:02:34.000Z</time>
        <extensions>
          <ns3:TrackPointExtension>
            <ns3:hr>83</ns3:hr>
          </ns3:TrackPointExtension>
        </extensions>
      </trkpt>
      <trkpt lat="-25.14365921728312969207763671875" lon="-48.8453863374888896942138671875">
        <ele>1284.199951171875</ele>
        <time>2026-04-20T19:02:55.000Z</time>
        <extensions>
          <ns3:TrackPointExtension>
            <ns3:hr>80</ns3:hr>
          </ns3:TrackPointExtension>
        </extensions>
      </trkpt>
      <trkpt lat="-25.1436589658260345458984375" lon="-48.845386505126953125">
        <ele>1284.4000244140625</ele>
        <time>2026-04-20T19:02:58.000Z</time>
        <extensions>
          <ns3:TrackPointExtension>
            <ns3:hr>83</ns3:hr>
          </ns3:TrackPointExtension>
        </extensions>
      </trkpt>
      <trkpt lat="-25.14365888200700283050537109375" lon="-48.8453866727650165557861328125">
        <ele>1284.4000244140625</ele>
        <time>2026-04-20T19:03:00.000Z</time>
        <extensions>
          <ns3:TrackPointExtension>
            <ns3:hr>90</ns3:hr>
          </ns3:TrackPointExtension>
        </extensions>
      </trkpt>
      <trkpt lat="-25.1436587981879711151123046875" lon="-48.84538675658404827117919921875">
        <ele>1284.4000244140625</ele>
        <time>2026-04-20T19:03:01.000Z</time>
        <extensions>
          <ns3:TrackPointExtension>
            <ns3:hr>87</ns3:hr>
          </ns3:TrackPointExtension>
        </extensions>
      </trkpt>
      <trkpt lat="-25.14365871436893939971923828125" lon="-48.845386840403079986572265625">
        <ele>1284.4000244140625</ele>
        <time>2026-04-20T19:03:03.000Z</time>
        <extensions>
          <ns3:TrackPointExtension>
            <ns3:hr>91</ns3:hr>
          </ns3:TrackPointExtension>
        </extensions>
      </trkpt>
      <trkpt lat="-25.14365871436893939971923828125" lon="-48.84538692422211170196533203125">
        <ele>1284.4000244140625</ele>
        <time>2026-04-20T19:03:05.000Z</time>
        <extensions>
          <ns3:TrackPointExtension>
            <ns3:hr>94</ns3:hr>
          </ns3:TrackPointExtension>
        </extensions>
      </trkpt>
      <trkpt lat="-25.1436587981879711151123046875" lon="-48.845386840403079986572265625">
        <ele>1284.4000244140625</ele>
        <time>2026-04-20T19:03:06.000Z</time>
        <extensions>
          <ns3:TrackPointExtension>
            <ns3:hr>99</ns3:hr>
          </ns3:TrackPointExtension>
        </extensions>
      </trkpt>
      <trkpt lat="-25.1436587981879711151123046875" lon="-48.845386840403079986572265625">
        <ele>1284.5999755859375</ele>
        <time>2026-04-20T19:03:07.000Z</time>
        <extensions>
          <ns3:TrackPointExtension>
            <ns3:hr>102</ns3:hr>
          </ns3:TrackPointExtension>
        </extensions>
      </trkpt>
      <trkpt lat="-25.14365871436893939971923828125" lon="-48.84538675658404827117919921875">
        <ele>1284.5999755859375</ele>
        <time>2026-04-20T19:03:09.000Z</time>
        <extensions>
          <ns3:TrackPointExtension>
            <ns3:hr>105</ns3:hr>
          </ns3:TrackPointExtension>
        </extensions>
      </trkpt>
      <trkpt lat="-25.14365963637828826904296875" lon="-48.8453853316605091094970703125">
        <ele>1284.199951171875</ele>
        <time>2026-04-20T19:03:38.000Z</time>
        <extensions>
          <ns3:TrackPointExtension>
            <ns3:hr>102</ns3:hr>
          </ns3:TrackPointExtension>
        </extensions>
      </trkpt>
      <trkpt lat="-25.14365938492119312286376953125" lon="-48.84538449347019195556640625">
        <ele>1284.199951171875</ele>
        <time>2026-04-20T19:03:46.000Z</time>
        <extensions>
          <ns3:TrackPointExtension>
            <ns3:hr>99</ns3:hr>
          </ns3:TrackPointExtension>
        </extensions>
      </trkpt>
      <trkpt lat="-25.1436589658260345458984375" lon="-48.84538306854665279388427734375">
        <ele>1284</ele>
        <time>2026-04-20T19:04:06.000Z</time>
        <extensions>
          <ns3:TrackPointExtension>
            <ns3:hr>96</ns3:hr>
          </ns3:TrackPointExtension>
        </extensions>
      </trkpt>
      <trkpt lat="-25.14365904964506626129150390625" lon="-48.8453826494514942169189453125">
        <ele>1284</ele>
        <time>2026-04-20T19:04:10.000Z</time>
        <extensions>
          <ns3:TrackPointExtension>
            <ns3:hr>93</ns3:hr>
          </ns3:TrackPointExtension>
        </extensions>
      </trkpt>
      <trkpt lat="-25.1436455547809600830078125" lon="-48.8453073799610137939453125">
        <ele>1283.800048828125</ele>
        <time>2026-04-20T19:04:43.000Z</time>
        <extensions>
          <ns3:TrackPointExtension>
            <ns3:hr>93</ns3:hr>
          </ns3:TrackPointExtension>
        </extensions>
      </trkpt>
      <trkpt lat="-25.143656618893146514892578125" lon="-48.8452502153813838958740234375">
        <ele>1285</ele>
        <time>2026-04-20T19:04:50.000Z</time>
        <extensions>
          <ns3:TrackPointExtension>
            <ns3:hr>93</ns3:hr>
          </ns3:TrackPointExtension>
        </extensions>
      </trkpt>
      <trkpt lat="-25.14365351758897304534912109375" lon="-48.84524946101009845733642578125">
        <ele>1285.5999755859375</ele>
        <time>2026-04-20T19:04:53.000Z</time>
        <extensions>
          <ns3:TrackPointExtension>
            <ns3:hr>97</ns3:hr>
          </ns3:TrackPointExtension>
        </extensions>
      </trkpt>
      <trkpt lat="-25.14365351758897304534912109375" lon="-48.84524904191493988037109375">
        <ele>1285.5999755859375</ele>
        <time>2026-04-20T19:04:54.000Z</time>
        <extensions>
          <ns3:TrackPointExtension>
            <ns3:hr>93</ns3:hr>
          </ns3:TrackPointExtension>
        </extensions>
      </trkpt>
      <trkpt lat="-25.14365418814122676849365234375" lon="-48.84524895809590816497802734375">
        <ele>1286.4000244140625</ele>
        <time>2026-04-20T19:04:59.000Z</time>
        <extensions>
          <ns3:TrackPointExtension>
            <ns3:hr>95</ns3:hr>
          </ns3:TrackPointExtension>
        </extensions>
      </trkpt>
      <trkpt lat="-25.14366776682436466217041015625" lon="-48.84522750042378902435302734375">
        <ele>1288.4000244140625</ele>
        <time>2026-04-20T19:05:26.000Z</time>
        <extensions>
          <ns3:TrackPointExtension>
            <ns3:hr>98</ns3:hr>
          </ns3:TrackPointExtension>
        </extensions>
      </trkpt>
      <trkpt lat="-25.1436785794794559478759765625" lon="-48.845225237309932708740234375">
        <ele>1289.5999755859375</ele>
        <time>2026-04-20T19:05:30.000Z</time>
        <extensions>
          <ns3:TrackPointExtension>
            <ns3:hr>95</ns3:hr>
          </ns3:TrackPointExtension>
        </extensions>
      </trkpt>
      <trkpt lat="-25.14367966912686824798583984375" lon="-48.8452005945146083831787109375">
        <ele>1294.199951171875</ele>
        <time>2026-04-20T19:05:44.000Z</time>
        <extensions>
          <ns3:TrackPointExtension>
            <ns3:hr>98</ns3:hr>
          </ns3:TrackPointExtension>
        </extensions>
      </trkpt>
      <trkpt lat="-25.14367816038429737091064453125" lon="-48.84519866667687892913818359375">
        <ele>1295</ele>
        <time>2026-04-20T19:05:46.000Z</time>
        <extensions>
          <ns3:TrackPointExtension>
            <ns3:hr>95</ns3:hr>
          </ns3:TrackPointExtension>
        </extensions>
      </trkpt>
      <trkpt lat="-25.14366944320499897003173828125" lon="-48.8451878540217876434326171875">
        <ele>1297.5999755859375</ele>
        <time>2026-04-20T19:06:00.000Z</time>
        <extensions>
          <ns3:TrackPointExtension>
            <ns3:hr>92</ns3:hr>
          </ns3:TrackPointExtension>
        </extensions>
      </trkpt>
      <trkpt lat="-25.14366944320499897003173828125" lon="-48.84518709965050220489501953125">
        <ele>1297.5999755859375</ele>
        <time>2026-04-20T19:06:01.000Z</time>
        <extensions>
          <ns3:TrackPointExtension>
            <ns3:hr>95</ns3:hr>
          </ns3:TrackPointExtension>
        </extensions>
      </trkpt>
      <trkpt lat="-25.1436718739569187164306640625" lon="-48.84518240578472614288330078125">
        <ele>1298</ele>
        <time>2026-04-20T19:06:14.000Z</time>
        <extensions>
          <ns3:TrackPointExtension>
            <ns3:hr>92</ns3:hr>
          </ns3:TrackPointExtension>
        </extensions>
      </trkpt>
      <trkpt lat="-25.14367229305207729339599609375" lon="-48.84518223814666271209716796875">
        <ele>1298.199951171875</ele>
        <time>2026-04-20T19:06:15.000Z</time>
        <extensions>
          <ns3:TrackPointExtension>
            <ns3:hr>95</ns3:hr>
          </ns3:TrackPointExtension>
        </extensions>
      </trkpt>
      <trkpt lat="-25.1436762325465679168701171875" lon="-48.8451814837753772735595703125">
        <ele>1298.800048828125</ele>
        <time>2026-04-20T19:06:30.000Z</time>
        <extensions>
          <ns3:TrackPointExtension>
            <ns3:hr>98</ns3:hr>
          </ns3:TrackPointExtension>
        </extensions>
      </trkpt>
      <trkpt lat="-25.14367816038429737091064453125" lon="-48.84517804719507694244384765625">
        <ele>1298.800048828125</ele>
        <time>2026-04-20T19:06:35.000Z</time>
        <extensions>
          <ns3:TrackPointExtension>
            <ns3:hr>94</ns3:hr>
          </ns3:TrackPointExtension>
        </extensions>
      </trkpt>
      <trkpt lat="-25.14367849566042423248291015625" lon="-48.845155499875545501708984375">
        <ele>1299.4000244140625</ele>
        <time>2026-04-20T19:06:45.000Z</time>
        <extensions>
          <ns3:TrackPointExtension>
            <ns3:hr>97</ns3:hr>
          </ns3:TrackPointExtension>
        </extensions>
      </trkpt>
      <trkpt lat="-25.14368285425007343292236328125" lon="-48.84515122510492801666259765625">
        <ele>1300.199951171875</ele>
        <time>2026-04-20T19:06:51.000Z</time>
        <extensions>
          <ns3:TrackPointExtension>
            <ns3:hr>94</ns3:hr>
          </ns3:TrackPointExtension>
        </extensions>
      </trkpt>
      <trkpt lat="-25.14368369244039058685302734375" lon="-48.8451506383717060089111328125">
        <ele>1300.199951171875</ele>
        <time>2026-04-20T19:06:52.000Z</time>
        <extensions>
          <ns3:TrackPointExtension>
            <ns3:hr>97</ns3:hr>
          </ns3:TrackPointExtension>
        </extensions>
      </trkpt>
      <trkpt lat="-25.14368511736392974853515625" lon="-48.84515005163848400115966796875">
        <ele>1300.5999755859375</ele>
        <time>2026-04-20T19:06:57.000Z</time>
        <extensions>
          <ns3:TrackPointExtension>
            <ns3:hr>94</ns3:hr>
          </ns3:TrackPointExtension>
        </extensions>
      </trkpt>
      <trkpt lat="-25.1436852850019931793212890625" lon="-48.8451499678194522857666015625">
        <ele>1301.4000244140625</ele>
        <time>2026-04-20T19:07:03.000Z</time>
        <extensions>
          <ns3:TrackPointExtension>
            <ns3:hr>97</ns3:hr>
          </ns3:TrackPointExtension>
        </extensions>
      </trkpt>
      <trkpt lat="-25.1436852850019931793212890625" lon="-48.845150135457515716552734375">
        <ele>1301.5999755859375</ele>
        <time>2026-04-20T19:07:05.000Z</time>
        <extensions>
          <ns3:TrackPointExtension>
            <ns3:hr>100</ns3:hr>
          </ns3:TrackPointExtension>
        </extensions>
      </trkpt>
      <trkpt lat="-25.14368520118296146392822265625" lon="-48.8451513089239597320556640625">
        <ele>1301.800048828125</ele>
        <time>2026-04-20T19:07:13.000Z</time>
        <extensions>
          <ns3:TrackPointExtension>
            <ns3:hr>103</ns3:hr>
          </ns3:TrackPointExtension>
        </extensions>
      </trkpt>
      <trkpt lat="-25.1436849497258663177490234375" lon="-48.84515290148556232452392578125">
        <ele>1301.800048828125</ele>
        <time>2026-04-20T19:07:27.000Z</time>
        <extensions>
          <ns3:TrackPointExtension>
            <ns3:hr>100</ns3:hr>
          </ns3:TrackPointExtension>
        </extensions>
      </trkpt>
      <trkpt lat="-25.1437013782560825347900390625" lon="-48.84510847739875316619873046875">
        <ele>1301.4000244140625</ele>
        <time>2026-04-20T19:08:24.000Z</time>
        <extensions>
          <ns3:TrackPointExtension>
            <ns3:hr>96</ns3:hr>
          </ns3:TrackPointExtension>
        </extensions>
      </trkpt>
      <trkpt lat="-25.143701545894145965576171875" lon="-48.84510847739875316619873046875">
        <ele>1301.4000244140625</ele>
        <time>2026-04-20T19:08:27.000Z</time>
        <extensions>
          <ns3:TrackPointExtension>
            <ns3:hr>99</ns3:hr>
          </ns3:TrackPointExtension>
        </extensions>
      </trkpt>
      <trkpt lat="-25.1437018811702728271484375" lon="-48.84510780684649944305419921875">
        <ele>1301.4000244140625</ele>
        <time>2026-04-20T19:08:36.000Z</time>
        <extensions>
          <ns3:TrackPointExtension>
            <ns3:hr>95</ns3:hr>
          </ns3:TrackPointExtension>
        </extensions>
      </trkpt>
      <trkpt lat="-25.14370196498930454254150390625" lon="-48.845107220113277435302734375">
        <ele>1301.4000244140625</ele>
        <time>2026-04-20T19:08:44.000Z</time>
        <extensions>
          <ns3:TrackPointExtension>
            <ns3:hr>99</ns3:hr>
          </ns3:TrackPointExtension>
        </extensions>
      </trkpt>
      <trkpt lat="-25.14370213262736797332763671875" lon="-48.84510663338005542755126953125">
        <ele>1301.4000244140625</ele>
        <time>2026-04-20T19:08:50.000Z</time>
        <extensions>
          <ns3:TrackPointExtension>
            <ns3:hr>96</ns3:hr>
          </ns3:TrackPointExtension>
        </extensions>
      </trkpt>
      <trkpt lat="-25.14370347373187541961669921875" lon="-48.84510277770459651947021484375">
        <ele>1301.5999755859375</ele>
        <time>2026-04-20T19:09:24.000Z</time>
        <extensions>
          <ns3:TrackPointExtension>
            <ns3:hr>100</ns3:hr>
          </ns3:TrackPointExtension>
        </extensions>
      </trkpt>
      <trkpt lat="-25.1437040604650974273681640625" lon="-48.8451020233333110809326171875">
        <ele>1301.5999755859375</ele>
        <time>2026-04-20T19:09:29.000Z</time>
        <extensions>
          <ns3:TrackPointExtension>
            <ns3:hr>104</ns3:hr>
          </ns3:TrackPointExtension>
        </extensions>
      </trkpt>
      <trkpt lat="-25.1437054015696048736572265625" lon="-48.8450993411242961883544921875">
        <ele>1301.5999755859375</ele>
        <time>2026-04-20T19:09:44.000Z</time>
        <extensions>
          <ns3:TrackPointExtension>
            <ns3:hr>107</ns3:hr>
          </ns3:TrackPointExtension>
        </extensions>
      </trkpt>
      <trkpt lat="-25.1437057368457317352294921875" lon="-48.845098502933979034423828125">
        <ele>1301.5999755859375</ele>
        <time>2026-04-20T19:09:50.000Z</time>
        <extensions>
          <ns3:TrackPointExtension>
            <ns3:hr>110</ns3:hr>
          </ns3:TrackPointExtension>
        </extensions>
      </trkpt>
      <trkpt lat="-25.1437064073979854583740234375" lon="-48.8450966589152812957763671875">
        <ele>1301.5999755859375</ele>
        <time>2026-04-20T19:10:00.000Z</time>
        <extensions>
          <ns3:TrackPointExtension>
            <ns3:hr>113</ns3:hr>
          </ns3:TrackPointExtension>
        </extensions>
      </trkpt>
      <trkpt lat="-25.14370732940733432769775390625" lon="-48.84509389288723468780517578125">
        <ele>1301.800048828125</ele>
        <time>2026-04-20T19:10:15.000Z</time>
        <extensions>
          <ns3:TrackPointExtension>
            <ns3:hr>110</ns3:hr>
          </ns3:TrackPointExtension>
        </extensions>
      </trkpt>
      <trkpt lat="-25.14370766468346118927001953125" lon="-48.845093138515949249267578125">
        <ele>1301.800048828125</ele>
        <time>2026-04-20T19:10:20.000Z</time>
        <extensions>
          <ns3:TrackPointExtension>
            <ns3:hr>113</ns3:hr>
          </ns3:TrackPointExtension>
        </extensions>
      </trkpt>
      <trkpt lat="-25.14370816759765148162841796875" lon="-48.84509188123047351837158203125">
        <ele>1301.800048828125</ele>
        <time>2026-04-20T19:10:27.000Z</time>
        <extensions>
          <ns3:TrackPointExtension>
            <ns3:hr>110</ns3:hr>
          </ns3:TrackPointExtension>
        </extensions>
      </trkpt>
      <trkpt lat="-25.14370934106409549713134765625" lon="-48.84508802555501461029052734375">
        <ele>1302</ele>
        <time>2026-04-20T19:10:45.000Z</time>
        <extensions>
          <ns3:TrackPointExtension>
            <ns3:hr>107</ns3:hr>
          </ns3:TrackPointExtension>
        </extensions>
      </trkpt>
      <trkpt lat="-25.1437469758093357086181640625" lon="-48.84498006664216518402099609375">
        <ele>1303</ele>
        <time>2026-04-20T19:11:02.000Z</time>
        <extensions>
          <ns3:TrackPointExtension>
            <ns3:hr>110</ns3:hr>
          </ns3:TrackPointExtension>
        </extensions>
      </trkpt>
      <trkpt lat="-25.14376424252986907958984375" lon="-48.8449291884899139404296875">
        <ele>1306</ele>
        <time>2026-04-20T19:11:05.000Z</time>
        <extensions>
          <ns3:TrackPointExtension>
            <ns3:hr>107</ns3:hr>
          </ns3:TrackPointExtension>
        </extensions>
      </trkpt>
      <trkpt lat="-25.1437689363956451416015625" lon="-48.84491183795034885406494140625">
        <ele>1312.4000244140625</ele>
        <time>2026-04-20T19:11:10.000Z</time>
        <extensions>
          <ns3:TrackPointExtension>
            <ns3:hr>107</ns3:hr>
          </ns3:TrackPointExtension>
        </extensions>
      </trkpt>
      <trkpt lat="-25.1437689363956451416015625" lon="-48.84491183795034885406494140625">
        <ele>1315.4000244140625</ele>
        <time>2026-04-20T19:11:15.000Z</time>
        <extensions>
          <ns3:TrackPointExtension>
            <ns3:hr>104</ns3:hr>
          </ns3:TrackPointExtension>
        </extensions>
      </trkpt>
      <trkpt lat="-25.1437689363956451416015625" lon="-48.84491183795034885406494140625">
        <ele>1316</ele>
        <time>2026-04-20T19:11:20.000Z</time>
        <extensions>
          <ns3:TrackPointExtension>
            <ns3:hr>100</ns3:hr>
          </ns3:TrackPointExtension>
        </extensions>
      </trkpt>
      <trkpt lat="-25.14377094805240631103515625" lon="-48.8449102453887462615966796875">
        <ele>1316.199951171875</ele>
        <time>2026-04-20T19:11:26.000Z</time>
        <extensions>
          <ns3:TrackPointExtension>
            <ns3:hr>103</ns3:hr>
          </ns3:TrackPointExtension>
        </extensions>
      </trkpt>
      <trkpt lat="-25.143772624433040618896484375" lon="-48.8449099101126194000244140625">
        <ele>1316.199951171875</ele>
        <time>2026-04-20T19:11:28.000Z</time>
        <extensions>
          <ns3:TrackPointExtension>
            <ns3:hr>100</ns3:hr>
          </ns3:TrackPointExtension>
        </extensions>
      </trkpt>
      <trkpt lat="-25.14377756975591182708740234375" lon="-48.8449008576571941375732421875">
        <ele>1316.4000244140625</ele>
        <time>2026-04-20T19:11:32.000Z</time>
        <extensions>
          <ns3:TrackPointExtension>
            <ns3:hr>97</ns3:hr>
          </ns3:TrackPointExtension>
        </extensions>
      </trkpt>
      <trkpt lat="-25.1438103429973125457763671875" lon="-48.84486674331128597259521484375">
        <ele>1319.199951171875</ele>
        <time>2026-04-20T19:12:03.000Z</time>
        <extensions>
          <ns3:TrackPointExtension>
            <ns3:hr>93</ns3:hr>
          </ns3:TrackPointExtension>
        </extensions>
      </trkpt>
      <trkpt lat="-25.1438183896243572235107421875" lon="-48.84484461508691310882568359375">
        <ele>1317</ele>
        <time>2026-04-20T19:12:25.000Z</time>
        <extensions>
          <ns3:TrackPointExtension>
            <ns3:hr>96</ns3:hr>
          </ns3:TrackPointExtension>
        </extensions>
      </trkpt>
      <trkpt lat="-25.1438183896243572235107421875" lon="-48.8448441959917545318603515625">
        <ele>1317</ele>
        <time>2026-04-20T19:12:28.000Z</time>
        <extensions>
          <ns3:TrackPointExtension>
            <ns3:hr>100</ns3:hr>
          </ns3:TrackPointExtension>
        </extensions>
      </trkpt>
      <trkpt lat="-25.14381788671016693115234375" lon="-48.8448433578014373779296875">
        <ele>1317</ele>
        <time>2026-04-20T19:12:35.000Z</time>
        <extensions>
          <ns3:TrackPointExtension>
            <ns3:hr>103</ns3:hr>
          </ns3:TrackPointExtension>
        </extensions>
      </trkpt>
      <trkpt lat="-25.1438170485198497772216796875" lon="-48.84484310634434223175048828125">
        <ele>1317</ele>
        <time>2026-04-20T19:12:37.000Z</time>
        <extensions>
          <ns3:TrackPointExtension>
            <ns3:hr>106</ns3:hr>
          </ns3:TrackPointExtension>
        </extensions>
      </trkpt>
      <trkpt lat="-25.143815539777278900146484375" lon="-48.84484293870627880096435546875">
        <ele>1317</ele>
        <time>2026-04-20T19:12:39.000Z</time>
        <extensions>
          <ns3:TrackPointExtension>
            <ns3:hr>109</ns3:hr>
          </ns3:TrackPointExtension>
        </extensions>
      </trkpt>
      <trkpt lat="-25.143809504806995391845703125" lon="-48.8448227383196353912353515625">
        <ele>1318.199951171875</ele>
        <time>2026-04-20T19:12:53.000Z</time>
        <extensions>
          <ns3:TrackPointExtension>
            <ns3:hr>106</ns3:hr>
          </ns3:TrackPointExtension>
        </extensions>
      </trkpt>
      <trkpt lat="-25.14382719062268733978271484375" lon="-48.844784013926982879638671875">
        <ele>1321</ele>
        <time>2026-04-20T19:13:06.000Z</time>
        <extensions>
          <ns3:TrackPointExtension>
            <ns3:hr>102</ns3:hr>
          </ns3:TrackPointExtension>
        </extensions>
      </trkpt>
      <trkpt lat="-25.143829286098480224609375" lon="-48.84478233754634857177734375">
        <ele>1322</ele>
        <time>2026-04-20T19:13:09.000Z</time>
        <extensions>
          <ns3:TrackPointExtension>
            <ns3:hr>99</ns3:hr>
          </ns3:TrackPointExtension>
        </extensions>
      </trkpt>
      <trkpt lat="-25.1438408531248569488525390625" lon="-48.8447707705199718475341796875">
        <ele>1325.199951171875</ele>
        <time>2026-04-20T19:13:26.000Z</time>
        <extensions>
          <ns3:TrackPointExtension>
            <ns3:hr>102</ns3:hr>
          </ns3:TrackPointExtension>
        </extensions>
      </trkpt>
      <trkpt lat="-25.1438413560390472412109375" lon="-48.844769932329654693603515625">
        <ele>1325.5999755859375</ele>
        <time>2026-04-20T19:13:30.000Z</time>
        <extensions>
          <ns3:TrackPointExtension>
            <ns3:hr>99</ns3:hr>
          </ns3:TrackPointExtension>
        </extensions>
      </trkpt>
      <trkpt lat="-25.14384244568645954132080078125" lon="-48.84476884268224239349365234375">
        <ele>1326</ele>
        <time>2026-04-20T19:13:34.000Z</time>
        <extensions>
          <ns3:TrackPointExtension>
            <ns3:hr>96</ns3:hr>
          </ns3:TrackPointExtension>
        </extensions>
      </trkpt>
      <trkpt lat="-25.143846385180950164794921875" lon="-48.844761885702610015869140625">
        <ele>1327</ele>
        <time>2026-04-20T19:13:41.000Z</time>
        <extensions>
          <ns3:TrackPointExtension>
            <ns3:hr>93</ns3:hr>
          </ns3:TrackPointExtension>
        </extensions>
      </trkpt>
      <trkpt lat="-25.14385116286575794219970703125" lon="-48.84475844912230968475341796875">
        <ele>1327.4000244140625</ele>
        <time>2026-04-20T19:13:45.000Z</time>
        <extensions>
          <ns3:TrackPointExtension>
            <ns3:hr>90</ns3:hr>
          </ns3:TrackPointExtension>
        </extensions>
      </trkpt>
      <trkpt lat="-25.14385954476892948150634765625" lon="-48.84475694037973880767822265625">
        <ele>1328.4000244140625</ele>
        <time>2026-04-20T19:13:52.000Z</time>
        <extensions>
          <ns3:TrackPointExtension>
            <ns3:hr>86</ns3:hr>
          </ns3:TrackPointExtension>
        </extensions>
      </trkpt>
      <trkpt lat="-25.14386926777660846710205078125" lon="-48.84475660510361194610595703125">
        <ele>1328.800048828125</ele>
        <time>2026-04-20T19:13:59.000Z</time>
        <extensions>
          <ns3:TrackPointExtension>
            <ns3:hr>89</ns3:hr>
          </ns3:TrackPointExtension>
        </extensions>
      </trkpt>
      <trkpt lat="-25.14387211762368679046630859375" lon="-48.84475660510361194610595703125">
        <ele>1329.199951171875</ele>
        <time>2026-04-20T19:14:04.000Z</time>
        <extensions>
          <ns3:TrackPointExtension>
            <ns3:hr>86</ns3:hr>
          </ns3:TrackPointExtension>
        </extensions>
      </trkpt>
      <trkpt lat="-25.143878571689128875732421875" lon="-48.84475509636104106903076171875">
        <ele>1329.800048828125</ele>
        <time>2026-04-20T19:14:15.000Z</time>
        <extensions>
          <ns3:TrackPointExtension>
            <ns3:hr>89</ns3:hr>
          </ns3:TrackPointExtension>
        </extensions>
      </trkpt>
      <trkpt lat="-25.14388351701200008392333984375" lon="-48.84475358761847019195556640625">
        <ele>1330.4000244140625</ele>
        <time>2026-04-20T19:14:23.000Z</time>
        <extensions>
          <ns3:TrackPointExtension>
            <ns3:hr>92</ns3:hr>
          </ns3:TrackPointExtension>
        </extensions>
      </trkpt>
      <trkpt lat="-25.14388502575457096099853515625" lon="-48.8447516597807407379150390625">
        <ele>1330.5999755859375</ele>
        <time>2026-04-20T19:14:40.000Z</time>
        <extensions>
          <ns3:TrackPointExtension>
            <ns3:hr>89</ns3:hr>
          </ns3:TrackPointExtension>
        </extensions>
      </trkpt>
      <trkpt lat="-25.14388628304004669189453125" lon="-48.84474956430494785308837890625">
        <ele>1330.4000244140625</ele>
        <time>2026-04-20T19:14:55.000Z</time>
        <extensions>
          <ns3:TrackPointExtension>
            <ns3:hr>86</ns3:hr>
          </ns3:TrackPointExtension>
        </extensions>
      </trkpt>
      <trkpt lat="-25.14391201548278331756591796875" lon="-48.84473112411797046661376953125">
        <ele>1330.4000244140625</ele>
        <time>2026-04-20T19:15:01.000Z</time>
        <extensions>
          <ns3:TrackPointExtension>
            <ns3:hr>82</ns3:hr>
          </ns3:TrackPointExtension>
        </extensions>
      </trkpt>
      <trkpt lat="-25.1439394243061542510986328125" lon="-48.84471318684518337249755859375">
        <ele>1330.800048828125</ele>
        <time>2026-04-20T19:15:04.000Z</time>
        <extensions>
          <ns3:TrackPointExtension>
            <ns3:hr>84</ns3:hr>
          </ns3:TrackPointExtension>
        </extensions>
      </trkpt>
      <trkpt lat="-25.1439883746206760406494140625" lon="-48.844708912074565887451171875">
        <ele>1334.4000244140625</ele>
        <time>2026-04-20T19:15:12.000Z</time>
        <extensions>
          <ns3:TrackPointExtension>
            <ns3:hr>85</ns3:hr>
          </ns3:TrackPointExtension>
        </extensions>
      </trkpt>
      <trkpt lat="-25.1439910568296909332275390625" lon="-48.84472056291997432708740234375">
        <ele>1337</ele>
        <time>2026-04-20T19:15:20.000Z</time>
        <extensions>
          <ns3:TrackPointExtension>
            <ns3:hr>86</ns3:hr>
          </ns3:TrackPointExtension>
        </extensions>
      </trkpt>
      <trkpt lat="-25.14398929663002490997314453125" lon="-48.84472358040511608123779296875">
        <ele>1337.5999755859375</ele>
        <time>2026-04-20T19:15:27.000Z</time>
        <extensions>
          <ns3:TrackPointExtension>
            <ns3:hr>88</ns3:hr>
          </ns3:TrackPointExtension>
        </extensions>
      </trkpt>
      <trkpt lat="-25.14398979954421520233154296875" lon="-48.84472358040511608123779296875">
        <ele>1338.199951171875</ele>
        <time>2026-04-20T19:15:34.000Z</time>
        <extensions>
          <ns3:TrackPointExtension>
            <ns3:hr>91</ns3:hr>
          </ns3:TrackPointExtension>
        </extensions>
      </trkpt>
      <trkpt lat="-25.14399214647710323333740234375" lon="-48.84472274221479892730712890625">
        <ele>1338.199951171875</ele>
        <time>2026-04-20T19:15:39.000Z</time>
        <extensions>
          <ns3:TrackPointExtension>
            <ns3:hr>88</ns3:hr>
          </ns3:TrackPointExtension>
        </extensions>
      </trkpt>
      <trkpt lat="-25.14399801380932331085205078125" lon="-48.84471788071095943450927734375">
        <ele>1338.199951171875</ele>
        <time>2026-04-20T19:15:49.000Z</time>
        <extensions>
          <ns3:TrackPointExtension>
            <ns3:hr>92</ns3:hr>
          </ns3:TrackPointExtension>
        </extensions>
      </trkpt>
      <trkpt lat="-25.14400036074221134185791015625" lon="-48.84471721015870571136474609375">
        <ele>1338.199951171875</ele>
        <time>2026-04-20T19:15:52.000Z</time>
        <extensions>
          <ns3:TrackPointExtension>
            <ns3:hr>89</ns3:hr>
          </ns3:TrackPointExtension>
        </extensions>
      </trkpt>
      <trkpt lat="-25.144000947475433349609375" lon="-48.8446966744959354400634765625">
        <ele>1338.800048828125</ele>
        <time>2026-04-20T19:16:08.000Z</time>
        <extensions>
          <ns3:TrackPointExtension>
            <ns3:hr>92</ns3:hr>
          </ns3:TrackPointExtension>
        </extensions>
      </trkpt>
      <trkpt lat="-25.14400237239897251129150390625" lon="-48.8446929864585399627685546875">
        <ele>1338.800048828125</ele>
        <time>2026-04-20T19:16:10.000Z</time>
        <extensions>
          <ns3:TrackPointExtension>
            <ns3:hr>88</ns3:hr>
          </ns3:TrackPointExtension>
        </extensions>
      </trkpt>
      <trkpt lat="-25.1440036296844482421875" lon="-48.8446906395256519317626953125">
        <ele>1338.800048828125</ele>
        <time>2026-04-20T19:16:11.000Z</time>
        <extensions>
          <ns3:TrackPointExtension>
            <ns3:hr>91</ns3:hr>
          </ns3:TrackPointExtension>
        </extensions>
      </trkpt>
      <trkpt lat="-25.14402567408978939056396484375" lon="-48.84465082548558712005615234375">
        <ele>1342.4000244140625</ele>
        <time>2026-04-20T19:16:34.000Z</time>
        <extensions>
          <ns3:TrackPointExtension>
            <ns3:hr>94</ns3:hr>
          </ns3:TrackPointExtension>
        </extensions>
      </trkpt>
      <trkpt lat="-25.14404495246708393096923828125" lon="-48.8446517474949359893798828125">
        <ele>1343.4000244140625</ele>
        <time>2026-04-20T19:16:54.000Z</time>
        <extensions>
          <ns3:TrackPointExtension>
            <ns3:hr>91</ns3:hr>
          </ns3:TrackPointExtension>
        </extensions>
      </trkpt>
      <trkpt lat="-25.1440812461078166961669921875" lon="-48.844650574028491973876953125">
        <ele>1344.199951171875</ele>
        <time>2026-04-20T19:16:58.000Z</time>
        <extensions>
          <ns3:TrackPointExtension>
            <ns3:hr>94</ns3:hr>
          </ns3:TrackPointExtension>
        </extensions>
      </trkpt>
      <trkpt lat="-25.1441442780196666717529296875" lon="-48.844636492431163787841796875">
        <ele>1348.4000244140625</ele>
        <time>2026-04-20T19:17:08.000Z</time>
        <extensions>
          <ns3:TrackPointExtension>
            <ns3:hr>95</ns3:hr>
          </ns3:TrackPointExtension>
        </extensions>
      </trkpt>
      <trkpt lat="-25.1441737823188304901123046875" lon="-48.84461612440645694732666015625">
        <ele>1348.4000244140625</ele>
        <time>2026-04-20T19:17:22.000Z</time>
        <extensions>
          <ns3:TrackPointExtension>
            <ns3:hr>96</ns3:hr>
          </ns3:TrackPointExtension>
        </extensions>
      </trkpt>
      <trkpt lat="-25.1441744528710842132568359375" lon="-48.84461612440645694732666015625">
        <ele>1348.4000244140625</ele>
        <time>2026-04-20T19:17:33.000Z</time>
        <extensions>
          <ns3:TrackPointExtension>
            <ns3:hr>93</ns3:hr>
          </ns3:TrackPointExtension>
        </extensions>
      </trkpt>
      <trkpt lat="-25.1441751234233379364013671875" lon="-48.84461612440645694732666015625">
        <ele>1348.5999755859375</ele>
        <time>2026-04-20T19:17:34.000Z</time>
        <extensions>
          <ns3:TrackPointExtension>
            <ns3:hr>96</ns3:hr>
          </ns3:TrackPointExtension>
        </extensions>
      </trkpt>
      <trkpt lat="-25.14415584504604339599609375" lon="-48.844520151615142822265625">
        <ele>1353.4000244140625</ele>
        <time>2026-04-20T19:18:05.000Z</time>
        <extensions>
          <ns3:TrackPointExtension>
            <ns3:hr>95</ns3:hr>
          </ns3:TrackPointExtension>
        </extensions>
      </trkpt>
      <trkpt lat="-25.144148133695125579833984375" lon="-48.84449827484786510467529296875">
        <ele>1355.199951171875</ele>
        <time>2026-04-20T19:18:12.000Z</time>
        <extensions>
          <ns3:TrackPointExtension>
            <ns3:hr>96</ns3:hr>
          </ns3:TrackPointExtension>
        </extensions>
      </trkpt>
      <trkpt lat="-25.14415718615055084228515625" lon="-48.8444599695503711700439453125">
        <ele>1356.4000244140625</ele>
        <time>2026-04-20T19:18:20.000Z</time>
        <extensions>
          <ns3:TrackPointExtension>
            <ns3:hr>95</ns3:hr>
          </ns3:TrackPointExtension>
        </extensions>
      </trkpt>
      <trkpt lat="-25.1441747881472110748291015625" lon="-48.844409845769405364990234375">
        <ele>1357</ele>
        <time>2026-04-20T19:18:28.000Z</time>
        <extensions>
          <ns3:TrackPointExtension>
            <ns3:hr>95</ns3:hr>
          </ns3:TrackPointExtension>
        </extensions>
      </trkpt>
      <trkpt lat="-25.14421024359762668609619140625" lon="-48.84435913525521755218505859375">
        <ele>1360.4000244140625</ele>
        <time>2026-04-20T19:18:38.000Z</time>
        <extensions>
          <ns3:TrackPointExtension>
            <ns3:hr>95</ns3:hr>
          </ns3:TrackPointExtension>
        </extensions>
      </trkpt>
      <trkpt lat="-25.14421745203435420989990234375" lon="-48.844319321215152740478515625">
        <ele>1362.5999755859375</ele>
        <time>2026-04-20T19:18:44.000Z</time>
        <extensions>
          <ns3:TrackPointExtension>
            <ns3:hr>95</ns3:hr>
          </ns3:TrackPointExtension>
        </extensions>
      </trkpt>
      <trkpt lat="-25.1442200504243373870849609375" lon="-48.84430968202650547027587890625">
        <ele>1363.199951171875</ele>
        <time>2026-04-20T19:18:46.000Z</time>
        <extensions>
          <ns3:TrackPointExtension>
            <ns3:hr>91</ns3:hr>
          </ns3:TrackPointExtension>
        </extensions>
      </trkpt>
      <trkpt lat="-25.1442222297191619873046875" lon="-48.84429895319044589996337890625">
        <ele>1364.199951171875</ele>
        <time>2026-04-20T19:18:49.000Z</time>
        <extensions>
          <ns3:TrackPointExtension>
            <ns3:hr>94</ns3:hr>
          </ns3:TrackPointExtension>
        </extensions>
      </trkpt>
      <trkpt lat="-25.14422466047108173370361328125" lon="-48.8442940078675746917724609375">
        <ele>1364.800048828125</ele>
        <time>2026-04-20T19:18:51.000Z</time>
        <extensions>
          <ns3:TrackPointExtension>
            <ns3:hr>92</ns3:hr>
          </ns3:TrackPointExtension>
        </extensions>
      </trkpt>
      <trkpt lat="-25.14422046951949596405029296875" lon="-48.84425402618944644927978515625">
        <ele>1366</ele>
        <time>2026-04-20T19:19:01.000Z</time>
        <extensions>
          <ns3:TrackPointExtension>
            <ns3:hr>95</ns3:hr>
          </ns3:TrackPointExtension>
        </extensions>
      </trkpt>
      <trkpt lat="-25.144219212234020233154296875" lon="-48.8442504219710826873779296875">
        <ele>1366</ele>
        <time>2026-04-20T19:19:02.000Z</time>
        <extensions>
          <ns3:TrackPointExtension>
            <ns3:hr>100</ns3:hr>
          </ns3:TrackPointExtension>
        </extensions>
      </trkpt>
      <trkpt lat="-25.1442381553351879119873046875" lon="-48.84422846138477325439453125">
        <ele>1366.800048828125</ele>
        <time>2026-04-20T19:19:09.000Z</time>
        <extensions>
          <ns3:TrackPointExtension>
            <ns3:hr>99</ns3:hr>
          </ns3:TrackPointExtension>
        </extensions>
      </trkpt>
      <trkpt lat="-25.1442401669919490814208984375" lon="-48.84420893155038356781005859375">
        <ele>1367.4000244140625</ele>
        <time>2026-04-20T19:19:16.000Z</time>
        <extensions>
          <ns3:TrackPointExtension>
            <ns3:hr>100</ns3:hr>
          </ns3:TrackPointExtension>
        </extensions>
      </trkpt>
      <trkpt lat="-25.14424041844904422760009765625" lon="-48.844186551868915557861328125">
        <ele>1368.800048828125</ele>
        <time>2026-04-20T19:19:23.000Z</time>
        <extensions>
          <ns3:TrackPointExtension>
            <ns3:hr>100</ns3:hr>
          </ns3:TrackPointExtension>
        </extensions>
      </trkpt>
      <trkpt lat="-25.14424108900129795074462890625" lon="-48.8441862165927886962890625">
        <ele>1370</ele>
        <time>2026-04-20T19:19:31.000Z</time>
        <extensions>
          <ns3:TrackPointExtension>
            <ns3:hr>103</ns3:hr>
          </ns3:TrackPointExtension>
        </extensions>
      </trkpt>
      <trkpt lat="-25.1442401669919490814208984375" lon="-48.8441862165927886962890625">
        <ele>1370</ele>
        <time>2026-04-20T19:19:33.000Z</time>
        <extensions>
          <ns3:TrackPointExtension>
            <ns3:hr>100</ns3:hr>
          </ns3:TrackPointExtension>
        </extensions>
      </trkpt>
      <trkpt lat="-25.1442361436784267425537109375" lon="-48.84416232816874980926513671875">
        <ele>1371.199951171875</ele>
        <time>2026-04-20T19:19:53.000Z</time>
        <extensions>
          <ns3:TrackPointExtension>
            <ns3:hr>96</ns3:hr>
          </ns3:TrackPointExtension>
        </extensions>
      </trkpt>
      <trkpt lat="-25.14423572458326816558837890625" lon="-48.8441622443497180938720703125">
        <ele>1371.199951171875</ele>
        <time>2026-04-20T19:19:54.000Z</time>
        <extensions>
          <ns3:TrackPointExtension>
            <ns3:hr>99</ns3:hr>
          </ns3:TrackPointExtension>
        </extensions>
      </trkpt>
      <trkpt lat="-25.14422466047108173370361328125" lon="-48.84412360377609729766845703125">
        <ele>1372.199951171875</ele>
        <time>2026-04-20T19:20:35.000Z</time>
        <extensions>
          <ns3:TrackPointExtension>
            <ns3:hr>96</ns3:hr>
          </ns3:TrackPointExtension>
        </extensions>
      </trkpt>
      <trkpt lat="-25.14422432519495487213134765625" lon="-48.84412477724254131317138671875">
        <ele>1372.199951171875</ele>
        <time>2026-04-20T19:20:37.000Z</time>
        <extensions>
          <ns3:TrackPointExtension>
            <ns3:hr>91</ns3:hr>
          </ns3:TrackPointExtension>
        </extensions>
      </trkpt>
      <trkpt lat="-25.14422382228076457977294921875" lon="-48.8441256992518901824951171875">
        <ele>1372.199951171875</ele>
        <time>2026-04-20T19:20:39.000Z</time>
        <extensions>
          <ns3:TrackPointExtension>
            <ns3:hr>94</ns3:hr>
          </ns3:TrackPointExtension>
        </extensions>
      </trkpt>
      <trkpt lat="-25.14422365464270114898681640625" lon="-48.84412595070898532867431640625">
        <ele>1372.199951171875</ele>
        <time>2026-04-20T19:20:40.000Z</time>
        <extensions>
          <ns3:TrackPointExtension>
            <ns3:hr>99</ns3:hr>
          </ns3:TrackPointExtension>
        </extensions>
      </trkpt>
      <trkpt lat="-25.144223235547542572021484375" lon="-48.8441260345280170440673828125">
        <ele>1372.199951171875</ele>
        <time>2026-04-20T19:20:41.000Z</time>
        <extensions>
          <ns3:TrackPointExtension>
            <ns3:hr>99</ns3:hr>
          </ns3:TrackPointExtension>
        </extensions>
      </trkpt>
      <trkpt lat="-25.1442193798720836639404296875" lon="-48.844131566584110260009765625">
        <ele>1372</ele>
        <time>2026-04-20T19:20:57.000Z</time>
        <extensions>
          <ns3:TrackPointExtension>
            <ns3:hr>102</ns3:hr>
          </ns3:TrackPointExtension>
        </extensions>
      </trkpt>
      <trkpt lat="-25.1442163623869419097900390625" lon="-48.8441317342221736907958984375">
        <ele>1372</ele>
        <time>2026-04-20T19:21:08.000Z</time>
        <extensions>
          <ns3:TrackPointExtension>
            <ns3:hr>99</ns3:hr>
          </ns3:TrackPointExtension>
        </extensions>
      </trkpt>
      <trkpt lat="-25.1442123390734195709228515625" lon="-48.84413030929863452911376953125">
        <ele>1372.4000244140625</ele>
        <time>2026-04-20T19:21:20.000Z</time>
        <extensions>
          <ns3:TrackPointExtension>
            <ns3:hr>96</ns3:hr>
          </ns3:TrackPointExtension>
        </extensions>
      </trkpt>
      <trkpt lat="-25.14421191997826099395751953125" lon="-48.844129554927349090576171875">
        <ele>1372.4000244140625</ele>
        <time>2026-04-20T19:21:23.000Z</time>
        <extensions>
          <ns3:TrackPointExtension>
            <ns3:hr>92</ns3:hr>
          </ns3:TrackPointExtension>
        </extensions>
      </trkpt>
      <trkpt lat="-25.144211165606975555419921875" lon="-48.84412829764187335968017578125">
        <ele>1372.199951171875</ele>
        <time>2026-04-20T19:21:33.000Z</time>
        <extensions>
          <ns3:TrackPointExtension>
            <ns3:hr>95</ns3:hr>
          </ns3:TrackPointExtension>
        </extensions>
      </trkpt>
      <trkpt lat="-25.14421083033084869384765625" lon="-48.84412813000380992889404296875">
        <ele>1372</ele>
        <time>2026-04-20T19:21:38.000Z</time>
        <extensions>
          <ns3:TrackPointExtension>
            <ns3:hr>98</ns3:hr>
          </ns3:TrackPointExtension>
        </extensions>
      </trkpt>
      <trkpt lat="-25.1442096568644046783447265625" lon="-48.8441277109086513519287109375">
        <ele>1371.5999755859375</ele>
        <time>2026-04-20T19:21:44.000Z</time>
        <extensions>
          <ns3:TrackPointExtension>
            <ns3:hr>101</ns3:hr>
          </ns3:TrackPointExtension>
        </extensions>
      </trkpt>
      <trkpt lat="-25.14420856721699237823486328125" lon="-48.8441233523190021514892578125">
        <ele>1371.199951171875</ele>
        <time>2026-04-20T19:22:16.000Z</time>
        <extensions>
          <ns3:TrackPointExtension>
            <ns3:hr>98</ns3:hr>
          </ns3:TrackPointExtension>
        </extensions>
      </trkpt>
      <trkpt lat="-25.1442086510360240936279296875" lon="-48.844120837748050689697265625">
        <ele>1371.199951171875</ele>
        <time>2026-04-20T19:22:31.000Z</time>
        <extensions>
          <ns3:TrackPointExtension>
            <ns3:hr>95</ns3:hr>
          </ns3:TrackPointExtension>
        </extensions>
      </trkpt>
      <trkpt lat="-25.14420890249311923980712890625" lon="-48.84412125684320926666259765625">
        <ele>1371.199951171875</ele>
        <time>2026-04-20T19:22:47.000Z</time>
        <extensions>
          <ns3:TrackPointExtension>
            <ns3:hr>98</ns3:hr>
          </ns3:TrackPointExtension>
        </extensions>
      </trkpt>
      <trkpt lat="-25.14421024359762668609619140625" lon="-48.8441243581473827362060546875">
        <ele>1370.800048828125</ele>
        <time>2026-04-20T19:23:56.000Z</time>
        <extensions>
          <ns3:TrackPointExtension>
            <ns3:hr>95</ns3:hr>
          </ns3:TrackPointExtension>
        </extensions>
      </trkpt>
      <trkpt lat="-25.1442103274166584014892578125" lon="-48.84412494488060474395751953125">
        <ele>1370.800048828125</ele>
        <time>2026-04-20T19:24:06.000Z</time>
        <extensions>
          <ns3:TrackPointExtension>
            <ns3:hr>92</ns3:hr>
          </ns3:TrackPointExtension>
        </extensions>
      </trkpt>
      <trkpt lat="-25.144210495054721832275390625" lon="-48.84412519633769989013671875">
        <ele>1370.800048828125</ele>
        <time>2026-04-20T19:24:12.000Z</time>
        <extensions>
          <ns3:TrackPointExtension>
            <ns3:hr>87</ns3:hr>
          </ns3:TrackPointExtension>
        </extensions>
      </trkpt>
      <trkpt lat="-25.1442106626927852630615234375" lon="-48.8441256992518901824951171875">
        <ele>1370.5999755859375</ele>
        <time>2026-04-20T19:24:25.000Z</time>
        <extensions>
          <ns3:TrackPointExtension>
            <ns3:hr>84</ns3:hr>
          </ns3:TrackPointExtension>
        </extensions>
      </trkpt>
      <trkpt lat="-25.14421091414988040924072265625" lon="-48.8441260345280170440673828125">
        <ele>1370.5999755859375</ele>
        <time>2026-04-20T19:24:30.000Z</time>
        <extensions>
          <ns3:TrackPointExtension>
            <ns3:hr>81</ns3:hr>
          </ns3:TrackPointExtension>
        </extensions>
      </trkpt>
      <trkpt lat="-25.14421108178794384002685546875" lon="-48.844126872718334197998046875">
        <ele>1370.5999755859375</ele>
        <time>2026-04-20T19:24:50.000Z</time>
        <extensions>
          <ns3:TrackPointExtension>
            <ns3:hr>84</ns3:hr>
          </ns3:TrackPointExtension>
        </extensions>
      </trkpt>
      <trkpt lat="-25.14421141706407070159912109375" lon="-48.844128213822841644287109375">
        <ele>1370.4000244140625</ele>
        <time>2026-04-20T19:25:24.000Z</time>
        <extensions>
          <ns3:TrackPointExtension>
            <ns3:hr>81</ns3:hr>
          </ns3:TrackPointExtension>
        </extensions>
      </trkpt>
      <trkpt lat="-25.14421158470213413238525390625" lon="-48.844129554927349090576171875">
        <ele>1370.199951171875</ele>
        <time>2026-04-20T19:25:56.000Z</time>
        <extensions>
          <ns3:TrackPointExtension>
            <ns3:hr>84</ns3:hr>
          </ns3:TrackPointExtension>
        </extensions>
      </trkpt>
      <trkpt lat="-25.1442116685211658477783203125" lon="-48.8441298902034759521484375">
        <ele>1370.199951171875</ele>
        <time>2026-04-20T19:26:05.000Z</time>
        <extensions>
          <ns3:TrackPointExtension>
            <ns3:hr>87</ns3:hr>
          </ns3:TrackPointExtension>
        </extensions>
      </trkpt>
      <trkpt lat="-25.1442120037972927093505859375" lon="-48.84413064457476139068603515625">
        <ele>1370</ele>
        <time>2026-04-20T19:26:28.000Z</time>
        <extensions>
          <ns3:TrackPointExtension>
            <ns3:hr>84</ns3:hr>
          </ns3:TrackPointExtension>
        </extensions>
      </trkpt>
      <trkpt lat="-25.1442120037972927093505859375" lon="-48.84413081221282482147216796875">
        <ele>1370</ele>
        <time>2026-04-20T19:26:33.000Z</time>
        <extensions>
          <ns3:TrackPointExtension>
            <ns3:hr>81</ns3:hr>
          </ns3:TrackPointExtension>
        </extensions>
      </trkpt>
      <trkpt lat="-25.14421225525438785552978515625" lon="-48.8441307283937931060791015625">
        <ele>1370</ele>
        <time>2026-04-20T19:26:43.000Z</time>
        <extensions>
          <ns3:TrackPointExtension>
            <ns3:hr>84</ns3:hr>
          </ns3:TrackPointExtension>
        </extensions>
      </trkpt>
      <trkpt lat="-25.14421242289245128631591796875" lon="-48.84413097985088825225830078125">
        <ele>1370</ele>
        <time>2026-04-20T19:26:56.000Z</time>
        <extensions>
          <ns3:TrackPointExtension>
            <ns3:hr>81</ns3:hr>
          </ns3:TrackPointExtension>
        </extensions>
      </trkpt>
      <trkpt lat="-25.1442126743495464324951171875" lon="-48.84413131512701511383056640625">
        <ele>1369.800048828125</ele>
        <time>2026-04-20T19:27:11.000Z</time>
        <extensions>
          <ns3:TrackPointExtension>
            <ns3:hr>84</ns3:hr>
          </ns3:TrackPointExtension>
        </extensions>
      </trkpt>
      <trkpt lat="-25.144213177263736724853515625" lon="-48.84413190186023712158203125">
        <ele>1369.800048828125</ele>
        <time>2026-04-20T19:27:45.000Z</time>
        <extensions>
          <ns3:TrackPointExtension>
            <ns3:hr>81</ns3:hr>
          </ns3:TrackPointExtension>
        </extensions>
      </trkpt>
      <trkpt lat="-25.144213177263736724853515625" lon="-48.84413198567926883697509765625">
        <ele>1369.800048828125</ele>
        <time>2026-04-20T19:27:46.000Z</time>
        <extensions>
          <ns3:TrackPointExtension>
            <ns3:hr>84</ns3:hr>
          </ns3:TrackPointExtension>
        </extensions>
      </trkpt>
      <trkpt lat="-25.14421326108276844024658203125" lon="-48.84413215331733226776123046875">
        <ele>1369.800048828125</ele>
        <time>2026-04-20T19:27:54.000Z</time>
        <extensions>
          <ns3:TrackPointExtension>
            <ns3:hr>88</ns3:hr>
          </ns3:TrackPointExtension>
        </extensions>
      </trkpt>
      <trkpt lat="-25.1442133449018001556396484375" lon="-48.84413215331733226776123046875">
        <ele>1369.800048828125</ele>
        <time>2026-04-20T19:27:55.000Z</time>
        <extensions>
          <ns3:TrackPointExtension>
            <ns3:hr>85</ns3:hr>
          </ns3:TrackPointExtension>
        </extensions>
      </trkpt>
      <trkpt lat="-25.14421342872083187103271484375" lon="-48.8441324047744274139404296875">
        <ele>1369.5999755859375</ele>
        <time>2026-04-20T19:28:02.000Z</time>
        <extensions>
          <ns3:TrackPointExtension>
            <ns3:hr>82</ns3:hr>
          </ns3:TrackPointExtension>
        </extensions>
      </trkpt>
      <trkpt lat="-25.14421342872083187103271484375" lon="-48.84413282386958599090576171875">
        <ele>1369.5999755859375</ele>
        <time>2026-04-20T19:28:19.000Z</time>
        <extensions>
          <ns3:TrackPointExtension>
            <ns3:hr>85</ns3:hr>
          </ns3:TrackPointExtension>
        </extensions>
      </trkpt>
      <trkpt lat="-25.14421342872083187103271484375" lon="-48.84413282386958599090576171875">
        <ele>1369.5999755859375</ele>
        <time>2026-04-20T19:28:20.000Z</time>
        <extensions>
          <ns3:TrackPointExtension>
            <ns3:hr>82</ns3:hr>
          </ns3:TrackPointExtension>
        </extensions>
      </trkpt>
      <trkpt lat="-25.144213847815990447998046875" lon="-48.84413315914571285247802734375">
        <ele>1369.5999755859375</ele>
        <time>2026-04-20T19:28:31.000Z</time>
        <extensions>
          <ns3:TrackPointExtension>
            <ns3:hr>85</ns3:hr>
          </ns3:TrackPointExtension>
        </extensions>
      </trkpt>
      <trkpt lat="-25.14421393163502216339111328125" lon="-48.8441334106028079986572265625">
        <ele>1369.5999755859375</ele>
        <time>2026-04-20T19:28:41.000Z</time>
        <extensions>
          <ns3:TrackPointExtension>
            <ns3:hr>88</ns3:hr>
          </ns3:TrackPointExtension>
        </extensions>
      </trkpt>
      <trkpt lat="-25.1442140154540538787841796875" lon="-48.84413349442183971405029296875">
        <ele>1369.5999755859375</ele>
        <time>2026-04-20T19:28:46.000Z</time>
        <extensions>
          <ns3:TrackPointExtension>
            <ns3:hr>91</ns3:hr>
          </ns3:TrackPointExtension>
        </extensions>
      </trkpt>
      <trkpt lat="-25.14421393163502216339111328125" lon="-48.84413382969796657562255859375">
        <ele>1369.4000244140625</ele>
        <time>2026-04-20T19:28:57.000Z</time>
        <extensions>
          <ns3:TrackPointExtension>
            <ns3:hr>88</ns3:hr>
          </ns3:TrackPointExtension>
        </extensions>
      </trkpt>
      <trkpt lat="-25.14421409927308559417724609375" lon="-48.844133913516998291015625">
        <ele>1369.4000244140625</ele>
        <time>2026-04-20T19:29:02.000Z</time>
        <extensions>
          <ns3:TrackPointExtension>
            <ns3:hr>85</ns3:hr>
          </ns3:TrackPointExtension>
        </extensions>
      </trkpt>
      <trkpt lat="-25.1442140154540538787841796875" lon="-48.844133913516998291015625">
        <ele>1369.4000244140625</ele>
        <time>2026-04-20T19:29:07.000Z</time>
        <extensions>
          <ns3:TrackPointExtension>
            <ns3:hr>81</ns3:hr>
          </ns3:TrackPointExtension>
        </extensions>
      </trkpt>
      <trkpt lat="-25.14421443454921245574951171875" lon="-48.84413416497409343719482421875">
        <ele>1369.4000244140625</ele>
        <time>2026-04-20T19:29:20.000Z</time>
        <extensions>
          <ns3:TrackPointExtension>
            <ns3:hr>78</ns3:hr>
          </ns3:TrackPointExtension>
        </extensions>
      </trkpt>
      <trkpt lat="-25.14421443454921245574951171875" lon="-48.84413433261215686798095703125">
        <ele>1369.4000244140625</ele>
        <time>2026-04-20T19:29:24.000Z</time>
        <extensions>
          <ns3:TrackPointExtension>
            <ns3:hr>75</ns3:hr>
          </ns3:TrackPointExtension>
        </extensions>
      </trkpt>
      <trkpt lat="-25.14421443454921245574951171875" lon="-48.844134248793125152587890625">
        <ele>1369.4000244140625</ele>
        <time>2026-04-20T19:29:41.000Z</time>
        <extensions>
          <ns3:TrackPointExtension>
            <ns3:hr>78</ns3:hr>
          </ns3:TrackPointExtension>
        </extensions>
      </trkpt>
      <trkpt lat="-25.14421460218727588653564453125" lon="-48.8441344164311885833740234375">
        <ele>1369.4000244140625</ele>
        <time>2026-04-20T19:29:50.000Z</time>
        <extensions>
          <ns3:TrackPointExtension>
            <ns3:hr>81</ns3:hr>
          </ns3:TrackPointExtension>
        </extensions>
      </trkpt>
      <trkpt lat="-25.1442146860063076019287109375" lon="-48.84413458406925201416015625">
        <ele>1369.199951171875</ele>
        <time>2026-04-20T19:29:59.000Z</time>
        <extensions>
          <ns3:TrackPointExtension>
            <ns3:hr>78</ns3:hr>
          </ns3:TrackPointExtension>
        </extensions>
      </trkpt>
      <trkpt lat="-25.14421493746340274810791015625" lon="-48.844134919345378875732421875">
        <ele>1369.199951171875</ele>
        <time>2026-04-20T19:30:14.000Z</time>
        <extensions>
          <ns3:TrackPointExtension>
            <ns3:hr>75</ns3:hr>
          </ns3:TrackPointExtension>
        </extensions>
      </trkpt>
      <trkpt lat="-25.14421493746340274810791015625" lon="-48.84413533844053745269775390625">
        <ele>1369.199951171875</ele>
        <time>2026-04-20T19:30:35.000Z</time>
        <extensions>
          <ns3:TrackPointExtension>
            <ns3:hr>72</ns3:hr>
          </ns3:TrackPointExtension>
        </extensions>
      </trkpt>
      <trkpt lat="-25.14421485364437103271484375" lon="-48.84413567371666431427001953125">
        <ele>1369.199951171875</ele>
        <time>2026-04-20T19:30:52.000Z</time>
        <extensions>
          <ns3:TrackPointExtension>
            <ns3:hr>75</ns3:hr>
          </ns3:TrackPointExtension>
        </extensions>
      </trkpt>
      <trkpt lat="-25.14421485364437103271484375" lon="-48.84413567371666431427001953125">
        <ele>1369.199951171875</ele>
        <time>2026-04-20T19:30:55.000Z</time>
        <extensions>
          <ns3:TrackPointExtension>
            <ns3:hr>80</ns3:hr>
          </ns3:TrackPointExtension>
        </extensions>
      </trkpt>
      <trkpt lat="-25.14421485364437103271484375" lon="-48.84413584135472774505615234375">
        <ele>1369.199951171875</ele>
        <time>2026-04-20T19:31:00.000Z</time>
        <extensions>
          <ns3:TrackPointExtension>
            <ns3:hr>83</ns3:hr>
          </ns3:TrackPointExtension>
        </extensions>
      </trkpt>
      <trkpt lat="-25.14421485364437103271484375" lon="-48.8441360928118228912353515625">
        <ele>1369</ele>
        <time>2026-04-20T19:31:31.000Z</time>
        <extensions>
          <ns3:TrackPointExtension>
            <ns3:hr>86</ns3:hr>
          </ns3:TrackPointExtension>
        </extensions>
      </trkpt>
      <trkpt lat="-25.14421493746340274810791015625" lon="-48.8441360928118228912353515625">
        <ele>1369</ele>
        <time>2026-04-20T19:31:38.000Z</time>
        <extensions>
          <ns3:TrackPointExtension>
            <ns3:hr>89</ns3:hr>
          </ns3:TrackPointExtension>
        </extensions>
      </trkpt>
      <trkpt lat="-25.14421527273952960968017578125" lon="-48.8441370986402034759521484375">
        <ele>1368.800048828125</ele>
        <time>2026-04-20T19:32:10.000Z</time>
        <extensions>
          <ns3:TrackPointExtension>
            <ns3:hr>86</ns3:hr>
          </ns3:TrackPointExtension>
        </extensions>
      </trkpt>
      <trkpt lat="-25.1442153565585613250732421875" lon="-48.8441370986402034759521484375">
        <ele>1368.800048828125</ele>
        <time>2026-04-20T19:32:22.000Z</time>
        <extensions>
          <ns3:TrackPointExtension>
            <ns3:hr>83</ns3:hr>
          </ns3:TrackPointExtension>
        </extensions>
      </trkpt>
      <trkpt lat="-25.144215188920497894287109375" lon="-48.84413684718310832977294921875">
        <ele>1368.800048828125</ele>
        <time>2026-04-20T19:32:33.000Z</time>
        <extensions>
          <ns3:TrackPointExtension>
            <ns3:hr>86</ns3:hr>
          </ns3:TrackPointExtension>
        </extensions>
      </trkpt>
      <trkpt lat="-25.144215188920497894287109375" lon="-48.84413684718310832977294921875">
        <ele>1368.800048828125</ele>
        <time>2026-04-20T19:32:35.000Z</time>
        <extensions>
          <ns3:TrackPointExtension>
            <ns3:hr>83</ns3:hr>
          </ns3:TrackPointExtension>
        </extensions>
      </trkpt>
      <trkpt lat="-25.1442150212824344635009765625" lon="-48.84413718245923519134521484375">
        <ele>1368.5999755859375</ele>
        <time>2026-04-20T19:33:20.000Z</time>
        <extensions>
          <ns3:TrackPointExtension>
            <ns3:hr>86</ns3:hr>
          </ns3:TrackPointExtension>
        </extensions>
      </trkpt>
      <trkpt lat="-25.14423421584069728851318359375" lon="-48.84410767816007137298583984375">
        <ele>1368.5999755859375</ele>
        <time>2026-04-20T19:33:34.000Z</time>
        <extensions>
          <ns3:TrackPointExtension>
            <ns3:hr>88</ns3:hr>
          </ns3:TrackPointExtension>
        </extensions>
      </trkpt>
      <trkpt lat="-25.14424142427742481231689453125" lon="-48.844047747552394866943359375">
        <ele>1371.199951171875</ele>
        <time>2026-04-20T19:33:38.000Z</time>
        <extensions>
          <ns3:TrackPointExtension>
            <ns3:hr>85</ns3:hr>
          </ns3:TrackPointExtension>
        </extensions>
      </trkpt>
      <trkpt lat="-25.14424527995288372039794921875" lon="-48.8440334983170032501220703125">
        <ele>1372</ele>
        <time>2026-04-20T19:33:39.000Z</time>
        <extensions>
          <ns3:TrackPointExtension>
            <ns3:hr>87</ns3:hr>
          </ns3:TrackPointExtension>
        </extensions>
      </trkpt>
      <trkpt lat="-25.14425600878894329071044921875" lon="-48.84401162154972553253173828125">
        <ele>1373.800048828125</ele>
        <time>2026-04-20T19:33:41.000Z</time>
        <extensions>
          <ns3:TrackPointExtension>
            <ns3:hr>87</ns3:hr>
          </ns3:TrackPointExtension>
        </extensions>
      </trkpt>
      <trkpt lat="-25.1442612893879413604736328125" lon="-48.8439791835844516754150390625">
        <ele>1376.800048828125</ele>
        <time>2026-04-20T19:33:45.000Z</time>
        <extensions>
          <ns3:TrackPointExtension>
            <ns3:hr>84</ns3:hr>
          </ns3:TrackPointExtension>
        </extensions>
      </trkpt>
      <trkpt lat="-25.14426715672016143798828125" lon="-48.8439607433974742889404296875">
        <ele>1377.4000244140625</ele>
        <time>2026-04-20T19:33:47.000Z</time>
        <extensions>
          <ns3:TrackPointExtension>
            <ns3:hr>88</ns3:hr>
          </ns3:TrackPointExtension>
        </extensions>
      </trkpt>
      <trkpt lat="-25.14426975511014461517333984375" lon="-48.84395261295139789581298828125">
        <ele>1377.5999755859375</ele>
        <time>2026-04-20T19:33:48.000Z</time>
        <extensions>
          <ns3:TrackPointExtension>
            <ns3:hr>86</ns3:hr>
          </ns3:TrackPointExtension>
        </extensions>
      </trkpt>
      <trkpt lat="-25.1442785561084747314453125" lon="-48.8439366035163402557373046875">
        <ele>1377.800048828125</ele>
        <time>2026-04-20T19:33:50.000Z</time>
        <extensions>
          <ns3:TrackPointExtension>
            <ns3:hr>82</ns3:hr>
          </ns3:TrackPointExtension>
        </extensions>
      </trkpt>
      <trkpt lat="-25.14428299851715564727783203125" lon="-48.84392595849931240081787109375">
        <ele>1377.4000244140625</ele>
        <time>2026-04-20T19:33:52.000Z</time>
        <extensions>
          <ns3:TrackPointExtension>
            <ns3:hr>85</ns3:hr>
          </ns3:TrackPointExtension>
        </extensions>
      </trkpt>
      <trkpt lat="-25.144287608563899993896484375" lon="-48.84390986524522304534912109375">
        <ele>1377</ele>
        <time>2026-04-20T19:33:54.000Z</time>
        <extensions>
          <ns3:TrackPointExtension>
            <ns3:hr>81</ns3:hr>
          </ns3:TrackPointExtension>
        </extensions>
      </trkpt>
      <trkpt lat="-25.14428735710680484771728515625" lon="-48.8438967056572437286376953125">
        <ele>1377</ele>
        <time>2026-04-20T19:33:55.000Z</time>
        <extensions>
          <ns3:TrackPointExtension>
            <ns3:hr>84</ns3:hr>
          </ns3:TrackPointExtension>
        </extensions>
      </trkpt>
      <trkpt lat="-25.14428769238293170928955078125" lon="-48.8438826240599155426025390625">
        <ele>1376.800048828125</ele>
        <time>2026-04-20T19:33:56.000Z</time>
        <extensions>
          <ns3:TrackPointExtension>
            <ns3:hr>83</ns3:hr>
          </ns3:TrackPointExtension>
        </extensions>
      </trkpt>
      <trkpt lat="-25.1442874409258365631103515625" lon="-48.8438107073307037353515625">
        <ele>1376.199951171875</ele>
        <time>2026-04-20T19:34:02.000Z</time>
        <extensions>
          <ns3:TrackPointExtension>
            <ns3:hr>88</ns3:hr>
          </ns3:TrackPointExtension>
        </extensions>
      </trkpt>
      <trkpt lat="-25.144292302429676055908203125" lon="-48.84380341507494449615478515625">
        <ele>1376</ele>
        <time>2026-04-20T19:34:03.000Z</time>
        <extensions>
          <ns3:TrackPointExtension>
            <ns3:hr>86</ns3:hr>
          </ns3:TrackPointExtension>
        </extensions>
      </trkpt>
      <trkpt lat="-25.1442931406199932098388671875" lon="-48.84378061629831790924072265625">
        <ele>1375.800048828125</ele>
        <time>2026-04-20T19:34:06.000Z</time>
        <extensions>
          <ns3:TrackPointExtension>
            <ns3:hr>83</ns3:hr>
          </ns3:TrackPointExtension>
        </extensions>
      </trkpt>
      <trkpt lat="-25.14427662827074527740478515625" lon="-48.84375429712235927581787109375">
        <ele>1375.5999755859375</ele>
        <time>2026-04-20T19:34:09.000Z</time>
        <extensions>
          <ns3:TrackPointExtension>
            <ns3:hr>83</ns3:hr>
          </ns3:TrackPointExtension>
        </extensions>
      </trkpt>
      <trkpt lat="-25.14429775066673755645751953125" lon="-48.8436854816973209381103515625">
        <ele>1376.199951171875</ele>
        <time>2026-04-20T19:34:16.000Z</time>
        <extensions>
          <ns3:TrackPointExtension>
            <ns3:hr>81</ns3:hr>
          </ns3:TrackPointExtension>
        </extensions>
      </trkpt>
      <trkpt lat="-25.14436480589210987091064453125" lon="-48.84359546005725860595703125">
        <ele>1377</ele>
        <time>2026-04-20T19:34:27.000Z</time>
        <extensions>
          <ns3:TrackPointExtension>
            <ns3:hr>79</ns3:hr>
          </ns3:TrackPointExtension>
        </extensions>
      </trkpt>
      <trkpt lat="-25.14439322054386138916015625" lon="-48.84352706372737884521484375">
        <ele>1376.4000244140625</ele>
        <time>2026-04-20T19:34:36.000Z</time>
        <extensions>
          <ns3:TrackPointExtension>
            <ns3:hr>80</ns3:hr>
          </ns3:TrackPointExtension>
        </extensions>
      </trkpt>
      <trkpt lat="-25.14439833350479602813720703125" lon="-48.84346579201519489288330078125">
        <ele>1376.199951171875</ele>
        <time>2026-04-20T19:34:45.000Z</time>
        <extensions>
          <ns3:TrackPointExtension>
            <ns3:hr>80</ns3:hr>
          </ns3:TrackPointExtension>
        </extensions>
      </trkpt>
      <trkpt lat="-25.14440889470279216766357421875" lon="-48.8434393890202045440673828125">
        <ele>1376.199951171875</ele>
        <time>2026-04-20T19:34:50.000Z</time>
        <extensions>
          <ns3:TrackPointExtension>
            <ns3:hr>83</ns3:hr>
          </ns3:TrackPointExtension>
        </extensions>
      </trkpt>
      <trkpt lat="-25.1444235630333423614501953125" lon="-48.843420781195163726806640625">
        <ele>1376.4000244140625</ele>
        <time>2026-04-20T19:34:54.000Z</time>
        <extensions>
          <ns3:TrackPointExtension>
            <ns3:hr>80</ns3:hr>
          </ns3:TrackPointExtension>
        </extensions>
      </trkpt>
      <trkpt lat="-25.14443102292716503143310546875" lon="-48.84338817559182643890380859375">
        <ele>1377.5999755859375</ele>
        <time>2026-04-20T19:35:02.000Z</time>
        <extensions>
          <ns3:TrackPointExtension>
            <ns3:hr>81</ns3:hr>
          </ns3:TrackPointExtension>
        </extensions>
      </trkpt>
      <trkpt lat="-25.14443404041230678558349609375" lon="-48.84338415227830410003662109375">
        <ele>1379</ele>
        <time>2026-04-20T19:35:09.000Z</time>
        <extensions>
          <ns3:TrackPointExtension>
            <ns3:hr>82</ns3:hr>
          </ns3:TrackPointExtension>
        </extensions>
      </trkpt>
      <trkpt lat="-25.1444788835942745208740234375" lon="-48.84339873678982257843017578125">
        <ele>1380.5999755859375</ele>
        <time>2026-04-20T19:35:19.000Z</time>
        <extensions>
          <ns3:TrackPointExtension>
            <ns3:hr>83</ns3:hr>
          </ns3:TrackPointExtension>
        </extensions>
      </trkpt>
      <trkpt lat="-25.14450344257056713104248046875" lon="-48.843397311866283416748046875">
        <ele>1382.4000244140625</ele>
        <time>2026-04-20T19:35:27.000Z</time>
        <extensions>
          <ns3:TrackPointExtension>
            <ns3:hr>84</ns3:hr>
          </ns3:TrackPointExtension>
        </extensions>
      </trkpt>
      <trkpt lat="-25.1445147581398487091064453125" lon="-48.84337577037513256072998046875">
        <ele>1383.800048828125</ele>
        <time>2026-04-20T19:35:33.000Z</time>
        <extensions>
          <ns3:TrackPointExtension>
            <ns3:hr>81</ns3:hr>
          </ns3:TrackPointExtension>
        </extensions>
      </trkpt>
      <trkpt lat="-25.1445134170353412628173828125" lon="-48.84337141178548336029052734375">
        <ele>1384</ele>
        <time>2026-04-20T19:35:34.000Z</time>
        <extensions>
          <ns3:TrackPointExtension>
            <ns3:hr>81</ns3:hr>
          </ns3:TrackPointExtension>
        </extensions>
      </trkpt>
      <trkpt lat="-25.1445164345204830169677734375" lon="-48.84333637543022632598876953125">
        <ele>1386</ele>
        <time>2026-04-20T19:35:43.000Z</time>
        <extensions>
          <ns3:TrackPointExtension>
            <ns3:hr>80</ns3:hr>
          </ns3:TrackPointExtension>
        </extensions>
      </trkpt>
      <trkpt lat="-25.144516266882419586181640625" lon="-48.84333604015409946441650390625">
        <ele>1388.5999755859375</ele>
        <time>2026-04-20T19:35:57.000Z</time>
        <extensions>
          <ns3:TrackPointExtension>
            <ns3:hr>83</ns3:hr>
          </ns3:TrackPointExtension>
        </extensions>
      </trkpt>
      <trkpt lat="-25.14450897462666034698486328125" lon="-48.84333101101219654083251953125">
        <ele>1389.4000244140625</ele>
        <time>2026-04-20T19:36:16.000Z</time>
        <extensions>
          <ns3:TrackPointExtension>
            <ns3:hr>86</ns3:hr>
          </ns3:TrackPointExtension>
        </extensions>
      </trkpt>
      <trkpt lat="-25.14450763352215290069580078125" lon="-48.8433297537267208099365234375">
        <ele>1390</ele>
        <time>2026-04-20T19:36:26.000Z</time>
        <extensions>
          <ns3:TrackPointExtension>
            <ns3:hr>83</ns3:hr>
          </ns3:TrackPointExtension>
        </extensions>
      </trkpt>
      <trkpt lat="-25.14450763352215290069580078125" lon="-48.843326233327388763427734375">
        <ele>1390.4000244140625</ele>
        <time>2026-04-20T19:36:31.000Z</time>
        <extensions>
          <ns3:TrackPointExtension>
            <ns3:hr>80</ns3:hr>
          </ns3:TrackPointExtension>
        </extensions>
      </trkpt>
      <trkpt lat="-25.144559852778911590576171875" lon="-48.84313973598182201385498046875">
        <ele>1390.800048828125</ele>
        <time>2026-04-20T19:37:18.000Z</time>
        <extensions>
          <ns3:TrackPointExtension>
            <ns3:hr>82</ns3:hr>
          </ns3:TrackPointExtension>
        </extensions>
      </trkpt>
      <trkpt lat="-25.1445841602981090545654296875" lon="-48.843123726546764373779296875">
        <ele>1391</ele>
        <time>2026-04-20T19:37:21.000Z</time>
        <extensions>
          <ns3:TrackPointExtension>
            <ns3:hr>83</ns3:hr>
          </ns3:TrackPointExtension>
        </extensions>
      </trkpt>
      <trkpt lat="-25.144617520272731781005859375" lon="-48.8431084714829921722412109375">
        <ele>1393.199951171875</ele>
        <time>2026-04-20T19:37:29.000Z</time>
        <extensions>
          <ns3:TrackPointExtension>
            <ns3:hr>82</ns3:hr>
          </ns3:TrackPointExtension>
        </extensions>
      </trkpt>
      <trkpt lat="-25.144617855548858642578125" lon="-48.84310805238783359527587890625">
        <ele>1394.5999755859375</ele>
        <time>2026-04-20T19:37:36.000Z</time>
        <extensions>
          <ns3:TrackPointExtension>
            <ns3:hr>79</ns3:hr>
          </ns3:TrackPointExtension>
        </extensions>
      </trkpt>
      <trkpt lat="-25.14461316168308258056640625" lon="-48.84310805238783359527587890625">
        <ele>1394.800048828125</ele>
        <time>2026-04-20T19:37:43.000Z</time>
        <extensions>
          <ns3:TrackPointExtension>
            <ns3:hr>82</ns3:hr>
          </ns3:TrackPointExtension>
        </extensions>
      </trkpt>
      <trkpt lat="-25.1446116529405117034912109375" lon="-48.8430829904973506927490234375">
        <ele>1395.199951171875</ele>
        <time>2026-04-20T19:37:52.000Z</time>
        <extensions>
          <ns3:TrackPointExtension>
            <ns3:hr>79</ns3:hr>
          </ns3:TrackPointExtension>
        </extensions>
      </trkpt>
      <trkpt lat="-25.1446579210460186004638671875" lon="-48.84305709041655063629150390625">
        <ele>1398</ele>
        <time>2026-04-20T19:38:20.000Z</time>
        <extensions>
          <ns3:TrackPointExtension>
            <ns3:hr>82</ns3:hr>
          </ns3:TrackPointExtension>
        </extensions>
      </trkpt>
      <trkpt lat="-25.14466403983533382415771484375" lon="-48.8430159352719783782958984375">
        <ele>1400.4000244140625</ele>
        <time>2026-04-20T19:38:42.000Z</time>
        <extensions>
          <ns3:TrackPointExtension>
            <ns3:hr>85</ns3:hr>
          </ns3:TrackPointExtension>
        </extensions>
      </trkpt>
      <trkpt lat="-25.14466353692114353179931640625" lon="-48.8430159352719783782958984375">
        <ele>1401</ele>
        <time>2026-04-20T19:38:46.000Z</time>
        <extensions>
          <ns3:TrackPointExtension>
            <ns3:hr>82</ns3:hr>
          </ns3:TrackPointExtension>
        </extensions>
      </trkpt>
      <trkpt lat="-25.14466278254985809326171875" lon="-48.84301610291004180908203125">
        <ele>1401.4000244140625</ele>
        <time>2026-04-20T19:38:52.000Z</time>
        <extensions>
          <ns3:TrackPointExtension>
            <ns3:hr>85</ns3:hr>
          </ns3:TrackPointExtension>
        </extensions>
      </trkpt>
      <trkpt lat="-25.14466152526438236236572265625" lon="-48.843017108738422393798828125">
        <ele>1401.5999755859375</ele>
        <time>2026-04-20T19:38:55.000Z</time>
        <extensions>
          <ns3:TrackPointExtension>
            <ns3:hr>89</ns3:hr>
          </ns3:TrackPointExtension>
        </extensions>
      </trkpt>
      <trkpt lat="-25.14471416361629962921142578125" lon="-48.84301601909101009368896484375">
        <ele>1403</ele>
        <time>2026-04-20T19:39:18.000Z</time>
        <extensions>
          <ns3:TrackPointExtension>
            <ns3:hr>88</ns3:hr>
          </ns3:TrackPointExtension>
        </extensions>
      </trkpt>
      <trkpt lat="-25.14476881362497806549072265625" lon="-48.84299875237047672271728515625">
        <ele>1403.5999755859375</ele>
        <time>2026-04-20T19:39:28.000Z</time>
        <extensions>
          <ns3:TrackPointExtension>
            <ns3:hr>88</ns3:hr>
          </ns3:TrackPointExtension>
        </extensions>
      </trkpt>
      <trkpt lat="-25.14479932375252246856689453125" lon="-48.842993639409542083740234375">
        <ele>1404</ele>
        <time>2026-04-20T19:39:36.000Z</time>
        <extensions>
          <ns3:TrackPointExtension>
            <ns3:hr>89</ns3:hr>
          </ns3:TrackPointExtension>
        </extensions>
      </trkpt>
      <trkpt lat="-25.14481608755886554718017578125" lon="-48.842978216707706451416015625">
        <ele>1404.5999755859375</ele>
        <time>2026-04-20T19:39:44.000Z</time>
        <extensions>
          <ns3:TrackPointExtension>
            <ns3:hr>88</ns3:hr>
          </ns3:TrackPointExtension>
        </extensions>
      </trkpt>
      <trkpt lat="-25.14486336149275302886962890625" lon="-48.84299657307565212249755859375">
        <ele>1405.5999755859375</ele>
        <time>2026-04-20T19:40:07.000Z</time>
        <extensions>
          <ns3:TrackPointExtension>
            <ns3:hr>86</ns3:hr>
          </ns3:TrackPointExtension>
        </extensions>
      </trkpt>
      <trkpt lat="-25.1448929496109485626220703125" lon="-48.84300445206463336944580078125">
        <ele>1407</ele>
        <time>2026-04-20T19:40:12.000Z</time>
        <extensions>
          <ns3:TrackPointExtension>
            <ns3:hr>82</ns3:hr>
          </ns3:TrackPointExtension>
        </extensions>
      </trkpt>
      <trkpt lat="-25.14490418136119842529296875" lon="-48.8429958187043666839599609375">
        <ele>1407.800048828125</ele>
        <time>2026-04-20T19:40:15.000Z</time>
        <extensions>
          <ns3:TrackPointExtension>
            <ns3:hr>79</ns3:hr>
          </ns3:TrackPointExtension>
        </extensions>
      </trkpt>
      <trkpt lat="-25.1449083723127841949462890625" lon="-48.84299254976212978363037109375">
        <ele>1408.199951171875</ele>
        <time>2026-04-20T19:40:16.000Z</time>
        <extensions>
          <ns3:TrackPointExtension>
            <ns3:hr>82</ns3:hr>
          </ns3:TrackPointExtension>
        </extensions>
      </trkpt>
      <trkpt lat="-25.14491147361695766448974609375" lon="-48.84298919700086116790771484375">
        <ele>1408.4000244140625</ele>
        <time>2026-04-20T19:40:17.000Z</time>
        <extensions>
          <ns3:TrackPointExtension>
            <ns3:hr>81</ns3:hr>
          </ns3:TrackPointExtension>
        </extensions>
      </trkpt>
      <trkpt lat="-25.1449491083621978759765625" lon="-48.842967487871646881103515625">
        <ele>1409.800048828125</ele>
        <time>2026-04-20T19:40:25.000Z</time>
        <extensions>
          <ns3:TrackPointExtension>
            <ns3:hr>80</ns3:hr>
          </ns3:TrackPointExtension>
        </extensions>
      </trkpt>
      <trkpt lat="-25.14495841227471828460693359375" lon="-48.842980563640594482421875">
        <ele>1411.800048828125</ele>
        <time>2026-04-20T19:40:31.000Z</time>
        <extensions>
          <ns3:TrackPointExtension>
            <ns3:hr>83</ns3:hr>
          </ns3:TrackPointExtension>
        </extensions>
      </trkpt>
      <trkpt lat="-25.14495707117021083831787109375" lon="-48.842982240021228790283203125">
        <ele>1412</ele>
        <time>2026-04-20T19:40:32.000Z</time>
        <extensions>
          <ns3:TrackPointExtension>
            <ns3:hr>82</ns3:hr>
          </ns3:TrackPointExtension>
        </extensions>
      </trkpt>
      <trkpt lat="-25.1449553109705448150634765625" lon="-48.842983581125736236572265625">
        <ele>1413.4000244140625</ele>
        <time>2026-04-20T19:40:44.000Z</time>
        <extensions>
          <ns3:TrackPointExtension>
            <ns3:hr>79</ns3:hr>
          </ns3:TrackPointExtension>
        </extensions>
      </trkpt>
      <trkpt lat="-25.1449553109705448150634765625" lon="-48.842983581125736236572265625">
        <ele>1413.5999755859375</ele>
        <time>2026-04-20T19:40:46.000Z</time>
        <extensions>
          <ns3:TrackPointExtension>
            <ns3:hr>82</ns3:hr>
          </ns3:TrackPointExtension>
        </extensions>
      </trkpt>
      <trkpt lat="-25.14495539478957653045654296875" lon="-48.842983581125736236572265625">
        <ele>1413.5999755859375</ele>
        <time>2026-04-20T19:40:48.000Z</time>
        <extensions>
          <ns3:TrackPointExtension>
            <ns3:hr>81</ns3:hr>
          </ns3:TrackPointExtension>
        </extensions>
      </trkpt>
      <trkpt lat="-25.1449559815227985382080078125" lon="-48.842983581125736236572265625">
        <ele>1413.5999755859375</ele>
        <time>2026-04-20T19:40:51.000Z</time>
        <extensions>
          <ns3:TrackPointExtension>
            <ns3:hr>85</ns3:hr>
          </ns3:TrackPointExtension>
        </extensions>
      </trkpt>
      <trkpt lat="-25.1449569873511791229248046875" lon="-48.8429857604205608367919921875">
        <ele>1413.800048828125</ele>
        <time>2026-04-20T19:40:58.000Z</time>
        <extensions>
          <ns3:TrackPointExtension>
            <ns3:hr>89</ns3:hr>
          </ns3:TrackPointExtension>
        </extensions>
      </trkpt>
      <trkpt lat="-25.1449569873511791229248046875" lon="-48.84298584423959255218505859375">
        <ele>1413.800048828125</ele>
        <time>2026-04-20T19:40:59.000Z</time>
        <extensions>
          <ns3:TrackPointExtension>
            <ns3:hr>92</ns3:hr>
          </ns3:TrackPointExtension>
        </extensions>
      </trkpt>
      <trkpt lat="-25.14495790936052799224853515625" lon="-48.84298902936279773712158203125">
        <ele>1415.199951171875</ele>
        <time>2026-04-20T19:41:13.000Z</time>
        <extensions>
          <ns3:TrackPointExtension>
            <ns3:hr>95</ns3:hr>
          </ns3:TrackPointExtension>
        </extensions>
      </trkpt>
      <trkpt lat="-25.14495916664600372314453125" lon="-48.84299187920987606048583984375">
        <ele>1416.4000244140625</ele>
        <time>2026-04-20T19:41:28.000Z</time>
        <extensions>
          <ns3:TrackPointExtension>
            <ns3:hr>92</ns3:hr>
          </ns3:TrackPointExtension>
        </extensions>
      </trkpt>
      <trkpt lat="-25.14495925046503543853759765625" lon="-48.842993639409542083740234375">
        <ele>1417</ele>
        <time>2026-04-20T19:41:43.000Z</time>
        <extensions>
          <ns3:TrackPointExtension>
            <ns3:hr>89</ns3:hr>
          </ns3:TrackPointExtension>
        </extensions>
      </trkpt>
      <trkpt lat="-25.144959501922130584716796875" lon="-48.84299330413341522216796875">
        <ele>1417.4000244140625</ele>
        <time>2026-04-20T19:41:48.000Z</time>
        <extensions>
          <ns3:TrackPointExtension>
            <ns3:hr>86</ns3:hr>
          </ns3:TrackPointExtension>
        </extensions>
      </trkpt>
      <trkpt lat="-25.14495874755084514617919921875" lon="-48.8429911248385906219482421875">
        <ele>1419.5999755859375</ele>
        <time>2026-04-20T19:42:09.000Z</time>
        <extensions>
          <ns3:TrackPointExtension>
            <ns3:hr>89</ns3:hr>
          </ns3:TrackPointExtension>
        </extensions>
      </trkpt>
      <trkpt lat="-25.14495908282697200775146484375" lon="-48.8429911248385906219482421875">
        <ele>1419.800048828125</ele>
        <time>2026-04-20T19:42:12.000Z</time>
        <extensions>
          <ns3:TrackPointExtension>
            <ns3:hr>86</ns3:hr>
          </ns3:TrackPointExtension>
        </extensions>
      </trkpt>
      <trkpt lat="-25.14495916664600372314453125" lon="-48.84299137629568576812744140625">
        <ele>1420.199951171875</ele>
        <time>2026-04-20T19:42:18.000Z</time>
        <extensions>
          <ns3:TrackPointExtension>
            <ns3:hr>83</ns3:hr>
          </ns3:TrackPointExtension>
        </extensions>
      </trkpt>
      <trkpt lat="-25.14495916664600372314453125" lon="-48.84299137629568576812744140625">
        <ele>1420.4000244140625</ele>
        <time>2026-04-20T19:42:21.000Z</time>
        <extensions>
          <ns3:TrackPointExtension>
            <ns3:hr>80</ns3:hr>
          </ns3:TrackPointExtension>
        </extensions>
      </trkpt>
      <trkpt lat="-25.1449593342840671539306640625" lon="-48.84299254976212978363037109375">
        <ele>1421.4000244140625</ele>
        <time>2026-04-20T19:42:29.000Z</time>
        <extensions>
          <ns3:TrackPointExtension>
            <ns3:hr>77</ns3:hr>
          </ns3:TrackPointExtension>
        </extensions>
      </trkpt>
      <trkpt lat="-25.14495941810309886932373046875" lon="-48.84299405850470066070556640625">
        <ele>1422</ele>
        <time>2026-04-20T19:42:34.000Z</time>
        <extensions>
          <ns3:TrackPointExtension>
            <ns3:hr>80</ns3:hr>
          </ns3:TrackPointExtension>
        </extensions>
      </trkpt>
      <trkpt lat="-25.1450190134346485137939453125" lon="-48.8429653085768222808837890625">
        <ele>1423.199951171875</ele>
        <time>2026-04-20T19:42:55.000Z</time>
        <extensions>
          <ns3:TrackPointExtension>
            <ns3:hr>82</ns3:hr>
          </ns3:TrackPointExtension>
        </extensions>
      </trkpt>
      <trkpt lat="-25.14508095569908618927001953125" lon="-48.8429358042776584625244140625">
        <ele>1421.5999755859375</ele>
        <time>2026-04-20T19:43:02.000Z</time>
        <extensions>
          <ns3:TrackPointExtension>
            <ns3:hr>83</ns3:hr>
          </ns3:TrackPointExtension>
        </extensions>
      </trkpt>
      <trkpt lat="-25.14509051106870174407958984375" lon="-48.8429217226803302764892578125">
        <ele>1421.5999755859375</ele>
        <time>2026-04-20T19:43:09.000Z</time>
        <extensions>
          <ns3:TrackPointExtension>
            <ns3:hr>84</ns3:hr>
          </ns3:TrackPointExtension>
        </extensions>
      </trkpt>
      <trkpt lat="-25.145089924335479736328125" lon="-48.84291862137615680694580078125">
        <ele>1421.800048828125</ele>
        <time>2026-04-20T19:43:10.000Z</time>
        <extensions>
          <ns3:TrackPointExtension>
            <ns3:hr>88</ns3:hr>
          </ns3:TrackPointExtension>
        </extensions>
      </trkpt>
      <trkpt lat="-25.14509285800158977508544921875" lon="-48.84291342459619045257568359375">
        <ele>1421.800048828125</ele>
        <time>2026-04-20T19:43:11.000Z</time>
        <extensions>
          <ns3:TrackPointExtension>
            <ns3:hr>92</ns3:hr>
          </ns3:TrackPointExtension>
        </extensions>
      </trkpt>
      <trkpt lat="-25.14510333538055419921875" lon="-48.8429056294262409210205078125">
        <ele>1422.199951171875</ele>
        <time>2026-04-20T19:43:13.000Z</time>
        <extensions>
          <ns3:TrackPointExtension>
            <ns3:hr>97</ns3:hr>
          </ns3:TrackPointExtension>
        </extensions>
      </trkpt>
      <trkpt lat="-25.14511599205434322357177734375" lon="-48.8429022766649723052978515625">
        <ele>1422.199951171875</ele>
        <time>2026-04-20T19:43:15.000Z</time>
        <extensions>
          <ns3:TrackPointExtension>
            <ns3:hr>101</ns3:hr>
          </ns3:TrackPointExtension>
        </extensions>
      </trkpt>
      <trkpt lat="-25.14511984772980213165283203125" lon="-48.8429032824933528900146484375">
        <ele>1422.5999755859375</ele>
        <time>2026-04-20T19:43:20.000Z</time>
        <extensions>
          <ns3:TrackPointExtension>
            <ns3:hr>98</ns3:hr>
          </ns3:TrackPointExtension>
        </extensions>
      </trkpt>
      <trkpt lat="-25.14511984772980213165283203125" lon="-48.8429032824933528900146484375">
        <ele>1422.800048828125</ele>
        <time>2026-04-20T19:43:25.000Z</time>
        <extensions>
          <ns3:TrackPointExtension>
            <ns3:hr>98</ns3:hr>
          </ns3:TrackPointExtension>
        </extensions>
      </trkpt>
      <trkpt lat="-25.145119763910770416259765625" lon="-48.8429056294262409210205078125">
        <ele>1423</ele>
        <time>2026-04-20T19:43:42.000Z</time>
        <extensions>
          <ns3:TrackPointExtension>
            <ns3:hr>101</ns3:hr>
          </ns3:TrackPointExtension>
        </extensions>
      </trkpt>
      <trkpt lat="-25.1451242901384830474853515625" lon="-48.84290604852139949798583984375">
        <ele>1423.4000244140625</ele>
        <time>2026-04-20T19:43:53.000Z</time>
        <extensions>
          <ns3:TrackPointExtension>
            <ns3:hr>104</ns3:hr>
          </ns3:TrackPointExtension>
        </extensions>
      </trkpt>
      <trkpt lat="-25.14513191767036914825439453125" lon="-48.84289800189435482025146484375">
        <ele>1423.800048828125</ele>
        <time>2026-04-20T19:44:02.000Z</time>
        <extensions>
          <ns3:TrackPointExtension>
            <ns3:hr>101</ns3:hr>
          </ns3:TrackPointExtension>
        </extensions>
      </trkpt>
      <trkpt lat="-25.14513275586068630218505859375" lon="-48.8428975827991962432861328125">
        <ele>1424.4000244140625</ele>
        <time>2026-04-20T19:44:07.000Z</time>
        <extensions>
          <ns3:TrackPointExtension>
            <ns3:hr>104</ns3:hr>
          </ns3:TrackPointExtension>
        </extensions>
      </trkpt>
      <trkpt lat="-25.145185478031635284423828125" lon="-48.842801190912723541259765625">
        <ele>1426.199951171875</ele>
        <time>2026-04-20T19:44:25.000Z</time>
        <extensions>
          <ns3:TrackPointExtension>
            <ns3:hr>101</ns3:hr>
          </ns3:TrackPointExtension>
        </extensions>
      </trkpt>
      <trkpt lat="-25.1452262140810489654541015625" lon="-48.8427621312439441680908203125">
        <ele>1426.800048828125</ele>
        <time>2026-04-20T19:44:29.000Z</time>
        <extensions>
          <ns3:TrackPointExtension>
            <ns3:hr>98</ns3:hr>
          </ns3:TrackPointExtension>
        </extensions>
      </trkpt>
      <trkpt lat="-25.1452443189918994903564453125" lon="-48.84275886230170726776123046875">
        <ele>1428</ele>
        <time>2026-04-20T19:44:32.000Z</time>
        <extensions>
          <ns3:TrackPointExtension>
            <ns3:hr>97</ns3:hr>
          </ns3:TrackPointExtension>
        </extensions>
      </trkpt>
      <trkpt lat="-25.14526091516017913818359375" lon="-48.84275299496948719024658203125">
        <ele>1429.4000244140625</ele>
        <time>2026-04-20T19:44:39.000Z</time>
        <extensions>
          <ns3:TrackPointExtension>
            <ns3:hr>96</ns3:hr>
          </ns3:TrackPointExtension>
        </extensions>
      </trkpt>
      <trkpt lat="-25.145257897675037384033203125" lon="-48.8427378237247467041015625">
        <ele>1430.5999755859375</ele>
        <time>2026-04-20T19:44:46.000Z</time>
        <extensions>
          <ns3:TrackPointExtension>
            <ns3:hr>95</ns3:hr>
          </ns3:TrackPointExtension>
        </extensions>
      </trkpt>
      <trkpt lat="-25.14529100619256496429443359375" lon="-48.84269918315112590789794921875">
        <ele>1431.800048828125</ele>
        <time>2026-04-20T19:44:53.000Z</time>
        <extensions>
          <ns3:TrackPointExtension>
            <ns3:hr>95</ns3:hr>
          </ns3:TrackPointExtension>
        </extensions>
      </trkpt>
      <trkpt lat="-25.1453335024416446685791015625" lon="-48.842704296112060546875">
        <ele>1431.800048828125</ele>
        <time>2026-04-20T19:45:00.000Z</time>
        <extensions>
          <ns3:TrackPointExtension>
            <ns3:hr>93</ns3:hr>
          </ns3:TrackPointExtension>
        </extensions>
      </trkpt>
      <trkpt lat="-25.14533861540257930755615234375" lon="-48.842701278626918792724609375">
        <ele>1431.5999755859375</ele>
        <time>2026-04-20T19:45:01.000Z</time>
        <extensions>
          <ns3:TrackPointExtension>
            <ns3:hr>90</ns3:hr>
          </ns3:TrackPointExtension>
        </extensions>
      </trkpt>
      <trkpt lat="-25.14538471587002277374267578125" lon="-48.84266045875847339630126953125">
        <ele>1431.800048828125</ele>
        <time>2026-04-20T19:45:11.000Z</time>
        <extensions>
          <ns3:TrackPointExtension>
            <ns3:hr>91</ns3:hr>
          </ns3:TrackPointExtension>
        </extensions>
      </trkpt>
      <trkpt lat="-25.1453918404877185821533203125" lon="-48.84263464249670505523681640625">
        <ele>1433</ele>
        <time>2026-04-20T19:45:20.000Z</time>
        <extensions>
          <ns3:TrackPointExtension>
            <ns3:hr>90</ns3:hr>
          </ns3:TrackPointExtension>
        </extensions>
      </trkpt>
      <trkpt lat="-25.1453889906406402587890625" lon="-48.84263397194445133209228515625">
        <ele>1433</ele>
        <time>2026-04-20T19:45:28.000Z</time>
        <extensions>
          <ns3:TrackPointExtension>
            <ns3:hr>88</ns3:hr>
          </ns3:TrackPointExtension>
        </extensions>
      </trkpt>
      <trkpt lat="-25.14538974501192569732666015625" lon="-48.84263397194445133209228515625">
        <ele>1432.800048828125</ele>
        <time>2026-04-20T19:45:35.000Z</time>
        <extensions>
          <ns3:TrackPointExtension>
            <ns3:hr>85</ns3:hr>
          </ns3:TrackPointExtension>
        </extensions>
      </trkpt>
      <trkpt lat="-25.14544523321092128753662109375" lon="-48.8424848578870296478271484375">
        <ele>1438.4000244140625</ele>
        <time>2026-04-20T19:46:27.000Z</time>
        <extensions>
          <ns3:TrackPointExtension>
            <ns3:hr>81</ns3:hr>
          </ns3:TrackPointExtension>
        </extensions>
      </trkpt>
      <trkpt lat="-25.1454538665711879730224609375" lon="-48.842349909245967864990234375">
        <ele>1439.800048828125</ele>
        <time>2026-04-20T19:46:45.000Z</time>
        <extensions>
          <ns3:TrackPointExtension>
            <ns3:hr>82</ns3:hr>
          </ns3:TrackPointExtension>
        </extensions>
      </trkpt>
      <trkpt lat="-25.14542696066200733184814453125" lon="-48.84225695393979549407958984375">
        <ele>1442</ele>
        <time>2026-04-20T19:46:53.000Z</time>
        <extensions>
          <ns3:TrackPointExtension>
            <ns3:hr>82</ns3:hr>
          </ns3:TrackPointExtension>
        </extensions>
      </trkpt>
      <trkpt lat="-25.1454508490860462188720703125" lon="-48.84217254817485809326171875">
        <ele>1446.5999755859375</ele>
        <time>2026-04-20T19:47:02.000Z</time>
        <extensions>
          <ns3:TrackPointExtension>
            <ns3:hr>83</ns3:hr>
          </ns3:TrackPointExtension>
        </extensions>
      </trkpt>
      <trkpt lat="-25.14546149410307407379150390625" lon="-48.84213206358253955841064453125">
        <ele>1449.4000244140625</ele>
        <time>2026-04-20T19:47:09.000Z</time>
        <extensions>
          <ns3:TrackPointExtension>
            <ns3:hr>80</ns3:hr>
          </ns3:TrackPointExtension>
        </extensions>
      </trkpt>
      <trkpt lat="-25.14545965008437633514404296875" lon="-48.84212317876517772674560546875">
        <ele>1449.800048828125</ele>
        <time>2026-04-20T19:47:11.000Z</time>
        <extensions>
          <ns3:TrackPointExtension>
            <ns3:hr>80</ns3:hr>
          </ns3:TrackPointExtension>
        </extensions>
      </trkpt>
      <trkpt lat="-25.14546216465532779693603515625" lon="-48.8421110250055789947509765625">
        <ele>1450.5999755859375</ele>
        <time>2026-04-20T19:47:16.000Z</time>
        <extensions>
          <ns3:TrackPointExtension>
            <ns3:hr>83</ns3:hr>
          </ns3:TrackPointExtension>
        </extensions>
      </trkpt>
      <trkpt lat="-25.14546065591275691986083984375" lon="-48.84211144410073757171630859375">
        <ele>1451.199951171875</ele>
        <time>2026-04-20T19:47:18.000Z</time>
        <extensions>
          <ns3:TrackPointExtension>
            <ns3:hr>82</ns3:hr>
          </ns3:TrackPointExtension>
        </extensions>
      </trkpt>
      <trkpt lat="-25.14545998536050319671630859375" lon="-48.8421113602817058563232421875">
        <ele>1451.5999755859375</ele>
        <time>2026-04-20T19:47:19.000Z</time>
        <extensions>
          <ns3:TrackPointExtension>
            <ns3:hr>85</ns3:hr>
          </ns3:TrackPointExtension>
        </extensions>
      </trkpt>
      <trkpt lat="-25.14545998536050319671630859375" lon="-48.8421113602817058563232421875">
        <ele>1452.199951171875</ele>
        <time>2026-04-20T19:47:22.000Z</time>
        <extensions>
          <ns3:TrackPointExtension>
            <ns3:hr>82</ns3:hr>
          </ns3:TrackPointExtension>
        </extensions>
      </trkpt>
      <trkpt lat="-25.14545965008437633514404296875" lon="-48.84210725314915180206298828125">
        <ele>1452.800048828125</ele>
        <time>2026-04-20T19:47:37.000Z</time>
        <extensions>
          <ns3:TrackPointExtension>
            <ns3:hr>85</ns3:hr>
          </ns3:TrackPointExtension>
        </extensions>
      </trkpt>
      <trkpt lat="-25.14545948244631290435791015625" lon="-48.84210607968270778656005859375">
        <ele>1452.800048828125</ele>
        <time>2026-04-20T19:47:39.000Z</time>
        <extensions>
          <ns3:TrackPointExtension>
            <ns3:hr>85</ns3:hr>
          </ns3:TrackPointExtension>
        </extensions>
      </trkpt>
      <trkpt lat="-25.14546048827469348907470703125" lon="-48.84210289455950260162353515625">
        <ele>1454</ele>
        <time>2026-04-20T19:48:02.000Z</time>
        <extensions>
          <ns3:TrackPointExtension>
            <ns3:hr>88</ns3:hr>
          </ns3:TrackPointExtension>
        </extensions>
      </trkpt>
      <trkpt lat="-25.14546384103596210479736328125" lon="-48.84210289455950260162353515625">
        <ele>1454</ele>
        <time>2026-04-20T19:48:04.000Z</time>
        <extensions>
          <ns3:TrackPointExtension>
            <ns3:hr>91</ns3:hr>
          </ns3:TrackPointExtension>
        </extensions>
      </trkpt>
      <trkpt lat="-25.1454531960189342498779296875" lon="-48.84211010299623012542724609375">
        <ele>1456.4000244140625</ele>
        <time>2026-04-20T19:48:42.000Z</time>
        <extensions>
          <ns3:TrackPointExtension>
            <ns3:hr>94</ns3:hr>
          </ns3:TrackPointExtension>
        </extensions>
      </trkpt>
      <trkpt lat="-25.14550005085766315460205078125" lon="-48.8420597277581691741943359375">
        <ele>1457.800048828125</ele>
        <time>2026-04-20T19:48:54.000Z</time>
        <extensions>
          <ns3:TrackPointExtension>
            <ns3:hr>94</ns3:hr>
          </ns3:TrackPointExtension>
        </extensions>
      </trkpt>
      <trkpt lat="-25.145519413053989410400390625" lon="-48.84202226065099239349365234375">
        <ele>1457.800048828125</ele>
        <time>2026-04-20T19:48:58.000Z</time>
        <extensions>
          <ns3:TrackPointExtension>
            <ns3:hr>91</ns3:hr>
          </ns3:TrackPointExtension>
        </extensions>
      </trkpt>
      <trkpt lat="-25.14552687294781208038330078125" lon="-48.842001892626285552978515625">
        <ele>1458.199951171875</ele>
        <time>2026-04-20T19:49:02.000Z</time>
        <extensions>
          <ns3:TrackPointExtension>
            <ns3:hr>92</ns3:hr>
          </ns3:TrackPointExtension>
        </extensions>
      </trkpt>
      <trkpt lat="-25.14553274028003215789794921875" lon="-48.8419695384800434112548828125">
        <ele>1458.5999755859375</ele>
        <time>2026-04-20T19:49:08.000Z</time>
        <extensions>
          <ns3:TrackPointExtension>
            <ns3:hr>89</ns3:hr>
          </ns3:TrackPointExtension>
        </extensions>
      </trkpt>
      <trkpt lat="-25.14555327594280242919921875" lon="-48.841951601207256317138671875">
        <ele>1459.199951171875</ele>
        <time>2026-04-20T19:49:12.000Z</time>
        <extensions>
          <ns3:TrackPointExtension>
            <ns3:hr>90</ns3:hr>
          </ns3:TrackPointExtension>
        </extensions>
      </trkpt>
      <trkpt lat="-25.1455698721110820770263671875" lon="-48.84194447658956050872802734375">
        <ele>1459.4000244140625</ele>
        <time>2026-04-20T19:49:15.000Z</time>
        <extensions>
          <ns3:TrackPointExtension>
            <ns3:hr>86</ns3:hr>
          </ns3:TrackPointExtension>
        </extensions>
      </trkpt>
      <trkpt lat="-25.1455980353057384490966796875" lon="-48.841921426355838775634765625">
        <ele>1459.4000244140625</ele>
        <time>2026-04-20T19:49:20.000Z</time>
        <extensions>
          <ns3:TrackPointExtension>
            <ns3:hr>86</ns3:hr>
          </ns3:TrackPointExtension>
        </extensions>
      </trkpt>
      <trkpt lat="-25.14562762342393398284912109375" lon="-48.84191195480525493621826171875">
        <ele>1459.800048828125</ele>
        <time>2026-04-20T19:49:24.000Z</time>
        <extensions>
          <ns3:TrackPointExtension>
            <ns3:hr>90</ns3:hr>
          </ns3:TrackPointExtension>
        </extensions>
      </trkpt>
      <trkpt lat="-25.14563969336450099945068359375" lon="-48.8419036567211151123046875">
        <ele>1460</ele>
        <time>2026-04-20T19:49:26.000Z</time>
        <extensions>
          <ns3:TrackPointExtension>
            <ns3:hr>86</ns3:hr>
          </ns3:TrackPointExtension>
        </extensions>
      </trkpt>
      <trkpt lat="-25.14565008692443370819091796875" lon="-48.841870129108428955078125">
        <ele>1460.800048828125</ele>
        <time>2026-04-20T19:49:31.000Z</time>
        <extensions>
          <ns3:TrackPointExtension>
            <ns3:hr>88</ns3:hr>
          </ns3:TrackPointExtension>
        </extensions>
      </trkpt>
      <trkpt lat="-25.14566735364496707916259765625" lon="-48.8418019004166126251220703125">
        <ele>1463.5999755859375</ele>
        <time>2026-04-20T19:49:41.000Z</time>
        <extensions>
          <ns3:TrackPointExtension>
            <ns3:hr>87</ns3:hr>
          </ns3:TrackPointExtension>
        </extensions>
      </trkpt>
      <trkpt lat="-25.14569015242159366607666015625" lon="-48.8417740724980831146240234375">
        <ele>1464.800048828125</ele>
        <time>2026-04-20T19:49:47.000Z</time>
        <extensions>
          <ns3:TrackPointExtension>
            <ns3:hr>84</ns3:hr>
          </ns3:TrackPointExtension>
        </extensions>
      </trkpt>
      <trkpt lat="-25.14569886960089206695556640625" lon="-48.8417502678930759429931640625">
        <ele>1465.4000244140625</ele>
        <time>2026-04-20T19:49:51.000Z</time>
        <extensions>
          <ns3:TrackPointExtension>
            <ns3:hr>84</ns3:hr>
          </ns3:TrackPointExtension>
        </extensions>
      </trkpt>
      <trkpt lat="-25.14574865810573101043701171875" lon="-48.84174205362796783447265625">
        <ele>1466</ele>
        <time>2026-04-20T19:49:58.000Z</time>
        <extensions>
          <ns3:TrackPointExtension>
            <ns3:hr>80</ns3:hr>
          </ns3:TrackPointExtension>
        </extensions>
      </trkpt>
      <trkpt lat="-25.1457564532756805419921875" lon="-48.841741047799587249755859375">
        <ele>1466</ele>
        <time>2026-04-20T19:49:59.000Z</time>
        <extensions>
          <ns3:TrackPointExtension>
            <ns3:hr>83</ns3:hr>
          </ns3:TrackPointExtension>
        </extensions>
      </trkpt>
      <trkpt lat="-25.14577858150005340576171875" lon="-48.8417438976466655731201171875">
        <ele>1466.5999755859375</ele>
        <time>2026-04-20T19:50:02.000Z</time>
        <extensions>
          <ns3:TrackPointExtension>
            <ns3:hr>83</ns3:hr>
          </ns3:TrackPointExtension>
        </extensions>
      </trkpt>
      <trkpt lat="-25.1458320580422878265380859375" lon="-48.84174917824566364288330078125">
        <ele>1467.4000244140625</ele>
        <time>2026-04-20T19:50:10.000Z</time>
        <extensions>
          <ns3:TrackPointExtension>
            <ns3:hr>83</ns3:hr>
          </ns3:TrackPointExtension>
        </extensions>
      </trkpt>
      <trkpt lat="-25.14584605582058429718017578125" lon="-48.84175538085401058197021484375">
        <ele>1468.199951171875</ele>
        <time>2026-04-20T19:50:17.000Z</time>
        <extensions>
          <ns3:TrackPointExtension>
            <ns3:hr>84</ns3:hr>
          </ns3:TrackPointExtension>
        </extensions>
      </trkpt>
      <trkpt lat="-25.1458476483821868896484375" lon="-48.8417569734156131744384765625">
        <ele>1468.800048828125</ele>
        <time>2026-04-20T19:50:27.000Z</time>
        <extensions>
          <ns3:TrackPointExtension>
            <ns3:hr>81</ns3:hr>
          </ns3:TrackPointExtension>
        </extensions>
      </trkpt>
      <trkpt lat="-25.1458476483821868896484375" lon="-48.8417569734156131744384765625">
        <ele>1468.800048828125</ele>
        <time>2026-04-20T19:50:28.000Z</time>
        <extensions>
          <ns3:TrackPointExtension>
            <ns3:hr>84</ns3:hr>
          </ns3:TrackPointExtension>
        </extensions>
      </trkpt>
      <trkpt lat="-25.1458476483821868896484375" lon="-48.8417569734156131744384765625">
        <ele>1468.800048828125</ele>
        <time>2026-04-20T19:50:31.000Z</time>
        <extensions>
          <ns3:TrackPointExtension>
            <ns3:hr>85</ns3:hr>
          </ns3:TrackPointExtension>
        </extensions>
      </trkpt>
      <trkpt lat="-25.1458476483821868896484375" lon="-48.8417569734156131744384765625">
        <ele>1468.800048828125</ele>
        <time>2026-04-20T19:50:34.000Z</time>
        <extensions>
          <ns3:TrackPointExtension>
            <ns3:hr>82</ns3:hr>
          </ns3:TrackPointExtension>
        </extensions>
      </trkpt>
      <trkpt lat="-25.1458476483821868896484375" lon="-48.8417569734156131744384765625">
        <ele>1468.800048828125</ele>
        <time>2026-04-20T19:50:38.000Z</time>
        <extensions>
          <ns3:TrackPointExtension>
            <ns3:hr>85</ns3:hr>
          </ns3:TrackPointExtension>
        </extensions>
      </trkpt>
      <trkpt lat="-25.145854018628597259521484375" lon="-48.841756470501422882080078125">
        <ele>1468.800048828125</ele>
        <time>2026-04-20T19:50:48.000Z</time>
        <extensions>
          <ns3:TrackPointExtension>
            <ns3:hr>89</ns3:hr>
          </ns3:TrackPointExtension>
        </extensions>
      </trkpt>
      <trkpt lat="-25.14586432836949825286865234375" lon="-48.841753788292407989501953125">
        <ele>1468.800048828125</ele>
        <time>2026-04-20T19:50:50.000Z</time>
        <extensions>
          <ns3:TrackPointExtension>
            <ns3:hr>92</ns3:hr>
          </ns3:TrackPointExtension>
        </extensions>
      </trkpt>
      <trkpt lat="-25.1458779908716678619384765625" lon="-48.841753117740154266357421875">
        <ele>1468.800048828125</ele>
        <time>2026-04-20T19:50:52.000Z</time>
        <extensions>
          <ns3:TrackPointExtension>
            <ns3:hr>95</ns3:hr>
          </ns3:TrackPointExtension>
        </extensions>
      </trkpt>
      <trkpt lat="-25.1458974368870258331298828125" lon="-48.84175202809274196624755859375">
        <ele>1468.5999755859375</ele>
        <time>2026-04-20T19:50:56.000Z</time>
        <extensions>
          <ns3:TrackPointExtension>
            <ns3:hr>100</ns3:hr>
          </ns3:TrackPointExtension>
        </extensions>
      </trkpt>
      <trkpt lat="-25.14596139080822467803955078125" lon="-48.841743730008602142333984375">
        <ele>1468</ele>
        <time>2026-04-20T19:51:11.000Z</time>
        <extensions>
          <ns3:TrackPointExtension>
            <ns3:hr>104</ns3:hr>
          </ns3:TrackPointExtension>
        </extensions>
      </trkpt>
      <trkpt lat="-25.14596222899854183197021484375" lon="-48.84174364618957042694091796875">
        <ele>1467.800048828125</ele>
        <time>2026-04-20T19:51:17.000Z</time>
        <extensions>
          <ns3:TrackPointExtension>
            <ns3:hr>107</ns3:hr>
          </ns3:TrackPointExtension>
        </extensions>
      </trkpt>
      <trkpt lat="-25.14596222899854183197021484375" lon="-48.84174431674182415008544921875">
        <ele>1468</ele>
        <time>2026-04-20T19:51:24.000Z</time>
        <extensions>
          <ns3:TrackPointExtension>
            <ns3:hr>104</ns3:hr>
          </ns3:TrackPointExtension>
        </extensions>
      </trkpt>
      <trkpt lat="-25.14596189372241497039794921875" lon="-48.8417445681989192962646484375">
        <ele>1468.199951171875</ele>
        <time>2026-04-20T19:51:27.000Z</time>
        <extensions>
          <ns3:TrackPointExtension>
            <ns3:hr>99</ns3:hr>
          </ns3:TrackPointExtension>
        </extensions>
      </trkpt>
      <trkpt lat="-25.14596155844628810882568359375" lon="-48.8417445681989192962646484375">
        <ele>1468.199951171875</ele>
        <time>2026-04-20T19:51:29.000Z</time>
        <extensions>
          <ns3:TrackPointExtension>
            <ns3:hr>95</ns3:hr>
          </ns3:TrackPointExtension>
        </extensions>
      </trkpt>
      <trkpt lat="-25.14596088789403438568115234375" lon="-48.84174465201795101165771484375">
        <ele>1468.199951171875</ele>
        <time>2026-04-20T19:51:31.000Z</time>
        <extensions>
          <ns3:TrackPointExtension>
            <ns3:hr>92</ns3:hr>
          </ns3:TrackPointExtension>
        </extensions>
      </trkpt>
      <trkpt lat="-25.14595435000956058502197265625" lon="-48.84174766950309276580810546875">
        <ele>1468.4000244140625</ele>
        <time>2026-04-20T19:51:52.000Z</time>
        <extensions>
          <ns3:TrackPointExtension>
            <ns3:hr>89</ns3:hr>
          </ns3:TrackPointExtension>
        </extensions>
      </trkpt>
      <trkpt lat="-25.14595426619052886962890625" lon="-48.8417489267885684967041015625">
        <ele>1468.800048828125</ele>
        <time>2026-04-20T19:52:01.000Z</time>
        <extensions>
          <ns3:TrackPointExtension>
            <ns3:hr>93</ns3:hr>
          </ns3:TrackPointExtension>
        </extensions>
      </trkpt>
      <trkpt lat="-25.14595426619052886962890625" lon="-48.8417489267885684967041015625">
        <ele>1468.800048828125</ele>
        <time>2026-04-20T19:52:02.000Z</time>
        <extensions>
          <ns3:TrackPointExtension>
            <ns3:hr>96</ns3:hr>
          </ns3:TrackPointExtension>
        </extensions>
      </trkpt>
      <trkpt lat="-25.14595426619052886962890625" lon="-48.8417489267885684967041015625">
        <ele>1468.800048828125</ele>
        <time>2026-04-20T19:52:03.000Z</time>
        <extensions>
          <ns3:TrackPointExtension>
            <ns3:hr>100</ns3:hr>
          </ns3:TrackPointExtension>
        </extensions>
      </trkpt>
      <trkpt lat="-25.14595719985663890838623046875" lon="-48.8417489267885684967041015625">
        <ele>1469</ele>
        <time>2026-04-20T19:52:08.000Z</time>
        <extensions>
          <ns3:TrackPointExtension>
            <ns3:hr>97</ns3:hr>
          </ns3:TrackPointExtension>
        </extensions>
      </trkpt>
      <trkpt lat="-25.14604889787733554840087890625" lon="-48.841731660068035125732421875">
        <ele>1469</ele>
        <time>2026-04-20T19:52:16.000Z</time>
        <extensions>
          <ns3:TrackPointExtension>
            <ns3:hr>96</ns3:hr>
          </ns3:TrackPointExtension>
        </extensions>
      </trkpt>
      <trkpt lat="-25.1461009494960308074951171875" lon="-48.84172067977488040924072265625">
        <ele>1468.800048828125</ele>
        <time>2026-04-20T19:52:22.000Z</time>
        <extensions>
          <ns3:TrackPointExtension>
            <ns3:hr>93</ns3:hr>
          </ns3:TrackPointExtension>
        </extensions>
      </trkpt>
      <trkpt lat="-25.146076641976833343505859375" lon="-48.8417231105268001556396484375">
        <ele>1468.5999755859375</ele>
        <time>2026-04-20T19:52:33.000Z</time>
        <extensions>
          <ns3:TrackPointExtension>
            <ns3:hr>95</ns3:hr>
          </ns3:TrackPointExtension>
        </extensions>
      </trkpt>
      <trkpt lat="-25.14608678407967090606689453125" lon="-48.84171850048005580902099609375">
        <ele>1469</ele>
        <time>2026-04-20T19:52:37.000Z</time>
        <extensions>
          <ns3:TrackPointExtension>
            <ns3:hr>99</ns3:hr>
          </ns3:TrackPointExtension>
        </extensions>
      </trkpt>
      <trkpt lat="-25.1460878737270832061767578125" lon="-48.84171866811811923980712890625">
        <ele>1469.199951171875</ele>
        <time>2026-04-20T19:52:39.000Z</time>
        <extensions>
          <ns3:TrackPointExtension>
            <ns3:hr>102</ns3:hr>
          </ns3:TrackPointExtension>
        </extensions>
      </trkpt>
      <trkpt lat="-25.1460878737270832061767578125" lon="-48.84171866811811923980712890625">
        <ele>1469.4000244140625</ele>
        <time>2026-04-20T19:52:40.000Z</time>
        <extensions>
          <ns3:TrackPointExtension>
            <ns3:hr>103</ns3:hr>
          </ns3:TrackPointExtension>
        </extensions>
      </trkpt>
      <trkpt lat="-25.14608644880354404449462890625" lon="-48.84171900339424610137939453125">
        <ele>1469.800048828125</ele>
        <time>2026-04-20T19:52:58.000Z</time>
        <extensions>
          <ns3:TrackPointExtension>
            <ns3:hr>100</ns3:hr>
          </ns3:TrackPointExtension>
        </extensions>
      </trkpt>
      <trkpt lat="-25.14608644880354404449462890625" lon="-48.84171866811811923980712890625">
        <ele>1470.4000244140625</ele>
        <time>2026-04-20T19:53:09.000Z</time>
        <extensions>
          <ns3:TrackPointExtension>
            <ns3:hr>97</ns3:hr>
          </ns3:TrackPointExtension>
        </extensions>
      </trkpt>
      <trkpt lat="-25.1460863649845123291015625" lon="-48.8417184166610240936279296875">
        <ele>1470.4000244140625</ele>
        <time>2026-04-20T19:53:11.000Z</time>
        <extensions>
          <ns3:TrackPointExtension>
            <ns3:hr>94</ns3:hr>
          </ns3:TrackPointExtension>
        </extensions>
      </trkpt>
      <trkpt lat="-25.146086700260639190673828125" lon="-48.8417177461087703704833984375">
        <ele>1470.800048828125</ele>
        <time>2026-04-20T19:53:16.000Z</time>
        <extensions>
          <ns3:TrackPointExtension>
            <ns3:hr>91</ns3:hr>
          </ns3:TrackPointExtension>
        </extensions>
      </trkpt>
      <trkpt lat="-25.146092735230922698974609375" lon="-48.84171732701361179351806640625">
        <ele>1471.199951171875</ele>
        <time>2026-04-20T19:53:24.000Z</time>
        <extensions>
          <ns3:TrackPointExtension>
            <ns3:hr>88</ns3:hr>
          </ns3:TrackPointExtension>
        </extensions>
      </trkpt>
      <trkpt lat="-25.1461036317050457000732421875" lon="-48.8417170755565166473388671875">
        <ele>1471.5999755859375</ele>
        <time>2026-04-20T19:53:32.000Z</time>
        <extensions>
          <ns3:TrackPointExtension>
            <ns3:hr>85</ns3:hr>
          </ns3:TrackPointExtension>
        </extensions>
      </trkpt>
      <trkpt lat="-25.1461257599294185638427734375" lon="-48.841701485216617584228515625">
        <ele>1472</ele>
        <time>2026-04-20T19:53:47.000Z</time>
        <extensions>
          <ns3:TrackPointExtension>
            <ns3:hr>88</ns3:hr>
          </ns3:TrackPointExtension>
        </extensions>
      </trkpt>
      <trkpt lat="-25.1461358182132244110107421875" lon="-48.84169184602797031402587890625">
        <ele>1472</ele>
        <time>2026-04-20T19:53:49.000Z</time>
        <extensions>
          <ns3:TrackPointExtension>
            <ns3:hr>85</ns3:hr>
          </ns3:TrackPointExtension>
        </extensions>
      </trkpt>
      <trkpt lat="-25.14615987427532672882080078125" lon="-48.841666616499423980712890625">
        <ele>1472.4000244140625</ele>
        <time>2026-04-20T19:53:54.000Z</time>
        <extensions>
          <ns3:TrackPointExtension>
            <ns3:hr>82</ns3:hr>
          </ns3:TrackPointExtension>
        </extensions>
      </trkpt>
      <trkpt lat="-25.14616750180721282958984375" lon="-48.84165488183498382568359375">
        <ele>1472.5999755859375</ele>
        <time>2026-04-20T19:53:57.000Z</time>
        <extensions>
          <ns3:TrackPointExtension>
            <ns3:hr>86</ns3:hr>
          </ns3:TrackPointExtension>
        </extensions>
      </trkpt>
      <trkpt lat="-25.14617043547332286834716796875" lon="-48.84165245108306407928466796875">
        <ele>1472.5999755859375</ele>
        <time>2026-04-20T19:53:58.000Z</time>
        <extensions>
          <ns3:TrackPointExtension>
            <ns3:hr>83</ns3:hr>
          </ns3:TrackPointExtension>
        </extensions>
      </trkpt>
      <trkpt lat="-25.1461733691394329071044921875" lon="-48.84164792485535144805908203125">
        <ele>1472.5999755859375</ele>
        <time>2026-04-20T19:53:59.000Z</time>
        <extensions>
          <ns3:TrackPointExtension>
            <ns3:hr>80</ns3:hr>
          </ns3:TrackPointExtension>
        </extensions>
      </trkpt>
      <trkpt lat="-25.1461770571768283843994140625" lon="-48.84164390154182910919189453125">
        <ele>1472.800048828125</ele>
        <time>2026-04-20T19:54:00.000Z</time>
        <extensions>
          <ns3:TrackPointExtension>
            <ns3:hr>84</ns3:hr>
          </ns3:TrackPointExtension>
        </extensions>
      </trkpt>
      <trkpt lat="-25.14624956063926219940185546875" lon="-48.8414377905428409576416015625">
        <ele>1476</ele>
        <time>2026-04-20T19:54:37.000Z</time>
        <extensions>
          <ns3:TrackPointExtension>
            <ns3:hr>83</ns3:hr>
          </ns3:TrackPointExtension>
        </extensions>
      </trkpt>
      <trkpt lat="-25.1462615467607975006103515625" lon="-48.84136679582297801971435546875">
        <ele>1478.800048828125</ele>
        <time>2026-04-20T19:54:49.000Z</time>
        <extensions>
          <ns3:TrackPointExtension>
            <ns3:hr>81</ns3:hr>
          </ns3:TrackPointExtension>
        </extensions>
      </trkpt>
      <trkpt lat="-25.14630806632339954376220703125" lon="-48.84131398983299732208251953125">
        <ele>1481.800048828125</ele>
        <time>2026-04-20T19:54:59.000Z</time>
        <extensions>
          <ns3:TrackPointExtension>
            <ns3:hr>81</ns3:hr>
          </ns3:TrackPointExtension>
        </extensions>
      </trkpt>
      <trkpt lat="-25.1463252492249011993408203125" lon="-48.841283731162548065185546875">
        <ele>1483.800048828125</ele>
        <time>2026-04-20T19:55:07.000Z</time>
        <extensions>
          <ns3:TrackPointExtension>
            <ns3:hr>84</ns3:hr>
          </ns3:TrackPointExtension>
        </extensions>
      </trkpt>
      <trkpt lat="-25.1463215611875057220458984375" lon="-48.84127057157456874847412109375">
        <ele>1484.199951171875</ele>
        <time>2026-04-20T19:55:09.000Z</time>
        <extensions>
          <ns3:TrackPointExtension>
            <ns3:hr>83</ns3:hr>
          </ns3:TrackPointExtension>
        </extensions>
      </trkpt>
      <trkpt lat="-25.14634612016379833221435546875" lon="-48.84123318828642368316650390625">
        <ele>1486.5999755859375</ele>
        <time>2026-04-20T19:55:18.000Z</time>
        <extensions>
          <ns3:TrackPointExtension>
            <ns3:hr>83</ns3:hr>
          </ns3:TrackPointExtension>
        </extensions>
      </trkpt>
      <trkpt lat="-25.14633807353675365447998046875" lon="-48.841196559369564056396484375">
        <ele>1487.800048828125</ele>
        <time>2026-04-20T19:55:25.000Z</time>
        <extensions>
          <ns3:TrackPointExtension>
            <ns3:hr>80</ns3:hr>
          </ns3:TrackPointExtension>
        </extensions>
      </trkpt>
      <trkpt lat="-25.14634410850703716278076171875" lon="-48.84118272922933101654052734375">
        <ele>1488.199951171875</ele>
        <time>2026-04-20T19:55:28.000Z</time>
        <extensions>
          <ns3:TrackPointExtension>
            <ns3:hr>80</ns3:hr>
          </ns3:TrackPointExtension>
        </extensions>
      </trkpt>
      <trkpt lat="-25.14634461142122745513916015625" lon="-48.8411802984774112701416015625">
        <ele>1488.5999755859375</ele>
        <time>2026-04-20T19:55:32.000Z</time>
        <extensions>
          <ns3:TrackPointExtension>
            <ns3:hr>83</ns3:hr>
          </ns3:TrackPointExtension>
        </extensions>
      </trkpt>
      <trkpt lat="-25.14634528197348117828369140625" lon="-48.8411796279251575469970703125">
        <ele>1488.5999755859375</ele>
        <time>2026-04-20T19:55:33.000Z</time>
        <extensions>
          <ns3:TrackPointExtension>
            <ns3:hr>80</ns3:hr>
          </ns3:TrackPointExtension>
        </extensions>
      </trkpt>
      <trkpt lat="-25.1463470421731472015380859375" lon="-48.841174431145191192626953125">
        <ele>1488.800048828125</ele>
        <time>2026-04-20T19:55:35.000Z</time>
        <extensions>
          <ns3:TrackPointExtension>
            <ns3:hr>83</ns3:hr>
          </ns3:TrackPointExtension>
        </extensions>
      </trkpt>
      <trkpt lat="-25.14637361280620098114013671875" lon="-48.84115464985370635986328125">
        <ele>1488.800048828125</ele>
        <time>2026-04-20T19:55:40.000Z</time>
        <extensions>
          <ns3:TrackPointExtension>
            <ns3:hr>83</ns3:hr>
          </ns3:TrackPointExtension>
        </extensions>
      </trkpt>
      <trkpt lat="-25.146410576999187469482421875" lon="-48.84109019301831722259521484375">
        <ele>1489.199951171875</ele>
        <time>2026-04-20T19:55:49.000Z</time>
        <extensions>
          <ns3:TrackPointExtension>
            <ns3:hr>84</ns3:hr>
          </ns3:TrackPointExtension>
        </extensions>
      </trkpt>
      <trkpt lat="-25.146436728537082672119140625" lon="-48.84105348028242588043212890625">
        <ele>1489</ele>
        <time>2026-04-20T19:55:55.000Z</time>
        <extensions>
          <ns3:TrackPointExtension>
            <ns3:hr>88</ns3:hr>
          </ns3:TrackPointExtension>
        </extensions>
      </trkpt>
      <trkpt lat="-25.1464459486305713653564453125" lon="-48.84103621356189250946044921875">
        <ele>1489</ele>
        <time>2026-04-20T19:55:58.000Z</time>
        <extensions>
          <ns3:TrackPointExtension>
            <ns3:hr>87</ns3:hr>
          </ns3:TrackPointExtension>
        </extensions>
      </trkpt>
      <trkpt lat="-25.1464536599814891815185546875" lon="-48.84101659990847110748291015625">
        <ele>1489.4000244140625</ele>
        <time>2026-04-20T19:56:01.000Z</time>
        <extensions>
          <ns3:TrackPointExtension>
            <ns3:hr>84</ns3:hr>
          </ns3:TrackPointExtension>
        </extensions>
      </trkpt>
      <trkpt lat="-25.14646648429334163665771484375" lon="-48.8409890234470367431640625">
        <ele>1490.5999755859375</ele>
        <time>2026-04-20T19:56:06.000Z</time>
        <extensions>
          <ns3:TrackPointExtension>
            <ns3:hr>89</ns3:hr>
          </ns3:TrackPointExtension>
        </extensions>
      </trkpt>
      <trkpt lat="-25.1464664004743099212646484375" lon="-48.84098357520997524261474609375">
        <ele>1491</ele>
        <time>2026-04-20T19:56:07.000Z</time>
        <extensions>
          <ns3:TrackPointExtension>
            <ns3:hr>86</ns3:hr>
          </ns3:TrackPointExtension>
        </extensions>
      </trkpt>
      <trkpt lat="-25.14646916650235652923583984375" lon="-48.840971924364566802978515625">
        <ele>1491.4000244140625</ele>
        <time>2026-04-20T19:56:09.000Z</time>
        <extensions>
          <ns3:TrackPointExtension>
            <ns3:hr>86</ns3:hr>
          </ns3:TrackPointExtension>
        </extensions>
      </trkpt>
      <trkpt lat="-25.1465076394379138946533203125" lon="-48.84094535373151302337646484375">
        <ele>1491.800048828125</ele>
        <time>2026-04-20T19:56:18.000Z</time>
        <extensions>
          <ns3:TrackPointExtension>
            <ns3:hr>87</ns3:hr>
          </ns3:TrackPointExtension>
        </extensions>
      </trkpt>
      <trkpt lat="-25.146542675793170928955078125" lon="-48.84088148362934589385986328125">
        <ele>1493.800048828125</ele>
        <time>2026-04-20T19:56:28.000Z</time>
        <extensions>
          <ns3:TrackPointExtension>
            <ns3:hr>87</ns3:hr>
          </ns3:TrackPointExtension>
        </extensions>
      </trkpt>
      <trkpt lat="-25.1465820707380771636962890625" lon="-48.8408570922911167144775390625">
        <ele>1495.4000244140625</ele>
        <time>2026-04-20T19:56:36.000Z</time>
        <extensions>
          <ns3:TrackPointExtension>
            <ns3:hr>86</ns3:hr>
          </ns3:TrackPointExtension>
        </extensions>
      </trkpt>
      <trkpt lat="-25.1465958170592784881591796875" lon="-48.84082767181098461151123046875">
        <ele>1496</ele>
        <time>2026-04-20T19:56:40.000Z</time>
        <extensions>
          <ns3:TrackPointExtension>
            <ns3:hr>83</ns3:hr>
          </ns3:TrackPointExtension>
        </extensions>
      </trkpt>
      <trkpt lat="-25.1466045342385768890380859375" lon="-48.8408165238797664642333984375">
        <ele>1496.4000244140625</ele>
        <time>2026-04-20T19:56:42.000Z</time>
        <extensions>
          <ns3:TrackPointExtension>
            <ns3:hr>86</ns3:hr>
          </ns3:TrackPointExtension>
        </extensions>
      </trkpt>
      <trkpt lat="-25.14660897664725780487060546875" lon="-48.8408104889094829559326171875">
        <ele>1496.800048828125</ele>
        <time>2026-04-20T19:56:43.000Z</time>
        <extensions>
          <ns3:TrackPointExtension>
            <ns3:hr>85</ns3:hr>
          </ns3:TrackPointExtension>
        </extensions>
      </trkpt>
      <trkpt lat="-25.146616436541080474853515625" lon="-48.84080654941499233245849609375">
        <ele>1497</ele>
        <time>2026-04-20T19:56:44.000Z</time>
        <extensions>
          <ns3:TrackPointExtension>
            <ns3:hr>88</ns3:hr>
          </ns3:TrackPointExtension>
        </extensions>
      </trkpt>
      <trkpt lat="-25.1466201245784759521484375" lon="-48.840800262987613677978515625">
        <ele>1497</ele>
        <time>2026-04-20T19:56:45.000Z</time>
        <extensions>
          <ns3:TrackPointExtension>
            <ns3:hr>85</ns3:hr>
          </ns3:TrackPointExtension>
        </extensions>
      </trkpt>
      <trkpt lat="-25.1466429233551025390625" lon="-48.84075508452951908111572265625">
        <ele>1497.800048828125</ele>
        <time>2026-04-20T19:56:52.000Z</time>
        <extensions>
          <ns3:TrackPointExtension>
            <ns3:hr>83</ns3:hr>
          </ns3:TrackPointExtension>
        </extensions>
      </trkpt>
      <trkpt lat="-25.146692208945751190185546875" lon="-48.8406988419592380523681640625">
        <ele>1498.800048828125</ele>
        <time>2026-04-20T19:57:02.000Z</time>
        <extensions>
          <ns3:TrackPointExtension>
            <ns3:hr>83</ns3:hr>
          </ns3:TrackPointExtension>
        </extensions>
      </trkpt>
      <trkpt lat="-25.14673688448965549468994140625" lon="-48.84066120721399784088134765625">
        <ele>1499.5999755859375</ele>
        <time>2026-04-20T19:57:11.000Z</time>
        <extensions>
          <ns3:TrackPointExtension>
            <ns3:hr>81</ns3:hr>
          </ns3:TrackPointExtension>
        </extensions>
      </trkpt>
      <trkpt lat="-25.14675683341920375823974609375" lon="-48.84064997546374797821044921875">
        <ele>1500.5999755859375</ele>
        <time>2026-04-20T19:57:14.000Z</time>
        <extensions>
          <ns3:TrackPointExtension>
            <ns3:hr>84</ns3:hr>
          </ns3:TrackPointExtension>
        </extensions>
      </trkpt>
      <trkpt lat="-25.14677024446427822113037109375" lon="-48.84064762853085994720458984375">
        <ele>1501</ele>
        <time>2026-04-20T19:57:16.000Z</time>
        <extensions>
          <ns3:TrackPointExtension>
            <ns3:hr>81</ns3:hr>
          </ns3:TrackPointExtension>
        </extensions>
      </trkpt>
      <trkpt lat="-25.1467756927013397216796875" lon="-48.840644359588623046875">
        <ele>1501</ele>
        <time>2026-04-20T19:57:17.000Z</time>
        <extensions>
          <ns3:TrackPointExtension>
            <ns3:hr>85</ns3:hr>
          </ns3:TrackPointExtension>
        </extensions>
      </trkpt>
      <trkpt lat="-25.1467812247574329376220703125" lon="-48.84064234793186187744140625">
        <ele>1501.199951171875</ele>
        <time>2026-04-20T19:57:18.000Z</time>
        <extensions>
          <ns3:TrackPointExtension>
            <ns3:hr>82</ns3:hr>
          </ns3:TrackPointExtension>
        </extensions>
      </trkpt>
      <trkpt lat="-25.14679245650768280029296875" lon="-48.84063907898962497711181640625">
        <ele>1501.199951171875</ele>
        <time>2026-04-20T19:57:20.000Z</time>
        <extensions>
          <ns3:TrackPointExtension>
            <ns3:hr>82</ns3:hr>
          </ns3:TrackPointExtension>
        </extensions>
      </trkpt>
      <trkpt lat="-25.14682237990200519561767578125" lon="-48.84058895520865917205810546875">
        <ele>1501.4000244140625</ele>
        <time>2026-04-20T19:57:27.000Z</time>
        <extensions>
          <ns3:TrackPointExtension>
            <ns3:hr>83</ns3:hr>
          </ns3:TrackPointExtension>
        </extensions>
      </trkpt>
      <trkpt lat="-25.1468509621918201446533203125" lon="-48.84053237736225128173828125">
        <ele>1502.800048828125</ele>
        <time>2026-04-20T19:57:36.000Z</time>
        <extensions>
          <ns3:TrackPointExtension>
            <ns3:hr>80</ns3:hr>
          </ns3:TrackPointExtension>
        </extensions>
      </trkpt>
      <trkpt lat="-25.14685087837278842926025390625" lon="-48.84052625857293605804443359375">
        <ele>1503</ele>
        <time>2026-04-20T19:57:37.000Z</time>
        <extensions>
          <ns3:TrackPointExtension>
            <ns3:hr>79</ns3:hr>
          </ns3:TrackPointExtension>
        </extensions>
      </trkpt>
      <trkpt lat="-25.14687065966427326202392578125" lon="-48.8404923118650913238525390625">
        <ele>1504</ele>
        <time>2026-04-20T19:57:43.000Z</time>
        <extensions>
          <ns3:TrackPointExtension>
            <ns3:hr>77</ns3:hr>
          </ns3:TrackPointExtension>
        </extensions>
      </trkpt>
      <trkpt lat="-25.1468958891928195953369140625" lon="-48.84046339429914951324462890625">
        <ele>1504.800048828125</ele>
        <time>2026-04-20T19:57:50.000Z</time>
        <extensions>
          <ns3:TrackPointExtension>
            <ns3:hr>77</ns3:hr>
          </ns3:TrackPointExtension>
        </extensions>
      </trkpt>
      <trkpt lat="-25.14690385200083255767822265625" lon="-48.8404363207519054412841796875">
        <ele>1505.4000244140625</ele>
        <time>2026-04-20T19:57:58.000Z</time>
        <extensions>
          <ns3:TrackPointExtension>
            <ns3:hr>77</ns3:hr>
          </ns3:TrackPointExtension>
        </extensions>
      </trkpt>
      <trkpt lat="-25.1469361223280429840087890625" lon="-48.840402625501155853271484375">
        <ele>1505.199951171875</ele>
        <time>2026-04-20T19:58:05.000Z</time>
        <extensions>
          <ns3:TrackPointExtension>
            <ns3:hr>76</ns3:hr>
          </ns3:TrackPointExtension>
        </extensions>
      </trkpt>
      <trkpt lat="-25.1469857431948184967041015625" lon="-48.84035803377628326416015625">
        <ele>1504.199951171875</ele>
        <time>2026-04-20T19:58:13.000Z</time>
        <extensions>
          <ns3:TrackPointExtension>
            <ns3:hr>79</ns3:hr>
          </ns3:TrackPointExtension>
        </extensions>
      </trkpt>
      <trkpt lat="-25.14699898660182952880859375" lon="-48.8403166271746158599853515625">
        <ele>1504</ele>
        <time>2026-04-20T19:58:20.000Z</time>
        <extensions>
          <ns3:TrackPointExtension>
            <ns3:hr>83</ns3:hr>
          </ns3:TrackPointExtension>
        </extensions>
      </trkpt>
      <trkpt lat="-25.14700057916343212127685546875" lon="-48.840316124260425567626953125">
        <ele>1504.4000244140625</ele>
        <time>2026-04-20T19:58:22.000Z</time>
        <extensions>
          <ns3:TrackPointExtension>
            <ns3:hr>82</ns3:hr>
          </ns3:TrackPointExtension>
        </extensions>
      </trkpt>
      <trkpt lat="-25.14699689112603664398193359375" lon="-48.84031369350850582122802734375">
        <ele>1506</ele>
        <time>2026-04-20T19:58:37.000Z</time>
        <extensions>
          <ns3:TrackPointExtension>
            <ns3:hr>86</ns3:hr>
          </ns3:TrackPointExtension>
        </extensions>
      </trkpt>
      <trkpt lat="-25.14699689112603664398193359375" lon="-48.84031377732753753662109375">
        <ele>1506</ele>
        <time>2026-04-20T19:58:39.000Z</time>
        <extensions>
          <ns3:TrackPointExtension>
            <ns3:hr>86</ns3:hr>
          </ns3:TrackPointExtension>
        </extensions>
      </trkpt>
      <trkpt lat="-25.14699689112603664398193359375" lon="-48.84031377732753753662109375">
        <ele>1506</ele>
        <time>2026-04-20T19:58:46.000Z</time>
        <extensions>
          <ns3:TrackPointExtension>
            <ns3:hr>83</ns3:hr>
          </ns3:TrackPointExtension>
        </extensions>
      </trkpt>
      <trkpt lat="-25.14699689112603664398193359375" lon="-48.84031377732753753662109375">
        <ele>1506</ele>
        <time>2026-04-20T19:58:47.000Z</time>
        <extensions>
          <ns3:TrackPointExtension>
            <ns3:hr>87</ns3:hr>
          </ns3:TrackPointExtension>
        </extensions>
      </trkpt>
      <trkpt lat="-25.14699689112603664398193359375" lon="-48.84031377732753753662109375">
        <ele>1506.199951171875</ele>
        <time>2026-04-20T19:58:50.000Z</time>
        <extensions>
          <ns3:TrackPointExtension>
            <ns3:hr>92</ns3:hr>
          </ns3:TrackPointExtension>
        </extensions>
      </trkpt>
      <trkpt lat="-25.14699689112603664398193359375" lon="-48.84031377732753753662109375">
        <ele>1506.199951171875</ele>
        <time>2026-04-20T19:58:51.000Z</time>
        <extensions>
          <ns3:TrackPointExtension>
            <ns3:hr>92</ns3:hr>
          </ns3:TrackPointExtension>
        </extensions>
      </trkpt>
      <trkpt lat="-25.14699689112603664398193359375" lon="-48.84031377732753753662109375">
        <ele>1506.4000244140625</ele>
        <time>2026-04-20T19:58:55.000Z</time>
        <extensions>
          <ns3:TrackPointExtension>
            <ns3:hr>95</ns3:hr>
          </ns3:TrackPointExtension>
        </extensions>
      </trkpt>
      <trkpt lat="-25.14703427441418170928955078125" lon="-48.84023389779031276702880859375">
        <ele>1507</ele>
        <time>2026-04-20T19:59:05.000Z</time>
        <extensions>
          <ns3:TrackPointExtension>
            <ns3:hr>94</ns3:hr>
          </ns3:TrackPointExtension>
        </extensions>
      </trkpt>
      <trkpt lat="-25.14707677066326141357421875" lon="-48.8402076624333858489990234375">
        <ele>1507.800048828125</ele>
        <time>2026-04-20T19:59:11.000Z</time>
        <extensions>
          <ns3:TrackPointExtension>
            <ns3:hr>97</ns3:hr>
          </ns3:TrackPointExtension>
        </extensions>
      </trkpt>
      <trkpt lat="-25.147089846432209014892578125" lon="-48.840212859213352203369140625">
        <ele>1508.4000244140625</ele>
        <time>2026-04-20T19:59:14.000Z</time>
        <extensions>
          <ns3:TrackPointExtension>
            <ns3:hr>95</ns3:hr>
          </ns3:TrackPointExtension>
        </extensions>
      </trkpt>
      <trkpt lat="-25.14713955111801624298095703125" lon="-48.840192742645740509033203125">
        <ele>1509.199951171875</ele>
        <time>2026-04-20T19:59:24.000Z</time>
        <extensions>
          <ns3:TrackPointExtension>
            <ns3:hr>96</ns3:hr>
          </ns3:TrackPointExtension>
        </extensions>
      </trkpt>
      <trkpt lat="-25.1471570692956447601318359375" lon="-48.840144462883472442626953125">
        <ele>1509.800048828125</ele>
        <time>2026-04-20T19:59:30.000Z</time>
        <extensions>
          <ns3:TrackPointExtension>
            <ns3:hr>93</ns3:hr>
          </ns3:TrackPointExtension>
        </extensions>
      </trkpt>
      <trkpt lat="-25.14716637320816516876220703125" lon="-48.84013272821903228759765625">
        <ele>1510.5999755859375</ele>
        <time>2026-04-20T19:59:32.000Z</time>
        <extensions>
          <ns3:TrackPointExtension>
            <ns3:hr>91</ns3:hr>
          </ns3:TrackPointExtension>
        </extensions>
      </trkpt>
      <trkpt lat="-25.14718766324222087860107421875" lon="-48.8401030562818050384521484375">
        <ele>1511.800048828125</ele>
        <time>2026-04-20T19:59:37.000Z</time>
        <extensions>
          <ns3:TrackPointExtension>
            <ns3:hr>87</ns3:hr>
          </ns3:TrackPointExtension>
        </extensions>
      </trkpt>
      <trkpt lat="-25.14719185419380664825439453125" lon="-48.8400936685502529144287109375">
        <ele>1511.800048828125</ele>
        <time>2026-04-20T19:59:38.000Z</time>
        <extensions>
          <ns3:TrackPointExtension>
            <ns3:hr>87</ns3:hr>
          </ns3:TrackPointExtension>
        </extensions>
      </trkpt>
      <trkpt lat="-25.14720358885824680328369140625" lon="-48.84007665328681468963623046875">
        <ele>1512.199951171875</ele>
        <time>2026-04-20T19:59:41.000Z</time>
        <extensions>
          <ns3:TrackPointExtension>
            <ns3:hr>89</ns3:hr>
          </ns3:TrackPointExtension>
        </extensions>
      </trkpt>
      <trkpt lat="-25.1472281478345394134521484375" lon="-48.84007179178297519683837890625">
        <ele>1512.4000244140625</ele>
        <time>2026-04-20T19:59:47.000Z</time>
        <extensions>
          <ns3:TrackPointExtension>
            <ns3:hr>86</ns3:hr>
          </ns3:TrackPointExtension>
        </extensions>
      </trkpt>
      <trkpt lat="-25.14723560772836208343505859375" lon="-48.84006693027913570404052734375">
        <ele>1512.5999755859375</ele>
        <time>2026-04-20T19:59:48.000Z</time>
        <extensions>
          <ns3:TrackPointExtension>
            <ns3:hr>88</ns3:hr>
          </ns3:TrackPointExtension>
        </extensions>
      </trkpt>
      <trkpt lat="-25.1472442410886287689208984375" lon="-48.8400636613368988037109375">
        <ele>1512.800048828125</ele>
        <time>2026-04-20T19:59:49.000Z</time>
        <extensions>
          <ns3:TrackPointExtension>
            <ns3:hr>92</ns3:hr>
          </ns3:TrackPointExtension>
        </extensions>
      </trkpt>
      <trkpt lat="-25.14724952168762683868408203125" lon="-48.8400604762136936187744140625">
        <ele>1513</ele>
        <time>2026-04-20T19:59:50.000Z</time>
        <extensions>
          <ns3:TrackPointExtension>
            <ns3:hr>96</ns3:hr>
          </ns3:TrackPointExtension>
        </extensions>
      </trkpt>
      <trkpt lat="-25.1472542993724346160888671875" lon="-48.84005896747112274169921875">
        <ele>1513</ele>
        <time>2026-04-20T19:59:51.000Z</time>
        <extensions>
          <ns3:TrackPointExtension>
            <ns3:hr>95</ns3:hr>
          </ns3:TrackPointExtension>
        </extensions>
      </trkpt>
      <trkpt lat="-25.14728606678545475006103515625" lon="-48.840043880045413970947265625">
        <ele>1514</ele>
        <time>2026-04-20T19:59:56.000Z</time>
        <extensions>
          <ns3:TrackPointExtension>
            <ns3:hr>96</ns3:hr>
          </ns3:TrackPointExtension>
        </extensions>
      </trkpt>
      <trkpt lat="-25.14730836264789104461669921875" lon="-48.84004245512187480926513671875">
        <ele>1514.800048828125</ele>
        <time>2026-04-20T19:59:59.000Z</time>
        <extensions>
          <ns3:TrackPointExtension>
            <ns3:hr>91</ns3:hr>
          </ns3:TrackPointExtension>
        </extensions>
      </trkpt>
      <trkpt lat="-25.1473176665604114532470703125" lon="-48.84004564024507999420166015625">
        <ele>1515.800048828125</ele>
        <time>2026-04-20T20:00:03.000Z</time>
        <extensions>
          <ns3:TrackPointExtension>
            <ns3:hr>89</ns3:hr>
          </ns3:TrackPointExtension>
        </extensions>
      </trkpt>
      <trkpt lat="-25.14732982032001018524169921875" lon="-48.84003222920000553131103515625">
        <ele>1518</ele>
        <time>2026-04-20T20:00:12.000Z</time>
        <extensions>
          <ns3:TrackPointExtension>
            <ns3:hr>90</ns3:hr>
          </ns3:TrackPointExtension>
        </extensions>
      </trkpt>
      <trkpt lat="-25.147342644631862640380859375" lon="-48.84002602659165859222412109375">
        <ele>1518.199951171875</ele>
        <time>2026-04-20T20:00:14.000Z</time>
        <extensions>
          <ns3:TrackPointExtension>
            <ns3:hr>87</ns3:hr>
          </ns3:TrackPointExtension>
        </extensions>
      </trkpt>
      <trkpt lat="-25.14735831879079341888427734375" lon="-48.84000255726277828216552734375">
        <ele>1518.4000244140625</ele>
        <time>2026-04-20T20:00:17.000Z</time>
        <extensions>
          <ns3:TrackPointExtension>
            <ns3:hr>90</ns3:hr>
          </ns3:TrackPointExtension>
        </extensions>
      </trkpt>
      <trkpt lat="-25.14737315475940704345703125" lon="-48.83997984230518341064453125">
        <ele>1518.4000244140625</ele>
        <time>2026-04-20T20:00:20.000Z</time>
        <extensions>
          <ns3:TrackPointExtension>
            <ns3:hr>89</ns3:hr>
          </ns3:TrackPointExtension>
        </extensions>
      </trkpt>
      <trkpt lat="-25.14741581864655017852783203125" lon="-48.83993198163807392120361328125">
        <ele>1518.800048828125</ele>
        <time>2026-04-20T20:00:28.000Z</time>
        <extensions>
          <ns3:TrackPointExtension>
            <ns3:hr>89</ns3:hr>
          </ns3:TrackPointExtension>
        </extensions>
      </trkpt>
      <trkpt lat="-25.147419087588787078857421875" lon="-48.83993089199066162109375">
        <ele>1519</ele>
        <time>2026-04-20T20:00:29.000Z</time>
        <extensions>
          <ns3:TrackPointExtension>
            <ns3:hr>94</ns3:hr>
          </ns3:TrackPointExtension>
        </extensions>
      </trkpt>
      <trkpt lat="-25.14741833321750164031982421875" lon="-48.83992326445877552032470703125">
        <ele>1520</ele>
        <time>2026-04-20T20:00:33.000Z</time>
        <extensions>
          <ns3:TrackPointExtension>
            <ns3:hr>95</ns3:hr>
          </ns3:TrackPointExtension>
        </extensions>
      </trkpt>
      <trkpt lat="-25.1474185846745967864990234375" lon="-48.8399240188300609588623046875">
        <ele>1521.4000244140625</ele>
        <time>2026-04-20T20:00:45.000Z</time>
        <extensions>
          <ns3:TrackPointExtension>
            <ns3:hr>92</ns3:hr>
          </ns3:TrackPointExtension>
        </extensions>
      </trkpt>
      <trkpt lat="-25.14741984196007251739501953125" lon="-48.83992225863039493560791015625">
        <ele>1521.5999755859375</ele>
        <time>2026-04-20T20:00:54.000Z</time>
        <extensions>
          <ns3:TrackPointExtension>
            <ns3:hr>90</ns3:hr>
          </ns3:TrackPointExtension>
        </extensions>
      </trkpt>
      <trkpt lat="-25.1475010626018047332763671875" lon="-48.8397567160427570343017578125">
        <ele>1519.800048828125</ele>
        <time>2026-04-20T20:01:17.000Z</time>
        <extensions>
          <ns3:TrackPointExtension>
            <ns3:hr>93</ns3:hr>
          </ns3:TrackPointExtension>
        </extensions>
      </trkpt>
      <trkpt lat="-25.14750701375305652618408203125" lon="-48.839737437665462493896484375">
        <ele>1519.5999755859375</ele>
        <time>2026-04-20T20:01:18.000Z</time>
        <extensions>
          <ns3:TrackPointExtension>
            <ns3:hr>90</ns3:hr>
          </ns3:TrackPointExtension>
        </extensions>
      </trkpt>
      <trkpt lat="-25.147520340979099273681640625" lon="-48.83970131166279315948486328125">
        <ele>1519.4000244140625</ele>
        <time>2026-04-20T20:01:20.000Z</time>
        <extensions>
          <ns3:TrackPointExtension>
            <ns3:hr>89</ns3:hr>
          </ns3:TrackPointExtension>
        </extensions>
      </trkpt>
      <trkpt lat="-25.14756283722817897796630859375" lon="-48.8395739905536174774169921875">
        <ele>1518.199951171875</ele>
        <time>2026-04-20T20:01:31.000Z</time>
        <extensions>
          <ns3:TrackPointExtension>
            <ns3:hr>88</ns3:hr>
          </ns3:TrackPointExtension>
        </extensions>
      </trkpt>
      <trkpt lat="-25.14758127741515636444091796875" lon="-48.839521519839763641357421875">
        <ele>1519</ele>
        <time>2026-04-20T20:01:39.000Z</time>
        <extensions>
          <ns3:TrackPointExtension>
            <ns3:hr>86</ns3:hr>
          </ns3:TrackPointExtension>
        </extensions>
      </trkpt>
      <trkpt lat="-25.1476184092462062835693359375" lon="-48.83947986178100109100341796875">
        <ele>1521</ele>
        <time>2026-04-20T20:01:47.000Z</time>
        <extensions>
          <ns3:TrackPointExtension>
            <ns3:hr>89</ns3:hr>
          </ns3:TrackPointExtension>
        </extensions>
      </trkpt>
      <trkpt lat="-25.14762402512133121490478515625" lon="-48.839473910629749298095703125">
        <ele>1521.199951171875</ele>
        <time>2026-04-20T20:01:48.000Z</time>
        <extensions>
          <ns3:TrackPointExtension>
            <ns3:hr>87</ns3:hr>
          </ns3:TrackPointExtension>
        </extensions>
      </trkpt>
      <trkpt lat="-25.14765788801014423370361328125" lon="-48.83943376131355762481689453125">
        <ele>1522</ele>
        <time>2026-04-20T20:01:57.000Z</time>
        <extensions>
          <ns3:TrackPointExtension>
            <ns3:hr>86</ns3:hr>
          </ns3:TrackPointExtension>
        </extensions>
      </trkpt>
      <trkpt lat="-25.14765989966690540313720703125" lon="-48.839433677494525909423828125">
        <ele>1522.4000244140625</ele>
        <time>2026-04-20T20:02:03.000Z</time>
        <extensions>
          <ns3:TrackPointExtension>
            <ns3:hr>82</ns3:hr>
          </ns3:TrackPointExtension>
        </extensions>
      </trkpt>
      <trkpt lat="-25.14766342006623744964599609375" lon="-48.839434348046779632568359375">
        <ele>1522.5999755859375</ele>
        <time>2026-04-20T20:02:04.000Z</time>
        <extensions>
          <ns3:TrackPointExtension>
            <ns3:hr>85</ns3:hr>
          </ns3:TrackPointExtension>
        </extensions>
      </trkpt>
      <trkpt lat="-25.14766861684620380401611328125" lon="-48.839437700808048248291015625">
        <ele>1522.800048828125</ele>
        <time>2026-04-20T20:02:05.000Z</time>
        <extensions>
          <ns3:TrackPointExtension>
            <ns3:hr>87</ns3:hr>
          </ns3:TrackPointExtension>
        </extensions>
      </trkpt>
      <trkpt lat="-25.1476995460689067840576171875" lon="-48.8394412212073802947998046875">
        <ele>1523.4000244140625</ele>
        <time>2026-04-20T20:02:11.000Z</time>
        <extensions>
          <ns3:TrackPointExtension>
            <ns3:hr>90</ns3:hr>
          </ns3:TrackPointExtension>
        </extensions>
      </trkpt>
      <trkpt lat="-25.1477199979126453399658203125" lon="-48.83943661116063594818115234375">
        <ele>1523.4000244140625</ele>
        <time>2026-04-20T20:02:15.000Z</time>
        <extensions>
          <ns3:TrackPointExtension>
            <ns3:hr>87</ns3:hr>
          </ns3:TrackPointExtension>
        </extensions>
      </trkpt>
      <trkpt lat="-25.1477226801216602325439453125" lon="-48.839435018599033355712890625">
        <ele>1523.5999755859375</ele>
        <time>2026-04-20T20:02:16.000Z</time>
        <extensions>
          <ns3:TrackPointExtension>
            <ns3:hr>90</ns3:hr>
          </ns3:TrackPointExtension>
        </extensions>
      </trkpt>
      <trkpt lat="-25.14772586524486541748046875" lon="-48.839432336390018463134765625">
        <ele>1524.4000244140625</ele>
        <time>2026-04-20T20:02:21.000Z</time>
        <extensions>
          <ns3:TrackPointExtension>
            <ns3:hr>93</ns3:hr>
          </ns3:TrackPointExtension>
        </extensions>
      </trkpt>
      <trkpt lat="-25.14773122966289520263671875" lon="-48.83942655287683010101318359375">
        <ele>1525.199951171875</ele>
        <time>2026-04-20T20:02:27.000Z</time>
        <extensions>
          <ns3:TrackPointExtension>
            <ns3:hr>97</ns3:hr>
          </ns3:TrackPointExtension>
        </extensions>
      </trkpt>
      <trkpt lat="-25.14773122966289520263671875" lon="-48.83942655287683010101318359375">
        <ele>1525.4000244140625</ele>
        <time>2026-04-20T20:02:31.000Z</time>
        <extensions>
          <ns3:TrackPointExtension>
            <ns3:hr>98</ns3:hr>
          </ns3:TrackPointExtension>
        </extensions>
      </trkpt>
      <trkpt lat="-25.14773122966289520263671875" lon="-48.83942655287683010101318359375">
        <ele>1525.4000244140625</ele>
        <time>2026-04-20T20:02:36.000Z</time>
        <extensions>
          <ns3:TrackPointExtension>
            <ns3:hr>101</ns3:hr>
          </ns3:TrackPointExtension>
        </extensions>
      </trkpt>
      <trkpt lat="-25.14773122966289520263671875" lon="-48.83942655287683010101318359375">
        <ele>1525.4000244140625</ele>
        <time>2026-04-20T20:02:38.000Z</time>
        <extensions>
          <ns3:TrackPointExtension>
            <ns3:hr>98</ns3:hr>
          </ns3:TrackPointExtension>
        </extensions>
      </trkpt>
      <trkpt lat="-25.147747658193111419677734375" lon="-48.83941632695496082305908203125">
        <ele>1525.5999755859375</ele>
        <time>2026-04-20T20:02:50.000Z</time>
        <extensions>
          <ns3:TrackPointExtension>
            <ns3:hr>95</ns3:hr>
          </ns3:TrackPointExtension>
        </extensions>
      </trkpt>
      <trkpt lat="-25.147777497768402099609375" lon="-48.83937676437199115753173828125">
        <ele>1526.5999755859375</ele>
        <time>2026-04-20T20:03:04.000Z</time>
        <extensions>
          <ns3:TrackPointExtension>
            <ns3:hr>92</ns3:hr>
          </ns3:TrackPointExtension>
        </extensions>
      </trkpt>
      <trkpt lat="-25.14778596349060535430908203125" lon="-48.83937500417232513427734375">
        <ele>1527.4000244140625</ele>
        <time>2026-04-20T20:03:08.000Z</time>
        <extensions>
          <ns3:TrackPointExtension>
            <ns3:hr>96</ns3:hr>
          </ns3:TrackPointExtension>
        </extensions>
      </trkpt>
      <trkpt lat="-25.14779300428926944732666015625" lon="-48.839367292821407318115234375">
        <ele>1527.800048828125</ele>
        <time>2026-04-20T20:03:10.000Z</time>
        <extensions>
          <ns3:TrackPointExtension>
            <ns3:hr>93</ns3:hr>
          </ns3:TrackPointExtension>
        </extensions>
      </trkpt>
      <trkpt lat="-25.14788235537707805633544921875" lon="-48.83932135999202728271484375">
        <ele>1528.4000244140625</ele>
        <time>2026-04-20T20:03:37.000Z</time>
        <extensions>
          <ns3:TrackPointExtension>
            <ns3:hr>90</ns3:hr>
          </ns3:TrackPointExtension>
        </extensions>
      </trkpt>
      <trkpt lat="-25.147883109748363494873046875" lon="-48.83932135999202728271484375">
        <ele>1528.4000244140625</ele>
        <time>2026-04-20T20:03:39.000Z</time>
        <extensions>
          <ns3:TrackPointExtension>
            <ns3:hr>94</ns3:hr>
          </ns3:TrackPointExtension>
        </extensions>
      </trkpt>
      <trkpt lat="-25.14788352884352207183837890625" lon="-48.83932135999202728271484375">
        <ele>1528.800048828125</ele>
        <time>2026-04-20T20:03:44.000Z</time>
        <extensions>
          <ns3:TrackPointExtension>
            <ns3:hr>91</ns3:hr>
          </ns3:TrackPointExtension>
        </extensions>
      </trkpt>
      <trkpt lat="-25.14790046028792858123779296875" lon="-48.83932538330554962158203125">
        <ele>1529.199951171875</ele>
        <time>2026-04-20T20:03:52.000Z</time>
        <extensions>
          <ns3:TrackPointExtension>
            <ns3:hr>94</ns3:hr>
          </ns3:TrackPointExtension>
        </extensions>
      </trkpt>
      <trkpt lat="-25.1479218341410160064697265625" lon="-48.83946494199335575103759765625">
        <ele>1528.5999755859375</ele>
        <time>2026-04-20T20:04:12.000Z</time>
        <extensions>
          <ns3:TrackPointExtension>
            <ns3:hr>91</ns3:hr>
          </ns3:TrackPointExtension>
        </extensions>
      </trkpt>
      <trkpt lat="-25.1479251869022846221923828125" lon="-48.83948388509452342987060546875">
        <ele>1528.4000244140625</ele>
        <time>2026-04-20T20:04:13.000Z</time>
        <extensions>
          <ns3:TrackPointExtension>
            <ns3:hr>90</ns3:hr>
          </ns3:TrackPointExtension>
        </extensions>
      </trkpt>
      <trkpt lat="-25.1479369215667247772216796875" lon="-48.83953149430453777313232421875">
        <ele>1528.199951171875</ele>
        <time>2026-04-20T20:04:16.000Z</time>
        <extensions>
          <ns3:TrackPointExtension>
            <ns3:hr>93</ns3:hr>
          </ns3:TrackPointExtension>
        </extensions>
      </trkpt>
      <trkpt lat="-25.1479530148208141326904296875" lon="-48.83957390673458576202392578125">
        <ele>1528.199951171875</ele>
        <time>2026-04-20T20:04:21.000Z</time>
        <extensions>
          <ns3:TrackPointExtension>
            <ns3:hr>92</ns3:hr>
          </ns3:TrackPointExtension>
        </extensions>
      </trkpt>
      <trkpt lat="-25.1479835249483585357666015625" lon="-48.8396210968494415283203125">
        <ele>1530.199951171875</ele>
        <time>2026-04-20T20:04:30.000Z</time>
        <extensions>
          <ns3:TrackPointExtension>
            <ns3:hr>88</ns3:hr>
          </ns3:TrackPointExtension>
        </extensions>
      </trkpt>
      <trkpt lat="-25.147986374795436859130859375" lon="-48.83962403051555156707763671875">
        <ele>1530.5999755859375</ele>
        <time>2026-04-20T20:04:31.000Z</time>
        <extensions>
          <ns3:TrackPointExtension>
            <ns3:hr>90</ns3:hr>
          </ns3:TrackPointExtension>
        </extensions>
      </trkpt>
      <trkpt lat="-25.1480090059340000152587890625" lon="-48.839684464037418365478515625">
        <ele>1533.4000244140625</ele>
        <time>2026-04-20T20:04:39.000Z</time>
        <extensions>
          <ns3:TrackPointExtension>
            <ns3:hr>94</ns3:hr>
          </ns3:TrackPointExtension>
        </extensions>
      </trkpt>
      <trkpt lat="-25.14802300371229648590087890625" lon="-48.83969075046479701995849609375">
        <ele>1534</ele>
        <time>2026-04-20T20:04:42.000Z</time>
        <extensions>
          <ns3:TrackPointExtension>
            <ns3:hr>91</ns3:hr>
          </ns3:TrackPointExtension>
        </extensions>
      </trkpt>
      <trkpt lat="-25.14804161153733730316162109375" lon="-48.83970818482339382171630859375">
        <ele>1535</ele>
        <time>2026-04-20T20:04:46.000Z</time>
        <extensions>
          <ns3:TrackPointExtension>
            <ns3:hr>93</ns3:hr>
          </ns3:TrackPointExtension>
        </extensions>
      </trkpt>
      <trkpt lat="-25.1480743847787380218505859375" lon="-48.83974573574960231781005859375">
        <ele>1537.199951171875</ele>
        <time>2026-04-20T20:04:54.000Z</time>
        <extensions>
          <ns3:TrackPointExtension>
            <ns3:hr>91</ns3:hr>
          </ns3:TrackPointExtension>
        </extensions>
      </trkpt>
      <trkpt lat="-25.14809542335569858551025390625" lon="-48.839750178158283233642578125">
        <ele>1538.4000244140625</ele>
        <time>2026-04-20T20:04:59.000Z</time>
        <extensions>
          <ns3:TrackPointExtension>
            <ns3:hr>88</ns3:hr>
          </ns3:TrackPointExtension>
        </extensions>
      </trkpt>
      <trkpt lat="-25.148118473589420318603515625" lon="-48.83974154479801654815673828125">
        <ele>1539.4000244140625</ele>
        <time>2026-04-20T20:05:04.000Z</time>
        <extensions>
          <ns3:TrackPointExtension>
            <ns3:hr>87</ns3:hr>
          </ns3:TrackPointExtension>
        </extensions>
      </trkpt>
      <trkpt lat="-25.14816264621913433074951171875" lon="-48.83969376794993877410888671875">
        <ele>1540.4000244140625</ele>
        <time>2026-04-20T20:05:13.000Z</time>
        <extensions>
          <ns3:TrackPointExtension>
            <ns3:hr>87</ns3:hr>
          </ns3:TrackPointExtension>
        </extensions>
      </trkpt>
      <trkpt lat="-25.14817756600677967071533203125" lon="-48.839695192873477935791015625">
        <ele>1541</ele>
        <time>2026-04-20T20:05:15.000Z</time>
        <extensions>
          <ns3:TrackPointExtension>
            <ns3:hr>92</ns3:hr>
          </ns3:TrackPointExtension>
        </extensions>
      </trkpt>
      <trkpt lat="-25.1481853611767292022705078125" lon="-48.8396973721683025360107421875">
        <ele>1541.199951171875</ele>
        <time>2026-04-20T20:05:16.000Z</time>
        <extensions>
          <ns3:TrackPointExtension>
            <ns3:hr>92</ns3:hr>
          </ns3:TrackPointExtension>
        </extensions>
      </trkpt>
      <trkpt lat="-25.14819332398474216461181640625" lon="-48.8396997191011905670166015625">
        <ele>1541.5999755859375</ele>
        <time>2026-04-20T20:05:17.000Z</time>
        <extensions>
          <ns3:TrackPointExtension>
            <ns3:hr>86</ns3:hr>
          </ns3:TrackPointExtension>
        </extensions>
      </trkpt>
      <trkpt lat="-25.148211680352687835693359375" lon="-48.8397003896534442901611328125">
        <ele>1542.5999755859375</ele>
        <time>2026-04-20T20:05:20.000Z</time>
        <extensions>
          <ns3:TrackPointExtension>
            <ns3:hr>83</ns3:hr>
          </ns3:TrackPointExtension>
        </extensions>
      </trkpt>
      <trkpt lat="-25.14821712858974933624267578125" lon="-48.83969930000603199005126953125">
        <ele>1542.800048828125</ele>
        <time>2026-04-20T20:05:21.000Z</time>
        <extensions>
          <ns3:TrackPointExtension>
            <ns3:hr>83</ns3:hr>
          </ns3:TrackPointExtension>
        </extensions>
      </trkpt>
      <trkpt lat="-25.1482604630291461944580078125" lon="-48.83967398665845394134521484375">
        <ele>1543.4000244140625</ele>
        <time>2026-04-20T20:05:28.000Z</time>
        <extensions>
          <ns3:TrackPointExtension>
            <ns3:hr>85</ns3:hr>
          </ns3:TrackPointExtension>
        </extensions>
      </trkpt>
      <trkpt lat="-25.1482819207012653350830078125" lon="-48.83966677822172641754150390625">
        <ele>1543.4000244140625</ele>
        <time>2026-04-20T20:05:31.000Z</time>
        <extensions>
          <ns3:TrackPointExtension>
            <ns3:hr>84</ns3:hr>
          </ns3:TrackPointExtension>
        </extensions>
      </trkpt>
      <trkpt lat="-25.14835811220109462738037109375" lon="-48.83970935828983783721923828125">
        <ele>1544.800048828125</ele>
        <time>2026-04-20T20:05:42.000Z</time>
        <extensions>
          <ns3:TrackPointExtension>
            <ns3:hr>86</ns3:hr>
          </ns3:TrackPointExtension>
        </extensions>
      </trkpt>
      <trkpt lat="-25.14841510914266109466552734375" lon="-48.8397533632814884185791015625">
        <ele>1545</ele>
        <time>2026-04-20T20:05:51.000Z</time>
        <extensions>
          <ns3:TrackPointExtension>
            <ns3:hr>86</ns3:hr>
          </ns3:TrackPointExtension>
        </extensions>
      </trkpt>
      <trkpt lat="-25.1484609581530094146728515625" lon="-48.83974791504442691802978515625">
        <ele>1545.800048828125</ele>
        <time>2026-04-20T20:05:58.000Z</time>
        <extensions>
          <ns3:TrackPointExtension>
            <ns3:hr>86</ns3:hr>
          </ns3:TrackPointExtension>
        </extensions>
      </trkpt>
      <trkpt lat="-25.1485290192067623138427734375" lon="-48.83973785676062107086181640625">
        <ele>1547.5999755859375</ele>
        <time>2026-04-20T20:06:06.000Z</time>
        <extensions>
          <ns3:TrackPointExtension>
            <ns3:hr>85</ns3:hr>
          </ns3:TrackPointExtension>
        </extensions>
      </trkpt>
      <trkpt lat="-25.148566067218780517578125" lon="-48.8397258706390857696533203125">
        <ele>1548.199951171875</ele>
        <time>2026-04-20T20:06:11.000Z</time>
        <extensions>
          <ns3:TrackPointExtension>
            <ns3:hr>84</ns3:hr>
          </ns3:TrackPointExtension>
        </extensions>
      </trkpt>
      <trkpt lat="-25.1485900394618511199951171875" lon="-48.83971673436462879180908203125">
        <ele>1548.800048828125</ele>
        <time>2026-04-20T20:06:14.000Z</time>
        <extensions>
          <ns3:TrackPointExtension>
            <ns3:hr>84</ns3:hr>
          </ns3:TrackPointExtension>
        </extensions>
      </trkpt>
      <trkpt lat="-25.14862147159874439239501953125" lon="-48.8397091068327426910400390625">
        <ele>1550.199951171875</ele>
        <time>2026-04-20T20:06:18.000Z</time>
        <extensions>
          <ns3:TrackPointExtension>
            <ns3:hr>86</ns3:hr>
          </ns3:TrackPointExtension>
        </extensions>
      </trkpt>
      <trkpt lat="-25.148650221526622772216796875" lon="-48.83969527669250965118408203125">
        <ele>1551.800048828125</ele>
        <time>2026-04-20T20:06:23.000Z</time>
        <extensions>
          <ns3:TrackPointExtension>
            <ns3:hr>90</ns3:hr>
          </ns3:TrackPointExtension>
        </extensions>
      </trkpt>
      <trkpt lat="-25.14868986792862415313720703125" lon="-48.839675746858119964599609375">
        <ele>1552.199951171875</ele>
        <time>2026-04-20T20:06:29.000Z</time>
        <extensions>
          <ns3:TrackPointExtension>
            <ns3:hr>87</ns3:hr>
          </ns3:TrackPointExtension>
        </extensions>
      </trkpt>
      <trkpt lat="-25.14869456179440021514892578125" lon="-48.83966895751655101776123046875">
        <ele>1552.199951171875</ele>
        <time>2026-04-20T20:06:30.000Z</time>
        <extensions>
          <ns3:TrackPointExtension>
            <ns3:hr>90</ns3:hr>
          </ns3:TrackPointExtension>
        </extensions>
      </trkpt>
      <trkpt lat="-25.14874284155666828155517578125" lon="-48.83962671272456645965576171875">
        <ele>1551.800048828125</ele>
        <time>2026-04-20T20:06:38.000Z</time>
        <extensions>
          <ns3:TrackPointExtension>
            <ns3:hr>92</ns3:hr>
          </ns3:TrackPointExtension>
        </extensions>
      </trkpt>
      <trkpt lat="-25.14879397116601467132568359375" lon="-48.83960877545177936553955078125">
        <ele>1551.5999755859375</ele>
        <time>2026-04-20T20:06:44.000Z</time>
        <extensions>
          <ns3:TrackPointExtension>
            <ns3:hr>89</ns3:hr>
          </ns3:TrackPointExtension>
        </extensions>
      </trkpt>
      <trkpt lat="-25.14886320568621158599853515625" lon="-48.8396061770617961883544921875">
        <ele>1551.800048828125</ele>
        <time>2026-04-20T20:06:51.000Z</time>
        <extensions>
          <ns3:TrackPointExtension>
            <ns3:hr>90</ns3:hr>
          </ns3:TrackPointExtension>
        </extensions>
      </trkpt>
      <trkpt lat="-25.14892506413161754608154296875" lon="-48.8396038301289081573486328125">
        <ele>1552.5999755859375</ele>
        <time>2026-04-20T20:06:57.000Z</time>
        <extensions>
          <ns3:TrackPointExtension>
            <ns3:hr>89</ns3:hr>
          </ns3:TrackPointExtension>
        </extensions>
      </trkpt>
      <trkpt lat="-25.14895004220306873321533203125" lon="-48.839611709117889404296875">
        <ele>1553</ele>
        <time>2026-04-20T20:07:00.000Z</time>
        <extensions>
          <ns3:TrackPointExtension>
            <ns3:hr>88</ns3:hr>
          </ns3:TrackPointExtension>
        </extensions>
      </trkpt>
      <trkpt lat="-25.1489937119185924530029296875" lon="-48.8396195881068706512451171875">
        <ele>1553.4000244140625</ele>
        <time>2026-04-20T20:07:05.000Z</time>
        <extensions>
          <ns3:TrackPointExtension>
            <ns3:hr>85</ns3:hr>
          </ns3:TrackPointExtension>
        </extensions>
      </trkpt>
      <trkpt lat="-25.14902665279805660247802734375" lon="-48.83962252177298069000244140625">
        <ele>1554</ele>
        <time>2026-04-20T20:07:08.000Z</time>
        <extensions>
          <ns3:TrackPointExtension>
            <ns3:hr>88</ns3:hr>
          </ns3:TrackPointExtension>
        </extensions>
      </trkpt>
      <trkpt lat="-25.14904760755598545074462890625" lon="-48.8396269641816616058349609375">
        <ele>1554.4000244140625</ele>
        <time>2026-04-20T20:07:10.000Z</time>
        <extensions>
          <ns3:TrackPointExtension>
            <ns3:hr>89</ns3:hr>
          </ns3:TrackPointExtension>
        </extensions>
      </trkpt>
      <trkpt lat="-25.14905766583979129791259765625" lon="-48.83962973020970821380615234375">
        <ele>1554.5999755859375</ele>
        <time>2026-04-20T20:07:11.000Z</time>
        <extensions>
          <ns3:TrackPointExtension>
            <ns3:hr>86</ns3:hr>
          </ns3:TrackPointExtension>
        </extensions>
      </trkpt>
      <trkpt lat="-25.1491258107125759124755859375" lon="-48.83964934386312961578369140625">
        <ele>1555.199951171875</ele>
        <time>2026-04-20T20:07:18.000Z</time>
        <extensions>
          <ns3:TrackPointExtension>
            <ns3:hr>88</ns3:hr>
          </ns3:TrackPointExtension>
        </extensions>
      </trkpt>
      <trkpt lat="-25.149133689701557159423828125" lon="-48.83964850567281246185302734375">
        <ele>1555.4000244140625</ele>
        <time>2026-04-20T20:07:19.000Z</time>
        <extensions>
          <ns3:TrackPointExtension>
            <ns3:hr>85</ns3:hr>
          </ns3:TrackPointExtension>
        </extensions>
      </trkpt>
      <trkpt lat="-25.14918104745447635650634765625" lon="-48.83965127170085906982421875">
        <ele>1556.199951171875</ele>
        <time>2026-04-20T20:07:24.000Z</time>
        <extensions>
          <ns3:TrackPointExtension>
            <ns3:hr>88</ns3:hr>
          </ns3:TrackPointExtension>
        </extensions>
      </trkpt>
      <trkpt lat="-25.14919714070856571197509765625" lon="-48.83965236134827136993408203125">
        <ele>1556.800048828125</ele>
        <time>2026-04-20T20:07:26.000Z</time>
        <extensions>
          <ns3:TrackPointExtension>
            <ns3:hr>88</ns3:hr>
          </ns3:TrackPointExtension>
        </extensions>
      </trkpt>
      <trkpt lat="-25.14922630973160266876220703125" lon="-48.83965437300503253936767578125">
        <ele>1557.4000244140625</ele>
        <time>2026-04-20T20:07:29.000Z</time>
        <extensions>
          <ns3:TrackPointExtension>
            <ns3:hr>85</ns3:hr>
          </ns3:TrackPointExtension>
        </extensions>
      </trkpt>
      <trkpt lat="-25.149301327764987945556640625" lon="-48.8396631740033626556396484375">
        <ele>1557.800048828125</ele>
        <time>2026-04-20T20:07:37.000Z</time>
        <extensions>
          <ns3:TrackPointExtension>
            <ns3:hr>83</ns3:hr>
          </ns3:TrackPointExtension>
        </extensions>
      </trkpt>
      <trkpt lat="-25.14930895529687404632568359375" lon="-48.839666359126567840576171875">
        <ele>1557.800048828125</ele>
        <time>2026-04-20T20:07:44.000Z</time>
        <extensions>
          <ns3:TrackPointExtension>
            <ns3:hr>85</ns3:hr>
          </ns3:TrackPointExtension>
        </extensions>
      </trkpt>
      <trkpt lat="-25.149310044944286346435546875" lon="-48.83966878987848758697509765625">
        <ele>1558.199951171875</ele>
        <time>2026-04-20T20:07:53.000Z</time>
        <extensions>
          <ns3:TrackPointExtension>
            <ns3:hr>82</ns3:hr>
          </ns3:TrackPointExtension>
        </extensions>
      </trkpt>
      <trkpt lat="-25.149310044944286346435546875" lon="-48.83966878987848758697509765625">
        <ele>1558.199951171875</ele>
        <time>2026-04-20T20:07:54.000Z</time>
        <extensions>
          <ns3:TrackPointExtension>
            <ns3:hr>87</ns3:hr>
          </ns3:TrackPointExtension>
        </extensions>
      </trkpt>
      <trkpt lat="-25.149310044944286346435546875" lon="-48.83966878987848758697509765625">
        <ele>1558.199951171875</ele>
        <time>2026-04-20T20:07:55.000Z</time>
        <extensions>
          <ns3:TrackPointExtension>
            <ns3:hr>83</ns3:hr>
          </ns3:TrackPointExtension>
        </extensions>
      </trkpt>
      <trkpt lat="-25.1493236236274242401123046875" lon="-48.83967046625912189483642578125">
        <ele>1558.199951171875</ele>
        <time>2026-04-20T20:07:57.000Z</time>
        <extensions>
          <ns3:TrackPointExtension>
            <ns3:hr>84</ns3:hr>
          </ns3:TrackPointExtension>
        </extensions>
      </trkpt>
      <trkpt lat="-25.14933519065380096435546875" lon="-48.8396705500781536102294921875">
        <ele>1558.199951171875</ele>
        <time>2026-04-20T20:07:58.000Z</time>
        <extensions>
          <ns3:TrackPointExtension>
            <ns3:hr>87</ns3:hr>
          </ns3:TrackPointExtension>
        </extensions>
      </trkpt>
      <trkpt lat="-25.1494278945028781890869140625" lon="-48.839695863425731658935546875">
        <ele>1558</ele>
        <time>2026-04-20T20:08:06.000Z</time>
        <extensions>
          <ns3:TrackPointExtension>
            <ns3:hr>87</ns3:hr>
          </ns3:TrackPointExtension>
        </extensions>
      </trkpt>
      <trkpt lat="-25.14953291974961757659912109375" lon="-48.83970499970018863677978515625">
        <ele>1557.800048828125</ele>
        <time>2026-04-20T20:08:16.000Z</time>
        <extensions>
          <ns3:TrackPointExtension>
            <ns3:hr>87</ns3:hr>
          </ns3:TrackPointExtension>
        </extensions>
      </trkpt>
      <trkpt lat="-25.14955907128751277923583984375" lon="-48.83971698582172393798828125">
        <ele>1557.199951171875</ele>
        <time>2026-04-20T20:08:19.000Z</time>
        <extensions>
          <ns3:TrackPointExtension>
            <ns3:hr>84</ns3:hr>
          </ns3:TrackPointExtension>
        </extensions>
      </trkpt>
      <trkpt lat="-25.14961321838200092315673828125" lon="-48.839752189815044403076171875">
        <ele>1556.199951171875</ele>
        <time>2026-04-20T20:08:25.000Z</time>
        <extensions>
          <ns3:TrackPointExtension>
            <ns3:hr>87</ns3:hr>
          </ns3:TrackPointExtension>
        </extensions>
      </trkpt>
      <trkpt lat="-25.14962076209485530853271484375" lon="-48.83975923061370849609375">
        <ele>1556</ele>
        <time>2026-04-20T20:08:26.000Z</time>
        <extensions>
          <ns3:TrackPointExtension>
            <ns3:hr>87</ns3:hr>
          </ns3:TrackPointExtension>
        </extensions>
      </trkpt>
      <trkpt lat="-25.14964959584176540374755859375" lon="-48.83977825753390789031982421875">
        <ele>1555.4000244140625</ele>
        <time>2026-04-20T20:08:34.000Z</time>
        <extensions>
          <ns3:TrackPointExtension>
            <ns3:hr>86</ns3:hr>
          </ns3:TrackPointExtension>
        </extensions>
      </trkpt>
      <trkpt lat="-25.1496488414704799652099609375" lon="-48.83977909572422504425048828125">
        <ele>1555.5999755859375</ele>
        <time>2026-04-20T20:08:39.000Z</time>
        <extensions>
          <ns3:TrackPointExtension>
            <ns3:hr>94</ns3:hr>
          </ns3:TrackPointExtension>
        </extensions>
      </trkpt>
      <trkpt lat="-25.14964900910854339599609375" lon="-48.8397793471813201904296875">
        <ele>1555.4000244140625</ele>
        <time>2026-04-20T20:08:46.000Z</time>
        <extensions>
          <ns3:TrackPointExtension>
            <ns3:hr>99</ns3:hr>
          </ns3:TrackPointExtension>
        </extensions>
      </trkpt>
      <trkpt lat="-25.14964825473725795745849609375" lon="-48.8397788442671298980712890625">
        <ele>1555.4000244140625</ele>
        <time>2026-04-20T20:09:00.000Z</time>
        <extensions>
          <ns3:TrackPointExtension>
            <ns3:hr>96</ns3:hr>
          </ns3:TrackPointExtension>
        </extensions>
      </trkpt>
      <trkpt lat="-25.1496478356420993804931640625" lon="-48.8397793471813201904296875">
        <ele>1555.5999755859375</ele>
        <time>2026-04-20T20:09:06.000Z</time>
        <extensions>
          <ns3:TrackPointExtension>
            <ns3:hr>93</ns3:hr>
          </ns3:TrackPointExtension>
        </extensions>
      </trkpt>
      <trkpt lat="-25.1496910862624645233154296875" lon="-48.83978446014225482940673828125">
        <ele>1555.800048828125</ele>
        <time>2026-04-20T20:09:10.000Z</time>
        <extensions>
          <ns3:TrackPointExtension>
            <ns3:hr>93</ns3:hr>
          </ns3:TrackPointExtension>
        </extensions>
      </trkpt>
      <trkpt lat="-25.1497588120400905609130859375" lon="-48.83980407379567623138427734375">
        <ele>1556.5999755859375</ele>
        <time>2026-04-20T20:09:16.000Z</time>
        <extensions>
          <ns3:TrackPointExtension>
            <ns3:hr>92</ns3:hr>
          </ns3:TrackPointExtension>
        </extensions>
      </trkpt>
      <trkpt lat="-25.1497636735439300537109375" lon="-48.839805833995342254638671875">
        <ele>1556.800048828125</ele>
        <time>2026-04-20T20:09:18.000Z</time>
        <extensions>
          <ns3:TrackPointExtension>
            <ns3:hr>92</ns3:hr>
          </ns3:TrackPointExtension>
        </extensions>
      </trkpt>
      <trkpt lat="-25.14977532438933849334716796875" lon="-48.83980206213891506195068359375">
        <ele>1557</ele>
        <time>2026-04-20T20:09:28.000Z</time>
        <extensions>
          <ns3:TrackPointExtension>
            <ns3:hr>92</ns3:hr>
          </ns3:TrackPointExtension>
        </extensions>
      </trkpt>
      <trkpt lat="-25.149781443178653717041015625" lon="-48.83981161750853061676025390625">
        <ele>1557</ele>
        <time>2026-04-20T20:09:41.000Z</time>
        <extensions>
          <ns3:TrackPointExtension>
            <ns3:hr>95</ns3:hr>
          </ns3:TrackPointExtension>
        </extensions>
      </trkpt>
      <trkpt lat="-25.14978102408349514007568359375" lon="-48.8398110307753086090087890625">
        <ele>1557</ele>
        <time>2026-04-20T20:09:43.000Z</time>
        <extensions>
          <ns3:TrackPointExtension>
            <ns3:hr>94</ns3:hr>
          </ns3:TrackPointExtension>
        </extensions>
      </trkpt>
      <trkpt lat="-25.1497772522270679473876953125" lon="-48.83980826474726200103759765625">
        <ele>1557</ele>
        <time>2026-04-20T20:09:49.000Z</time>
        <extensions>
          <ns3:TrackPointExtension>
            <ns3:hr>97</ns3:hr>
          </ns3:TrackPointExtension>
        </extensions>
      </trkpt>
      <trkpt lat="-25.1497665233910083770751953125" lon="-48.83980290032923221588134765625">
        <ele>1556</ele>
        <time>2026-04-20T20:10:25.000Z</time>
        <extensions>
          <ns3:TrackPointExtension>
            <ns3:hr>100</ns3:hr>
          </ns3:TrackPointExtension>
        </extensions>
      </trkpt>
      <trkpt lat="-25.14975872822105884552001953125" lon="-48.8398026488721370697021484375">
        <ele>1556.4000244140625</ele>
        <time>2026-04-20T20:10:37.000Z</time>
        <extensions>
          <ns3:TrackPointExtension>
            <ns3:hr>103</ns3:hr>
          </ns3:TrackPointExtension>
        </extensions>
      </trkpt>
      <trkpt lat="-25.14974783174693584442138671875" lon="-48.8397919200360774993896484375">
        <ele>1558.5999755859375</ele>
        <time>2026-04-20T20:11:24.000Z</time>
        <extensions>
          <ns3:TrackPointExtension>
            <ns3:hr>100</ns3:hr>
          </ns3:TrackPointExtension>
        </extensions>
      </trkpt>
      <trkpt lat="-25.1497504301369190216064453125" lon="-48.8397952727973461151123046875">
        <ele>1559.800048828125</ele>
        <time>2026-04-20T20:11:54.000Z</time>
        <extensions>
          <ns3:TrackPointExtension>
            <ns3:hr>97</ns3:hr>
          </ns3:TrackPointExtension>
        </extensions>
      </trkpt>
      <trkpt lat="-25.1496934331953525543212890625" lon="-48.83978135883808135986328125">
        <ele>1560.4000244140625</ele>
        <time>2026-04-20T20:12:18.000Z</time>
        <extensions>
          <ns3:TrackPointExtension>
            <ns3:hr>99</ns3:hr>
          </ns3:TrackPointExtension>
        </extensions>
      </trkpt>
      <trkpt lat="-25.1496297307312488555908203125" lon="-48.83977456949651241302490234375">
        <ele>1561</ele>
        <time>2026-04-20T20:12:24.000Z</time>
        <extensions>
          <ns3:TrackPointExtension>
            <ns3:hr>98</ns3:hr>
          </ns3:TrackPointExtension>
        </extensions>
      </trkpt>
      <trkpt lat="-25.14962025918066501617431640625" lon="-48.83978068828582763671875">
        <ele>1561.800048828125</ele>
        <time>2026-04-20T20:12:31.000Z</time>
        <extensions>
          <ns3:TrackPointExtension>
            <ns3:hr>97</ns3:hr>
          </ns3:TrackPointExtension>
        </extensions>
      </trkpt>
      <trkpt lat="-25.14961891807615756988525390625" lon="-48.83977959863841533660888671875">
        <ele>1561</ele>
        <time>2026-04-20T20:12:46.000Z</time>
        <extensions>
          <ns3:TrackPointExtension>
            <ns3:hr>100</ns3:hr>
          </ns3:TrackPointExtension>
        </extensions>
      </trkpt>
      <trkpt lat="-25.1496106199920177459716796875" lon="-48.839776329696178436279296875">
        <ele>1561.4000244140625</ele>
        <time>2026-04-20T20:12:54.000Z</time>
        <extensions>
          <ns3:TrackPointExtension>
            <ns3:hr>97</ns3:hr>
          </ns3:TrackPointExtension>
        </extensions>
      </trkpt>
      <trkpt lat="-25.14961003325879573822021484375" lon="-48.83977607823908329010009765625">
        <ele>1561.800048828125</ele>
        <time>2026-04-20T20:13:00.000Z</time>
        <extensions>
          <ns3:TrackPointExtension>
            <ns3:hr>99</ns3:hr>
          </ns3:TrackPointExtension>
        </extensions>
      </trkpt>
    </trkseg>
  </trk>
</gpx>
