<?xml version="1.0" encoding="UTF-8"?>
<gpx creator="Garmin Connect" version="1.1"
  xsi:schemaLocation="http://www.topografix.com/GPX/1/1 http://www.topografix.com/GPX/11.xsd"
  xmlns:ns3="http://www.garmin.com/xmlschemas/TrackPointExtension/v1"
  xmlns="http://www.topografix.com/GPX/1/1"
  xmlns:xsi="http://www.w3.org/2001/XMLSchema-instance" xmlns:ns2="http://www.garmin.com/xmlschemas/GpxExtensions/v3">
  <metadata>
    <link href="connect.garmin.com">
      <text>Garmin Connect</text>
    </link>
    <time>2025-03-29T19:13:58.000Z</time>
  </metadata>
  <trk>
    <name>Campina Grande do Sul Caminhada</name>
    <type>walking</type>
    <trkseg>
      <trkpt lat="-25.13971813023090362548828125" lon="-48.8516278378665447235107421875">
        <ele>916.5999755859375</ele>
        <time>2025-03-29T19:13:58.000Z</time>
        <extensions>
          <ns3:TrackPointExtension>
            <ns3:hr>114</ns3:hr>
          </ns3:TrackPointExtension>
        </extensions>
      </trkpt>
      <trkpt lat="-25.13977671973407268524169921875" lon="-48.85165407322347164154052734375">
        <ele>916.5999755859375</ele>
        <time>2025-03-29T19:13:59.000Z</time>
        <extensions>
          <ns3:TrackPointExtension>
            <ns3:hr>114</ns3:hr>
          </ns3:TrackPointExtension>
        </extensions>
      </trkpt>
      <trkpt lat="-25.13968301005661487579345703125" lon="-48.8516036979854106903076171875">
        <ele>916.5999755859375</ele>
        <time>2025-03-29T19:14:04.000Z</time>
        <extensions>
          <ns3:TrackPointExtension>
            <ns3:hr>114</ns3:hr>
          </ns3:TrackPointExtension>
        </extensions>
      </trkpt>
      <trkpt lat="-25.13956264592707157135009765625" lon="-48.85149314068257808685302734375">
        <ele>916.5999755859375</ele>
        <time>2025-03-29T19:14:16.000Z</time>
        <extensions>
          <ns3:TrackPointExtension>
            <ns3:hr>116</ns3:hr>
          </ns3:TrackPointExtension>
        </extensions>
      </trkpt>
      <trkpt lat="-25.1395037211477756500244140625" lon="-48.85143865831196308135986328125">
        <ele>917.20001220703125</ele>
        <time>2025-03-29T19:14:24.000Z</time>
        <extensions>
          <ns3:TrackPointExtension>
            <ns3:hr>117</ns3:hr>
          </ns3:TrackPointExtension>
        </extensions>
      </trkpt>
      <trkpt lat="-25.1394725404679775238037109375" lon="-48.851371519267559051513671875">
        <ele>917.5999755859375</ele>
        <time>2025-03-29T19:14:31.000Z</time>
        <extensions>
          <ns3:TrackPointExtension>
            <ns3:hr>115</ns3:hr>
          </ns3:TrackPointExtension>
        </extensions>
      </trkpt>
      <trkpt lat="-25.1394711993634700775146484375" lon="-48.8513542525470256805419921875">
        <ele>917.79998779296875</ele>
        <time>2025-03-29T19:14:36.000Z</time>
        <extensions>
          <ns3:TrackPointExtension>
            <ns3:hr>113</ns3:hr>
          </ns3:TrackPointExtension>
        </extensions>
      </trkpt>
      <trkpt lat="-25.139481090009212493896484375" lon="-48.85132499970495700836181640625">
        <ele>918</ele>
        <time>2025-03-29T19:14:41.000Z</time>
        <extensions>
          <ns3:TrackPointExtension>
            <ns3:hr>112</ns3:hr>
          </ns3:TrackPointExtension>
        </extensions>
      </trkpt>
      <trkpt lat="-25.13950288295745849609375" lon="-48.8512831740081310272216796875">
        <ele>918</ele>
        <time>2025-03-29T19:14:48.000Z</time>
        <extensions>
          <ns3:TrackPointExtension>
            <ns3:hr>112</ns3:hr>
          </ns3:TrackPointExtension>
        </extensions>
      </trkpt>
      <trkpt lat="-25.1395444571971893310546875" lon="-48.85122139938175678253173828125">
        <ele>919</ele>
        <time>2025-03-29T19:14:55.000Z</time>
        <extensions>
          <ns3:TrackPointExtension>
            <ns3:hr>112</ns3:hr>
          </ns3:TrackPointExtension>
        </extensions>
      </trkpt>
      <trkpt lat="-25.13954638503491878509521484375" lon="-48.851189799606800079345703125">
        <ele>920.4000244140625</ele>
        <time>2025-03-29T19:15:01.000Z</time>
        <extensions>
          <ns3:TrackPointExtension>
            <ns3:hr>110</ns3:hr>
          </ns3:TrackPointExtension>
        </extensions>
      </trkpt>
      <trkpt lat="-25.13954504393041133880615234375" lon="-48.85119508020579814910888671875">
        <ele>920.79998779296875</ele>
        <time>2025-03-29T19:15:06.000Z</time>
        <extensions>
          <ns3:TrackPointExtension>
            <ns3:hr>110</ns3:hr>
          </ns3:TrackPointExtension>
        </extensions>
      </trkpt>
      <trkpt lat="-25.1395499892532825469970703125" lon="-48.85115794837474822998046875">
        <ele>921.20001220703125</ele>
        <time>2025-03-29T19:15:11.000Z</time>
        <extensions>
          <ns3:TrackPointExtension>
            <ns3:hr>107</ns3:hr>
          </ns3:TrackPointExtension>
        </extensions>
      </trkpt>
      <trkpt lat="-25.13955141417682170867919921875" lon="-48.8511524163186550140380859375">
        <ele>921.4000244140625</ele>
        <time>2025-03-29T19:15:13.000Z</time>
        <extensions>
          <ns3:TrackPointExtension>
            <ns3:hr>106</ns3:hr>
          </ns3:TrackPointExtension>
        </extensions>
      </trkpt>
      <trkpt lat="-25.1395855285227298736572265625" lon="-48.8511249236762523651123046875">
        <ele>922.20001220703125</ele>
        <time>2025-03-29T19:15:20.000Z</time>
        <extensions>
          <ns3:TrackPointExtension>
            <ns3:hr>106</ns3:hr>
          </ns3:TrackPointExtension>
        </extensions>
      </trkpt>
      <trkpt lat="-25.13958938419818878173828125" lon="-48.85112333111464977264404296875">
        <ele>923.5999755859375</ele>
        <time>2025-03-29T19:15:26.000Z</time>
        <extensions>
          <ns3:TrackPointExtension>
            <ns3:hr>105</ns3:hr>
          </ns3:TrackPointExtension>
        </extensions>
      </trkpt>
      <trkpt lat="-25.1395959220826625823974609375" lon="-48.8510850258171558380126953125">
        <ele>925</ele>
        <time>2025-03-29T19:15:32.000Z</time>
        <extensions>
          <ns3:TrackPointExtension>
            <ns3:hr>106</ns3:hr>
          </ns3:TrackPointExtension>
        </extensions>
      </trkpt>
      <trkpt lat="-25.13959550298750400543212890625" lon="-48.85108745656907558441162109375">
        <ele>928</ele>
        <time>2025-03-29T19:15:48.000Z</time>
        <extensions>
          <ns3:TrackPointExtension>
            <ns3:hr>106</ns3:hr>
          </ns3:TrackPointExtension>
        </extensions>
      </trkpt>
      <trkpt lat="-25.1395915634930133819580078125" lon="-48.85106298141181468963623046875">
        <ele>928.5999755859375</ele>
        <time>2025-03-29T19:15:56.000Z</time>
        <extensions>
          <ns3:TrackPointExtension>
            <ns3:hr>109</ns3:hr>
          </ns3:TrackPointExtension>
        </extensions>
      </trkpt>
      <trkpt lat="-25.1395935751497745513916015625" lon="-48.851019479334354400634765625">
        <ele>930.4000244140625</ele>
        <time>2025-03-29T19:16:00.000Z</time>
        <extensions>
          <ns3:TrackPointExtension>
            <ns3:hr>109</ns3:hr>
          </ns3:TrackPointExtension>
        </extensions>
      </trkpt>
      <trkpt lat="-25.1396183855831623077392578125" lon="-48.8509368337690830230712890625">
        <ele>931.5999755859375</ele>
        <time>2025-03-29T19:16:06.000Z</time>
        <extensions>
          <ns3:TrackPointExtension>
            <ns3:hr>108</ns3:hr>
          </ns3:TrackPointExtension>
        </extensions>
      </trkpt>
      <trkpt lat="-25.13963900506496429443359375" lon="-48.850875310599803924560546875">
        <ele>932.79998779296875</ele>
        <time>2025-03-29T19:16:13.000Z</time>
        <extensions>
          <ns3:TrackPointExtension>
            <ns3:hr>108</ns3:hr>
          </ns3:TrackPointExtension>
        </extensions>
      </trkpt>
      <trkpt lat="-25.13965467922389507293701171875" lon="-48.8508325628936290740966796875">
        <ele>935.79998779296875</ele>
        <time>2025-03-29T19:16:19.000Z</time>
        <extensions>
          <ns3:TrackPointExtension>
            <ns3:hr>107</ns3:hr>
          </ns3:TrackPointExtension>
        </extensions>
      </trkpt>
      <trkpt lat="-25.139668174088001251220703125" lon="-48.85079543106257915496826171875">
        <ele>938</ele>
        <time>2025-03-29T19:16:23.000Z</time>
        <extensions>
          <ns3:TrackPointExtension>
            <ns3:hr>104</ns3:hr>
          </ns3:TrackPointExtension>
        </extensions>
      </trkpt>
      <trkpt lat="-25.13967211358249187469482421875" lon="-48.85077883489429950714111328125">
        <ele>939.4000244140625</ele>
        <time>2025-03-29T19:16:25.000Z</time>
        <extensions>
          <ns3:TrackPointExtension>
            <ns3:hr>104</ns3:hr>
          </ns3:TrackPointExtension>
        </extensions>
      </trkpt>
      <trkpt lat="-25.139679573476314544677734375" lon="-48.85072317905724048614501953125">
        <ele>941.4000244140625</ele>
        <time>2025-03-29T19:16:32.000Z</time>
        <extensions>
          <ns3:TrackPointExtension>
            <ns3:hr>104</ns3:hr>
          </ns3:TrackPointExtension>
        </extensions>
      </trkpt>
      <trkpt lat="-25.139680244028568267822265625" lon="-48.85070264339447021484375">
        <ele>941.79998779296875</ele>
        <time>2025-03-29T19:16:34.000Z</time>
        <extensions>
          <ns3:TrackPointExtension>
            <ns3:hr>101</ns3:hr>
          </ns3:TrackPointExtension>
        </extensions>
      </trkpt>
      <trkpt lat="-25.13967965729534626007080078125" lon="-48.85067917406558990478515625">
        <ele>942.4000244140625</ele>
        <time>2025-03-29T19:16:37.000Z</time>
        <extensions>
          <ns3:TrackPointExtension>
            <ns3:hr>99</ns3:hr>
          </ns3:TrackPointExtension>
        </extensions>
      </trkpt>
      <trkpt lat="-25.13969826512038707733154296875" lon="-48.85065159760415554046630859375">
        <ele>943.20001220703125</ele>
        <time>2025-03-29T19:16:40.000Z</time>
        <extensions>
          <ns3:TrackPointExtension>
            <ns3:hr>98</ns3:hr>
          </ns3:TrackPointExtension>
        </extensions>
      </trkpt>
      <trkpt lat="-25.13976397924125194549560546875" lon="-48.85053793899714946746826171875">
        <ele>946.4000244140625</ele>
        <time>2025-03-29T19:16:50.000Z</time>
        <extensions>
          <ns3:TrackPointExtension>
            <ns3:hr>97</ns3:hr>
          </ns3:TrackPointExtension>
        </extensions>
      </trkpt>
      <trkpt lat="-25.1397930644452571868896484375" lon="-48.8505257852375507354736328125">
        <ele>948.5999755859375</ele>
        <time>2025-03-29T19:16:56.000Z</time>
        <extensions>
          <ns3:TrackPointExtension>
            <ns3:hr>101</ns3:hr>
          </ns3:TrackPointExtension>
        </extensions>
      </trkpt>
      <trkpt lat="-25.1398084871470928192138671875" lon="-48.85050474666059017181396484375">
        <ele>949.79998779296875</ele>
        <time>2025-03-29T19:17:04.000Z</time>
        <extensions>
          <ns3:TrackPointExtension>
            <ns3:hr>102</ns3:hr>
          </ns3:TrackPointExtension>
        </extensions>
      </trkpt>
      <trkpt lat="-25.139801613986492156982421875" lon="-48.850485049188137054443359375">
        <ele>950</ele>
        <time>2025-03-29T19:17:06.000Z</time>
        <extensions>
          <ns3:TrackPointExtension>
            <ns3:hr>99</ns3:hr>
          </ns3:TrackPointExtension>
        </extensions>
      </trkpt>
      <trkpt lat="-25.1397820003330707550048828125" lon="-48.8504265435039997100830078125">
        <ele>950.4000244140625</ele>
        <time>2025-03-29T19:17:11.000Z</time>
        <extensions>
          <ns3:TrackPointExtension>
            <ns3:hr>99</ns3:hr>
          </ns3:TrackPointExtension>
        </extensions>
      </trkpt>
      <trkpt lat="-25.13977847993373870849609375" lon="-48.85035336948931217193603515625">
        <ele>951.4000244140625</ele>
        <time>2025-03-29T19:17:16.000Z</time>
        <extensions>
          <ns3:TrackPointExtension>
            <ns3:hr>99</ns3:hr>
          </ns3:TrackPointExtension>
        </extensions>
      </trkpt>
      <trkpt lat="-25.1397830061614513397216796875" lon="-48.85029654018580913543701171875">
        <ele>954.20001220703125</ele>
        <time>2025-03-29T19:17:21.000Z</time>
        <extensions>
          <ns3:TrackPointExtension>
            <ns3:hr>98</ns3:hr>
          </ns3:TrackPointExtension>
        </extensions>
      </trkpt>
      <trkpt lat="-25.13978359289467334747314453125" lon="-48.85029067285358905792236328125">
        <ele>954.79998779296875</ele>
        <time>2025-03-29T19:17:22.000Z</time>
        <extensions>
          <ns3:TrackPointExtension>
            <ns3:hr>99</ns3:hr>
          </ns3:TrackPointExtension>
        </extensions>
      </trkpt>
      <trkpt lat="-25.13979465700685977935791015625" lon="-48.85023116134107112884521484375">
        <ele>957.20001220703125</ele>
        <time>2025-03-29T19:17:29.000Z</time>
        <extensions>
          <ns3:TrackPointExtension>
            <ns3:hr>97</ns3:hr>
          </ns3:TrackPointExtension>
        </extensions>
      </trkpt>
      <trkpt lat="-25.13982432894408702850341796875" lon="-48.85018791072070598602294921875">
        <ele>957.79998779296875</ele>
        <time>2025-03-29T19:17:35.000Z</time>
        <extensions>
          <ns3:TrackPointExtension>
            <ns3:hr>98</ns3:hr>
          </ns3:TrackPointExtension>
        </extensions>
      </trkpt>
      <trkpt lat="-25.13988015241920948028564453125" lon="-48.85010040365159511566162109375">
        <ele>958.5999755859375</ele>
        <time>2025-03-29T19:17:43.000Z</time>
        <extensions>
          <ns3:TrackPointExtension>
            <ns3:hr>99</ns3:hr>
          </ns3:TrackPointExtension>
        </extensions>
      </trkpt>
      <trkpt lat="-25.1398770511150360107421875" lon="-48.85006872005760669708251953125">
        <ele>959</ele>
        <time>2025-03-29T19:17:45.000Z</time>
        <extensions>
          <ns3:TrackPointExtension>
            <ns3:hr>95</ns3:hr>
          </ns3:TrackPointExtension>
        </extensions>
      </trkpt>
      <trkpt lat="-25.13989289291203022003173828125" lon="-48.85005497373640537261962890625">
        <ele>959.4000244140625</ele>
        <time>2025-03-29T19:17:47.000Z</time>
        <extensions>
          <ns3:TrackPointExtension>
            <ns3:hr>98</ns3:hr>
          </ns3:TrackPointExtension>
        </extensions>
      </trkpt>
      <trkpt lat="-25.139910243451595306396484375" lon="-48.8500376231968402862548828125">
        <ele>960.20001220703125</ele>
        <time>2025-03-29T19:17:50.000Z</time>
        <extensions>
          <ns3:TrackPointExtension>
            <ns3:hr>97</ns3:hr>
          </ns3:TrackPointExtension>
        </extensions>
      </trkpt>
      <trkpt lat="-25.1399482972919940948486328125" lon="-48.850024379789829254150390625">
        <ele>962</ele>
        <time>2025-03-29T19:17:56.000Z</time>
        <extensions>
          <ns3:TrackPointExtension>
            <ns3:hr>101</ns3:hr>
          </ns3:TrackPointExtension>
        </extensions>
      </trkpt>
      <trkpt lat="-25.139966569840908050537109375" lon="-48.85001591406762599945068359375">
        <ele>962.5999755859375</ele>
        <time>2025-03-29T19:17:58.000Z</time>
        <extensions>
          <ns3:TrackPointExtension>
            <ns3:hr>98</ns3:hr>
          </ns3:TrackPointExtension>
        </extensions>
      </trkpt>
      <trkpt lat="-25.13997159898281097412109375" lon="-48.85001105256378650665283203125">
        <ele>962.79998779296875</ele>
        <time>2025-03-29T19:17:59.000Z</time>
        <extensions>
          <ns3:TrackPointExtension>
            <ns3:hr>95</ns3:hr>
          </ns3:TrackPointExtension>
        </extensions>
      </trkpt>
      <trkpt lat="-25.13997872360050678253173828125" lon="-48.8499940373003482818603515625">
        <ele>964.79998779296875</ele>
        <time>2025-03-29T19:18:06.000Z</time>
        <extensions>
          <ns3:TrackPointExtension>
            <ns3:hr>95</ns3:hr>
          </ns3:TrackPointExtension>
        </extensions>
      </trkpt>
      <trkpt lat="-25.13997570611536502838134765625" lon="-48.84998640976846218109130859375">
        <ele>965.4000244140625</ele>
        <time>2025-03-29T19:18:15.000Z</time>
        <extensions>
          <ns3:TrackPointExtension>
            <ns3:hr>94</ns3:hr>
          </ns3:TrackPointExtension>
        </extensions>
      </trkpt>
      <trkpt lat="-25.1399731077253818511962890625" lon="-48.84998037479817867279052734375">
        <ele>965.4000244140625</ele>
        <time>2025-03-29T19:18:21.000Z</time>
        <extensions>
          <ns3:TrackPointExtension>
            <ns3:hr>97</ns3:hr>
          </ns3:TrackPointExtension>
        </extensions>
      </trkpt>
      <trkpt lat="-25.139972269535064697265625" lon="-48.8499836437404155731201171875">
        <ele>965.4000244140625</ele>
        <time>2025-03-29T19:18:25.000Z</time>
        <extensions>
          <ns3:TrackPointExtension>
            <ns3:hr>100</ns3:hr>
          </ns3:TrackPointExtension>
        </extensions>
      </trkpt>
      <trkpt lat="-25.139972269535064697265625" lon="-48.84998523630201816558837890625">
        <ele>965.4000244140625</ele>
        <time>2025-03-29T19:18:26.000Z</time>
        <extensions>
          <ns3:TrackPointExtension>
            <ns3:hr>100</ns3:hr>
          </ns3:TrackPointExtension>
        </extensions>
      </trkpt>
      <trkpt lat="-25.1399824954569339752197265625" lon="-48.84995774365961551666259765625">
        <ele>966.4000244140625</ele>
        <time>2025-03-29T19:18:32.000Z</time>
        <extensions>
          <ns3:TrackPointExtension>
            <ns3:hr>101</ns3:hr>
          </ns3:TrackPointExtension>
        </extensions>
      </trkpt>
      <trkpt lat="-25.14002013020217418670654296875" lon="-48.849913738667964935302734375">
        <ele>968.20001220703125</ele>
        <time>2025-03-29T19:18:38.000Z</time>
        <extensions>
          <ns3:TrackPointExtension>
            <ns3:hr>104</ns3:hr>
          </ns3:TrackPointExtension>
        </extensions>
      </trkpt>
      <trkpt lat="-25.14002365060150623321533203125" lon="-48.84990342892706394195556640625">
        <ele>968.5999755859375</ele>
        <time>2025-03-29T19:18:39.000Z</time>
        <extensions>
          <ns3:TrackPointExtension>
            <ns3:hr>101</ns3:hr>
          </ns3:TrackPointExtension>
        </extensions>
      </trkpt>
      <trkpt lat="-25.140065811574459075927734375" lon="-48.84984961710870265960693359375">
        <ele>971</ele>
        <time>2025-03-29T19:18:45.000Z</time>
        <extensions>
          <ns3:TrackPointExtension>
            <ns3:hr>100</ns3:hr>
          </ns3:TrackPointExtension>
        </extensions>
      </trkpt>
      <trkpt lat="-25.14015533030033111572265625" lon="-48.84983360767364501953125">
        <ele>974.4000244140625</ele>
        <time>2025-03-29T19:18:54.000Z</time>
        <extensions>
          <ns3:TrackPointExtension>
            <ns3:hr>102</ns3:hr>
          </ns3:TrackPointExtension>
        </extensions>
      </trkpt>
      <trkpt lat="-25.1402096450328826904296875" lon="-48.84975288994610309600830078125">
        <ele>980.79998779296875</ele>
        <time>2025-03-29T19:19:04.000Z</time>
        <extensions>
          <ns3:TrackPointExtension>
            <ns3:hr>102</ns3:hr>
          </ns3:TrackPointExtension>
        </extensions>
      </trkpt>
      <trkpt lat="-25.14021693728864192962646484375" lon="-48.84971383027732372283935546875">
        <ele>981.79998779296875</ele>
        <time>2025-03-29T19:19:08.000Z</time>
        <extensions>
          <ns3:TrackPointExtension>
            <ns3:hr>103</ns3:hr>
          </ns3:TrackPointExtension>
        </extensions>
      </trkpt>
      <trkpt lat="-25.14023772440850734710693359375" lon="-48.84968717582523822784423828125">
        <ele>982.4000244140625</ele>
        <time>2025-03-29T19:19:11.000Z</time>
        <extensions>
          <ns3:TrackPointExtension>
            <ns3:hr>104</ns3:hr>
          </ns3:TrackPointExtension>
        </extensions>
      </trkpt>
      <trkpt lat="-25.14026320539414882659912109375" lon="-48.84965063072741031646728515625">
        <ele>983.5999755859375</ele>
        <time>2025-03-29T19:19:16.000Z</time>
        <extensions>
          <ns3:TrackPointExtension>
            <ns3:hr>107</ns3:hr>
          </ns3:TrackPointExtension>
        </extensions>
      </trkpt>
      <trkpt lat="-25.14027091674506664276123046875" lon="-48.84964107535779476165771484375">
        <ele>983.79998779296875</ele>
        <time>2025-03-29T19:19:17.000Z</time>
        <extensions>
          <ns3:TrackPointExtension>
            <ns3:hr>107</ns3:hr>
          </ns3:TrackPointExtension>
        </extensions>
      </trkpt>
      <trkpt lat="-25.14031483791768550872802734375" lon="-48.8496185280382633209228515625">
        <ele>984.20001220703125</ele>
        <time>2025-03-29T19:19:21.000Z</time>
        <extensions>
          <ns3:TrackPointExtension>
            <ns3:hr>110</ns3:hr>
          </ns3:TrackPointExtension>
        </extensions>
      </trkpt>
      <trkpt lat="-25.1403357088565826416015625" lon="-48.84961190633475780487060546875">
        <ele>984.4000244140625</ele>
        <time>2025-03-29T19:19:23.000Z</time>
        <extensions>
          <ns3:TrackPointExtension>
            <ns3:hr>110</ns3:hr>
          </ns3:TrackPointExtension>
        </extensions>
      </trkpt>
      <trkpt lat="-25.14036496169865131378173828125" lon="-48.8495839945971965789794921875">
        <ele>986</ele>
        <time>2025-03-29T19:19:27.000Z</time>
        <extensions>
          <ns3:TrackPointExtension>
            <ns3:hr>110</ns3:hr>
          </ns3:TrackPointExtension>
        </extensions>
      </trkpt>
      <trkpt lat="-25.14037686400115489959716796875" lon="-48.849553652107715606689453125">
        <ele>987.79998779296875</ele>
        <time>2025-03-29T19:19:30.000Z</time>
        <extensions>
          <ns3:TrackPointExtension>
            <ns3:hr>110</ns3:hr>
          </ns3:TrackPointExtension>
        </extensions>
      </trkpt>
      <trkpt lat="-25.140412487089633941650390625" lon="-48.849524147808551788330078125">
        <ele>990.4000244140625</ele>
        <time>2025-03-29T19:19:35.000Z</time>
        <extensions>
          <ns3:TrackPointExtension>
            <ns3:hr>114</ns3:hr>
          </ns3:TrackPointExtension>
        </extensions>
      </trkpt>
      <trkpt lat="-25.140420533716678619384765625" lon="-48.8495065458118915557861328125">
        <ele>992</ele>
        <time>2025-03-29T19:19:37.000Z</time>
        <extensions>
          <ns3:TrackPointExtension>
            <ns3:hr>112</ns3:hr>
          </ns3:TrackPointExtension>
        </extensions>
      </trkpt>
      <trkpt lat="-25.14045632444322109222412109375" lon="-48.8494321145117282867431640625">
        <ele>995.79998779296875</ele>
        <time>2025-03-29T19:19:46.000Z</time>
        <extensions>
          <ns3:TrackPointExtension>
            <ns3:hr>113</ns3:hr>
          </ns3:TrackPointExtension>
        </extensions>
      </trkpt>
      <trkpt lat="-25.14048549346625804901123046875" lon="-48.849393390119075775146484375">
        <ele>996.5999755859375</ele>
        <time>2025-03-29T19:19:52.000Z</time>
        <extensions>
          <ns3:TrackPointExtension>
            <ns3:hr>110</ns3:hr>
          </ns3:TrackPointExtension>
        </extensions>
      </trkpt>
      <trkpt lat="-25.14049194753170013427734375" lon="-48.84938995353877544403076171875">
        <ele>997</ele>
        <time>2025-03-29T19:19:54.000Z</time>
        <extensions>
          <ns3:TrackPointExtension>
            <ns3:hr>108</ns3:hr>
          </ns3:TrackPointExtension>
        </extensions>
      </trkpt>
      <trkpt lat="-25.140518434345722198486328125" lon="-48.84938308037817478179931640625">
        <ele>997.5999755859375</ele>
        <time>2025-03-29T19:19:57.000Z</time>
        <extensions>
          <ns3:TrackPointExtension>
            <ns3:hr>104</ns3:hr>
          </ns3:TrackPointExtension>
        </extensions>
      </trkpt>
      <trkpt lat="-25.14052924700081348419189453125" lon="-48.849380314350128173828125">
        <ele>997.79998779296875</ele>
        <time>2025-03-29T19:19:58.000Z</time>
        <extensions>
          <ns3:TrackPointExtension>
            <ns3:hr>107</ns3:hr>
          </ns3:TrackPointExtension>
        </extensions>
      </trkpt>
      <trkpt lat="-25.1405534707009792327880859375" lon="-48.849396072328090667724609375">
        <ele>998.20001220703125</ele>
        <time>2025-03-29T19:20:01.000Z</time>
        <extensions>
          <ns3:TrackPointExtension>
            <ns3:hr>107</ns3:hr>
          </ns3:TrackPointExtension>
        </extensions>
      </trkpt>
      <trkpt lat="-25.1405704021453857421875" lon="-48.849411495029926300048828125">
        <ele>998.79998779296875</ele>
        <time>2025-03-29T19:20:03.000Z</time>
        <extensions>
          <ns3:TrackPointExtension>
            <ns3:hr>106</ns3:hr>
          </ns3:TrackPointExtension>
        </extensions>
      </trkpt>
      <trkpt lat="-25.14059697277843952178955078125" lon="-48.8494274206459522247314453125">
        <ele>1000</ele>
        <time>2025-03-29T19:20:06.000Z</time>
        <extensions>
          <ns3:TrackPointExtension>
            <ns3:hr>103</ns3:hr>
          </ns3:TrackPointExtension>
        </extensions>
      </trkpt>
      <trkpt lat="-25.14061675406992435455322265625" lon="-48.8494746945798397064208984375">
        <ele>1002.20001220703125</ele>
        <time>2025-03-29T19:20:11.000Z</time>
        <extensions>
          <ns3:TrackPointExtension>
            <ns3:hr>103</ns3:hr>
          </ns3:TrackPointExtension>
        </extensions>
      </trkpt>
      <trkpt lat="-25.1406178437173366546630859375" lon="-48.84948265738785266876220703125">
        <ele>1002.5999755859375</ele>
        <time>2025-03-29T19:20:12.000Z</time>
        <extensions>
          <ns3:TrackPointExtension>
            <ns3:hr>103</ns3:hr>
          </ns3:TrackPointExtension>
        </extensions>
      </trkpt>
      <trkpt lat="-25.14062161557376384735107421875" lon="-48.8495286740362644195556640625">
        <ele>1005.20001220703125</ele>
        <time>2025-03-29T19:20:20.000Z</time>
        <extensions>
          <ns3:TrackPointExtension>
            <ns3:hr>104</ns3:hr>
          </ns3:TrackPointExtension>
        </extensions>
      </trkpt>
      <trkpt lat="-25.1406232081353664398193359375" lon="-48.84953118860721588134765625">
        <ele>1006.79998779296875</ele>
        <time>2025-03-29T19:20:28.000Z</time>
        <extensions>
          <ns3:TrackPointExtension>
            <ns3:hr>101</ns3:hr>
          </ns3:TrackPointExtension>
        </extensions>
      </trkpt>
      <trkpt lat="-25.1406262256205081939697265625" lon="-48.84953118860721588134765625">
        <ele>1007</ele>
        <time>2025-03-29T19:20:44.000Z</time>
        <extensions>
          <ns3:TrackPointExtension>
            <ns3:hr>104</ns3:hr>
          </ns3:TrackPointExtension>
        </extensions>
      </trkpt>
      <trkpt lat="-25.14062941074371337890625" lon="-48.8495350442826747894287109375">
        <ele>1007</ele>
        <time>2025-03-29T19:20:48.000Z</time>
        <extensions>
          <ns3:TrackPointExtension>
            <ns3:hr>101</ns3:hr>
          </ns3:TrackPointExtension>
        </extensions>
      </trkpt>
      <trkpt lat="-25.14063033275306224822998046875" lon="-48.84954862296581268310546875">
        <ele>1007.4000244140625</ele>
        <time>2025-03-29T19:20:55.000Z</time>
        <extensions>
          <ns3:TrackPointExtension>
            <ns3:hr>104</ns3:hr>
          </ns3:TrackPointExtension>
        </extensions>
      </trkpt>
      <trkpt lat="-25.1406339369714260101318359375" lon="-48.849595896899700164794921875">
        <ele>1007.79998779296875</ele>
        <time>2025-03-29T19:21:05.000Z</time>
        <extensions>
          <ns3:TrackPointExtension>
            <ns3:hr>101</ns3:hr>
          </ns3:TrackPointExtension>
        </extensions>
      </trkpt>
      <trkpt lat="-25.140641815960407257080078125" lon="-48.84962565265595912933349609375">
        <ele>1008.20001220703125</ele>
        <time>2025-03-29T19:21:07.000Z</time>
        <extensions>
          <ns3:TrackPointExtension>
            <ns3:hr>100</ns3:hr>
          </ns3:TrackPointExtension>
        </extensions>
      </trkpt>
      <trkpt lat="-25.1406419835984706878662109375" lon="-48.8496399857103824615478515625">
        <ele>1008.4000244140625</ele>
        <time>2025-03-29T19:21:08.000Z</time>
        <extensions>
          <ns3:TrackPointExtension>
            <ns3:hr>97</ns3:hr>
          </ns3:TrackPointExtension>
        </extensions>
      </trkpt>
      <trkpt lat="-25.1406426541507244110107421875" lon="-48.8496634550392627716064453125">
        <ele>1008.79998779296875</ele>
        <time>2025-03-29T19:21:10.000Z</time>
        <extensions>
          <ns3:TrackPointExtension>
            <ns3:hr>104</ns3:hr>
          </ns3:TrackPointExtension>
        </extensions>
      </trkpt>
      <trkpt lat="-25.1406480185687541961669921875" lon="-48.849690444767475128173828125">
        <ele>1009.5999755859375</ele>
        <time>2025-03-29T19:21:13.000Z</time>
        <extensions>
          <ns3:TrackPointExtension>
            <ns3:hr>107</ns3:hr>
          </ns3:TrackPointExtension>
        </extensions>
      </trkpt>
      <trkpt lat="-25.14065916649997234344482421875" lon="-48.8497046940028667449951171875">
        <ele>1010</ele>
        <time>2025-03-29T19:21:15.000Z</time>
        <extensions>
          <ns3:TrackPointExtension>
            <ns3:hr>108</ns3:hr>
          </ns3:TrackPointExtension>
        </extensions>
      </trkpt>
      <trkpt lat="-25.1406548917293548583984375" lon="-48.84973503649234771728515625">
        <ele>1011</ele>
        <time>2025-03-29T19:21:21.000Z</time>
        <extensions>
          <ns3:TrackPointExtension>
            <ns3:hr>109</ns3:hr>
          </ns3:TrackPointExtension>
        </extensions>
      </trkpt>
      <trkpt lat="-25.14067090116441249847412109375" lon="-48.849746771156787872314453125">
        <ele>1011.5999755859375</ele>
        <time>2025-03-29T19:21:26.000Z</time>
        <extensions>
          <ns3:TrackPointExtension>
            <ns3:hr>109</ns3:hr>
          </ns3:TrackPointExtension>
        </extensions>
      </trkpt>
      <trkpt lat="-25.1406812109053134918212890625" lon="-48.8497650437057018280029296875">
        <ele>1011.79998779296875</ele>
        <time>2025-03-29T19:21:30.000Z</time>
        <extensions>
          <ns3:TrackPointExtension>
            <ns3:hr>112</ns3:hr>
          </ns3:TrackPointExtension>
        </extensions>
      </trkpt>
      <trkpt lat="-25.140688084065914154052734375" lon="-48.8497730903327465057373046875">
        <ele>1011.79998779296875</ele>
        <time>2025-03-29T19:21:31.000Z</time>
        <extensions>
          <ns3:TrackPointExtension>
            <ns3:hr>109</ns3:hr>
          </ns3:TrackPointExtension>
        </extensions>
      </trkpt>
      <trkpt lat="-25.14069487340748310089111328125" lon="-48.84978390298783779144287109375">
        <ele>1012</ele>
        <time>2025-03-29T19:21:32.000Z</time>
        <extensions>
          <ns3:TrackPointExtension>
            <ns3:hr>110</ns3:hr>
          </ns3:TrackPointExtension>
        </extensions>
      </trkpt>
      <trkpt lat="-25.14070124365389347076416015625" lon="-48.849793039262294769287109375">
        <ele>1012</ele>
        <time>2025-03-29T19:21:33.000Z</time>
        <extensions>
          <ns3:TrackPointExtension>
            <ns3:hr>109</ns3:hr>
          </ns3:TrackPointExtension>
        </extensions>
      </trkpt>
      <trkpt lat="-25.14073711819946765899658203125" lon="-48.8498589210212230682373046875">
        <ele>1012.5999755859375</ele>
        <time>2025-03-29T19:21:41.000Z</time>
        <extensions>
          <ns3:TrackPointExtension>
            <ns3:hr>106</ns3:hr>
          </ns3:TrackPointExtension>
        </extensions>
      </trkpt>
      <trkpt lat="-25.14074466191232204437255859375" lon="-48.84987409226596355438232421875">
        <ele>1012.79998779296875</ele>
        <time>2025-03-29T19:21:43.000Z</time>
        <extensions>
          <ns3:TrackPointExtension>
            <ns3:hr>109</ns3:hr>
          </ns3:TrackPointExtension>
        </extensions>
      </trkpt>
      <trkpt lat="-25.14074818231165409088134765625" lon="-48.8498924486339092254638671875">
        <ele>1013.20001220703125</ele>
        <time>2025-03-29T19:21:45.000Z</time>
        <extensions>
          <ns3:TrackPointExtension>
            <ns3:hr>108</ns3:hr>
          </ns3:TrackPointExtension>
        </extensions>
      </trkpt>
      <trkpt lat="-25.14079143293201923370361328125" lon="-48.84999110363423824310302734375">
        <ele>1013.4000244140625</ele>
        <time>2025-03-29T19:21:58.000Z</time>
        <extensions>
          <ns3:TrackPointExtension>
            <ns3:hr>107</ns3:hr>
          </ns3:TrackPointExtension>
        </extensions>
      </trkpt>
      <trkpt lat="-25.1408119685947895050048828125" lon="-48.85004407726228237152099609375">
        <ele>1016.20001220703125</ele>
        <time>2025-03-29T19:22:05.000Z</time>
        <extensions>
          <ns3:TrackPointExtension>
            <ns3:hr>109</ns3:hr>
          </ns3:TrackPointExtension>
        </extensions>
      </trkpt>
      <trkpt lat="-25.1408471725881099700927734375" lon="-48.85009587742388248443603515625">
        <ele>1020.5999755859375</ele>
        <time>2025-03-29T19:22:15.000Z</time>
        <extensions>
          <ns3:TrackPointExtension>
            <ns3:hr>109</ns3:hr>
          </ns3:TrackPointExtension>
        </extensions>
      </trkpt>
      <trkpt lat="-25.1408721506595611572265625" lon="-48.85014834813773632049560546875">
        <ele>1020.4000244140625</ele>
        <time>2025-03-29T19:22:24.000Z</time>
        <extensions>
          <ns3:TrackPointExtension>
            <ns3:hr>105</ns3:hr>
          </ns3:TrackPointExtension>
        </extensions>
      </trkpt>
      <trkpt lat="-25.14087625779211521148681640625" lon="-48.850152455270290374755859375">
        <ele>1020.20001220703125</ele>
        <time>2025-03-29T19:22:25.000Z</time>
        <extensions>
          <ns3:TrackPointExtension>
            <ns3:hr>108</ns3:hr>
          </ns3:TrackPointExtension>
        </extensions>
      </trkpt>
      <trkpt lat="-25.140906013548374176025390625" lon="-48.85017684660851955413818359375">
        <ele>1019.79998779296875</ele>
        <time>2025-03-29T19:22:31.000Z</time>
        <extensions>
          <ns3:TrackPointExtension>
            <ns3:hr>111</ns3:hr>
          </ns3:TrackPointExtension>
        </extensions>
      </trkpt>
      <trkpt lat="-25.1409142278134822845458984375" lon="-48.85018430650234222412109375">
        <ele>1019.79998779296875</ele>
        <time>2025-03-29T19:22:33.000Z</time>
        <extensions>
          <ns3:TrackPointExtension>
            <ns3:hr>110</ns3:hr>
          </ns3:TrackPointExtension>
        </extensions>
      </trkpt>
      <trkpt lat="-25.140962339937686920166015625" lon="-48.85021707974374294281005859375">
        <ele>1020.79998779296875</ele>
        <time>2025-03-29T19:22:41.000Z</time>
        <extensions>
          <ns3:TrackPointExtension>
            <ns3:hr>110</ns3:hr>
          </ns3:TrackPointExtension>
        </extensions>
      </trkpt>
      <trkpt lat="-25.14102797023952007293701171875" lon="-48.85023593902587890625">
        <ele>1022.5999755859375</ele>
        <time>2025-03-29T19:22:49.000Z</time>
        <extensions>
          <ns3:TrackPointExtension>
            <ns3:hr>108</ns3:hr>
          </ns3:TrackPointExtension>
        </extensions>
      </trkpt>
      <trkpt lat="-25.14105194248259067535400390625" lon="-48.8502548821270465850830078125">
        <ele>1023</ele>
        <time>2025-03-29T19:22:52.000Z</time>
        <extensions>
          <ns3:TrackPointExtension>
            <ns3:hr>105</ns3:hr>
          </ns3:TrackPointExtension>
        </extensions>
      </trkpt>
      <trkpt lat="-25.1410855539143085479736328125" lon="-48.85025429539382457733154296875">
        <ele>1024</ele>
        <time>2025-03-29T19:22:57.000Z</time>
        <extensions>
          <ns3:TrackPointExtension>
            <ns3:hr>104</ns3:hr>
          </ns3:TrackPointExtension>
        </extensions>
      </trkpt>
      <trkpt lat="-25.14112872071564197540283203125" lon="-48.85026611387729644775390625">
        <ele>1024.800048828125</ele>
        <time>2025-03-29T19:23:03.000Z</time>
        <extensions>
          <ns3:TrackPointExtension>
            <ns3:hr>104</ns3:hr>
          </ns3:TrackPointExtension>
        </extensions>
      </trkpt>
      <trkpt lat="-25.14119736850261688232421875" lon="-48.850267119705677032470703125">
        <ele>1027.4000244140625</ele>
        <time>2025-03-29T19:23:12.000Z</time>
        <extensions>
          <ns3:TrackPointExtension>
            <ns3:hr>106</ns3:hr>
          </ns3:TrackPointExtension>
        </extensions>
      </trkpt>
      <trkpt lat="-25.14123030938208103179931640625" lon="-48.850265108048915863037109375">
        <ele>1029.199951171875</ele>
        <time>2025-03-29T19:23:19.000Z</time>
        <extensions>
          <ns3:TrackPointExtension>
            <ns3:hr>106</ns3:hr>
          </ns3:TrackPointExtension>
        </extensions>
      </trkpt>
      <trkpt lat="-25.14130021445453166961669921875" lon="-48.850265108048915863037109375">
        <ele>1031.5999755859375</ele>
        <time>2025-03-29T19:23:30.000Z</time>
        <extensions>
          <ns3:TrackPointExtension>
            <ns3:hr>104</ns3:hr>
          </ns3:TrackPointExtension>
        </extensions>
      </trkpt>
      <trkpt lat="-25.141346566379070281982421875" lon="-48.85024440474808216094970703125">
        <ele>1032.800048828125</ele>
        <time>2025-03-29T19:23:39.000Z</time>
        <extensions>
          <ns3:TrackPointExtension>
            <ns3:hr>105</ns3:hr>
          </ns3:TrackPointExtension>
        </extensions>
      </trkpt>
      <trkpt lat="-25.141378752887248992919921875" lon="-48.8502319157123565673828125">
        <ele>1034.5999755859375</ele>
        <time>2025-03-29T19:23:51.000Z</time>
        <extensions>
          <ns3:TrackPointExtension>
            <ns3:hr>105</ns3:hr>
          </ns3:TrackPointExtension>
        </extensions>
      </trkpt>
      <trkpt lat="-25.1414300501346588134765625" lon="-48.850232921540737152099609375">
        <ele>1037.4000244140625</ele>
        <time>2025-03-29T19:23:58.000Z</time>
        <extensions>
          <ns3:TrackPointExtension>
            <ns3:hr>108</ns3:hr>
          </ns3:TrackPointExtension>
        </extensions>
      </trkpt>
      <trkpt lat="-25.1414560340344905853271484375" lon="-48.850229568779468536376953125">
        <ele>1040</ele>
        <time>2025-03-29T19:24:02.000Z</time>
        <extensions>
          <ns3:TrackPointExtension>
            <ns3:hr>108</ns3:hr>
          </ns3:TrackPointExtension>
        </extensions>
      </trkpt>
      <trkpt lat="-25.14151579700410366058349609375" lon="-48.85022110305726528167724609375">
        <ele>1043.800048828125</ele>
        <time>2025-03-29T19:24:10.000Z</time>
        <extensions>
          <ns3:TrackPointExtension>
            <ns3:hr>111</ns3:hr>
          </ns3:TrackPointExtension>
        </extensions>
      </trkpt>
      <trkpt lat="-25.14152920804917812347412109375" lon="-48.85021691210567951202392578125">
        <ele>1044.4000244140625</ele>
        <time>2025-03-29T19:24:12.000Z</time>
        <extensions>
          <ns3:TrackPointExtension>
            <ns3:hr>110</ns3:hr>
          </ns3:TrackPointExtension>
        </extensions>
      </trkpt>
      <trkpt lat="-25.14157279394567012786865234375" lon="-48.8501918502151966094970703125">
        <ele>1046</ele>
        <time>2025-03-29T19:24:19.000Z</time>
        <extensions>
          <ns3:TrackPointExtension>
            <ns3:hr>109</ns3:hr>
          </ns3:TrackPointExtension>
        </extensions>
      </trkpt>
      <trkpt lat="-25.1416193135082721710205078125" lon="-48.85018573142588138580322265625">
        <ele>1047.5999755859375</ele>
        <time>2025-03-29T19:24:28.000Z</time>
        <extensions>
          <ns3:TrackPointExtension>
            <ns3:hr>107</ns3:hr>
          </ns3:TrackPointExtension>
        </extensions>
      </trkpt>
      <trkpt lat="-25.14161738567054271697998046875" lon="-48.85019076056778430938720703125">
        <ele>1048.4000244140625</ele>
        <time>2025-03-29T19:24:39.000Z</time>
        <extensions>
          <ns3:TrackPointExtension>
            <ns3:hr>109</ns3:hr>
          </ns3:TrackPointExtension>
        </extensions>
      </trkpt>
      <trkpt lat="-25.14162895269691944122314453125" lon="-48.85017617605626583099365234375">
        <ele>1048.800048828125</ele>
        <time>2025-03-29T19:24:45.000Z</time>
        <extensions>
          <ns3:TrackPointExtension>
            <ns3:hr>113</ns3:hr>
          </ns3:TrackPointExtension>
        </extensions>
      </trkpt>
      <trkpt lat="-25.14165409840643405914306640625" lon="-48.850147761404514312744140625">
        <ele>1049</ele>
        <time>2025-03-29T19:24:48.000Z</time>
        <extensions>
          <ns3:TrackPointExtension>
            <ns3:hr>112</ns3:hr>
          </ns3:TrackPointExtension>
        </extensions>
      </trkpt>
      <trkpt lat="-25.14174244366586208343505859375" lon="-48.850087411701679229736328125">
        <ele>1051</ele>
        <time>2025-03-29T19:24:57.000Z</time>
        <extensions>
          <ns3:TrackPointExtension>
            <ns3:hr>113</ns3:hr>
          </ns3:TrackPointExtension>
        </extensions>
      </trkpt>
      <trkpt lat="-25.14176691882312297821044921875" lon="-48.85007844306528568267822265625">
        <ele>1054.800048828125</ele>
        <time>2025-03-29T19:25:03.000Z</time>
        <extensions>
          <ns3:TrackPointExtension>
            <ns3:hr>112</ns3:hr>
          </ns3:TrackPointExtension>
        </extensions>
      </trkpt>
      <trkpt lat="-25.141772367060184478759765625" lon="-48.85005430318415164947509765625">
        <ele>1057</ele>
        <time>2025-03-29T19:25:14.000Z</time>
        <extensions>
          <ns3:TrackPointExtension>
            <ns3:hr>111</ns3:hr>
          </ns3:TrackPointExtension>
        </extensions>
      </trkpt>
      <trkpt lat="-25.141810588538646697998046875" lon="-48.84997584857046604156494140625">
        <ele>1058.800048828125</ele>
        <time>2025-03-29T19:25:24.000Z</time>
        <extensions>
          <ns3:TrackPointExtension>
            <ns3:hr>113</ns3:hr>
          </ns3:TrackPointExtension>
        </extensions>
      </trkpt>
      <trkpt lat="-25.14182098209857940673828125" lon="-48.8499229587614536285400390625">
        <ele>1060.199951171875</ele>
        <time>2025-03-29T19:25:31.000Z</time>
        <extensions>
          <ns3:TrackPointExtension>
            <ns3:hr>114</ns3:hr>
          </ns3:TrackPointExtension>
        </extensions>
      </trkpt>
      <trkpt lat="-25.14182190410792827606201171875" lon="-48.8498545624315738677978515625">
        <ele>1063</ele>
        <time>2025-03-29T19:25:39.000Z</time>
        <extensions>
          <ns3:TrackPointExtension>
            <ns3:hr>112</ns3:hr>
          </ns3:TrackPointExtension>
        </extensions>
      </trkpt>
      <trkpt lat="-25.14182475395500659942626953125" lon="-48.84984592907130718231201171875">
        <ele>1063.199951171875</ele>
        <time>2025-03-29T19:25:40.000Z</time>
        <extensions>
          <ns3:TrackPointExtension>
            <ns3:hr>115</ns3:hr>
          </ns3:TrackPointExtension>
        </extensions>
      </trkpt>
      <trkpt lat="-25.14182676561176776885986328125" lon="-48.84983805008232593536376953125">
        <ele>1063.4000244140625</ele>
        <time>2025-03-29T19:25:41.000Z</time>
        <extensions>
          <ns3:TrackPointExtension>
            <ns3:hr>112</ns3:hr>
          </ns3:TrackPointExtension>
        </extensions>
      </trkpt>
      <trkpt lat="-25.141830034554004669189453125" lon="-48.8497952185571193695068359375">
        <ele>1063.800048828125</ele>
        <time>2025-03-29T19:25:49.000Z</time>
        <extensions>
          <ns3:TrackPointExtension>
            <ns3:hr>110</ns3:hr>
          </ns3:TrackPointExtension>
        </extensions>
      </trkpt>
      <trkpt lat="-25.141823999583721160888671875" lon="-48.849746771156787872314453125">
        <ele>1064.800048828125</ele>
        <time>2025-03-29T19:25:54.000Z</time>
        <extensions>
          <ns3:TrackPointExtension>
            <ns3:hr>113</ns3:hr>
          </ns3:TrackPointExtension>
        </extensions>
      </trkpt>
      <trkpt lat="-25.141833387315273284912109375" lon="-48.84972204454243183135986328125">
        <ele>1065.199951171875</ele>
        <time>2025-03-29T19:25:57.000Z</time>
        <extensions>
          <ns3:TrackPointExtension>
            <ns3:hr>114</ns3:hr>
          </ns3:TrackPointExtension>
        </extensions>
      </trkpt>
      <trkpt lat="-25.14180866070091724395751953125" lon="-48.84968633763492107391357421875">
        <ele>1067.4000244140625</ele>
        <time>2025-03-29T19:26:05.000Z</time>
        <extensions>
          <ns3:TrackPointExtension>
            <ns3:hr>115</ns3:hr>
          </ns3:TrackPointExtension>
        </extensions>
      </trkpt>
      <trkpt lat="-25.141800530254840850830078125" lon="-48.8496847450733184814453125">
        <ele>1070</ele>
        <time>2025-03-29T19:26:13.000Z</time>
        <extensions>
          <ns3:TrackPointExtension>
            <ns3:hr>116</ns3:hr>
          </ns3:TrackPointExtension>
        </extensions>
      </trkpt>
      <trkpt lat="-25.141800530254840850830078125" lon="-48.8496847450733184814453125">
        <ele>1070.199951171875</ele>
        <time>2025-03-29T19:26:18.000Z</time>
        <extensions>
          <ns3:TrackPointExtension>
            <ns3:hr>119</ns3:hr>
          </ns3:TrackPointExtension>
        </extensions>
      </trkpt>
      <trkpt lat="-25.141811929643154144287109375" lon="-48.84965331293642520904541015625">
        <ele>1071</ele>
        <time>2025-03-29T19:27:21.000Z</time>
        <extensions>
          <ns3:TrackPointExtension>
            <ns3:hr>115</ns3:hr>
          </ns3:TrackPointExtension>
        </extensions>
      </trkpt>
      <trkpt lat="-25.14182341285049915313720703125" lon="-48.84959816001355648040771484375">
        <ele>1071.199951171875</ele>
        <time>2025-03-29T19:27:24.000Z</time>
        <extensions>
          <ns3:TrackPointExtension>
            <ns3:hr>118</ns3:hr>
          </ns3:TrackPointExtension>
        </extensions>
      </trkpt>
      <trkpt lat="-25.141839087009429931640625" lon="-48.84950662963092327117919921875">
        <ele>1075.199951171875</ele>
        <time>2025-03-29T19:27:32.000Z</time>
        <extensions>
          <ns3:TrackPointExtension>
            <ns3:hr>118</ns3:hr>
          </ns3:TrackPointExtension>
        </extensions>
      </trkpt>
      <trkpt lat="-25.1418402604758739471435546875" lon="-48.84939582087099552154541015625">
        <ele>1078.5999755859375</ele>
        <time>2025-03-29T19:27:45.000Z</time>
        <extensions>
          <ns3:TrackPointExtension>
            <ns3:hr>118</ns3:hr>
          </ns3:TrackPointExtension>
        </extensions>
      </trkpt>
      <trkpt lat="-25.14184218831360340118408203125" lon="-48.8493865169584751129150390625">
        <ele>1079</ele>
        <time>2025-03-29T19:27:46.000Z</time>
        <extensions>
          <ns3:TrackPointExtension>
            <ns3:hr>115</ns3:hr>
          </ns3:TrackPointExtension>
        </extensions>
      </trkpt>
      <trkpt lat="-25.1418640650808811187744140625" lon="-48.84932457469403743743896484375">
        <ele>1081.199951171875</ele>
        <time>2025-03-29T19:27:55.000Z</time>
        <extensions>
          <ns3:TrackPointExtension>
            <ns3:hr>114</ns3:hr>
          </ns3:TrackPointExtension>
        </extensions>
      </trkpt>
      <trkpt lat="-25.1418825052678585052490234375" lon="-48.849274702370166778564453125">
        <ele>1082.5999755859375</ele>
        <time>2025-03-29T19:28:02.000Z</time>
        <extensions>
          <ns3:TrackPointExtension>
            <ns3:hr>112</ns3:hr>
          </ns3:TrackPointExtension>
        </extensions>
      </trkpt>
      <trkpt lat="-25.1419079862534999847412109375" lon="-48.8492332957684993743896484375">
        <ele>1084.4000244140625</ele>
        <time>2025-03-29T19:28:08.000Z</time>
        <extensions>
          <ns3:TrackPointExtension>
            <ns3:hr>111</ns3:hr>
          </ns3:TrackPointExtension>
        </extensions>
      </trkpt>
      <trkpt lat="-25.141936652362346649169921875" lon="-48.849152661859989166259765625">
        <ele>1086.800048828125</ele>
        <time>2025-03-29T19:28:17.000Z</time>
        <extensions>
          <ns3:TrackPointExtension>
            <ns3:hr>110</ns3:hr>
          </ns3:TrackPointExtension>
        </extensions>
      </trkpt>
      <trkpt lat="-25.14197051525115966796875" lon="-48.84907412342727184295654296875">
        <ele>1090.800048828125</ele>
        <time>2025-03-29T19:28:27.000Z</time>
        <extensions>
          <ns3:TrackPointExtension>
            <ns3:hr>110</ns3:hr>
          </ns3:TrackPointExtension>
        </extensions>
      </trkpt>
      <trkpt lat="-25.14200530014932155609130859375" lon="-48.84900623001158237457275390625">
        <ele>1093.5999755859375</ele>
        <time>2025-03-29T19:28:36.000Z</time>
        <extensions>
          <ns3:TrackPointExtension>
            <ns3:hr>112</ns3:hr>
          </ns3:TrackPointExtension>
        </extensions>
      </trkpt>
      <trkpt lat="-25.142024494707584381103515625" lon="-48.84893934242427349090576171875">
        <ele>1096.5999755859375</ele>
        <time>2025-03-29T19:28:45.000Z</time>
        <extensions>
          <ns3:TrackPointExtension>
            <ns3:hr>113</ns3:hr>
          </ns3:TrackPointExtension>
        </extensions>
      </trkpt>
      <trkpt lat="-25.142062716186046600341796875" lon="-48.8488869555294513702392578125">
        <ele>1097.4000244140625</ele>
        <time>2025-03-29T19:28:53.000Z</time>
        <extensions>
          <ns3:TrackPointExtension>
            <ns3:hr>116</ns3:hr>
          </ns3:TrackPointExtension>
        </extensions>
      </trkpt>
      <trkpt lat="-25.1420783065259456634521484375" lon="-48.84886206127703189849853515625">
        <ele>1097.5999755859375</ele>
        <time>2025-03-29T19:28:56.000Z</time>
        <extensions>
          <ns3:TrackPointExtension>
            <ns3:hr>113</ns3:hr>
          </ns3:TrackPointExtension>
        </extensions>
      </trkpt>
      <trkpt lat="-25.14208224602043628692626953125" lon="-48.84885451756417751312255859375">
        <ele>1097.800048828125</ele>
        <time>2025-03-29T19:28:57.000Z</time>
        <extensions>
          <ns3:TrackPointExtension>
            <ns3:hr>113</ns3:hr>
          </ns3:TrackPointExtension>
        </extensions>
      </trkpt>
      <trkpt lat="-25.1420898735523223876953125" lon="-48.848838843405246734619140625">
        <ele>1098</ele>
        <time>2025-03-29T19:28:59.000Z</time>
        <extensions>
          <ns3:TrackPointExtension>
            <ns3:hr>116</ns3:hr>
          </ns3:TrackPointExtension>
        </extensions>
      </trkpt>
      <trkpt lat="-25.14211577363312244415283203125" lon="-48.848784528672695159912109375">
        <ele>1098.199951171875</ele>
        <time>2025-03-29T19:29:06.000Z</time>
        <extensions>
          <ns3:TrackPointExtension>
            <ns3:hr>115</ns3:hr>
          </ns3:TrackPointExtension>
        </extensions>
      </trkpt>
      <trkpt lat="-25.14212616719305515289306640625" lon="-48.84875879622995853424072265625">
        <ele>1098.4000244140625</ele>
        <time>2025-03-29T19:29:09.000Z</time>
        <extensions>
          <ns3:TrackPointExtension>
            <ns3:hr>118</ns3:hr>
          </ns3:TrackPointExtension>
        </extensions>
      </trkpt>
      <trkpt lat="-25.142136476933956146240234375" lon="-48.8487357459962368011474609375">
        <ele>1098.800048828125</ele>
        <time>2025-03-29T19:29:12.000Z</time>
        <extensions>
          <ns3:TrackPointExtension>
            <ns3:hr>115</ns3:hr>
          </ns3:TrackPointExtension>
        </extensions>
      </trkpt>
      <trkpt lat="-25.14214946888387203216552734375" lon="-48.84870682843029499053955078125">
        <ele>1099.800048828125</ele>
        <time>2025-03-29T19:29:16.000Z</time>
        <extensions>
          <ns3:TrackPointExtension>
            <ns3:hr>116</ns3:hr>
          </ns3:TrackPointExtension>
        </extensions>
      </trkpt>
      <trkpt lat="-25.14215835370123386383056640625" lon="-48.84869777597486972808837890625">
        <ele>1100.4000244140625</ele>
        <time>2025-03-29T19:29:18.000Z</time>
        <extensions>
          <ns3:TrackPointExtension>
            <ns3:hr>112</ns3:hr>
          </ns3:TrackPointExtension>
        </extensions>
      </trkpt>
      <trkpt lat="-25.142160952091217041015625" lon="-48.84869291447103023529052734375">
        <ele>1100.5999755859375</ele>
        <time>2025-03-29T19:29:19.000Z</time>
        <extensions>
          <ns3:TrackPointExtension>
            <ns3:hr>115</ns3:hr>
          </ns3:TrackPointExtension>
        </extensions>
      </trkpt>
      <trkpt lat="-25.14217243529856204986572265625" lon="-48.84867581538856029510498046875">
        <ele>1101.4000244140625</ele>
        <time>2025-03-29T19:29:22.000Z</time>
        <extensions>
          <ns3:TrackPointExtension>
            <ns3:hr>112</ns3:hr>
          </ns3:TrackPointExtension>
        </extensions>
      </trkpt>
      <trkpt lat="-25.14218366704881191253662109375" lon="-48.84864496998488903045654296875">
        <ele>1102.4000244140625</ele>
        <time>2025-03-29T19:29:26.000Z</time>
        <extensions>
          <ns3:TrackPointExtension>
            <ns3:hr>112</ns3:hr>
          </ns3:TrackPointExtension>
        </extensions>
      </trkpt>
      <trkpt lat="-25.14222574420273303985595703125" lon="-48.84860088117420673370361328125">
        <ele>1106</ele>
        <time>2025-03-29T19:29:33.000Z</time>
        <extensions>
          <ns3:TrackPointExtension>
            <ns3:hr>115</ns3:hr>
          </ns3:TrackPointExtension>
        </extensions>
      </trkpt>
      <trkpt lat="-25.14223881997168064117431640625" lon="-48.84859601967036724090576171875">
        <ele>1106.800048828125</ele>
        <time>2025-03-29T19:29:35.000Z</time>
        <extensions>
          <ns3:TrackPointExtension>
            <ns3:hr>112</ns3:hr>
          </ns3:TrackPointExtension>
        </extensions>
      </trkpt>
      <trkpt lat="-25.142265893518924713134765625" lon="-48.84855746291577816009521484375">
        <ele>1108</ele>
        <time>2025-03-29T19:29:41.000Z</time>
        <extensions>
          <ns3:TrackPointExtension>
            <ns3:hr>115</ns3:hr>
          </ns3:TrackPointExtension>
        </extensions>
      </trkpt>
      <trkpt lat="-25.1422834955155849456787109375" lon="-48.848538100719451904296875">
        <ele>1108.199951171875</ele>
        <time>2025-03-29T19:29:44.000Z</time>
        <extensions>
          <ns3:TrackPointExtension>
            <ns3:hr>116</ns3:hr>
          </ns3:TrackPointExtension>
        </extensions>
      </trkpt>
      <trkpt lat="-25.142304785549640655517578125" lon="-48.84852058254182338714599609375">
        <ele>1108.800048828125</ele>
        <time>2025-03-29T19:29:48.000Z</time>
        <extensions>
          <ns3:TrackPointExtension>
            <ns3:hr>113</ns3:hr>
          </ns3:TrackPointExtension>
        </extensions>
      </trkpt>
      <trkpt lat="-25.14233387075364589691162109375" lon="-48.84848915040493011474609375">
        <ele>1109.800048828125</ele>
        <time>2025-03-29T19:29:53.000Z</time>
        <extensions>
          <ns3:TrackPointExtension>
            <ns3:hr>110</ns3:hr>
          </ns3:TrackPointExtension>
        </extensions>
      </trkpt>
      <trkpt lat="-25.14233906753361225128173828125" lon="-48.848483450710773468017578125">
        <ele>1110.199951171875</ele>
        <time>2025-03-29T19:29:54.000Z</time>
        <extensions>
          <ns3:TrackPointExtension>
            <ns3:hr>111</ns3:hr>
          </ns3:TrackPointExtension>
        </extensions>
      </trkpt>
      <trkpt lat="-25.142357759177684783935546875" lon="-48.84845319204032421112060546875">
        <ele>1111.5999755859375</ele>
        <time>2025-03-29T19:29:58.000Z</time>
        <extensions>
          <ns3:TrackPointExtension>
            <ns3:hr>114</ns3:hr>
          </ns3:TrackPointExtension>
        </extensions>
      </trkpt>
      <trkpt lat="-25.14239304699003696441650390625" lon="-48.84841564111411571502685546875">
        <ele>1113.199951171875</ele>
        <time>2025-03-29T19:30:04.000Z</time>
        <extensions>
          <ns3:TrackPointExtension>
            <ns3:hr>115</ns3:hr>
          </ns3:TrackPointExtension>
        </extensions>
      </trkpt>
      <trkpt lat="-25.142410062253475189208984375" lon="-48.848407678306102752685546875">
        <ele>1113.4000244140625</ele>
        <time>2025-03-29T19:30:06.000Z</time>
        <extensions>
          <ns3:TrackPointExtension>
            <ns3:hr>111</ns3:hr>
          </ns3:TrackPointExtension>
        </extensions>
      </trkpt>
      <trkpt lat="-25.14244669117033481597900390625" lon="-48.84838831610977649688720703125">
        <ele>1114.5999755859375</ele>
        <time>2025-03-29T19:30:11.000Z</time>
        <extensions>
          <ns3:TrackPointExtension>
            <ns3:hr>114</ns3:hr>
          </ns3:TrackPointExtension>
        </extensions>
      </trkpt>
      <trkpt lat="-25.14246664009988307952880859375" lon="-48.8483837060630321502685546875">
        <ele>1114.800048828125</ele>
        <time>2025-03-29T19:30:13.000Z</time>
        <extensions>
          <ns3:TrackPointExtension>
            <ns3:hr>114</ns3:hr>
          </ns3:TrackPointExtension>
        </extensions>
      </trkpt>
      <trkpt lat="-25.14248407445847988128662109375" lon="-48.8483820296823978424072265625">
        <ele>1115.199951171875</ele>
        <time>2025-03-29T19:30:15.000Z</time>
        <extensions>
          <ns3:TrackPointExtension>
            <ns3:hr>111</ns3:hr>
          </ns3:TrackPointExtension>
        </extensions>
      </trkpt>
      <trkpt lat="-25.14251726679503917694091796875" lon="-48.84836384095251560211181640625">
        <ele>1116</ele>
        <time>2025-03-29T19:30:20.000Z</time>
        <extensions>
          <ns3:TrackPointExtension>
            <ns3:hr>111</ns3:hr>
          </ns3:TrackPointExtension>
        </extensions>
      </trkpt>
      <trkpt lat="-25.14252648688852787017822265625" lon="-48.84835545904934406280517578125">
        <ele>1116</ele>
        <time>2025-03-29T19:30:21.000Z</time>
        <extensions>
          <ns3:TrackPointExtension>
            <ns3:hr>111</ns3:hr>
          </ns3:TrackPointExtension>
        </extensions>
      </trkpt>
      <trkpt lat="-25.1425914466381072998046875" lon="-48.8483280502259731292724609375">
        <ele>1117</ele>
        <time>2025-03-29T19:30:28.000Z</time>
        <extensions>
          <ns3:TrackPointExtension>
            <ns3:hr>114</ns3:hr>
          </ns3:TrackPointExtension>
        </extensions>
      </trkpt>
      <trkpt lat="-25.14261089265346527099609375" lon="-48.848328888416290283203125">
        <ele>1117</ele>
        <time>2025-03-29T19:30:30.000Z</time>
        <extensions>
          <ns3:TrackPointExtension>
            <ns3:hr>114</ns3:hr>
          </ns3:TrackPointExtension>
        </extensions>
      </trkpt>
      <trkpt lat="-25.14264903031289577484130859375" lon="-48.84832193143665790557861328125">
        <ele>1117</ele>
        <time>2025-03-29T19:30:34.000Z</time>
        <extensions>
          <ns3:TrackPointExtension>
            <ns3:hr>111</ns3:hr>
          </ns3:TrackPointExtension>
        </extensions>
      </trkpt>
      <trkpt lat="-25.14265892095863819122314453125" lon="-48.84832059033215045928955078125">
        <ele>1117</ele>
        <time>2025-03-29T19:30:35.000Z</time>
        <extensions>
          <ns3:TrackPointExtension>
            <ns3:hr>114</ns3:hr>
          </ns3:TrackPointExtension>
        </extensions>
      </trkpt>
      <trkpt lat="-25.142701752483844757080078125" lon="-48.848302066326141357421875">
        <ele>1117.5999755859375</ele>
        <time>2025-03-29T19:30:40.000Z</time>
        <extensions>
          <ns3:TrackPointExtension>
            <ns3:hr>113</ns3:hr>
          </ns3:TrackPointExtension>
        </extensions>
      </trkpt>
      <trkpt lat="-25.14277107082307338714599609375" lon="-48.84829225949943065643310546875">
        <ele>1120.800048828125</ele>
        <time>2025-03-29T19:30:48.000Z</time>
        <extensions>
          <ns3:TrackPointExtension>
            <ns3:hr>113</ns3:hr>
          </ns3:TrackPointExtension>
        </extensions>
      </trkpt>
      <trkpt lat="-25.14287970028817653656005859375" lon="-48.84825177490711212158203125">
        <ele>1122.800048828125</ele>
        <time>2025-03-29T19:31:00.000Z</time>
        <extensions>
          <ns3:TrackPointExtension>
            <ns3:hr>113</ns3:hr>
          </ns3:TrackPointExtension>
        </extensions>
      </trkpt>
      <trkpt lat="-25.14296134002506732940673828125" lon="-48.84817793034017086029052734375">
        <ele>1124</ele>
        <time>2025-03-29T19:31:12.000Z</time>
        <extensions>
          <ns3:TrackPointExtension>
            <ns3:hr>111</ns3:hr>
          </ns3:TrackPointExtension>
        </extensions>
      </trkpt>
      <trkpt lat="-25.14301397837698459625244140625" lon="-48.84810282848775386810302734375">
        <ele>1125.5999755859375</ele>
        <time>2025-03-29T19:31:23.000Z</time>
        <extensions>
          <ns3:TrackPointExtension>
            <ns3:hr>110</ns3:hr>
          </ns3:TrackPointExtension>
        </extensions>
      </trkpt>
      <trkpt lat="-25.1430465839803218841552734375" lon="-48.8480366952717304229736328125">
        <ele>1126.800048828125</ele>
        <time>2025-03-29T19:31:31.000Z</time>
        <extensions>
          <ns3:TrackPointExtension>
            <ns3:hr>112</ns3:hr>
          </ns3:TrackPointExtension>
        </extensions>
      </trkpt>
      <trkpt lat="-25.1430633477866649627685546875" lon="-48.848009370267391204833984375">
        <ele>1127</ele>
        <time>2025-03-29T19:31:34.000Z</time>
        <extensions>
          <ns3:TrackPointExtension>
            <ns3:hr>110</ns3:hr>
          </ns3:TrackPointExtension>
        </extensions>
      </trkpt>
      <trkpt lat="-25.14309980906546115875244140625" lon="-48.8479659520089626312255859375">
        <ele>1127.199951171875</ele>
        <time>2025-03-29T19:31:39.000Z</time>
        <extensions>
          <ns3:TrackPointExtension>
            <ns3:hr>112</ns3:hr>
          </ns3:TrackPointExtension>
        </extensions>
      </trkpt>
      <trkpt lat="-25.1431525312364101409912109375" lon="-48.84790836833417415618896484375">
        <ele>1128.199951171875</ele>
        <time>2025-03-29T19:31:47.000Z</time>
        <extensions>
          <ns3:TrackPointExtension>
            <ns3:hr>115</ns3:hr>
          </ns3:TrackPointExtension>
        </extensions>
      </trkpt>
      <trkpt lat="-25.143194608390331268310546875" lon="-48.8478589989244937896728515625">
        <ele>1129.800048828125</ele>
        <time>2025-03-29T19:31:54.000Z</time>
        <extensions>
          <ns3:TrackPointExtension>
            <ns3:hr>115</ns3:hr>
          </ns3:TrackPointExtension>
        </extensions>
      </trkpt>
      <trkpt lat="-25.14320156536996364593505859375" lon="-48.8478502817451953887939453125">
        <ele>1130.4000244140625</ele>
        <time>2025-03-29T19:31:56.000Z</time>
        <extensions>
          <ns3:TrackPointExtension>
            <ns3:hr>115</ns3:hr>
          </ns3:TrackPointExtension>
        </extensions>
      </trkpt>
      <trkpt lat="-25.14325588010251522064208984375" lon="-48.84779043495655059814453125">
        <ele>1131.4000244140625</ele>
        <time>2025-03-29T19:32:05.000Z</time>
        <extensions>
          <ns3:TrackPointExtension>
            <ns3:hr>115</ns3:hr>
          </ns3:TrackPointExtension>
        </extensions>
      </trkpt>
      <trkpt lat="-25.14330583624541759490966796875" lon="-48.8477403111755847930908203125">
        <ele>1132.4000244140625</ele>
        <time>2025-03-29T19:32:13.000Z</time>
        <extensions>
          <ns3:TrackPointExtension>
            <ns3:hr>114</ns3:hr>
          </ns3:TrackPointExtension>
        </extensions>
      </trkpt>
      <trkpt lat="-25.1433573849499225616455078125" lon="-48.84766864590346813201904296875">
        <ele>1133.800048828125</ele>
        <time>2025-03-29T19:32:22.000Z</time>
        <extensions>
          <ns3:TrackPointExtension>
            <ns3:hr>112</ns3:hr>
          </ns3:TrackPointExtension>
        </extensions>
      </trkpt>
      <trkpt lat="-25.14346324838697910308837890625" lon="-48.847649954259395599365234375">
        <ele>1136.800048828125</ele>
        <time>2025-03-29T19:32:32.000Z</time>
        <extensions>
          <ns3:TrackPointExtension>
            <ns3:hr>111</ns3:hr>
          </ns3:TrackPointExtension>
        </extensions>
      </trkpt>
      <trkpt lat="-25.1435454748570919036865234375" lon="-48.8476427458226680755615234375">
        <ele>1139.199951171875</ele>
        <time>2025-03-29T19:32:41.000Z</time>
        <extensions>
          <ns3:TrackPointExtension>
            <ns3:hr>112</ns3:hr>
          </ns3:TrackPointExtension>
        </extensions>
      </trkpt>
      <trkpt lat="-25.14362568967044353485107421875" lon="-48.84769328869879245758056640625">
        <ele>1140.4000244140625</ele>
        <time>2025-03-29T19:32:49.000Z</time>
        <extensions>
          <ns3:TrackPointExtension>
            <ns3:hr>112</ns3:hr>
          </ns3:TrackPointExtension>
        </extensions>
      </trkpt>
      <trkpt lat="-25.14368352480232715606689453125" lon="-48.8477423228323459625244140625">
        <ele>1139.4000244140625</ele>
        <time>2025-03-29T19:32:56.000Z</time>
        <extensions>
          <ns3:TrackPointExtension>
            <ns3:hr>112</ns3:hr>
          </ns3:TrackPointExtension>
        </extensions>
      </trkpt>
      <trkpt lat="-25.14372157864272594451904296875" lon="-48.84772866033017635345458984375">
        <ele>1138.5999755859375</ele>
        <time>2025-03-29T19:33:00.000Z</time>
        <extensions>
          <ns3:TrackPointExtension>
            <ns3:hr>111</ns3:hr>
          </ns3:TrackPointExtension>
        </extensions>
      </trkpt>
      <trkpt lat="-25.14374873600900173187255859375" lon="-48.8477061130106449127197265625">
        <ele>1138.5999755859375</ele>
        <time>2025-03-29T19:33:03.000Z</time>
        <extensions>
          <ns3:TrackPointExtension>
            <ns3:hr>111</ns3:hr>
          </ns3:TrackPointExtension>
        </extensions>
      </trkpt>
      <trkpt lat="-25.1438421942293643951416015625" lon="-48.84764023125171661376953125">
        <ele>1139</ele>
        <time>2025-03-29T19:33:13.000Z</time>
        <extensions>
          <ns3:TrackPointExtension>
            <ns3:hr>112</ns3:hr>
          </ns3:TrackPointExtension>
        </extensions>
      </trkpt>
      <trkpt lat="-25.143917463719844818115234375" lon="-48.84761667810380458831787109375">
        <ele>1139.4000244140625</ele>
        <time>2025-03-29T19:33:21.000Z</time>
        <extensions>
          <ns3:TrackPointExtension>
            <ns3:hr>112</ns3:hr>
          </ns3:TrackPointExtension>
        </extensions>
      </trkpt>
      <trkpt lat="-25.14398342929780483245849609375" lon="-48.847556076943874359130859375">
        <ele>1139.800048828125</ele>
        <time>2025-03-29T19:33:30.000Z</time>
        <extensions>
          <ns3:TrackPointExtension>
            <ns3:hr>114</ns3:hr>
          </ns3:TrackPointExtension>
        </extensions>
      </trkpt>
      <trkpt lat="-25.14398795552551746368408203125" lon="-48.8475582562386989593505859375">
        <ele>1141.4000244140625</ele>
        <time>2025-03-29T19:33:36.000Z</time>
        <extensions>
          <ns3:TrackPointExtension>
            <ns3:hr>115</ns3:hr>
          </ns3:TrackPointExtension>
        </extensions>
      </trkpt>
      <trkpt lat="-25.14399759471416473388671875" lon="-48.8475394807755947113037109375">
        <ele>1142.4000244140625</ele>
        <time>2025-03-29T19:33:44.000Z</time>
        <extensions>
          <ns3:TrackPointExtension>
            <ns3:hr>116</ns3:hr>
          </ns3:TrackPointExtension>
        </extensions>
      </trkpt>
      <trkpt lat="-25.144022740423679351806640625" lon="-48.847492374479770660400390625">
        <ele>1142.800048828125</ele>
        <time>2025-03-29T19:33:52.000Z</time>
        <extensions>
          <ns3:TrackPointExtension>
            <ns3:hr>117</ns3:hr>
          </ns3:TrackPointExtension>
        </extensions>
      </trkpt>
      <trkpt lat="-25.14401863329112529754638671875" lon="-48.84744015522301197052001953125">
        <ele>1143</ele>
        <time>2025-03-29T19:34:01.000Z</time>
        <extensions>
          <ns3:TrackPointExtension>
            <ns3:hr>116</ns3:hr>
          </ns3:TrackPointExtension>
        </extensions>
      </trkpt>
      <trkpt lat="-25.1439566910266876220703125" lon="-48.84745909832417964935302734375">
        <ele>1144.5999755859375</ele>
        <time>2025-03-29T19:34:10.000Z</time>
        <extensions>
          <ns3:TrackPointExtension>
            <ns3:hr>116</ns3:hr>
          </ns3:TrackPointExtension>
        </extensions>
      </trkpt>
      <trkpt lat="-25.1438934914767742156982421875" lon="-48.84748935699462890625">
        <ele>1146.4000244140625</ele>
        <time>2025-03-29T19:34:18.000Z</time>
        <extensions>
          <ns3:TrackPointExtension>
            <ns3:hr>119</ns3:hr>
          </ns3:TrackPointExtension>
        </extensions>
      </trkpt>
      <trkpt lat="-25.1438743807375431060791015625" lon="-48.84750016964972019195556640625">
        <ele>1147</ele>
        <time>2025-03-29T19:34:20.000Z</time>
        <extensions>
          <ns3:TrackPointExtension>
            <ns3:hr>115</ns3:hr>
          </ns3:TrackPointExtension>
        </extensions>
      </trkpt>
      <trkpt lat="-25.143865160644054412841796875" lon="-48.84750016964972019195556640625">
        <ele>1147.199951171875</ele>
        <time>2025-03-29T19:34:21.000Z</time>
        <extensions>
          <ns3:TrackPointExtension>
            <ns3:hr>115</ns3:hr>
          </ns3:TrackPointExtension>
        </extensions>
      </trkpt>
      <trkpt lat="-25.1438485644757747650146484375" lon="-48.84749363176524639129638671875">
        <ele>1147.5999755859375</ele>
        <time>2025-03-29T19:34:23.000Z</time>
        <extensions>
          <ns3:TrackPointExtension>
            <ns3:hr>113</ns3:hr>
          </ns3:TrackPointExtension>
        </extensions>
      </trkpt>
      <trkpt lat="-25.14383356086909770965576171875" lon="-48.84748307056725025177001953125">
        <ele>1148</ele>
        <time>2025-03-29T19:34:25.000Z</time>
        <extensions>
          <ns3:TrackPointExtension>
            <ns3:hr>116</ns3:hr>
          </ns3:TrackPointExtension>
        </extensions>
      </trkpt>
      <trkpt lat="-25.14382719062268733978271484375" lon="-48.84748156182467937469482421875">
        <ele>1148.199951171875</ele>
        <time>2025-03-29T19:34:26.000Z</time>
        <extensions>
          <ns3:TrackPointExtension>
            <ns3:hr>114</ns3:hr>
          </ns3:TrackPointExtension>
        </extensions>
      </trkpt>
      <trkpt lat="-25.1438197307288646697998046875" lon="-48.84748038835823535919189453125">
        <ele>1148.5999755859375</ele>
        <time>2025-03-29T19:34:27.000Z</time>
        <extensions>
          <ns3:TrackPointExtension>
            <ns3:hr>113</ns3:hr>
          </ns3:TrackPointExtension>
        </extensions>
      </trkpt>
      <trkpt lat="-25.143778659403324127197265625" lon="-48.84747737087309360504150390625">
        <ele>1150.199951171875</ele>
        <time>2025-03-29T19:34:33.000Z</time>
        <extensions>
          <ns3:TrackPointExtension>
            <ns3:hr>112</ns3:hr>
          </ns3:TrackPointExtension>
        </extensions>
      </trkpt>
      <trkpt lat="-25.14374949038028717041015625" lon="-48.84744451381266117095947265625">
        <ele>1151.800048828125</ele>
        <time>2025-03-29T19:34:40.000Z</time>
        <extensions>
          <ns3:TrackPointExtension>
            <ns3:hr>110</ns3:hr>
          </ns3:TrackPointExtension>
        </extensions>
      </trkpt>
      <trkpt lat="-25.14370364136993885040283203125" lon="-48.84741551242768764495849609375">
        <ele>1153.4000244140625</ele>
        <time>2025-03-29T19:34:50.000Z</time>
        <extensions>
          <ns3:TrackPointExtension>
            <ns3:hr>110</ns3:hr>
          </ns3:TrackPointExtension>
        </extensions>
      </trkpt>
      <trkpt lat="-25.14369509182870388031005859375" lon="-48.84741165675222873687744140625">
        <ele>1155.5999755859375</ele>
        <time>2025-03-29T19:34:57.000Z</time>
        <extensions>
          <ns3:TrackPointExtension>
            <ns3:hr>111</ns3:hr>
          </ns3:TrackPointExtension>
        </extensions>
      </trkpt>
      <trkpt lat="-25.143695510923862457275390625" lon="-48.84740998037159442901611328125">
        <ele>1156.4000244140625</ele>
        <time>2025-03-29T19:35:08.000Z</time>
        <extensions>
          <ns3:TrackPointExtension>
            <ns3:hr>115</ns3:hr>
          </ns3:TrackPointExtension>
        </extensions>
      </trkpt>
      <trkpt lat="-25.14369609765708446502685546875" lon="-48.84741098619997501373291015625">
        <ele>1156.4000244140625</ele>
        <time>2025-03-29T19:35:17.000Z</time>
        <extensions>
          <ns3:TrackPointExtension>
            <ns3:hr>116</ns3:hr>
          </ns3:TrackPointExtension>
        </extensions>
      </trkpt>
      <trkpt lat="-25.14368704520165920257568359375" lon="-48.847397156059741973876953125">
        <ele>1159.4000244140625</ele>
        <time>2025-03-29T19:35:53.000Z</time>
        <extensions>
          <ns3:TrackPointExtension>
            <ns3:hr>119</ns3:hr>
          </ns3:TrackPointExtension>
        </extensions>
      </trkpt>
      <trkpt lat="-25.14367430470883846282958984375" lon="-48.8473560847342014312744140625">
        <ele>1159.4000244140625</ele>
        <time>2025-03-29T19:35:56.000Z</time>
        <extensions>
          <ns3:TrackPointExtension>
            <ns3:hr>116</ns3:hr>
          </ns3:TrackPointExtension>
        </extensions>
      </trkpt>
      <trkpt lat="-25.14365938492119312286376953125" lon="-48.847285844385623931884765625">
        <ele>1161</ele>
        <time>2025-03-29T19:36:02.000Z</time>
        <extensions>
          <ns3:TrackPointExtension>
            <ns3:hr>121</ns3:hr>
          </ns3:TrackPointExtension>
        </extensions>
      </trkpt>
      <trkpt lat="-25.1436634920537471771240234375" lon="-48.847263045608997344970703125">
        <ele>1162.800048828125</ele>
        <time>2025-03-29T19:36:05.000Z</time>
        <extensions>
          <ns3:TrackPointExtension>
            <ns3:hr>124</ns3:hr>
          </ns3:TrackPointExtension>
        </extensions>
      </trkpt>
      <trkpt lat="-25.143662653863430023193359375" lon="-48.8472370617091655731201171875">
        <ele>1164.199951171875</ele>
        <time>2025-03-29T19:36:08.000Z</time>
        <extensions>
          <ns3:TrackPointExtension>
            <ns3:hr>125</ns3:hr>
          </ns3:TrackPointExtension>
        </extensions>
      </trkpt>
      <trkpt lat="-25.1436698623001575469970703125" lon="-48.84720973670482635498046875">
        <ele>1165.5999755859375</ele>
        <time>2025-03-29T19:36:12.000Z</time>
        <extensions>
          <ns3:TrackPointExtension>
            <ns3:hr>126</ns3:hr>
          </ns3:TrackPointExtension>
        </extensions>
      </trkpt>
      <trkpt lat="-25.14367581345140933990478515625" lon="-48.84720169007778167724609375">
        <ele>1166.199951171875</ele>
        <time>2025-03-29T19:36:16.000Z</time>
        <extensions>
          <ns3:TrackPointExtension>
            <ns3:hr>126</ns3:hr>
          </ns3:TrackPointExtension>
        </extensions>
      </trkpt>
      <trkpt lat="-25.14367899857461452484130859375" lon="-48.84718903340399265289306640625">
        <ele>1166.199951171875</ele>
        <time>2025-03-29T19:36:24.000Z</time>
        <extensions>
          <ns3:TrackPointExtension>
            <ns3:hr>127</ns3:hr>
          </ns3:TrackPointExtension>
        </extensions>
      </trkpt>
      <trkpt lat="-25.14368712902069091796875" lon="-48.8471519015729427337646484375">
        <ele>1166.199951171875</ele>
        <time>2025-03-29T19:36:31.000Z</time>
        <extensions>
          <ns3:TrackPointExtension>
            <ns3:hr>127</ns3:hr>
          </ns3:TrackPointExtension>
        </extensions>
      </trkpt>
      <trkpt lat="-25.14368318952620029449462890625" lon="-48.847105465829372406005859375">
        <ele>1166.800048828125</ele>
        <time>2025-03-29T19:36:39.000Z</time>
        <extensions>
          <ns3:TrackPointExtension>
            <ns3:hr>126</ns3:hr>
          </ns3:TrackPointExtension>
        </extensions>
      </trkpt>
      <trkpt lat="-25.14368587173521518707275390625" lon="-48.84708761237561702728271484375">
        <ele>1167.5999755859375</ele>
        <time>2025-03-29T19:36:46.000Z</time>
        <extensions>
          <ns3:TrackPointExtension>
            <ns3:hr>125</ns3:hr>
          </ns3:TrackPointExtension>
        </extensions>
      </trkpt>
      <trkpt lat="-25.14366365969181060791015625" lon="-48.847052492201328277587890625">
        <ele>1170.4000244140625</ele>
        <time>2025-03-29T19:36:56.000Z</time>
        <extensions>
          <ns3:TrackPointExtension>
            <ns3:hr>123</ns3:hr>
          </ns3:TrackPointExtension>
        </extensions>
      </trkpt>
      <trkpt lat="-25.14364781789481639862060546875" lon="-48.8470127619802951812744140625">
        <ele>1171</ele>
        <time>2025-03-29T19:37:03.000Z</time>
        <extensions>
          <ns3:TrackPointExtension>
            <ns3:hr>122</ns3:hr>
          </ns3:TrackPointExtension>
        </extensions>
      </trkpt>
      <trkpt lat="-25.14360758475959300994873046875" lon="-48.846955597400665283203125">
        <ele>1172.199951171875</ele>
        <time>2025-03-29T19:37:14.000Z</time>
        <extensions>
          <ns3:TrackPointExtension>
            <ns3:hr>121</ns3:hr>
          </ns3:TrackPointExtension>
        </extensions>
      </trkpt>
      <trkpt lat="-25.14358076266944408416748046875" lon="-48.8469301164150238037109375">
        <ele>1173</ele>
        <time>2025-03-29T19:37:23.000Z</time>
        <extensions>
          <ns3:TrackPointExtension>
            <ns3:hr>120</ns3:hr>
          </ns3:TrackPointExtension>
        </extensions>
      </trkpt>
      <trkpt lat="-25.14355746097862720489501953125" lon="-48.84693405590951442718505859375">
        <ele>1173.5999755859375</ele>
        <time>2025-03-29T19:37:29.000Z</time>
        <extensions>
          <ns3:TrackPointExtension>
            <ns3:hr>117</ns3:hr>
          </ns3:TrackPointExtension>
        </extensions>
      </trkpt>
      <trkpt lat="-25.14354120008647441864013671875" lon="-48.84692416526377201080322265625">
        <ele>1174</ele>
        <time>2025-03-29T19:37:32.000Z</time>
        <extensions>
          <ns3:TrackPointExtension>
            <ns3:hr>121</ns3:hr>
          </ns3:TrackPointExtension>
        </extensions>
      </trkpt>
      <trkpt lat="-25.14352845959365367889404296875" lon="-48.8469232432544231414794921875">
        <ele>1175</ele>
        <time>2025-03-29T19:37:37.000Z</time>
        <extensions>
          <ns3:TrackPointExtension>
            <ns3:hr>119</ns3:hr>
          </ns3:TrackPointExtension>
        </extensions>
      </trkpt>
      <trkpt lat="-25.14349727891385555267333984375" lon="-48.84693170897662639617919921875">
        <ele>1175.800048828125</ele>
        <time>2025-03-29T19:37:42.000Z</time>
        <extensions>
          <ns3:TrackPointExtension>
            <ns3:hr>119</ns3:hr>
          </ns3:TrackPointExtension>
        </extensions>
      </trkpt>
      <trkpt lat="-25.143457464873790740966796875" lon="-48.84691645391285419464111328125">
        <ele>1179.199951171875</ele>
        <time>2025-03-29T19:37:49.000Z</time>
        <extensions>
          <ns3:TrackPointExtension>
            <ns3:hr>119</ns3:hr>
          </ns3:TrackPointExtension>
        </extensions>
      </trkpt>
      <trkpt lat="-25.14341748319566249847412109375" lon="-48.8468872010707855224609375">
        <ele>1180.800048828125</ele>
        <time>2025-03-29T19:37:58.000Z</time>
        <extensions>
          <ns3:TrackPointExtension>
            <ns3:hr>117</ns3:hr>
          </ns3:TrackPointExtension>
        </extensions>
      </trkpt>
      <trkpt lat="-25.14339451678097248077392578125" lon="-48.84685761295258998870849609375">
        <ele>1183.4000244140625</ele>
        <time>2025-03-29T19:38:05.000Z</time>
        <extensions>
          <ns3:TrackPointExtension>
            <ns3:hr>116</ns3:hr>
          </ns3:TrackPointExtension>
        </extensions>
      </trkpt>
      <trkpt lat="-25.14338915236294269561767578125" lon="-48.84685660712420940399169921875">
        <ele>1184.199951171875</ele>
        <time>2025-03-29T19:38:08.000Z</time>
        <extensions>
          <ns3:TrackPointExtension>
            <ns3:hr>120</ns3:hr>
          </ns3:TrackPointExtension>
        </extensions>
      </trkpt>
      <trkpt lat="-25.14337004162371158599853515625" lon="-48.84686163626611232757568359375">
        <ele>1184.800048828125</ele>
        <time>2025-03-29T19:38:11.000Z</time>
        <extensions>
          <ns3:TrackPointExtension>
            <ns3:hr>123</ns3:hr>
          </ns3:TrackPointExtension>
        </extensions>
      </trkpt>
      <trkpt lat="-25.14335445128381252288818359375" lon="-48.84685576893389225006103515625">
        <ele>1185</ele>
        <time>2025-03-29T19:38:14.000Z</time>
        <extensions>
          <ns3:TrackPointExtension>
            <ns3:hr>126</ns3:hr>
          </ns3:TrackPointExtension>
        </extensions>
      </trkpt>
      <trkpt lat="-25.14332645572721958160400390625" lon="-48.84684252552688121795654296875">
        <ele>1185.5999755859375</ele>
        <time>2025-03-29T19:38:19.000Z</time>
        <extensions>
          <ns3:TrackPointExtension>
            <ns3:hr>129</ns3:hr>
          </ns3:TrackPointExtension>
        </extensions>
      </trkpt>
      <trkpt lat="-25.14330415986478328704833984375" lon="-48.8468427769839763641357421875">
        <ele>1186.199951171875</ele>
        <time>2025-03-29T19:38:22.000Z</time>
        <extensions>
          <ns3:TrackPointExtension>
            <ns3:hr>130</ns3:hr>
          </ns3:TrackPointExtension>
        </extensions>
      </trkpt>
      <trkpt lat="-25.14327482320368289947509765625" lon="-48.846820481121540069580078125">
        <ele>1186.800048828125</ele>
        <time>2025-03-29T19:38:30.000Z</time>
        <extensions>
          <ns3:TrackPointExtension>
            <ns3:hr>132</ns3:hr>
          </ns3:TrackPointExtension>
        </extensions>
      </trkpt>
      <trkpt lat="-25.143249593675136566162109375" lon="-48.84682475589215755462646484375">
        <ele>1187.800048828125</ele>
        <time>2025-03-29T19:38:40.000Z</time>
        <extensions>
          <ns3:TrackPointExtension>
            <ns3:hr>131</ns3:hr>
          </ns3:TrackPointExtension>
        </extensions>
      </trkpt>
      <trkpt lat="-25.14325001277029514312744140625" lon="-48.846825174987316131591796875">
        <ele>1188.199951171875</ele>
        <time>2025-03-29T19:38:48.000Z</time>
        <extensions>
          <ns3:TrackPointExtension>
            <ns3:hr>129</ns3:hr>
          </ns3:TrackPointExtension>
        </extensions>
      </trkpt>
      <trkpt lat="-25.14324917457997798919677734375" lon="-48.846825174987316131591796875">
        <ele>1188.199951171875</ele>
        <time>2025-03-29T19:38:57.000Z</time>
        <extensions>
          <ns3:TrackPointExtension>
            <ns3:hr>126</ns3:hr>
          </ns3:TrackPointExtension>
        </extensions>
      </trkpt>
      <trkpt lat="-25.14318362809717655181884765625" lon="-48.84680530987679958343505859375">
        <ele>1189.4000244140625</ele>
        <time>2025-03-29T19:39:20.000Z</time>
        <extensions>
          <ns3:TrackPointExtension>
            <ns3:hr>127</ns3:hr>
          </ns3:TrackPointExtension>
        </extensions>
      </trkpt>
      <trkpt lat="-25.14314138330519199371337890625" lon="-48.84678837843239307403564453125">
        <ele>1189</ele>
        <time>2025-03-29T19:39:24.000Z</time>
        <extensions>
          <ns3:TrackPointExtension>
            <ns3:hr>124</ns3:hr>
          </ns3:TrackPointExtension>
        </extensions>
      </trkpt>
      <trkpt lat="-25.1431354321539402008056640625" lon="-48.8467686809599399566650390625">
        <ele>1188.800048828125</ele>
        <time>2025-03-29T19:39:27.000Z</time>
        <extensions>
          <ns3:TrackPointExtension>
            <ns3:hr>123</ns3:hr>
          </ns3:TrackPointExtension>
        </extensions>
      </trkpt>
      <trkpt lat="-25.1431064307689666748046875" lon="-48.84676658548414707183837890625">
        <ele>1189.800048828125</ele>
        <time>2025-03-29T19:39:35.000Z</time>
        <extensions>
          <ns3:TrackPointExtension>
            <ns3:hr>120</ns3:hr>
          </ns3:TrackPointExtension>
        </extensions>
      </trkpt>
      <trkpt lat="-25.14308304525911808013916015625" lon="-48.846756108105182647705078125">
        <ele>1191.800048828125</ele>
        <time>2025-03-29T19:39:42.000Z</time>
        <extensions>
          <ns3:TrackPointExtension>
            <ns3:hr>119</ns3:hr>
          </ns3:TrackPointExtension>
        </extensions>
      </trkpt>
      <trkpt lat="-25.14307114295661449432373046875" lon="-48.84671629406511783599853515625">
        <ele>1193.800048828125</ele>
        <time>2025-03-29T19:39:50.000Z</time>
        <extensions>
          <ns3:TrackPointExtension>
            <ns3:hr>118</ns3:hr>
          </ns3:TrackPointExtension>
        </extensions>
      </trkpt>
      <trkpt lat="-25.14305622316896915435791015625" lon="-48.84671310894191265106201171875">
        <ele>1195.4000244140625</ele>
        <time>2025-03-29T19:39:56.000Z</time>
        <extensions>
          <ns3:TrackPointExtension>
            <ns3:hr>115</ns3:hr>
          </ns3:TrackPointExtension>
        </extensions>
      </trkpt>
      <trkpt lat="-25.14300928451120853424072265625" lon="-48.846685700118541717529296875">
        <ele>1198</ele>
        <time>2025-03-29T19:40:06.000Z</time>
        <extensions>
          <ns3:TrackPointExtension>
            <ns3:hr>114</ns3:hr>
          </ns3:TrackPointExtension>
        </extensions>
      </trkpt>
      <trkpt lat="-25.14299134723842144012451171875" lon="-48.84668896906077861785888671875">
        <ele>1199.800048828125</ele>
        <time>2025-03-29T19:40:12.000Z</time>
        <extensions>
          <ns3:TrackPointExtension>
            <ns3:hr>114</ns3:hr>
          </ns3:TrackPointExtension>
        </extensions>
      </trkpt>
      <trkpt lat="-25.142992436885833740234375" lon="-48.846687376499176025390625">
        <ele>1201.199951171875</ele>
        <time>2025-03-29T19:40:19.000Z</time>
        <extensions>
          <ns3:TrackPointExtension>
            <ns3:hr>115</ns3:hr>
          </ns3:TrackPointExtension>
        </extensions>
      </trkpt>
      <trkpt lat="-25.142990760505199432373046875" lon="-48.84668528102338314056396484375">
        <ele>1201.199951171875</ele>
        <time>2025-03-29T19:40:40.000Z</time>
        <extensions>
          <ns3:TrackPointExtension>
            <ns3:hr>118</ns3:hr>
          </ns3:TrackPointExtension>
        </extensions>
      </trkpt>
      <trkpt lat="-25.142990760505199432373046875" lon="-48.84668259881436824798583984375">
        <ele>1201.199951171875</ele>
        <time>2025-03-29T19:40:43.000Z</time>
        <extensions>
          <ns3:TrackPointExtension>
            <ns3:hr>121</ns3:hr>
          </ns3:TrackPointExtension>
        </extensions>
      </trkpt>
      <trkpt lat="-25.14302705414593219757080078125" lon="-48.84665728546679019927978515625">
        <ele>1201.4000244140625</ele>
        <time>2025-03-29T19:40:48.000Z</time>
        <extensions>
          <ns3:TrackPointExtension>
            <ns3:hr>124</ns3:hr>
          </ns3:TrackPointExtension>
        </extensions>
      </trkpt>
      <trkpt lat="-25.14305152930319309234619140625" lon="-48.846638090908527374267578125">
        <ele>1201.4000244140625</ele>
        <time>2025-03-29T19:40:50.000Z</time>
        <extensions>
          <ns3:TrackPointExtension>
            <ns3:hr>124</ns3:hr>
          </ns3:TrackPointExtension>
        </extensions>
      </trkpt>
      <trkpt lat="-25.14306896366178989410400390625" lon="-48.84660012088716030120849609375">
        <ele>1202.199951171875</ele>
        <time>2025-03-29T19:40:53.000Z</time>
        <extensions>
          <ns3:TrackPointExtension>
            <ns3:hr>125</ns3:hr>
          </ns3:TrackPointExtension>
        </extensions>
      </trkpt>
      <trkpt lat="-25.14307868666946887969970703125" lon="-48.84657531045377254486083984375">
        <ele>1202.800048828125</ele>
        <time>2025-03-29T19:40:55.000Z</time>
        <extensions>
          <ns3:TrackPointExtension>
            <ns3:hr>124</ns3:hr>
          </ns3:TrackPointExtension>
        </extensions>
      </trkpt>
      <trkpt lat="-25.143111459910869598388671875" lon="-48.84654094465076923370361328125">
        <ele>1206</ele>
        <time>2025-03-29T19:41:01.000Z</time>
        <extensions>
          <ns3:TrackPointExtension>
            <ns3:hr>125</ns3:hr>
          </ns3:TrackPointExtension>
        </extensions>
      </trkpt>
      <trkpt lat="-25.143153369426727294921875" lon="-48.8464967720210552215576171875">
        <ele>1209.5999755859375</ele>
        <time>2025-03-29T19:41:10.000Z</time>
        <extensions>
          <ns3:TrackPointExtension>
            <ns3:hr>124</ns3:hr>
          </ns3:TrackPointExtension>
        </extensions>
      </trkpt>
      <trkpt lat="-25.1431703008711338043212890625" lon="-48.84647422470152378082275390625">
        <ele>1211</ele>
        <time>2025-03-29T19:41:17.000Z</time>
        <extensions>
          <ns3:TrackPointExtension>
            <ns3:hr>125</ns3:hr>
          </ns3:TrackPointExtension>
        </extensions>
      </trkpt>
      <trkpt lat="-25.1431873999536037445068359375" lon="-48.84645980782806873321533203125">
        <ele>1211.199951171875</ele>
        <time>2025-03-29T19:41:20.000Z</time>
        <extensions>
          <ns3:TrackPointExtension>
            <ns3:hr>122</ns3:hr>
          </ns3:TrackPointExtension>
        </extensions>
      </trkpt>
      <trkpt lat="-25.14319905079901218414306640625" lon="-48.84643935598433017730712890625">
        <ele>1211.800048828125</ele>
        <time>2025-03-29T19:41:24.000Z</time>
        <extensions>
          <ns3:TrackPointExtension>
            <ns3:hr>125</ns3:hr>
          </ns3:TrackPointExtension>
        </extensions>
      </trkpt>
      <trkpt lat="-25.14320609159767627716064453125" lon="-48.846438266336917877197265625">
        <ele>1212</ele>
        <time>2025-03-29T19:41:25.000Z</time>
        <extensions>
          <ns3:TrackPointExtension>
            <ns3:hr>125</ns3:hr>
          </ns3:TrackPointExtension>
        </extensions>
      </trkpt>
      <trkpt lat="-25.14321573078632354736328125" lon="-48.8463975302875041961669921875">
        <ele>1213.800048828125</ele>
        <time>2025-03-29T19:41:32.000Z</time>
        <extensions>
          <ns3:TrackPointExtension>
            <ns3:hr>124</ns3:hr>
          </ns3:TrackPointExtension>
        </extensions>
      </trkpt>
      <trkpt lat="-25.1432244479656219482421875" lon="-48.84633491747081279754638671875">
        <ele>1216</ele>
        <time>2025-03-29T19:41:42.000Z</time>
        <extensions>
          <ns3:TrackPointExtension>
            <ns3:hr>124</ns3:hr>
          </ns3:TrackPointExtension>
        </extensions>
      </trkpt>
      <trkpt lat="-25.143238864839076995849609375" lon="-48.8463140465319156646728515625">
        <ele>1218</ele>
        <time>2025-03-29T19:41:48.000Z</time>
        <extensions>
          <ns3:TrackPointExtension>
            <ns3:hr>122</ns3:hr>
          </ns3:TrackPointExtension>
        </extensions>
      </trkpt>
      <trkpt lat="-25.14327566139400005340576171875" lon="-48.846320249140262603759765625">
        <ele>1219.5999755859375</ele>
        <time>2025-03-29T19:41:54.000Z</time>
        <extensions>
          <ns3:TrackPointExtension>
            <ns3:hr>119</ns3:hr>
          </ns3:TrackPointExtension>
        </extensions>
      </trkpt>
      <trkpt lat="-25.143293179571628570556640625" lon="-48.84630692191421985626220703125">
        <ele>1220.5999755859375</ele>
        <time>2025-03-29T19:41:57.000Z</time>
        <extensions>
          <ns3:TrackPointExtension>
            <ns3:hr>119</ns3:hr>
          </ns3:TrackPointExtension>
        </extensions>
      </trkpt>
      <trkpt lat="-25.14331153593957424163818359375" lon="-48.84630507789552211761474609375">
        <ele>1221</ele>
        <time>2025-03-29T19:41:59.000Z</time>
        <extensions>
          <ns3:TrackPointExtension>
            <ns3:hr>116</ns3:hr>
          </ns3:TrackPointExtension>
        </extensions>
      </trkpt>
      <trkpt lat="-25.14333282597362995147705078125" lon="-48.84631429798901081085205078125">
        <ele>1222.199951171875</ele>
        <time>2025-03-29T19:42:03.000Z</time>
        <extensions>
          <ns3:TrackPointExtension>
            <ns3:hr>113</ns3:hr>
          </ns3:TrackPointExtension>
        </extensions>
      </trkpt>
      <trkpt lat="-25.14335654675960540771484375" lon="-48.84629736654460430145263671875">
        <ele>1222.5999755859375</ele>
        <time>2025-03-29T19:42:08.000Z</time>
        <extensions>
          <ns3:TrackPointExtension>
            <ns3:hr>118</ns3:hr>
          </ns3:TrackPointExtension>
        </extensions>
      </trkpt>
      <trkpt lat="-25.14335788786411285400390625" lon="-48.8462788425385951995849609375">
        <ele>1222.4000244140625</ele>
        <time>2025-03-29T19:42:11.000Z</time>
        <extensions>
          <ns3:TrackPointExtension>
            <ns3:hr>118</ns3:hr>
          </ns3:TrackPointExtension>
        </extensions>
      </trkpt>
      <trkpt lat="-25.14336568303406238555908203125" lon="-48.8462300598621368408203125">
        <ele>1222.800048828125</ele>
        <time>2025-03-29T19:42:22.000Z</time>
        <extensions>
          <ns3:TrackPointExtension>
            <ns3:hr>119</ns3:hr>
          </ns3:TrackPointExtension>
        </extensions>
      </trkpt>
      <trkpt lat="-25.1433531939983367919921875" lon="-48.84620566852390766143798828125">
        <ele>1222.800048828125</ele>
        <time>2025-03-29T19:42:34.000Z</time>
        <extensions>
          <ns3:TrackPointExtension>
            <ns3:hr>119</ns3:hr>
          </ns3:TrackPointExtension>
        </extensions>
      </trkpt>
      <trkpt lat="-25.14336819760501384735107421875" lon="-48.84617549367249011993408203125">
        <ele>1223.199951171875</ele>
        <time>2025-03-29T19:42:41.000Z</time>
        <extensions>
          <ns3:TrackPointExtension>
            <ns3:hr>123</ns3:hr>
          </ns3:TrackPointExtension>
        </extensions>
      </trkpt>
      <trkpt lat="-25.14336995780467987060546875" lon="-48.84617012925446033477783203125">
        <ele>1223.4000244140625</ele>
        <time>2025-03-29T19:42:42.000Z</time>
        <extensions>
          <ns3:TrackPointExtension>
            <ns3:hr>120</ns3:hr>
          </ns3:TrackPointExtension>
        </extensions>
      </trkpt>
      <trkpt lat="-25.14337490312755107879638671875" lon="-48.84614733047783374786376953125">
        <ele>1224.800048828125</ele>
        <time>2025-03-29T19:42:48.000Z</time>
        <extensions>
          <ns3:TrackPointExtension>
            <ns3:hr>120</ns3:hr>
          </ns3:TrackPointExtension>
        </extensions>
      </trkpt>
      <trkpt lat="-25.14338110573589801788330078125" lon="-48.84611229412257671356201171875">
        <ele>1228.5999755859375</ele>
        <time>2025-03-29T19:43:01.000Z</time>
        <extensions>
          <ns3:TrackPointExtension>
            <ns3:hr>120</ns3:hr>
          </ns3:TrackPointExtension>
        </extensions>
      </trkpt>
      <trkpt lat="-25.143381692469120025634765625" lon="-48.84610843844711780548095703125">
        <ele>1230.199951171875</ele>
        <time>2025-03-29T19:43:10.000Z</time>
        <extensions>
          <ns3:TrackPointExtension>
            <ns3:hr>121</ns3:hr>
          </ns3:TrackPointExtension>
        </extensions>
      </trkpt>
      <trkpt lat="-25.143381692469120025634765625" lon="-48.84610843844711780548095703125">
        <ele>1230.4000244140625</ele>
        <time>2025-03-29T19:43:16.000Z</time>
        <extensions>
          <ns3:TrackPointExtension>
            <ns3:hr>118</ns3:hr>
          </ns3:TrackPointExtension>
        </extensions>
      </trkpt>
      <trkpt lat="-25.1433811895549297332763671875" lon="-48.84610843844711780548095703125">
        <ele>1230.4000244140625</ele>
        <time>2025-03-29T19:43:19.000Z</time>
        <extensions>
          <ns3:TrackPointExtension>
            <ns3:hr>115</ns3:hr>
          </ns3:TrackPointExtension>
        </extensions>
      </trkpt>
      <trkpt lat="-25.14338110573589801788330078125" lon="-48.84610525332391262054443359375">
        <ele>1230.4000244140625</ele>
        <time>2025-03-29T19:43:21.000Z</time>
        <extensions>
          <ns3:TrackPointExtension>
            <ns3:hr>112</ns3:hr>
          </ns3:TrackPointExtension>
        </extensions>
      </trkpt>
      <trkpt lat="-25.14337993226945400238037109375" lon="-48.84607742540538311004638671875">
        <ele>1230.4000244140625</ele>
        <time>2025-03-29T19:43:29.000Z</time>
        <extensions>
          <ns3:TrackPointExtension>
            <ns3:hr>108</ns3:hr>
          </ns3:TrackPointExtension>
        </extensions>
      </trkpt>
      <trkpt lat="-25.1433798484504222869873046875" lon="-48.846064768731594085693359375">
        <ele>1230.800048828125</ele>
        <time>2025-03-29T19:43:36.000Z</time>
        <extensions>
          <ns3:TrackPointExtension>
            <ns3:hr>111</ns3:hr>
          </ns3:TrackPointExtension>
        </extensions>
      </trkpt>
      <trkpt lat="-25.1433798484504222869873046875" lon="-48.84604993276298046112060546875">
        <ele>1231.4000244140625</ele>
        <time>2025-03-29T19:43:41.000Z</time>
        <extensions>
          <ns3:TrackPointExtension>
            <ns3:hr>108</ns3:hr>
          </ns3:TrackPointExtension>
        </extensions>
      </trkpt>
      <trkpt lat="-25.14338144101202487945556640625" lon="-48.8460423052310943603515625">
        <ele>1231.800048828125</ele>
        <time>2025-03-29T19:43:43.000Z</time>
        <extensions>
          <ns3:TrackPointExtension>
            <ns3:hr>111</ns3:hr>
          </ns3:TrackPointExtension>
        </extensions>
      </trkpt>
      <trkpt lat="-25.14339971356093883514404296875" lon="-48.84601875208318233489990234375">
        <ele>1233.199951171875</ele>
        <time>2025-03-29T19:43:53.000Z</time>
        <extensions>
          <ns3:TrackPointExtension>
            <ns3:hr>114</ns3:hr>
          </ns3:TrackPointExtension>
        </extensions>
      </trkpt>
      <trkpt lat="-25.1434003002941608428955078125" lon="-48.846017159521579742431640625">
        <ele>1233.800048828125</ele>
        <time>2025-03-29T19:43:57.000Z</time>
        <extensions>
          <ns3:TrackPointExtension>
            <ns3:hr>117</ns3:hr>
          </ns3:TrackPointExtension>
        </extensions>
      </trkpt>
      <trkpt lat="-25.14342117123305797576904296875" lon="-48.84601908735930919647216796875">
        <ele>1235.199951171875</ele>
        <time>2025-03-29T19:44:18.000Z</time>
        <extensions>
          <ns3:TrackPointExtension>
            <ns3:hr>120</ns3:hr>
          </ns3:TrackPointExtension>
        </extensions>
      </trkpt>
      <trkpt lat="-25.1434371806681156158447265625" lon="-48.84598891250789165496826171875">
        <ele>1238.4000244140625</ele>
        <time>2025-03-29T19:45:08.000Z</time>
        <extensions>
          <ns3:TrackPointExtension>
            <ns3:hr>117</ns3:hr>
          </ns3:TrackPointExtension>
        </extensions>
      </trkpt>
      <trkpt lat="-25.14344447292387485504150390625" lon="-48.8458983041346073150634765625">
        <ele>1242.800048828125</ele>
        <time>2025-03-29T19:45:46.000Z</time>
        <extensions>
          <ns3:TrackPointExtension>
            <ns3:hr>120</ns3:hr>
          </ns3:TrackPointExtension>
        </extensions>
      </trkpt>
      <trkpt lat="-25.1434596441686153411865234375" lon="-48.845855556428432464599609375">
        <ele>1244.800048828125</ele>
        <time>2025-03-29T19:46:21.000Z</time>
        <extensions>
          <ns3:TrackPointExtension>
            <ns3:hr>117</ns3:hr>
          </ns3:TrackPointExtension>
        </extensions>
      </trkpt>
      <trkpt lat="-25.14346006326377391815185546875" lon="-48.84585564024746417999267578125">
        <ele>1244.5999755859375</ele>
        <time>2025-03-29T19:46:26.000Z</time>
        <extensions>
          <ns3:TrackPointExtension>
            <ns3:hr>114</ns3:hr>
          </ns3:TrackPointExtension>
        </extensions>
      </trkpt>
      <trkpt lat="-25.14346023090183734893798828125" lon="-48.845855891704559326171875">
        <ele>1244.4000244140625</ele>
        <time>2025-03-29T19:46:34.000Z</time>
        <extensions>
          <ns3:TrackPointExtension>
            <ns3:hr>111</ns3:hr>
          </ns3:TrackPointExtension>
        </extensions>
      </trkpt>
      <trkpt lat="-25.14346039853990077972412109375" lon="-48.84585597552359104156494140625">
        <ele>1244.4000244140625</ele>
        <time>2025-03-29T19:46:38.000Z</time>
        <extensions>
          <ns3:TrackPointExtension>
            <ns3:hr>114</ns3:hr>
          </ns3:TrackPointExtension>
        </extensions>
      </trkpt>
      <trkpt lat="-25.1434606499969959259033203125" lon="-48.84585522115230560302734375">
        <ele>1244.4000244140625</ele>
        <time>2025-03-29T19:46:49.000Z</time>
        <extensions>
          <ns3:TrackPointExtension>
            <ns3:hr>117</ns3:hr>
          </ns3:TrackPointExtension>
        </extensions>
      </trkpt>
      <trkpt lat="-25.1434606499969959259033203125" lon="-48.84585396386682987213134765625">
        <ele>1244.4000244140625</ele>
        <time>2025-03-29T19:47:04.000Z</time>
        <extensions>
          <ns3:TrackPointExtension>
            <ns3:hr>114</ns3:hr>
          </ns3:TrackPointExtension>
        </extensions>
      </trkpt>
      <trkpt lat="-25.1434613205492496490478515625" lon="-48.84584725834429264068603515625">
        <ele>1244.5999755859375</ele>
        <time>2025-03-29T19:47:57.000Z</time>
        <extensions>
          <ns3:TrackPointExtension>
            <ns3:hr>118</ns3:hr>
          </ns3:TrackPointExtension>
        </extensions>
      </trkpt>
      <trkpt lat="-25.14346207492053508758544921875" lon="-48.84583988226950168609619140625">
        <ele>1245</ele>
        <time>2025-03-29T19:48:37.000Z</time>
        <extensions>
          <ns3:TrackPointExtension>
            <ns3:hr>121</ns3:hr>
          </ns3:TrackPointExtension>
        </extensions>
      </trkpt>
      <trkpt lat="-25.14346224255859851837158203125" lon="-48.84583334438502788543701171875">
        <ele>1245.199951171875</ele>
        <time>2025-03-29T19:49:01.000Z</time>
        <extensions>
          <ns3:TrackPointExtension>
            <ns3:hr>118</ns3:hr>
          </ns3:TrackPointExtension>
        </extensions>
      </trkpt>
      <trkpt lat="-25.14346207492053508758544921875" lon="-48.8458315841853618621826171875">
        <ele>1245.4000244140625</ele>
        <time>2025-03-29T19:49:08.000Z</time>
        <extensions>
          <ns3:TrackPointExtension>
            <ns3:hr>115</ns3:hr>
          </ns3:TrackPointExtension>
        </extensions>
      </trkpt>
      <trkpt lat="-25.143462158739566802978515625" lon="-48.84583015926182270050048828125">
        <ele>1245.4000244140625</ele>
        <time>2025-03-29T19:49:14.000Z</time>
        <extensions>
          <ns3:TrackPointExtension>
            <ns3:hr>118</ns3:hr>
          </ns3:TrackPointExtension>
        </extensions>
      </trkpt>
      <trkpt lat="-25.14346207492053508758544921875" lon="-48.84582730941474437713623046875">
        <ele>1245.5999755859375</ele>
        <time>2025-03-29T19:49:26.000Z</time>
        <extensions>
          <ns3:TrackPointExtension>
            <ns3:hr>115</ns3:hr>
          </ns3:TrackPointExtension>
        </extensions>
      </trkpt>
      <trkpt lat="-25.14346224255859851837158203125" lon="-48.84582596831023693084716796875">
        <ele>1245.800048828125</ele>
        <time>2025-03-29T19:49:32.000Z</time>
        <extensions>
          <ns3:TrackPointExtension>
            <ns3:hr>119</ns3:hr>
          </ns3:TrackPointExtension>
        </extensions>
      </trkpt>
      <trkpt lat="-25.1434623263776302337646484375" lon="-48.84582571685314178466796875">
        <ele>1245.800048828125</ele>
        <time>2025-03-29T19:49:33.000Z</time>
        <extensions>
          <ns3:TrackPointExtension>
            <ns3:hr>116</ns3:hr>
          </ns3:TrackPointExtension>
        </extensions>
      </trkpt>
      <trkpt lat="-25.14350381679832935333251953125" lon="-48.84568666107952594757080078125">
        <ele>1246.800048828125</ele>
        <time>2025-03-29T19:50:13.000Z</time>
        <extensions>
          <ns3:TrackPointExtension>
            <ns3:hr>116</ns3:hr>
          </ns3:TrackPointExtension>
        </extensions>
      </trkpt>
      <trkpt lat="-25.143539942800998687744140625" lon="-48.8455680571496486663818359375">
        <ele>1258</ele>
        <time>2025-03-29T19:50:21.000Z</time>
        <extensions>
          <ns3:TrackPointExtension>
            <ns3:hr>115</ns3:hr>
          </ns3:TrackPointExtension>
        </extensions>
      </trkpt>
      <trkpt lat="-25.14353952370584011077880859375" lon="-48.845568560063838958740234375">
        <ele>1264.5999755859375</ele>
        <time>2025-03-29T19:50:30.000Z</time>
        <extensions>
          <ns3:TrackPointExtension>
            <ns3:hr>118</ns3:hr>
          </ns3:TrackPointExtension>
        </extensions>
      </trkpt>
      <trkpt lat="-25.143543295562267303466796875" lon="-48.84553696028888225555419921875">
        <ele>1269</ele>
        <time>2025-03-29T19:51:01.000Z</time>
        <extensions>
          <ns3:TrackPointExtension>
            <ns3:hr>117</ns3:hr>
          </ns3:TrackPointExtension>
        </extensions>
      </trkpt>
      <trkpt lat="-25.143611021339893341064453125" lon="-48.8454084657132625579833984375">
        <ele>1278.5999755859375</ele>
        <time>2025-03-29T19:51:48.000Z</time>
        <extensions>
          <ns3:TrackPointExtension>
            <ns3:hr>120</ns3:hr>
          </ns3:TrackPointExtension>
        </extensions>
      </trkpt>
      <trkpt lat="-25.1436282880604267120361328125" lon="-48.84535943157970905303955078125">
        <ele>1284</ele>
        <time>2025-03-29T19:52:09.000Z</time>
        <extensions>
          <ns3:TrackPointExtension>
            <ns3:hr>117</ns3:hr>
          </ns3:TrackPointExtension>
        </extensions>
      </trkpt>
      <trkpt lat="-25.14363021589815616607666015625" lon="-48.845359347760677337646484375">
        <ele>1284</ele>
        <time>2025-03-29T19:52:10.000Z</time>
        <extensions>
          <ns3:TrackPointExtension>
            <ns3:hr>113</ns3:hr>
          </ns3:TrackPointExtension>
        </extensions>
      </trkpt>
      <trkpt lat="-25.14363122172653675079345703125" lon="-48.84535926394164562225341796875">
        <ele>1284</ele>
        <time>2025-03-29T19:52:11.000Z</time>
        <extensions>
          <ns3:TrackPointExtension>
            <ns3:hr>117</ns3:hr>
          </ns3:TrackPointExtension>
        </extensions>
      </trkpt>
      <trkpt lat="-25.1436321437358856201171875" lon="-48.84535909630358219146728515625">
        <ele>1284.199951171875</ele>
        <time>2025-03-29T19:52:13.000Z</time>
        <extensions>
          <ns3:TrackPointExtension>
            <ns3:hr>114</ns3:hr>
          </ns3:TrackPointExtension>
        </extensions>
      </trkpt>
      <trkpt lat="-25.14363239519298076629638671875" lon="-48.84534962475299835205078125">
        <ele>1284.199951171875</ele>
        <time>2025-03-29T19:52:16.000Z</time>
        <extensions>
          <ns3:TrackPointExtension>
            <ns3:hr>117</ns3:hr>
          </ns3:TrackPointExtension>
        </extensions>
      </trkpt>
      <trkpt lat="-25.143632479012012481689453125" lon="-48.84533110074698925018310546875">
        <ele>1284.4000244140625</ele>
        <time>2025-03-29T19:52:19.000Z</time>
        <extensions>
          <ns3:TrackPointExtension>
            <ns3:hr>120</ns3:hr>
          </ns3:TrackPointExtension>
        </extensions>
      </trkpt>
      <trkpt lat="-25.14362921006977558135986328125" lon="-48.8452995009720325469970703125">
        <ele>1284.800048828125</ele>
        <time>2025-03-29T19:52:26.000Z</time>
        <extensions>
          <ns3:TrackPointExtension>
            <ns3:hr>117</ns3:hr>
          </ns3:TrackPointExtension>
        </extensions>
      </trkpt>
      <trkpt lat="-25.14364580623805522918701171875" lon="-48.8452371396124362945556640625">
        <ele>1287.800048828125</ele>
        <time>2025-03-29T19:52:58.000Z</time>
        <extensions>
          <ns3:TrackPointExtension>
            <ns3:hr>120</ns3:hr>
          </ns3:TrackPointExtension>
        </extensions>
      </trkpt>
      <trkpt lat="-25.14367430470883846282958984375" lon="-48.84521844796836376190185546875">
        <ele>1288.5999755859375</ele>
        <time>2025-03-29T19:53:08.000Z</time>
        <extensions>
          <ns3:TrackPointExtension>
            <ns3:hr>117</ns3:hr>
          </ns3:TrackPointExtension>
        </extensions>
      </trkpt>
      <trkpt lat="-25.14368536882102489471435546875" lon="-48.845202438533306121826171875">
        <ele>1290.4000244140625</ele>
        <time>2025-03-29T19:53:21.000Z</time>
        <extensions>
          <ns3:TrackPointExtension>
            <ns3:hr>114</ns3:hr>
          </ns3:TrackPointExtension>
        </extensions>
      </trkpt>
      <trkpt lat="-25.1436859555542469024658203125" lon="-48.84520134888589382171630859375">
        <ele>1290.800048828125</ele>
        <time>2025-03-29T19:53:24.000Z</time>
        <extensions>
          <ns3:TrackPointExtension>
            <ns3:hr>110</ns3:hr>
          </ns3:TrackPointExtension>
        </extensions>
      </trkpt>
      <trkpt lat="-25.14368712902069091796875" lon="-48.84518508799374103546142578125">
        <ele>1292.5999755859375</ele>
        <time>2025-03-29T19:53:42.000Z</time>
        <extensions>
          <ns3:TrackPointExtension>
            <ns3:hr>111</ns3:hr>
          </ns3:TrackPointExtension>
        </extensions>
      </trkpt>
      <trkpt lat="-25.1436859555542469024658203125" lon="-48.84516346268355846405029296875">
        <ele>1295.4000244140625</ele>
        <time>2025-03-29T19:53:47.000Z</time>
        <extensions>
          <ns3:TrackPointExtension>
            <ns3:hr>113</ns3:hr>
          </ns3:TrackPointExtension>
        </extensions>
      </trkpt>
      <trkpt lat="-25.1436859555542469024658203125" lon="-48.84516346268355846405029296875">
        <ele>1298.800048828125</ele>
        <time>2025-03-29T19:53:58.000Z</time>
        <extensions>
          <ns3:TrackPointExtension>
            <ns3:hr>116</ns3:hr>
          </ns3:TrackPointExtension>
        </extensions>
      </trkpt>
      <trkpt lat="-25.14369308017194271087646484375" lon="-48.84516212157905101776123046875">
        <ele>1299</ele>
        <time>2025-03-29T19:54:08.000Z</time>
        <extensions>
          <ns3:TrackPointExtension>
            <ns3:hr>113</ns3:hr>
          </ns3:TrackPointExtension>
        </extensions>
      </trkpt>
      <trkpt lat="-25.14371537603437900543212890625" lon="-48.845146782696247100830078125">
        <ele>1303.199951171875</ele>
        <time>2025-03-29T19:54:35.000Z</time>
        <extensions>
          <ns3:TrackPointExtension>
            <ns3:hr>116</ns3:hr>
          </ns3:TrackPointExtension>
        </extensions>
      </trkpt>
      <trkpt lat="-25.14371638186275959014892578125" lon="-48.84508651681244373321533203125">
        <ele>1306.199951171875</ele>
        <time>2025-03-29T19:55:01.000Z</time>
        <extensions>
          <ns3:TrackPointExtension>
            <ns3:hr>113</ns3:hr>
          </ns3:TrackPointExtension>
        </extensions>
      </trkpt>
      <trkpt lat="-25.1437335647642612457275390625" lon="-48.8450765423476696014404296875">
        <ele>1307</ele>
        <time>2025-03-29T19:55:32.000Z</time>
        <extensions>
          <ns3:TrackPointExtension>
            <ns3:hr>116</ns3:hr>
          </ns3:TrackPointExtension>
        </extensions>
      </trkpt>
      <trkpt lat="-25.14375125057995319366455078125" lon="-48.8450503908097743988037109375">
        <ele>1307.5999755859375</ele>
        <time>2025-03-29T19:55:51.000Z</time>
        <extensions>
          <ns3:TrackPointExtension>
            <ns3:hr>113</ns3:hr>
          </ns3:TrackPointExtension>
        </extensions>
      </trkpt>
      <trkpt lat="-25.1437553577125072479248046875" lon="-48.84503471665084362030029296875">
        <ele>1308.4000244140625</ele>
        <time>2025-03-29T19:55:56.000Z</time>
        <extensions>
          <ns3:TrackPointExtension>
            <ns3:hr>117</ns3:hr>
          </ns3:TrackPointExtension>
        </extensions>
      </trkpt>
      <trkpt lat="-25.1437583751976490020751953125" lon="-48.8450292684137821197509765625">
        <ele>1308.800048828125</ele>
        <time>2025-03-29T19:56:00.000Z</time>
        <extensions>
          <ns3:TrackPointExtension>
            <ns3:hr>114</ns3:hr>
          </ns3:TrackPointExtension>
        </extensions>
      </trkpt>
      <trkpt lat="-25.14377891086041927337646484375" lon="-48.8449694216251373291015625">
        <ele>1312.800048828125</ele>
        <time>2025-03-29T19:56:45.000Z</time>
        <extensions>
          <ns3:TrackPointExtension>
            <ns3:hr>111</ns3:hr>
          </ns3:TrackPointExtension>
        </extensions>
      </trkpt>
      <trkpt lat="-25.14377924613654613494873046875" lon="-48.844968415796756744384765625">
        <ele>1313</ele>
        <time>2025-03-29T19:56:46.000Z</time>
        <extensions>
          <ns3:TrackPointExtension>
            <ns3:hr>114</ns3:hr>
          </ns3:TrackPointExtension>
        </extensions>
      </trkpt>
      <trkpt lat="-25.143782682716846466064453125" lon="-48.84496112354099750518798828125">
        <ele>1314.199951171875</ele>
        <time>2025-03-29T19:56:57.000Z</time>
        <extensions>
          <ns3:TrackPointExtension>
            <ns3:hr>111</ns3:hr>
          </ns3:TrackPointExtension>
        </extensions>
      </trkpt>
      <trkpt lat="-25.14378712512552738189697265625" lon="-48.84495534002780914306640625">
        <ele>1314.5999755859375</ele>
        <time>2025-03-29T19:57:06.000Z</time>
        <extensions>
          <ns3:TrackPointExtension>
            <ns3:hr>114</ns3:hr>
          </ns3:TrackPointExtension>
        </extensions>
      </trkpt>
      <trkpt lat="-25.1437875442206859588623046875" lon="-48.84495458565652370452880859375">
        <ele>1314.800048828125</ele>
        <time>2025-03-29T19:57:10.000Z</time>
        <extensions>
          <ns3:TrackPointExtension>
            <ns3:hr>111</ns3:hr>
          </ns3:TrackPointExtension>
        </extensions>
      </trkpt>
      <trkpt lat="-25.1437882147729396820068359375" lon="-48.844952993094921112060546875">
        <ele>1314.800048828125</ele>
        <time>2025-03-29T19:57:16.000Z</time>
        <extensions>
          <ns3:TrackPointExtension>
            <ns3:hr>116</ns3:hr>
          </ns3:TrackPointExtension>
        </extensions>
      </trkpt>
      <trkpt lat="-25.14378896914422512054443359375" lon="-48.84495140053331851959228515625">
        <ele>1314.800048828125</ele>
        <time>2025-03-29T19:57:23.000Z</time>
        <extensions>
          <ns3:TrackPointExtension>
            <ns3:hr>113</ns3:hr>
          </ns3:TrackPointExtension>
        </extensions>
      </trkpt>
      <trkpt lat="-25.14378972351551055908203125" lon="-48.84494972415268421173095703125">
        <ele>1314.800048828125</ele>
        <time>2025-03-29T19:57:29.000Z</time>
        <extensions>
          <ns3:TrackPointExtension>
            <ns3:hr>110</ns3:hr>
          </ns3:TrackPointExtension>
        </extensions>
      </trkpt>
      <trkpt lat="-25.14379081316292285919189453125" lon="-48.844945617020130157470703125">
        <ele>1314.800048828125</ele>
        <time>2025-03-29T19:57:42.000Z</time>
        <extensions>
          <ns3:TrackPointExtension>
            <ns3:hr>106</ns3:hr>
          </ns3:TrackPointExtension>
        </extensions>
      </trkpt>
      <trkpt lat="-25.1437908969819545745849609375" lon="-48.84494486264884471893310546875">
        <ele>1314.800048828125</ele>
        <time>2025-03-29T19:57:44.000Z</time>
        <extensions>
          <ns3:TrackPointExtension>
            <ns3:hr>110</ns3:hr>
          </ns3:TrackPointExtension>
        </extensions>
      </trkpt>
      <trkpt lat="-25.1437912322580814361572265625" lon="-48.8449377380311489105224609375">
        <ele>1315</ele>
        <time>2025-03-29T19:58:01.000Z</time>
        <extensions>
          <ns3:TrackPointExtension>
            <ns3:hr>107</ns3:hr>
          </ns3:TrackPointExtension>
        </extensions>
      </trkpt>
      <trkpt lat="-25.14379383064806461334228515625" lon="-48.8449246622622013092041015625">
        <ele>1315.199951171875</ele>
        <time>2025-03-29T19:58:34.000Z</time>
        <extensions>
          <ns3:TrackPointExtension>
            <ns3:hr>110</ns3:hr>
          </ns3:TrackPointExtension>
        </extensions>
      </trkpt>
      <trkpt lat="-25.1437939144670963287353515625" lon="-48.8449243269860744476318359375">
        <ele>1315.199951171875</ele>
        <time>2025-03-29T19:58:35.000Z</time>
        <extensions>
          <ns3:TrackPointExtension>
            <ns3:hr>107</ns3:hr>
          </ns3:TrackPointExtension>
        </extensions>
      </trkpt>
      <trkpt lat="-25.14379500411450862884521484375" lon="-48.8449219800531864166259765625">
        <ele>1315.199951171875</ele>
        <time>2025-03-29T19:58:42.000Z</time>
        <extensions>
          <ns3:TrackPointExtension>
            <ns3:hr>104</ns3:hr>
          </ns3:TrackPointExtension>
        </extensions>
      </trkpt>
      <trkpt lat="-25.1437996141612529754638671875" lon="-48.84491435252130031585693359375">
        <ele>1315.4000244140625</ele>
        <time>2025-03-29T19:59:04.000Z</time>
        <extensions>
          <ns3:TrackPointExtension>
            <ns3:hr>107</ns3:hr>
          </ns3:TrackPointExtension>
        </extensions>
      </trkpt>
      <trkpt lat="-25.14380221255123615264892578125" lon="-48.84491116739809513092041015625">
        <ele>1315.5999755859375</ele>
        <time>2025-03-29T19:59:14.000Z</time>
        <extensions>
          <ns3:TrackPointExtension>
            <ns3:hr>101</ns3:hr>
          </ns3:TrackPointExtension>
        </extensions>
      </trkpt>
      <trkpt lat="-25.1438026316463947296142578125" lon="-48.8449109159409999847412109375">
        <ele>1315.5999755859375</ele>
        <time>2025-03-29T19:59:15.000Z</time>
        <extensions>
          <ns3:TrackPointExtension>
            <ns3:hr>104</ns3:hr>
          </ns3:TrackPointExtension>
        </extensions>
      </trkpt>
      <trkpt lat="-25.143803469836711883544921875" lon="-48.84491016156971454620361328125">
        <ele>1315.5999755859375</ele>
        <time>2025-03-29T19:59:18.000Z</time>
        <extensions>
          <ns3:TrackPointExtension>
            <ns3:hr>107</ns3:hr>
          </ns3:TrackPointExtension>
        </extensions>
      </trkpt>
      <trkpt lat="-25.14380724169313907623291015625" lon="-48.84490680880844593048095703125">
        <ele>1315.800048828125</ele>
        <time>2025-03-29T19:59:30.000Z</time>
        <extensions>
          <ns3:TrackPointExtension>
            <ns3:hr>110</ns3:hr>
          </ns3:TrackPointExtension>
        </extensions>
      </trkpt>
      <trkpt lat="-25.14383641071617603302001953125" lon="-48.84488065727055072784423828125">
        <ele>1315.800048828125</ele>
        <time>2025-03-29T19:59:34.000Z</time>
        <extensions>
          <ns3:TrackPointExtension>
            <ns3:hr>113</ns3:hr>
          </ns3:TrackPointExtension>
        </extensions>
      </trkpt>
      <trkpt lat="-25.1440074853599071502685546875" lon="-48.8447650708258152008056640625">
        <ele>1316.5999755859375</ele>
        <time>2025-03-29T19:59:39.000Z</time>
        <extensions>
          <ns3:TrackPointExtension>
            <ns3:hr>112</ns3:hr>
          </ns3:TrackPointExtension>
        </extensions>
      </trkpt>
      <trkpt lat="-25.14413631521165370941162109375" lon="-48.8446681760251522064208984375">
        <ele>1327.4000244140625</ele>
        <time>2025-03-29T19:59:47.000Z</time>
        <extensions>
          <ns3:TrackPointExtension>
            <ns3:hr>111</ns3:hr>
          </ns3:TrackPointExtension>
        </extensions>
      </trkpt>
      <trkpt lat="-25.14413841068744659423828125" lon="-48.84465920738875865936279296875">
        <ele>1331.199951171875</ele>
        <time>2025-03-29T19:59:52.000Z</time>
        <extensions>
          <ns3:TrackPointExtension>
            <ns3:hr>108</ns3:hr>
          </ns3:TrackPointExtension>
        </extensions>
      </trkpt>
      <trkpt lat="-25.14413916505873203277587890625" lon="-48.84465937502682209014892578125">
        <ele>1331.4000244140625</ele>
        <time>2025-03-29T19:59:53.000Z</time>
        <extensions>
          <ns3:TrackPointExtension>
            <ns3:hr>105</ns3:hr>
          </ns3:TrackPointExtension>
        </extensions>
      </trkpt>
      <trkpt lat="-25.1441402547061443328857421875" lon="-48.8446594588458538055419921875">
        <ele>1332</ele>
        <time>2025-03-29T19:59:54.000Z</time>
        <extensions>
          <ns3:TrackPointExtension>
            <ns3:hr>110</ns3:hr>
          </ns3:TrackPointExtension>
        </extensions>
      </trkpt>
      <trkpt lat="-25.1441402547061443328857421875" lon="-48.8446594588458538055419921875">
        <ele>1332.4000244140625</ele>
        <time>2025-03-29T19:59:55.000Z</time>
        <extensions>
          <ns3:TrackPointExtension>
            <ns3:hr>109</ns3:hr>
          </ns3:TrackPointExtension>
        </extensions>
      </trkpt>
      <trkpt lat="-25.14415374957025051116943359375" lon="-48.8446664996445178985595703125">
        <ele>1334.5999755859375</ele>
        <time>2025-03-29T20:00:30.000Z</time>
        <extensions>
          <ns3:TrackPointExtension>
            <ns3:hr>105</ns3:hr>
          </ns3:TrackPointExtension>
        </extensions>
      </trkpt>
      <trkpt lat="-25.14415542595088481903076171875" lon="-48.8446638174355030059814453125">
        <ele>1334.800048828125</ele>
        <time>2025-03-29T20:00:46.000Z</time>
        <extensions>
          <ns3:TrackPointExtension>
            <ns3:hr>108</ns3:hr>
          </ns3:TrackPointExtension>
        </extensions>
      </trkpt>
      <trkpt lat="-25.14415559358894824981689453125" lon="-48.84466054849326610565185546875">
        <ele>1335.199951171875</ele>
        <time>2025-03-29T20:00:59.000Z</time>
        <extensions>
          <ns3:TrackPointExtension>
            <ns3:hr>105</ns3:hr>
          </ns3:TrackPointExtension>
        </extensions>
      </trkpt>
      <trkpt lat="-25.14415509067475795745849609375" lon="-48.84466004557907581329345703125">
        <ele>1335.5999755859375</ele>
        <time>2025-03-29T20:01:03.000Z</time>
        <extensions>
          <ns3:TrackPointExtension>
            <ns3:hr>108</ns3:hr>
          </ns3:TrackPointExtension>
        </extensions>
      </trkpt>
      <trkpt lat="-25.1441538333892822265625" lon="-48.8446597941219806671142578125">
        <ele>1336.4000244140625</ele>
        <time>2025-03-29T20:01:08.000Z</time>
        <extensions>
          <ns3:TrackPointExtension>
            <ns3:hr>111</ns3:hr>
          </ns3:TrackPointExtension>
        </extensions>
      </trkpt>
      <trkpt lat="-25.14415089972317218780517578125" lon="-48.84465568698942661285400390625">
        <ele>1339</ele>
        <time>2025-03-29T20:01:34.000Z</time>
        <extensions>
          <ns3:TrackPointExtension>
            <ns3:hr>108</ns3:hr>
          </ns3:TrackPointExtension>
        </extensions>
      </trkpt>
      <trkpt lat="-25.14415089972317218780517578125" lon="-48.84465694427490234375">
        <ele>1339.199951171875</ele>
        <time>2025-03-29T20:01:41.000Z</time>
        <extensions>
          <ns3:TrackPointExtension>
            <ns3:hr>105</ns3:hr>
          </ns3:TrackPointExtension>
        </extensions>
      </trkpt>
      <trkpt lat="-25.144150815904140472412109375" lon="-48.844657279551029205322265625">
        <ele>1339.5999755859375</ele>
        <time>2025-03-29T20:01:48.000Z</time>
        <extensions>
          <ns3:TrackPointExtension>
            <ns3:hr>108</ns3:hr>
          </ns3:TrackPointExtension>
        </extensions>
      </trkpt>
      <trkpt lat="-25.144150815904140472412109375" lon="-48.84465736337006092071533203125">
        <ele>1339.5999755859375</ele>
        <time>2025-03-29T20:01:52.000Z</time>
        <extensions>
          <ns3:TrackPointExtension>
            <ns3:hr>111</ns3:hr>
          </ns3:TrackPointExtension>
        </extensions>
      </trkpt>
      <trkpt lat="-25.144150815904140472412109375" lon="-48.84465719573199748992919921875">
        <ele>1339.800048828125</ele>
        <time>2025-03-29T20:01:53.000Z</time>
        <extensions>
          <ns3:TrackPointExtension>
            <ns3:hr>114</ns3:hr>
          </ns3:TrackPointExtension>
        </extensions>
      </trkpt>
      <trkpt lat="-25.1441506482660770416259765625" lon="-48.8446571119129657745361328125">
        <ele>1339.800048828125</ele>
        <time>2025-03-29T20:01:55.000Z</time>
        <extensions>
          <ns3:TrackPointExtension>
            <ns3:hr>117</ns3:hr>
          </ns3:TrackPointExtension>
        </extensions>
      </trkpt>
      <trkpt lat="-25.14415048062801361083984375" lon="-48.84465702809393405914306640625">
        <ele>1339.800048828125</ele>
        <time>2025-03-29T20:01:56.000Z</time>
        <extensions>
          <ns3:TrackPointExtension>
            <ns3:hr>120</ns3:hr>
          </ns3:TrackPointExtension>
        </extensions>
      </trkpt>
      <trkpt lat="-25.144149474799633026123046875" lon="-48.84465702809393405914306640625">
        <ele>1340.4000244140625</ele>
        <time>2025-03-29T20:02:08.000Z</time>
        <extensions>
          <ns3:TrackPointExtension>
            <ns3:hr>124</ns3:hr>
          </ns3:TrackPointExtension>
        </extensions>
      </trkpt>
      <trkpt lat="-25.144149474799633026123046875" lon="-48.84465719573199748992919921875">
        <ele>1340.800048828125</ele>
        <time>2025-03-29T20:02:12.000Z</time>
        <extensions>
          <ns3:TrackPointExtension>
            <ns3:hr>127</ns3:hr>
          </ns3:TrackPointExtension>
        </extensions>
      </trkpt>
      <trkpt lat="-25.144149474799633026123046875" lon="-48.844657279551029205322265625">
        <ele>1340.800048828125</ele>
        <time>2025-03-29T20:02:14.000Z</time>
        <extensions>
          <ns3:TrackPointExtension>
            <ns3:hr>123</ns3:hr>
          </ns3:TrackPointExtension>
        </extensions>
      </trkpt>
      <trkpt lat="-25.1441503129899501800537109375" lon="-48.8446574471890926361083984375">
        <ele>1341</ele>
        <time>2025-03-29T20:02:17.000Z</time>
        <extensions>
          <ns3:TrackPointExtension>
            <ns3:hr>120</ns3:hr>
          </ns3:TrackPointExtension>
        </extensions>
      </trkpt>
      <trkpt lat="-25.14415576122701168060302734375" lon="-48.844659291207790374755859375">
        <ele>1342.199951171875</ele>
        <time>2025-03-29T20:02:36.000Z</time>
        <extensions>
          <ns3:TrackPointExtension>
            <ns3:hr>123</ns3:hr>
          </ns3:TrackPointExtension>
        </extensions>
      </trkpt>
      <trkpt lat="-25.14415509067475795745849609375" lon="-48.8446601293981075286865234375">
        <ele>1342.4000244140625</ele>
        <time>2025-03-29T20:02:40.000Z</time>
        <extensions>
          <ns3:TrackPointExtension>
            <ns3:hr>126</ns3:hr>
          </ns3:TrackPointExtension>
        </extensions>
      </trkpt>
      <trkpt lat="-25.14414846897125244140625" lon="-48.8446624763309955596923828125">
        <ele>1343</ele>
        <time>2025-03-29T20:03:04.000Z</time>
        <extensions>
          <ns3:TrackPointExtension>
            <ns3:hr>123</ns3:hr>
          </ns3:TrackPointExtension>
        </extensions>
      </trkpt>
      <trkpt lat="-25.14414771459996700286865234375" lon="-48.8446621410548686981201171875">
        <ele>1343.4000244140625</ele>
        <time>2025-03-29T20:03:23.000Z</time>
        <extensions>
          <ns3:TrackPointExtension>
            <ns3:hr>120</ns3:hr>
          </ns3:TrackPointExtension>
        </extensions>
      </trkpt>
      <trkpt lat="-25.1441476307809352874755859375" lon="-48.8446621410548686981201171875">
        <ele>1343.4000244140625</ele>
        <time>2025-03-29T20:03:27.000Z</time>
        <extensions>
          <ns3:TrackPointExtension>
            <ns3:hr>117</ns3:hr>
          </ns3:TrackPointExtension>
        </extensions>
      </trkpt>
      <trkpt lat="-25.1441469602286815643310546875" lon="-48.84466138668358325958251953125">
        <ele>1343.5999755859375</ele>
        <time>2025-03-29T20:03:54.000Z</time>
        <extensions>
          <ns3:TrackPointExtension>
            <ns3:hr>120</ns3:hr>
          </ns3:TrackPointExtension>
        </extensions>
      </trkpt>
      <trkpt lat="-25.1441471278667449951171875" lon="-48.844661302864551544189453125">
        <ele>1343.5999755859375</ele>
        <time>2025-03-29T20:04:04.000Z</time>
        <extensions>
          <ns3:TrackPointExtension>
            <ns3:hr>123</ns3:hr>
          </ns3:TrackPointExtension>
        </extensions>
      </trkpt>
      <trkpt lat="-25.14414704404771327972412109375" lon="-48.84466121904551982879638671875">
        <ele>1343.5999755859375</ele>
        <time>2025-03-29T20:04:10.000Z</time>
        <extensions>
          <ns3:TrackPointExtension>
            <ns3:hr>126</ns3:hr>
          </ns3:TrackPointExtension>
        </extensions>
      </trkpt>
      <trkpt lat="-25.14414687640964984893798828125" lon="-48.8446611352264881134033203125">
        <ele>1343.800048828125</ele>
        <time>2025-03-29T20:04:24.000Z</time>
        <extensions>
          <ns3:TrackPointExtension>
            <ns3:hr>123</ns3:hr>
          </ns3:TrackPointExtension>
        </extensions>
      </trkpt>
      <trkpt lat="-25.14414687640964984893798828125" lon="-48.8446611352264881134033203125">
        <ele>1343.800048828125</ele>
        <time>2025-03-29T20:04:26.000Z</time>
        <extensions>
          <ns3:TrackPointExtension>
            <ns3:hr>119</ns3:hr>
          </ns3:TrackPointExtension>
        </extensions>
      </trkpt>
      <trkpt lat="-25.14414687640964984893798828125" lon="-48.8446611352264881134033203125">
        <ele>1343.800048828125</ele>
        <time>2025-03-29T20:04:28.000Z</time>
        <extensions>
          <ns3:TrackPointExtension>
            <ns3:hr>116</ns3:hr>
          </ns3:TrackPointExtension>
        </extensions>
      </trkpt>
      <trkpt lat="-25.14414670877158641815185546875" lon="-48.84466105140745639801025390625">
        <ele>1343.800048828125</ele>
        <time>2025-03-29T20:04:32.000Z</time>
        <extensions>
          <ns3:TrackPointExtension>
            <ns3:hr>113</ns3:hr>
          </ns3:TrackPointExtension>
        </extensions>
      </trkpt>
      <trkpt lat="-25.1441466249525547027587890625" lon="-48.8446609675884246826171875">
        <ele>1343.800048828125</ele>
        <time>2025-03-29T20:04:35.000Z</time>
        <extensions>
          <ns3:TrackPointExtension>
            <ns3:hr>110</ns3:hr>
          </ns3:TrackPointExtension>
        </extensions>
      </trkpt>
      <trkpt lat="-25.1441462896764278411865234375" lon="-48.8446607999503612518310546875">
        <ele>1343.800048828125</ele>
        <time>2025-03-29T20:04:45.000Z</time>
        <extensions>
          <ns3:TrackPointExtension>
            <ns3:hr>113</ns3:hr>
          </ns3:TrackPointExtension>
        </extensions>
      </trkpt>
      <trkpt lat="-25.144146122038364410400390625" lon="-48.84466038085520267486572265625">
        <ele>1344</ele>
        <time>2025-03-29T20:05:05.000Z</time>
        <extensions>
          <ns3:TrackPointExtension>
            <ns3:hr>110</ns3:hr>
          </ns3:TrackPointExtension>
        </extensions>
      </trkpt>
      <trkpt lat="-25.144146122038364410400390625" lon="-48.84466021321713924407958984375">
        <ele>1344</ele>
        <time>2025-03-29T20:05:09.000Z</time>
        <extensions>
          <ns3:TrackPointExtension>
            <ns3:hr>113</ns3:hr>
          </ns3:TrackPointExtension>
        </extensions>
      </trkpt>
      <trkpt lat="-25.144146122038364410400390625" lon="-48.8446601293981075286865234375">
        <ele>1344</ele>
        <time>2025-03-29T20:05:12.000Z</time>
        <extensions>
          <ns3:TrackPointExtension>
            <ns3:hr>116</ns3:hr>
          </ns3:TrackPointExtension>
        </extensions>
      </trkpt>
      <trkpt lat="-25.1441459544003009796142578125" lon="-48.8446597941219806671142578125">
        <ele>1344</ele>
        <time>2025-03-29T20:05:20.000Z</time>
        <extensions>
          <ns3:TrackPointExtension>
            <ns3:hr>113</ns3:hr>
          </ns3:TrackPointExtension>
        </extensions>
      </trkpt>
      <trkpt lat="-25.14414587058126926422119140625" lon="-48.84465920738875865936279296875">
        <ele>1344.199951171875</ele>
        <time>2025-03-29T20:05:45.000Z</time>
        <extensions>
          <ns3:TrackPointExtension>
            <ns3:hr>116</ns3:hr>
          </ns3:TrackPointExtension>
        </extensions>
      </trkpt>
      <trkpt lat="-25.1441459544003009796142578125" lon="-48.844659291207790374755859375">
        <ele>1344.199951171875</ele>
        <time>2025-03-29T20:05:55.000Z</time>
        <extensions>
          <ns3:TrackPointExtension>
            <ns3:hr>113</ns3:hr>
          </ns3:TrackPointExtension>
        </extensions>
      </trkpt>
      <trkpt lat="-25.144146792590618133544921875" lon="-48.84465786628425121307373046875">
        <ele>1344.5999755859375</ele>
        <time>2025-03-29T20:06:44.000Z</time>
        <extensions>
          <ns3:TrackPointExtension>
            <ns3:hr>116</ns3:hr>
          </ns3:TrackPointExtension>
        </extensions>
      </trkpt>
      <trkpt lat="-25.14416095800697803497314453125" lon="-48.84462115354835987091064453125">
        <ele>1344.800048828125</ele>
        <time>2025-03-29T20:06:53.000Z</time>
        <extensions>
          <ns3:TrackPointExtension>
            <ns3:hr>116</ns3:hr>
          </ns3:TrackPointExtension>
        </extensions>
      </trkpt>
      <trkpt lat="-25.144168920814990997314453125" lon="-48.8445893861353397369384765625">
        <ele>1350</ele>
        <time>2025-03-29T20:07:00.000Z</time>
        <extensions>
          <ns3:TrackPointExtension>
            <ns3:hr>116</ns3:hr>
          </ns3:TrackPointExtension>
        </extensions>
      </trkpt>
      <trkpt lat="-25.14417059719562530517578125" lon="-48.8445670902729034423828125">
        <ele>1353.4000244140625</ele>
        <time>2025-03-29T20:07:17.000Z</time>
        <extensions>
          <ns3:TrackPointExtension>
            <ns3:hr>113</ns3:hr>
          </ns3:TrackPointExtension>
        </extensions>
      </trkpt>
      <trkpt lat="-25.14416900463402271270751953125" lon="-48.84454362094402313232421875">
        <ele>1354.199951171875</ele>
        <time>2025-03-29T20:07:22.000Z</time>
        <extensions>
          <ns3:TrackPointExtension>
            <ns3:hr>110</ns3:hr>
          </ns3:TrackPointExtension>
        </extensions>
      </trkpt>
      <trkpt lat="-25.14415475539863109588623046875" lon="-48.84444312192499637603759765625">
        <ele>1357.199951171875</ele>
        <time>2025-03-29T20:07:56.000Z</time>
        <extensions>
          <ns3:TrackPointExtension>
            <ns3:hr>113</ns3:hr>
          </ns3:TrackPointExtension>
        </extensions>
      </trkpt>
      <trkpt lat="-25.1441529951989650726318359375" lon="-48.8444415293633937835693359375">
        <ele>1357.199951171875</ele>
        <time>2025-03-29T20:07:58.000Z</time>
        <extensions>
          <ns3:TrackPointExtension>
            <ns3:hr>117</ns3:hr>
          </ns3:TrackPointExtension>
        </extensions>
      </trkpt>
      <trkpt lat="-25.14415207318961620330810546875" lon="-48.84444127790629863739013671875">
        <ele>1357.199951171875</ele>
        <time>2025-03-29T20:07:59.000Z</time>
        <extensions>
          <ns3:TrackPointExtension>
            <ns3:hr>120</ns3:hr>
          </ns3:TrackPointExtension>
        </extensions>
      </trkpt>
      <trkpt lat="-25.144151151180267333984375" lon="-48.84444094263017177581787109375">
        <ele>1357.4000244140625</ele>
        <time>2025-03-29T20:08:01.000Z</time>
        <extensions>
          <ns3:TrackPointExtension>
            <ns3:hr>126</ns3:hr>
          </ns3:TrackPointExtension>
        </extensions>
      </trkpt>
      <trkpt lat="-25.1441498100757598876953125" lon="-48.8444408588111400604248046875">
        <ele>1357.4000244140625</ele>
        <time>2025-03-29T20:08:03.000Z</time>
        <extensions>
          <ns3:TrackPointExtension>
            <ns3:hr>129</ns3:hr>
          </ns3:TrackPointExtension>
        </extensions>
      </trkpt>
      <trkpt lat="-25.14418375678360462188720703125" lon="-48.84437866508960723876953125">
        <ele>1358</ele>
        <time>2025-03-29T20:08:38.000Z</time>
        <extensions>
          <ns3:TrackPointExtension>
            <ns3:hr>126</ns3:hr>
          </ns3:TrackPointExtension>
        </extensions>
      </trkpt>
      <trkpt lat="-25.1442401669919490814208984375" lon="-48.84416467510163784027099609375">
        <ele>1362.5999755859375</ele>
        <time>2025-03-29T20:09:21.000Z</time>
        <extensions>
          <ns3:TrackPointExtension>
            <ns3:hr>125</ns3:hr>
          </ns3:TrackPointExtension>
        </extensions>
      </trkpt>
      <trkpt lat="-25.14424712397158145904541015625" lon="-48.844123184680938720703125">
        <ele>1362.5999755859375</ele>
        <time>2025-03-29T20:09:27.000Z</time>
        <extensions>
          <ns3:TrackPointExtension>
            <ns3:hr>122</ns3:hr>
          </ns3:TrackPointExtension>
        </extensions>
      </trkpt>
      <trkpt lat="-25.14427159912884235382080078125" lon="-48.8440898247063159942626953125">
        <ele>1362.5999755859375</ele>
        <time>2025-03-29T20:09:34.000Z</time>
        <extensions>
          <ns3:TrackPointExtension>
            <ns3:hr>118</ns3:hr>
          </ns3:TrackPointExtension>
        </extensions>
      </trkpt>
      <trkpt lat="-25.1442750357091426849365234375" lon="-48.84408571757376194000244140625">
        <ele>1362.5999755859375</ele>
        <time>2025-03-29T20:09:35.000Z</time>
        <extensions>
          <ns3:TrackPointExtension>
            <ns3:hr>121</ns3:hr>
          </ns3:TrackPointExtension>
        </extensions>
      </trkpt>
      <trkpt lat="-25.1442897878587245941162109375" lon="-48.8440542854368686676025390625">
        <ele>1362.5999755859375</ele>
        <time>2025-03-29T20:09:41.000Z</time>
        <extensions>
          <ns3:TrackPointExtension>
            <ns3:hr>118</ns3:hr>
          </ns3:TrackPointExtension>
        </extensions>
      </trkpt>
      <trkpt lat="-25.14429867267608642578125" lon="-48.84403626434504985809326171875">
        <ele>1362.5999755859375</ele>
        <time>2025-03-29T20:09:45.000Z</time>
        <extensions>
          <ns3:TrackPointExtension>
            <ns3:hr>114</ns3:hr>
          </ns3:TrackPointExtension>
        </extensions>
      </trkpt>
      <trkpt lat="-25.1443015225231647491455078125" lon="-48.84402754716575145721435546875">
        <ele>1362.5999755859375</ele>
        <time>2025-03-29T20:09:47.000Z</time>
        <extensions>
          <ns3:TrackPointExtension>
            <ns3:hr>118</ns3:hr>
          </ns3:TrackPointExtension>
        </extensions>
      </trkpt>
      <trkpt lat="-25.14430873095989227294921875" lon="-48.84396962821483612060546875">
        <ele>1362.5999755859375</ele>
        <time>2025-03-29T20:09:57.000Z</time>
        <extensions>
          <ns3:TrackPointExtension>
            <ns3:hr>115</ns3:hr>
          </ns3:TrackPointExtension>
        </extensions>
      </trkpt>
      <trkpt lat="-25.1443159393966197967529296875" lon="-48.8438782654702663421630859375">
        <ele>1362.800048828125</ele>
        <time>2025-03-29T20:10:01.000Z</time>
        <extensions>
          <ns3:TrackPointExtension>
            <ns3:hr>115</ns3:hr>
          </ns3:TrackPointExtension>
        </extensions>
      </trkpt>
      <trkpt lat="-25.1442974992096424102783203125" lon="-48.84376854635775089263916015625">
        <ele>1363.800048828125</ele>
        <time>2025-03-29T20:10:06.000Z</time>
        <extensions>
          <ns3:TrackPointExtension>
            <ns3:hr>113</ns3:hr>
          </ns3:TrackPointExtension>
        </extensions>
      </trkpt>
      <trkpt lat="-25.14429867267608642578125" lon="-48.84375396184623241424560546875">
        <ele>1366</ele>
        <time>2025-03-29T20:10:12.000Z</time>
        <extensions>
          <ns3:TrackPointExtension>
            <ns3:hr>114</ns3:hr>
          </ns3:TrackPointExtension>
        </extensions>
      </trkpt>
      <trkpt lat="-25.14429531991481781005859375" lon="-48.843731917440891265869140625">
        <ele>1366.800048828125</ele>
        <time>2025-03-29T20:10:17.000Z</time>
        <extensions>
          <ns3:TrackPointExtension>
            <ns3:hr>117</ns3:hr>
          </ns3:TrackPointExtension>
        </extensions>
      </trkpt>
      <trkpt lat="-25.1443040370941162109375" lon="-48.843714483082294464111328125">
        <ele>1367.4000244140625</ele>
        <time>2025-03-29T20:10:21.000Z</time>
        <extensions>
          <ns3:TrackPointExtension>
            <ns3:hr>119</ns3:hr>
          </ns3:TrackPointExtension>
        </extensions>
      </trkpt>
      <trkpt lat="-25.144338905811309814453125" lon="-48.84366762824356555938720703125">
        <ele>1370.199951171875</ele>
        <time>2025-03-29T20:10:31.000Z</time>
        <extensions>
          <ns3:TrackPointExtension>
            <ns3:hr>119</ns3:hr>
          </ns3:TrackPointExtension>
        </extensions>
      </trkpt>
      <trkpt lat="-25.1443429291248321533203125" lon="-48.84366142563521862030029296875">
        <ele>1370.4000244140625</ele>
        <time>2025-03-29T20:10:32.000Z</time>
        <extensions>
          <ns3:TrackPointExtension>
            <ns3:hr>116</ns3:hr>
          </ns3:TrackPointExtension>
        </extensions>
      </trkpt>
      <trkpt lat="-25.14435273595154285430908203125" lon="-48.8436358608305454254150390625">
        <ele>1371.199951171875</ele>
        <time>2025-03-29T20:10:35.000Z</time>
        <extensions>
          <ns3:TrackPointExtension>
            <ns3:hr>119</ns3:hr>
          </ns3:TrackPointExtension>
        </extensions>
      </trkpt>
      <trkpt lat="-25.1443662308156490325927734375" lon="-48.84362035430967807769775390625">
        <ele>1372.199951171875</ele>
        <time>2025-03-29T20:10:39.000Z</time>
        <extensions>
          <ns3:TrackPointExtension>
            <ns3:hr>121</ns3:hr>
          </ns3:TrackPointExtension>
        </extensions>
      </trkpt>
      <trkpt lat="-25.14438450336456298828125" lon="-48.84358473122119903564453125">
        <ele>1373.199951171875</ele>
        <time>2025-03-29T20:10:47.000Z</time>
        <extensions>
          <ns3:TrackPointExtension>
            <ns3:hr>119</ns3:hr>
          </ns3:TrackPointExtension>
        </extensions>
      </trkpt>
      <trkpt lat="-25.14438777230679988861083984375" lon="-48.84356838651001453399658203125">
        <ele>1373.4000244140625</ele>
        <time>2025-03-29T20:10:49.000Z</time>
        <extensions>
          <ns3:TrackPointExtension>
            <ns3:hr>122</ns3:hr>
          </ns3:TrackPointExtension>
        </extensions>
      </trkpt>
      <trkpt lat="-25.1443960703909397125244140625" lon="-48.84350250475108623504638671875">
        <ele>1376</ele>
        <time>2025-03-29T20:10:58.000Z</time>
        <extensions>
          <ns3:TrackPointExtension>
            <ns3:hr>124</ns3:hr>
          </ns3:TrackPointExtension>
        </extensions>
      </trkpt>
      <trkpt lat="-25.14440654776990413665771484375" lon="-48.84343796409666538238525390625">
        <ele>1378.800048828125</ele>
        <time>2025-03-29T20:11:09.000Z</time>
        <extensions>
          <ns3:TrackPointExtension>
            <ns3:hr>126</ns3:hr>
          </ns3:TrackPointExtension>
        </extensions>
      </trkpt>
      <trkpt lat="-25.14442716725170612335205078125" lon="-48.84341047145426273345947265625">
        <ele>1380.800048828125</ele>
        <time>2025-03-29T20:11:18.000Z</time>
        <extensions>
          <ns3:TrackPointExtension>
            <ns3:hr>122</ns3:hr>
          </ns3:TrackPointExtension>
        </extensions>
      </trkpt>
      <trkpt lat="-25.14443538151681423187255859375" lon="-48.84337191469967365264892578125">
        <ele>1382.4000244140625</ele>
        <time>2025-03-29T20:11:24.000Z</time>
        <extensions>
          <ns3:TrackPointExtension>
            <ns3:hr>125</ns3:hr>
          </ns3:TrackPointExtension>
        </extensions>
      </trkpt>
      <trkpt lat="-25.1444440148770809173583984375" lon="-48.84336881339550018310546875">
        <ele>1382.5999755859375</ele>
        <time>2025-03-29T20:11:26.000Z</time>
        <extensions>
          <ns3:TrackPointExtension>
            <ns3:hr>123</ns3:hr>
          </ns3:TrackPointExtension>
        </extensions>
      </trkpt>
      <trkpt lat="-25.14446304179728031158447265625" lon="-48.84337417781352996826171875">
        <ele>1382.5999755859375</ele>
        <time>2025-03-29T20:11:33.000Z</time>
        <extensions>
          <ns3:TrackPointExtension>
            <ns3:hr>123</ns3:hr>
          </ns3:TrackPointExtension>
        </extensions>
      </trkpt>
      <trkpt lat="-25.1445053704082965850830078125" lon="-48.8433788716793060302734375">
        <ele>1384</ele>
        <time>2025-03-29T20:11:45.000Z</time>
        <extensions>
          <ns3:TrackPointExtension>
            <ns3:hr>124</ns3:hr>
          </ns3:TrackPointExtension>
        </extensions>
      </trkpt>
      <trkpt lat="-25.1445226371288299560546875" lon="-48.84336453862488269805908203125">
        <ele>1384.800048828125</ele>
        <time>2025-03-29T20:11:50.000Z</time>
        <extensions>
          <ns3:TrackPointExtension>
            <ns3:hr>121</ns3:hr>
          </ns3:TrackPointExtension>
        </extensions>
      </trkpt>
      <trkpt lat="-25.14453831128776073455810546875" lon="-48.8433589227497577667236328125">
        <ele>1385.4000244140625</ele>
        <time>2025-03-29T20:11:54.000Z</time>
        <extensions>
          <ns3:TrackPointExtension>
            <ns3:hr>120</ns3:hr>
          </ns3:TrackPointExtension>
        </extensions>
      </trkpt>
      <trkpt lat="-25.14454954303801059722900390625" lon="-48.84333386085927486419677734375">
        <ele>1386.199951171875</ele>
        <time>2025-03-29T20:12:01.000Z</time>
        <extensions>
          <ns3:TrackPointExtension>
            <ns3:hr>123</ns3:hr>
          </ns3:TrackPointExtension>
        </extensions>
      </trkpt>
      <trkpt lat="-25.14454602263867855072021484375" lon="-48.843318521976470947265625">
        <ele>1386.4000244140625</ele>
        <time>2025-03-29T20:12:03.000Z</time>
        <extensions>
          <ns3:TrackPointExtension>
            <ns3:hr>121</ns3:hr>
          </ns3:TrackPointExtension>
        </extensions>
      </trkpt>
      <trkpt lat="-25.14456261880695819854736328125" lon="-48.84330033324658870697021484375">
        <ele>1387.800048828125</ele>
        <time>2025-03-29T20:12:10.000Z</time>
        <extensions>
          <ns3:TrackPointExtension>
            <ns3:hr>119</ns3:hr>
          </ns3:TrackPointExtension>
        </extensions>
      </trkpt>
      <trkpt lat="-25.14456429518759250640869140625" lon="-48.84329211898148059844970703125">
        <ele>1388</ele>
        <time>2025-03-29T20:12:14.000Z</time>
        <extensions>
          <ns3:TrackPointExtension>
            <ns3:hr>116</ns3:hr>
          </ns3:TrackPointExtension>
        </extensions>
      </trkpt>
      <trkpt lat="-25.1445627026259899139404296875" lon="-48.84328239597380161285400390625">
        <ele>1388</ele>
        <time>2025-03-29T20:12:17.000Z</time>
        <extensions>
          <ns3:TrackPointExtension>
            <ns3:hr>115</ns3:hr>
          </ns3:TrackPointExtension>
        </extensions>
      </trkpt>
      <trkpt lat="-25.14456412754952907562255859375" lon="-48.8432610221207141876220703125">
        <ele>1388.5999755859375</ele>
        <time>2025-03-29T20:12:24.000Z</time>
        <extensions>
          <ns3:TrackPointExtension>
            <ns3:hr>114</ns3:hr>
          </ns3:TrackPointExtension>
        </extensions>
      </trkpt>
      <trkpt lat="-25.144561864435672760009765625" lon="-48.8432167656719684600830078125">
        <ele>1390.4000244140625</ele>
        <time>2025-03-29T20:12:34.000Z</time>
        <extensions>
          <ns3:TrackPointExtension>
            <ns3:hr>114</ns3:hr>
          </ns3:TrackPointExtension>
        </extensions>
      </trkpt>
      <trkpt lat="-25.1445670612156391143798828125" lon="-48.84321467019617557525634765625">
        <ele>1390.800048828125</ele>
        <time>2025-03-29T20:12:37.000Z</time>
        <extensions>
          <ns3:TrackPointExtension>
            <ns3:hr>117</ns3:hr>
          </ns3:TrackPointExtension>
        </extensions>
      </trkpt>
      <trkpt lat="-25.1445670612156391143798828125" lon="-48.8432140834629535675048828125">
        <ele>1391</ele>
        <time>2025-03-29T20:12:38.000Z</time>
        <extensions>
          <ns3:TrackPointExtension>
            <ns3:hr>114</ns3:hr>
          </ns3:TrackPointExtension>
        </extensions>
      </trkpt>
      <trkpt lat="-25.14456680975854396820068359375" lon="-48.8432134129106998443603515625">
        <ele>1391.4000244140625</ele>
        <time>2025-03-29T20:12:41.000Z</time>
        <extensions>
          <ns3:TrackPointExtension>
            <ns3:hr>114</ns3:hr>
          </ns3:TrackPointExtension>
        </extensions>
      </trkpt>
      <trkpt lat="-25.14456613920629024505615234375" lon="-48.84321534074842929840087890625">
        <ele>1391.800048828125</ele>
        <time>2025-03-29T20:12:58.000Z</time>
        <extensions>
          <ns3:TrackPointExtension>
            <ns3:hr>117</ns3:hr>
          </ns3:TrackPointExtension>
        </extensions>
      </trkpt>
      <trkpt lat="-25.144564211368560791015625" lon="-48.843229673802852630615234375">
        <ele>1393</ele>
        <time>2025-03-29T20:13:18.000Z</time>
        <extensions>
          <ns3:TrackPointExtension>
            <ns3:hr>120</ns3:hr>
          </ns3:TrackPointExtension>
        </extensions>
      </trkpt>
      <trkpt lat="-25.1445637084543704986572265625" lon="-48.84323076345026493072509765625">
        <ele>1393.4000244140625</ele>
        <time>2025-03-29T20:13:23.000Z</time>
        <extensions>
          <ns3:TrackPointExtension>
            <ns3:hr>117</ns3:hr>
          </ns3:TrackPointExtension>
        </extensions>
      </trkpt>
      <trkpt lat="-25.14456228353083133697509765625" lon="-48.8432308472692966461181640625">
        <ele>1393.4000244140625</ele>
        <time>2025-03-29T20:13:25.000Z</time>
        <extensions>
          <ns3:TrackPointExtension>
            <ns3:hr>121</ns3:hr>
          </ns3:TrackPointExtension>
        </extensions>
      </trkpt>
      <trkpt lat="-25.14456010423600673675537109375" lon="-48.8432305119931697845458984375">
        <ele>1393.4000244140625</ele>
        <time>2025-03-29T20:13:37.000Z</time>
        <extensions>
          <ns3:TrackPointExtension>
            <ns3:hr>124</ns3:hr>
          </ns3:TrackPointExtension>
        </extensions>
      </trkpt>
      <trkpt lat="-25.144571252167224884033203125" lon="-48.8431723415851593017578125">
        <ele>1394.4000244140625</ele>
        <time>2025-03-29T20:13:59.000Z</time>
        <extensions>
          <ns3:TrackPointExtension>
            <ns3:hr>127</ns3:hr>
          </ns3:TrackPointExtension>
        </extensions>
      </trkpt>
      <trkpt lat="-25.1445737667381763458251953125" lon="-48.84316454641520977020263671875">
        <ele>1394.800048828125</ele>
        <time>2025-03-29T20:14:04.000Z</time>
        <extensions>
          <ns3:TrackPointExtension>
            <ns3:hr>124</ns3:hr>
          </ns3:TrackPointExtension>
        </extensions>
      </trkpt>
      <trkpt lat="-25.14457787387073040008544921875" lon="-48.843153230845928192138671875">
        <ele>1394.800048828125</ele>
        <time>2025-03-29T20:14:09.000Z</time>
        <extensions>
          <ns3:TrackPointExtension>
            <ns3:hr>127</ns3:hr>
          </ns3:TrackPointExtension>
        </extensions>
      </trkpt>
      <trkpt lat="-25.14458055607974529266357421875" lon="-48.84315281175076961517333984375">
        <ele>1394.800048828125</ele>
        <time>2025-03-29T20:14:10.000Z</time>
        <extensions>
          <ns3:TrackPointExtension>
            <ns3:hr>124</ns3:hr>
          </ns3:TrackPointExtension>
        </extensions>
      </trkpt>
      <trkpt lat="-25.1446270756423473358154296875" lon="-48.8431074656546115875244140625">
        <ele>1397.800048828125</ele>
        <time>2025-03-29T20:14:34.000Z</time>
        <extensions>
          <ns3:TrackPointExtension>
            <ns3:hr>121</ns3:hr>
          </ns3:TrackPointExtension>
        </extensions>
      </trkpt>
      <trkpt lat="-25.14463369734585285186767578125" lon="-48.843103945255279541015625">
        <ele>1398.199951171875</ele>
        <time>2025-03-29T20:14:37.000Z</time>
        <extensions>
          <ns3:TrackPointExtension>
            <ns3:hr>118</ns3:hr>
          </ns3:TrackPointExtension>
        </extensions>
      </trkpt>
      <trkpt lat="-25.14464199542999267578125" lon="-48.8430816493928432464599609375">
        <ele>1399.199951171875</ele>
        <time>2025-03-29T20:14:46.000Z</time>
        <extensions>
          <ns3:TrackPointExtension>
            <ns3:hr>115</ns3:hr>
          </ns3:TrackPointExtension>
        </extensions>
      </trkpt>
      <trkpt lat="-25.14467510394752025604248046875" lon="-48.84305859915912151336669921875">
        <ele>1399.800048828125</ele>
        <time>2025-03-29T20:14:59.000Z</time>
        <extensions>
          <ns3:TrackPointExtension>
            <ns3:hr>111</ns3:hr>
          </ns3:TrackPointExtension>
        </extensions>
      </trkpt>
      <trkpt lat="-25.14470444060862064361572265625" lon="-48.84300210513174533843994140625">
        <ele>1401.199951171875</ele>
        <time>2025-03-29T20:15:20.000Z</time>
        <extensions>
          <ns3:TrackPointExtension>
            <ns3:hr>114</ns3:hr>
          </ns3:TrackPointExtension>
        </extensions>
      </trkpt>
      <trkpt lat="-25.144740901887416839599609375" lon="-48.84299137629568576812744140625">
        <ele>1402</ele>
        <time>2025-03-29T20:16:00.000Z</time>
        <extensions>
          <ns3:TrackPointExtension>
            <ns3:hr>117</ns3:hr>
          </ns3:TrackPointExtension>
        </extensions>
      </trkpt>
      <trkpt lat="-25.14474115334451198577880859375" lon="-48.84299137629568576812744140625">
        <ele>1402.199951171875</ele>
        <time>2025-03-29T20:16:01.000Z</time>
        <extensions>
          <ns3:TrackPointExtension>
            <ns3:hr>114</ns3:hr>
          </ns3:TrackPointExtension>
        </extensions>
      </trkpt>
      <trkpt lat="-25.1447424106299877166748046875" lon="-48.84299154393374919891357421875">
        <ele>1402.199951171875</ele>
        <time>2025-03-29T20:16:08.000Z</time>
        <extensions>
          <ns3:TrackPointExtension>
            <ns3:hr>119</ns3:hr>
          </ns3:TrackPointExtension>
        </extensions>
      </trkpt>
      <trkpt lat="-25.14474266208708286285400390625" lon="-48.84299154393374919891357421875">
        <ele>1402.199951171875</ele>
        <time>2025-03-29T20:16:09.000Z</time>
        <extensions>
          <ns3:TrackPointExtension>
            <ns3:hr>123</ns3:hr>
          </ns3:TrackPointExtension>
        </extensions>
      </trkpt>
      <trkpt lat="-25.14474282972514629364013671875" lon="-48.8429914601147174835205078125">
        <ele>1402.199951171875</ele>
        <time>2025-03-29T20:16:10.000Z</time>
        <extensions>
          <ns3:TrackPointExtension>
            <ns3:hr>126</ns3:hr>
          </ns3:TrackPointExtension>
        </extensions>
      </trkpt>
      <trkpt lat="-25.1447430811822414398193359375" lon="-48.84299137629568576812744140625">
        <ele>1402.199951171875</ele>
        <time>2025-03-29T20:16:11.000Z</time>
        <extensions>
          <ns3:TrackPointExtension>
            <ns3:hr>129</ns3:hr>
          </ns3:TrackPointExtension>
        </extensions>
      </trkpt>
      <trkpt lat="-25.14474324882030487060546875" lon="-48.84299137629568576812744140625">
        <ele>1402.199951171875</ele>
        <time>2025-03-29T20:16:12.000Z</time>
        <extensions>
          <ns3:TrackPointExtension>
            <ns3:hr>126</ns3:hr>
          </ns3:TrackPointExtension>
        </extensions>
      </trkpt>
      <trkpt lat="-25.14474450610578060150146484375" lon="-48.84299087338149547576904296875">
        <ele>1402.4000244140625</ele>
        <time>2025-03-29T20:16:18.000Z</time>
        <extensions>
          <ns3:TrackPointExtension>
            <ns3:hr>129</ns3:hr>
          </ns3:TrackPointExtension>
        </extensions>
      </trkpt>
      <trkpt lat="-25.14474685303866863250732421875" lon="-48.8429904542863368988037109375">
        <ele>1402.4000244140625</ele>
        <time>2025-03-29T20:16:27.000Z</time>
        <extensions>
          <ns3:TrackPointExtension>
            <ns3:hr>126</ns3:hr>
          </ns3:TrackPointExtension>
        </extensions>
      </trkpt>
      <trkpt lat="-25.14475137926638126373291015625" lon="-48.84298953227698802947998046875">
        <ele>1402.4000244140625</ele>
        <time>2025-03-29T20:16:42.000Z</time>
        <extensions>
          <ns3:TrackPointExtension>
            <ns3:hr>123</ns3:hr>
          </ns3:TrackPointExtension>
        </extensions>
      </trkpt>
      <trkpt lat="-25.14475221745669841766357421875" lon="-48.84298928081989288330078125">
        <ele>1402.4000244140625</ele>
        <time>2025-03-29T20:16:45.000Z</time>
        <extensions>
          <ns3:TrackPointExtension>
            <ns3:hr>126</ns3:hr>
          </ns3:TrackPointExtension>
        </extensions>
      </trkpt>
      <trkpt lat="-25.14475607313215732574462890625" lon="-48.842988274991512298583984375">
        <ele>1402.4000244140625</ele>
        <time>2025-03-29T20:16:58.000Z</time>
        <extensions>
          <ns3:TrackPointExtension>
            <ns3:hr>129</ns3:hr>
          </ns3:TrackPointExtension>
        </extensions>
      </trkpt>
      <trkpt lat="-25.14475724659860134124755859375" lon="-48.84298802353441715240478515625">
        <ele>1402.4000244140625</ele>
        <time>2025-03-29T20:17:02.000Z</time>
        <extensions>
          <ns3:TrackPointExtension>
            <ns3:hr>126</ns3:hr>
          </ns3:TrackPointExtension>
        </extensions>
      </trkpt>
      <trkpt lat="-25.1447635330259799957275390625" lon="-48.84298651479184627532958984375">
        <ele>1402.5999755859375</ele>
        <time>2025-03-29T20:17:20.000Z</time>
        <extensions>
          <ns3:TrackPointExtension>
            <ns3:hr>129</ns3:hr>
          </ns3:TrackPointExtension>
        </extensions>
      </trkpt>
      <trkpt lat="-25.14478255994617938995361328125" lon="-48.84298249147832393646240234375">
        <ele>1402.800048828125</ele>
        <time>2025-03-29T20:17:59.000Z</time>
        <extensions>
          <ns3:TrackPointExtension>
            <ns3:hr>132</ns3:hr>
          </ns3:TrackPointExtension>
        </extensions>
      </trkpt>
      <trkpt lat="-25.144784152507781982421875" lon="-48.8429820723831653594970703125">
        <ele>1402.800048828125</ele>
        <time>2025-03-29T20:18:02.000Z</time>
        <extensions>
          <ns3:TrackPointExtension>
            <ns3:hr>129</ns3:hr>
          </ns3:TrackPointExtension>
        </extensions>
      </trkpt>
      <trkpt lat="-25.1447930373251438140869140625" lon="-48.84297980926930904388427734375">
        <ele>1403.199951171875</ele>
        <time>2025-03-29T20:18:20.000Z</time>
        <extensions>
          <ns3:TrackPointExtension>
            <ns3:hr>132</ns3:hr>
          </ns3:TrackPointExtension>
        </extensions>
      </trkpt>
      <trkpt lat="-25.14496813528239727020263671875" lon="-48.84295432828366756439208984375">
        <ele>1403.199951171875</ele>
        <time>2025-03-29T20:18:24.000Z</time>
        <extensions>
          <ns3:TrackPointExtension>
            <ns3:hr>132</ns3:hr>
          </ns3:TrackPointExtension>
        </extensions>
      </trkpt>
      <trkpt lat="-25.14514918439090251922607421875" lon="-48.84291811846196651458740234375">
        <ele>1405.800048828125</ele>
        <time>2025-03-29T20:18:28.000Z</time>
        <extensions>
          <ns3:TrackPointExtension>
            <ns3:hr>131</ns3:hr>
          </ns3:TrackPointExtension>
        </extensions>
      </trkpt>
      <trkpt lat="-25.1452453248202800750732421875" lon="-48.84291107766330242156982421875">
        <ele>1410.4000244140625</ele>
        <time>2025-03-29T20:18:32.000Z</time>
        <extensions>
          <ns3:TrackPointExtension>
            <ns3:hr>131</ns3:hr>
          </ns3:TrackPointExtension>
        </extensions>
      </trkpt>
      <trkpt lat="-25.14525479637086391448974609375" lon="-48.842904455959796905517578125">
        <ele>1416.5999755859375</ele>
        <time>2025-03-29T20:18:41.000Z</time>
        <extensions>
          <ns3:TrackPointExtension>
            <ns3:hr>131</ns3:hr>
          </ns3:TrackPointExtension>
        </extensions>
      </trkpt>
      <trkpt lat="-25.1452697999775409698486328125" lon="-48.8428987562656402587890625">
        <ele>1418.199951171875</ele>
        <time>2025-03-29T20:18:48.000Z</time>
        <extensions>
          <ns3:TrackPointExtension>
            <ns3:hr>131</ns3:hr>
          </ns3:TrackPointExtension>
        </extensions>
      </trkpt>
      <trkpt lat="-25.14527809806168079376220703125" lon="-48.8429089821875095367431640625">
        <ele>1421.5999755859375</ele>
        <time>2025-03-29T20:18:57.000Z</time>
        <extensions>
          <ns3:TrackPointExtension>
            <ns3:hr>131</ns3:hr>
          </ns3:TrackPointExtension>
        </extensions>
      </trkpt>
      <trkpt lat="-25.1452315784990787506103515625" lon="-48.84291694499552249908447265625">
        <ele>1422.800048828125</ele>
        <time>2025-03-29T20:19:10.000Z</time>
        <extensions>
          <ns3:TrackPointExtension>
            <ns3:hr>129</ns3:hr>
          </ns3:TrackPointExtension>
        </extensions>
      </trkpt>
      <trkpt lat="-25.1452111266553401947021484375" lon="-48.8429314456880092620849609375">
        <ele>1422.800048828125</ele>
        <time>2025-03-29T20:19:12.000Z</time>
        <extensions>
          <ns3:TrackPointExtension>
            <ns3:hr>129</ns3:hr>
          </ns3:TrackPointExtension>
        </extensions>
      </trkpt>
      <trkpt lat="-25.1451517827808856964111328125" lon="-48.84293253533542156219482421875">
        <ele>1422.800048828125</ele>
        <time>2025-03-29T20:19:16.000Z</time>
        <extensions>
          <ns3:TrackPointExtension>
            <ns3:hr>128</ns3:hr>
          </ns3:TrackPointExtension>
        </extensions>
      </trkpt>
      <trkpt lat="-25.145143568515777587890625" lon="-48.84292515926063060760498046875">
        <ele>1422.5999755859375</ele>
        <time>2025-03-29T20:19:17.000Z</time>
        <extensions>
          <ns3:TrackPointExtension>
            <ns3:hr>128</ns3:hr>
          </ns3:TrackPointExtension>
        </extensions>
      </trkpt>
      <trkpt lat="-25.1451420597732067108154296875" lon="-48.84289263747632503509521484375">
        <ele>1422.5999755859375</ele>
        <time>2025-03-29T20:19:21.000Z</time>
        <extensions>
          <ns3:TrackPointExtension>
            <ns3:hr>128</ns3:hr>
          </ns3:TrackPointExtension>
        </extensions>
      </trkpt>
      <trkpt lat="-25.14513594098389148712158203125" lon="-48.84287101216614246368408203125">
        <ele>1424.199951171875</ele>
        <time>2025-03-29T20:19:28.000Z</time>
        <extensions>
          <ns3:TrackPointExtension>
            <ns3:hr>128</ns3:hr>
          </ns3:TrackPointExtension>
        </extensions>
      </trkpt>
      <trkpt lat="-25.14514801092445850372314453125" lon="-48.842822648584842681884765625">
        <ele>1426.4000244140625</ele>
        <time>2025-03-29T20:19:39.000Z</time>
        <extensions>
          <ns3:TrackPointExtension>
            <ns3:hr>131</ns3:hr>
          </ns3:TrackPointExtension>
        </extensions>
      </trkpt>
      <trkpt lat="-25.145157314836978912353515625" lon="-48.842819295823574066162109375">
        <ele>1426.5999755859375</ele>
        <time>2025-03-29T20:19:41.000Z</time>
        <extensions>
          <ns3:TrackPointExtension>
            <ns3:hr>134</ns3:hr>
          </ns3:TrackPointExtension>
        </extensions>
      </trkpt>
      <trkpt lat="-25.14516427181661128997802734375" lon="-48.8428070582449436187744140625">
        <ele>1427.4000244140625</ele>
        <time>2025-03-29T20:19:45.000Z</time>
        <extensions>
          <ns3:TrackPointExtension>
            <ns3:hr>131</ns3:hr>
          </ns3:TrackPointExtension>
        </extensions>
      </trkpt>
      <trkpt lat="-25.14516343362629413604736328125" lon="-48.8427914679050445556640625">
        <ele>1427.800048828125</ele>
        <time>2025-03-29T20:19:47.000Z</time>
        <extensions>
          <ns3:TrackPointExtension>
            <ns3:hr>130</ns3:hr>
          </ns3:TrackPointExtension>
        </extensions>
      </trkpt>
      <trkpt lat="-25.14521255157887935638427734375" lon="-48.84276439435780048370361328125">
        <ele>1429.199951171875</ele>
        <time>2025-03-29T20:19:54.000Z</time>
        <extensions>
          <ns3:TrackPointExtension>
            <ns3:hr>130</ns3:hr>
          </ns3:TrackPointExtension>
        </extensions>
      </trkpt>
      <trkpt lat="-25.14527122490108013153076171875" lon="-48.84274779818952083587646484375">
        <ele>1430.5999755859375</ele>
        <time>2025-03-29T20:20:04.000Z</time>
        <extensions>
          <ns3:TrackPointExtension>
            <ns3:hr>129</ns3:hr>
          </ns3:TrackPointExtension>
        </extensions>
      </trkpt>
      <trkpt lat="-25.14527491293847560882568359375" lon="-48.84270362555980682373046875">
        <ele>1431.800048828125</ele>
        <time>2025-03-29T20:20:12.000Z</time>
        <extensions>
          <ns3:TrackPointExtension>
            <ns3:hr>128</ns3:hr>
          </ns3:TrackPointExtension>
        </extensions>
      </trkpt>
      <trkpt lat="-25.14529502950608730316162109375" lon="-48.84269013069570064544677734375">
        <ele>1432.800048828125</ele>
        <time>2025-03-29T20:20:16.000Z</time>
        <extensions>
          <ns3:TrackPointExtension>
            <ns3:hr>131</ns3:hr>
          </ns3:TrackPointExtension>
        </extensions>
      </trkpt>
      <trkpt lat="-25.1453016512095928192138671875" lon="-48.8426870293915271759033203125">
        <ele>1432.800048828125</ele>
        <time>2025-03-29T20:20:17.000Z</time>
        <extensions>
          <ns3:TrackPointExtension>
            <ns3:hr>134</ns3:hr>
          </ns3:TrackPointExtension>
        </extensions>
      </trkpt>
      <trkpt lat="-25.14530810527503490447998046875" lon="-48.84268929250538349151611328125">
        <ele>1433</ele>
        <time>2025-03-29T20:20:18.000Z</time>
        <extensions>
          <ns3:TrackPointExtension>
            <ns3:hr>137</ns3:hr>
          </ns3:TrackPointExtension>
        </extensions>
      </trkpt>
      <trkpt lat="-25.14531749300658702850341796875" lon="-48.84268577210605144500732421875">
        <ele>1433.199951171875</ele>
        <time>2025-03-29T20:20:20.000Z</time>
        <extensions>
          <ns3:TrackPointExtension>
            <ns3:hr>140</ns3:hr>
          </ns3:TrackPointExtension>
        </extensions>
      </trkpt>
      <trkpt lat="-25.1453237794339656829833984375" lon="-48.842681162059307098388671875">
        <ele>1433.4000244140625</ele>
        <time>2025-03-29T20:20:21.000Z</time>
        <extensions>
          <ns3:TrackPointExtension>
            <ns3:hr>140</ns3:hr>
          </ns3:TrackPointExtension>
        </extensions>
      </trkpt>
      <trkpt lat="-25.14535420574247837066650390625" lon="-48.84266096167266368865966796875">
        <ele>1435.5999755859375</ele>
        <time>2025-03-29T20:20:27.000Z</time>
        <extensions>
          <ns3:TrackPointExtension>
            <ns3:hr>137</ns3:hr>
          </ns3:TrackPointExtension>
        </extensions>
      </trkpt>
      <trkpt lat="-25.14536510221660137176513671875" lon="-48.84266473352909088134765625">
        <ele>1437</ele>
        <time>2025-03-29T20:20:31.000Z</time>
        <extensions>
          <ns3:TrackPointExtension>
            <ns3:hr>138</ns3:hr>
          </ns3:TrackPointExtension>
        </extensions>
      </trkpt>
      <trkpt lat="-25.14536694623529911041259765625" lon="-48.8426652364432811737060546875">
        <ele>1438.4000244140625</ele>
        <time>2025-03-29T20:20:36.000Z</time>
        <extensions>
          <ns3:TrackPointExtension>
            <ns3:hr>135</ns3:hr>
          </ns3:TrackPointExtension>
        </extensions>
      </trkpt>
      <trkpt lat="-25.145389325916767120361328125" lon="-48.84263933636248111724853515625">
        <ele>1439.5999755859375</ele>
        <time>2025-03-29T20:20:45.000Z</time>
        <extensions>
          <ns3:TrackPointExtension>
            <ns3:hr>133</ns3:hr>
          </ns3:TrackPointExtension>
        </extensions>
      </trkpt>
      <trkpt lat="-25.14542184770107269287109375" lon="-48.842587955296039581298828125">
        <ele>1441.800048828125</ele>
        <time>2025-03-29T20:20:55.000Z</time>
        <extensions>
          <ns3:TrackPointExtension>
            <ns3:hr>130</ns3:hr>
          </ns3:TrackPointExtension>
        </extensions>
      </trkpt>
      <trkpt lat="-25.14542226679623126983642578125" lon="-48.8425378315150737762451171875">
        <ele>1444.4000244140625</ele>
        <time>2025-03-29T20:21:05.000Z</time>
        <extensions>
          <ns3:TrackPointExtension>
            <ns3:hr>132</ns3:hr>
          </ns3:TrackPointExtension>
        </extensions>
      </trkpt>
      <trkpt lat="-25.14541505835950374603271484375" lon="-48.84253271855413913726806640625">
        <ele>1445.199951171875</ele>
        <time>2025-03-29T20:21:08.000Z</time>
        <extensions>
          <ns3:TrackPointExtension>
            <ns3:hr>129</ns3:hr>
          </ns3:TrackPointExtension>
        </extensions>
      </trkpt>
      <trkpt lat="-25.14541354961693286895751953125" lon="-48.842516206204891204833984375">
        <ele>1446.5999755859375</ele>
        <time>2025-03-29T20:21:11.000Z</time>
        <extensions>
          <ns3:TrackPointExtension>
            <ns3:hr>130</ns3:hr>
          </ns3:TrackPointExtension>
        </extensions>
      </trkpt>
      <trkpt lat="-25.145418159663677215576171875" lon="-48.84250782430171966552734375">
        <ele>1447.199951171875</ele>
        <time>2025-03-29T20:21:13.000Z</time>
        <extensions>
          <ns3:TrackPointExtension>
            <ns3:hr>133</ns3:hr>
          </ns3:TrackPointExtension>
        </extensions>
      </trkpt>
      <trkpt lat="-25.145423524081707000732421875" lon="-48.842491395771503448486328125">
        <ele>1447.800048828125</ele>
        <time>2025-03-29T20:21:18.000Z</time>
        <extensions>
          <ns3:TrackPointExtension>
            <ns3:hr>135</ns3:hr>
          </ns3:TrackPointExtension>
        </extensions>
      </trkpt>
      <trkpt lat="-25.1454223506152629852294921875" lon="-48.8424245081841945648193359375">
        <ele>1449.4000244140625</ele>
        <time>2025-03-29T20:21:29.000Z</time>
        <extensions>
          <ns3:TrackPointExtension>
            <ns3:hr>136</ns3:hr>
          </ns3:TrackPointExtension>
        </extensions>
      </trkpt>
      <trkpt lat="-25.14541447162628173828125" lon="-48.84241252206265926361083984375">
        <ele>1449.800048828125</ele>
        <time>2025-03-29T20:21:32.000Z</time>
        <extensions>
          <ns3:TrackPointExtension>
            <ns3:hr>139</ns3:hr>
          </ns3:TrackPointExtension>
        </extensions>
      </trkpt>
      <trkpt lat="-25.14540583826601505279541015625" lon="-48.8423963449895381927490234375">
        <ele>1450.199951171875</ele>
        <time>2025-03-29T20:21:35.000Z</time>
        <extensions>
          <ns3:TrackPointExtension>
            <ns3:hr>136</ns3:hr>
          </ns3:TrackPointExtension>
        </extensions>
      </trkpt>
      <trkpt lat="-25.14540583826601505279541015625" lon="-48.84238972328603267669677734375">
        <ele>1450.4000244140625</ele>
        <time>2025-03-29T20:21:36.000Z</time>
        <extensions>
          <ns3:TrackPointExtension>
            <ns3:hr>136</ns3:hr>
          </ns3:TrackPointExtension>
        </extensions>
      </trkpt>
      <trkpt lat="-25.145384967327117919921875" lon="-48.8423276133835315704345703125">
        <ele>1452.4000244140625</ele>
        <time>2025-03-29T20:21:45.000Z</time>
        <extensions>
          <ns3:TrackPointExtension>
            <ns3:hr>135</ns3:hr>
          </ns3:TrackPointExtension>
        </extensions>
      </trkpt>
      <trkpt lat="-25.1453908346593379974365234375" lon="-48.84231596253812313079833984375">
        <ele>1453.199951171875</ele>
        <time>2025-03-29T20:21:52.000Z</time>
        <extensions>
          <ns3:TrackPointExtension>
            <ns3:hr>133</ns3:hr>
          </ns3:TrackPointExtension>
        </extensions>
      </trkpt>
      <trkpt lat="-25.1453754119575023651123046875" lon="-48.84230003692209720611572265625">
        <ele>1453.4000244140625</ele>
        <time>2025-03-29T20:21:58.000Z</time>
        <extensions>
          <ns3:TrackPointExtension>
            <ns3:hr>135</ns3:hr>
          </ns3:TrackPointExtension>
        </extensions>
      </trkpt>
      <trkpt lat="-25.1453475840389728546142578125" lon="-48.84228796698153018951416015625">
        <ele>1453.800048828125</ele>
        <time>2025-03-29T20:22:02.000Z</time>
        <extensions>
          <ns3:TrackPointExtension>
            <ns3:hr>132</ns3:hr>
          </ns3:TrackPointExtension>
        </extensions>
      </trkpt>
      <trkpt lat="-25.145332999527454376220703125" lon="-48.84227623231709003448486328125">
        <ele>1453.800048828125</ele>
        <time>2025-03-29T20:22:04.000Z</time>
        <extensions>
          <ns3:TrackPointExtension>
            <ns3:hr>133</ns3:hr>
          </ns3:TrackPointExtension>
        </extensions>
      </trkpt>
      <trkpt lat="-25.14530408196151256561279296875" lon="-48.84224136359989643096923828125">
        <ele>1454.199951171875</ele>
        <time>2025-03-29T20:22:10.000Z</time>
        <extensions>
          <ns3:TrackPointExtension>
            <ns3:hr>136</ns3:hr>
          </ns3:TrackPointExtension>
        </extensions>
      </trkpt>
      <trkpt lat="-25.14530207030475139617919921875" lon="-48.8422310538589954376220703125">
        <ele>1454.4000244140625</ele>
        <time>2025-03-29T20:22:12.000Z</time>
        <extensions>
          <ns3:TrackPointExtension>
            <ns3:hr>136</ns3:hr>
          </ns3:TrackPointExtension>
        </extensions>
      </trkpt>
      <trkpt lat="-25.1453016512095928192138671875" lon="-48.8422303833067417144775390625">
        <ele>1455.4000244140625</ele>
        <time>2025-03-29T20:22:17.000Z</time>
        <extensions>
          <ns3:TrackPointExtension>
            <ns3:hr>130</ns3:hr>
          </ns3:TrackPointExtension>
        </extensions>
      </trkpt>
      <trkpt lat="-25.14530559070408344268798828125" lon="-48.84222828783094882965087890625">
        <ele>1456</ele>
        <time>2025-03-29T20:22:22.000Z</time>
        <extensions>
          <ns3:TrackPointExtension>
            <ns3:hr>130</ns3:hr>
          </ns3:TrackPointExtension>
        </extensions>
      </trkpt>
      <trkpt lat="-25.1453085243701934814453125" lon="-48.84222912602126598358154296875">
        <ele>1457</ele>
        <time>2025-03-29T20:22:32.000Z</time>
        <extensions>
          <ns3:TrackPointExtension>
            <ns3:hr>135</ns3:hr>
          </ns3:TrackPointExtension>
        </extensions>
      </trkpt>
      <trkpt lat="-25.1453085243701934814453125" lon="-48.84222912602126598358154296875">
        <ele>1457</ele>
        <time>2025-03-29T20:22:33.000Z</time>
        <extensions>
          <ns3:TrackPointExtension>
            <ns3:hr>139</ns3:hr>
          </ns3:TrackPointExtension>
        </extensions>
      </trkpt>
      <trkpt lat="-25.1453085243701934814453125" lon="-48.84222912602126598358154296875">
        <ele>1457</ele>
        <time>2025-03-29T20:22:34.000Z</time>
        <extensions>
          <ns3:TrackPointExtension>
            <ns3:hr>139</ns3:hr>
          </ns3:TrackPointExtension>
        </extensions>
      </trkpt>
      <trkpt lat="-25.14530911110341548919677734375" lon="-48.84222912602126598358154296875">
        <ele>1457</ele>
        <time>2025-03-29T20:22:41.000Z</time>
        <extensions>
          <ns3:TrackPointExtension>
            <ns3:hr>136</ns3:hr>
          </ns3:TrackPointExtension>
        </extensions>
      </trkpt>
      <trkpt lat="-25.14531397260725498199462890625" lon="-48.8422300480306148529052734375">
        <ele>1457</ele>
        <time>2025-03-29T20:22:48.000Z</time>
        <extensions>
          <ns3:TrackPointExtension>
            <ns3:hr>139</ns3:hr>
          </ns3:TrackPointExtension>
        </extensions>
      </trkpt>
      <trkpt lat="-25.145314224064350128173828125" lon="-48.8422307185828685760498046875">
        <ele>1456.800048828125</ele>
        <time>2025-03-29T20:22:53.000Z</time>
        <extensions>
          <ns3:TrackPointExtension>
            <ns3:hr>138</ns3:hr>
          </ns3:TrackPointExtension>
        </extensions>
      </trkpt>
      <trkpt lat="-25.145314224064350128173828125" lon="-48.842231221497058868408203125">
        <ele>1457</ele>
        <time>2025-03-29T20:22:58.000Z</time>
        <extensions>
          <ns3:TrackPointExtension>
            <ns3:hr>134</ns3:hr>
          </ns3:TrackPointExtension>
        </extensions>
      </trkpt>
      <trkpt lat="-25.1453120447695255279541015625" lon="-48.842233903706073760986328125">
        <ele>1457.199951171875</ele>
        <time>2025-03-29T20:23:11.000Z</time>
        <extensions>
          <ns3:TrackPointExtension>
            <ns3:hr>130</ns3:hr>
          </ns3:TrackPointExtension>
        </extensions>
      </trkpt>
      <trkpt lat="-25.14531078748404979705810546875" lon="-48.84223666973412036895751953125">
        <ele>1457.800048828125</ele>
        <time>2025-03-29T20:23:17.000Z</time>
        <extensions>
          <ns3:TrackPointExtension>
            <ns3:hr>127</ns3:hr>
          </ns3:TrackPointExtension>
        </extensions>
      </trkpt>
      <trkpt lat="-25.14530793763697147369384765625" lon="-48.84223700501024723052978515625">
        <ele>1458.4000244140625</ele>
        <time>2025-03-29T20:23:23.000Z</time>
        <extensions>
          <ns3:TrackPointExtension>
            <ns3:hr>124</ns3:hr>
          </ns3:TrackPointExtension>
        </extensions>
      </trkpt>
      <trkpt lat="-25.14530793763697147369384765625" lon="-48.84223700501024723052978515625">
        <ele>1458.800048828125</ele>
        <time>2025-03-29T20:23:26.000Z</time>
        <extensions>
          <ns3:TrackPointExtension>
            <ns3:hr>127</ns3:hr>
          </ns3:TrackPointExtension>
        </extensions>
      </trkpt>
      <trkpt lat="-25.14531321823596954345703125" lon="-48.84223415516316890716552734375">
        <ele>1459.199951171875</ele>
        <time>2025-03-29T20:23:39.000Z</time>
        <extensions>
          <ns3:TrackPointExtension>
            <ns3:hr>123</ns3:hr>
          </ns3:TrackPointExtension>
        </extensions>
      </trkpt>
      <trkpt lat="-25.14531430788338184356689453125" lon="-48.84223381988704204559326171875">
        <ele>1459.4000244140625</ele>
        <time>2025-03-29T20:23:44.000Z</time>
        <extensions>
          <ns3:TrackPointExtension>
            <ns3:hr>120</ns3:hr>
          </ns3:TrackPointExtension>
        </extensions>
      </trkpt>
      <trkpt lat="-25.14531531371176242828369140625" lon="-48.84223381988704204559326171875">
        <ele>1459.5999755859375</ele>
        <time>2025-03-29T20:23:55.000Z</time>
        <extensions>
          <ns3:TrackPointExtension>
            <ns3:hr>116</ns3:hr>
          </ns3:TrackPointExtension>
        </extensions>
      </trkpt>
      <trkpt lat="-25.1453153975307941436767578125" lon="-48.84223415516316890716552734375">
        <ele>1459.5999755859375</ele>
        <time>2025-03-29T20:23:58.000Z</time>
        <extensions>
          <ns3:TrackPointExtension>
            <ns3:hr>113</ns3:hr>
          </ns3:TrackPointExtension>
        </extensions>
      </trkpt>
      <trkpt lat="-25.14531766064465045928955078125" lon="-48.8422394357621669769287109375">
        <ele>1459.5999755859375</ele>
        <time>2025-03-29T20:24:28.000Z</time>
        <extensions>
          <ns3:TrackPointExtension>
            <ns3:hr>116</ns3:hr>
          </ns3:TrackPointExtension>
        </extensions>
      </trkpt>
      <trkpt lat="-25.14530827291309833526611328125" lon="-48.8422496616840362548828125">
        <ele>1461.5999755859375</ele>
        <time>2025-03-29T20:25:31.000Z</time>
        <extensions>
          <ns3:TrackPointExtension>
            <ns3:hr>119</ns3:hr>
          </ns3:TrackPointExtension>
        </extensions>
      </trkpt>
      <trkpt lat="-25.14530844055116176605224609375" lon="-48.84225125424563884735107421875">
        <ele>1462</ele>
        <time>2025-03-29T20:25:41.000Z</time>
        <extensions>
          <ns3:TrackPointExtension>
            <ns3:hr>115</ns3:hr>
          </ns3:TrackPointExtension>
        </extensions>
      </trkpt>
      <trkpt lat="-25.14530844055116176605224609375" lon="-48.842251338064670562744140625">
        <ele>1462</ele>
        <time>2025-03-29T20:25:42.000Z</time>
        <extensions>
          <ns3:TrackPointExtension>
            <ns3:hr>112</ns3:hr>
          </ns3:TrackPointExtension>
        </extensions>
      </trkpt>
      <trkpt lat="-25.14530844055116176605224609375" lon="-48.84225142188370227813720703125">
        <ele>1462</ele>
        <time>2025-03-29T20:25:43.000Z</time>
        <extensions>
          <ns3:TrackPointExtension>
            <ns3:hr>109</ns3:hr>
          </ns3:TrackPointExtension>
        </extensions>
      </trkpt>
      <trkpt lat="-25.14530844055116176605224609375" lon="-48.8422515057027339935302734375">
        <ele>1462.199951171875</ele>
        <time>2025-03-29T20:25:45.000Z</time>
        <extensions>
          <ns3:TrackPointExtension>
            <ns3:hr>105</ns3:hr>
          </ns3:TrackPointExtension>
        </extensions>
      </trkpt>
      <trkpt lat="-25.145308859646320343017578125" lon="-48.84225142188370227813720703125">
        <ele>1462.199951171875</ele>
        <time>2025-03-29T20:25:51.000Z</time>
        <extensions>
          <ns3:TrackPointExtension>
            <ns3:hr>102</ns3:hr>
          </ns3:TrackPointExtension>
        </extensions>
      </trkpt>
      <trkpt lat="-25.145309865474700927734375" lon="-48.842250667512416839599609375">
        <ele>1461.800048828125</ele>
        <time>2025-03-29T20:26:16.000Z</time>
        <extensions>
          <ns3:TrackPointExtension>
            <ns3:hr>105</ns3:hr>
          </ns3:TrackPointExtension>
        </extensions>
      </trkpt>
      <trkpt lat="-25.14531112276017665863037109375" lon="-48.842245973646640777587890625">
        <ele>1461.4000244140625</ele>
        <time>2025-03-29T20:26:45.000Z</time>
        <extensions>
          <ns3:TrackPointExtension>
            <ns3:hr>108</ns3:hr>
          </ns3:TrackPointExtension>
        </extensions>
      </trkpt>
      <trkpt lat="-25.1453153975307941436767578125" lon="-48.8422340713441371917724609375">
        <ele>1461</ele>
        <time>2025-03-29T20:27:22.000Z</time>
        <extensions>
          <ns3:TrackPointExtension>
            <ns3:hr>113</ns3:hr>
          </ns3:TrackPointExtension>
        </extensions>
      </trkpt>
      <trkpt lat="-25.1453157328069210052490234375" lon="-48.84223331697285175323486328125">
        <ele>1461</ele>
        <time>2025-03-29T20:27:24.000Z</time>
        <extensions>
          <ns3:TrackPointExtension>
            <ns3:hr>116</ns3:hr>
          </ns3:TrackPointExtension>
        </extensions>
      </trkpt>
      <trkpt lat="-25.14531615190207958221435546875" lon="-48.842232562601566314697265625">
        <ele>1461</ele>
        <time>2025-03-29T20:27:26.000Z</time>
        <extensions>
          <ns3:TrackPointExtension>
            <ns3:hr>121</ns3:hr>
          </ns3:TrackPointExtension>
        </extensions>
      </trkpt>
      <trkpt lat="-25.1453165709972381591796875" lon="-48.84223164059221744537353515625">
        <ele>1461</ele>
        <time>2025-03-29T20:27:28.000Z</time>
        <extensions>
          <ns3:TrackPointExtension>
            <ns3:hr>125</ns3:hr>
          </ns3:TrackPointExtension>
        </extensions>
      </trkpt>
      <trkpt lat="-25.14536007307469844818115234375" lon="-48.84211144410073757171630859375">
        <ele>1461</ele>
        <time>2025-03-29T20:27:38.000Z</time>
        <extensions>
          <ns3:TrackPointExtension>
            <ns3:hr>128</ns3:hr>
          </ns3:TrackPointExtension>
        </extensions>
      </trkpt>
      <trkpt lat="-25.145398043096065521240234375" lon="-48.8419923372566699981689453125">
        <ele>1460.800048828125</ele>
        <time>2025-03-29T20:27:41.000Z</time>
        <extensions>
          <ns3:TrackPointExtension>
            <ns3:hr>130</ns3:hr>
          </ns3:TrackPointExtension>
        </extensions>
      </trkpt>
      <trkpt lat="-25.1454614102840423583984375" lon="-48.8418032415211200714111328125">
        <ele>1460.199951171875</ele>
        <time>2025-03-29T20:27:48.000Z</time>
        <extensions>
          <ns3:TrackPointExtension>
            <ns3:hr>131</ns3:hr>
          </ns3:TrackPointExtension>
        </extensions>
      </trkpt>
      <trkpt lat="-25.1454860530793666839599609375" lon="-48.84177063591778278350830078125">
        <ele>1462.4000244140625</ele>
        <time>2025-03-29T20:27:55.000Z</time>
        <extensions>
          <ns3:TrackPointExtension>
            <ns3:hr>134</ns3:hr>
          </ns3:TrackPointExtension>
        </extensions>
      </trkpt>
      <trkpt lat="-25.14549166895449161529541015625" lon="-48.841755129396915435791015625">
        <ele>1463.4000244140625</ele>
        <time>2025-03-29T20:27:57.000Z</time>
        <extensions>
          <ns3:TrackPointExtension>
            <ns3:hr>137</ns3:hr>
          </ns3:TrackPointExtension>
        </extensions>
      </trkpt>
      <trkpt lat="-25.145495273172855377197265625" lon="-48.841752447187900543212890625">
        <ele>1463.800048828125</ele>
        <time>2025-03-29T20:27:58.000Z</time>
        <extensions>
          <ns3:TrackPointExtension>
            <ns3:hr>138</ns3:hr>
          </ns3:TrackPointExtension>
        </extensions>
      </trkpt>
      <trkpt lat="-25.14556207694113254547119140625" lon="-48.84173895232379436492919921875">
        <ele>1466.5999755859375</ele>
        <time>2025-03-29T20:28:08.000Z</time>
        <extensions>
          <ns3:TrackPointExtension>
            <ns3:hr>137</ns3:hr>
          </ns3:TrackPointExtension>
        </extensions>
      </trkpt>
      <trkpt lat="-25.1455913297832012176513671875" lon="-48.841731660068035125732421875">
        <ele>1467.5999755859375</ele>
        <time>2025-03-29T20:28:14.000Z</time>
        <extensions>
          <ns3:TrackPointExtension>
            <ns3:hr>140</ns3:hr>
          </ns3:TrackPointExtension>
        </extensions>
      </trkpt>
      <trkpt lat="-25.14560750685632228851318359375" lon="-48.8417184166610240936279296875">
        <ele>1468</ele>
        <time>2025-03-29T20:28:17.000Z</time>
        <extensions>
          <ns3:TrackPointExtension>
            <ns3:hr>141</ns3:hr>
          </ns3:TrackPointExtension>
        </extensions>
      </trkpt>
      <trkpt lat="-25.14564053155481815338134765625" lon="-48.8417066819965839385986328125">
        <ele>1469.4000244140625</ele>
        <time>2025-03-29T20:28:24.000Z</time>
        <extensions>
          <ns3:TrackPointExtension>
            <ns3:hr>138</ns3:hr>
          </ns3:TrackPointExtension>
        </extensions>
      </trkpt>
      <trkpt lat="-25.1456416212022304534912109375" lon="-48.84170743636786937713623046875">
        <ele>1469.5999755859375</ele>
        <time>2025-03-29T20:28:25.000Z</time>
        <extensions>
          <ns3:TrackPointExtension>
            <ns3:hr>138</ns3:hr>
          </ns3:TrackPointExtension>
        </extensions>
      </trkpt>
      <trkpt lat="-25.1456406153738498687744140625" lon="-48.84169855155050754547119140625">
        <ele>1471</ele>
        <time>2025-03-29T20:28:34.000Z</time>
        <extensions>
          <ns3:TrackPointExtension>
            <ns3:hr>136</ns3:hr>
          </ns3:TrackPointExtension>
        </extensions>
      </trkpt>
      <trkpt lat="-25.145663581788539886474609375" lon="-48.84169469587504863739013671875">
        <ele>1472.4000244140625</ele>
        <time>2025-03-29T20:28:40.000Z</time>
        <extensions>
          <ns3:TrackPointExtension>
            <ns3:hr>136</ns3:hr>
          </ns3:TrackPointExtension>
        </extensions>
      </trkpt>
      <trkpt lat="-25.1456882245838642120361328125" lon="-48.8416493497788906097412109375">
        <ele>1473.5999755859375</ele>
        <time>2025-03-29T20:28:50.000Z</time>
        <extensions>
          <ns3:TrackPointExtension>
            <ns3:hr>137</ns3:hr>
          </ns3:TrackPointExtension>
        </extensions>
      </trkpt>
      <trkpt lat="-25.14571378938853740692138671875" lon="-48.8416332565248012542724609375">
        <ele>1473.5999755859375</ele>
        <time>2025-03-29T20:28:54.000Z</time>
        <extensions>
          <ns3:TrackPointExtension>
            <ns3:hr>134</ns3:hr>
          </ns3:TrackPointExtension>
        </extensions>
      </trkpt>
      <trkpt lat="-25.14572116546332836151123046875" lon="-48.841621689498424530029296875">
        <ele>1473.800048828125</ele>
        <time>2025-03-29T20:28:56.000Z</time>
        <extensions>
          <ns3:TrackPointExtension>
            <ns3:hr>133</ns3:hr>
          </ns3:TrackPointExtension>
        </extensions>
      </trkpt>
      <trkpt lat="-25.14572904445230960845947265625" lon="-48.84158648550510406494140625">
        <ele>1474.5999755859375</ele>
        <time>2025-03-29T20:29:03.000Z</time>
        <extensions>
          <ns3:TrackPointExtension>
            <ns3:hr>135</ns3:hr>
          </ns3:TrackPointExtension>
        </extensions>
      </trkpt>
      <trkpt lat="-25.14574044384062290191650390625" lon="-48.84155924431979656219482421875">
        <ele>1475.800048828125</ele>
        <time>2025-03-29T20:29:12.000Z</time>
        <extensions>
          <ns3:TrackPointExtension>
            <ns3:hr>135</ns3:hr>
          </ns3:TrackPointExtension>
        </extensions>
      </trkpt>
      <trkpt lat="-25.1457381807267665863037109375" lon="-48.84153041057288646697998046875">
        <ele>1477.4000244140625</ele>
        <time>2025-03-29T20:29:17.000Z</time>
        <extensions>
          <ns3:TrackPointExtension>
            <ns3:hr>132</ns3:hr>
          </ns3:TrackPointExtension>
        </extensions>
      </trkpt>
      <trkpt lat="-25.14573759399354457855224609375" lon="-48.8415219448506832122802734375">
        <ele>1478</ele>
        <time>2025-03-29T20:29:19.000Z</time>
        <extensions>
          <ns3:TrackPointExtension>
            <ns3:hr>134</ns3:hr>
          </ns3:TrackPointExtension>
        </extensions>
      </trkpt>
      <trkpt lat="-25.14574312604963779449462890625" lon="-48.84149068035185337066650390625">
        <ele>1479.4000244140625</ele>
        <time>2025-03-29T20:29:25.000Z</time>
        <extensions>
          <ns3:TrackPointExtension>
            <ns3:hr>131</ns3:hr>
          </ns3:TrackPointExtension>
        </extensions>
      </trkpt>
      <trkpt lat="-25.14574932865798473358154296875" lon="-48.84147291071712970733642578125">
        <ele>1480.800048828125</ele>
        <time>2025-03-29T20:29:29.000Z</time>
        <extensions>
          <ns3:TrackPointExtension>
            <ns3:hr>128</ns3:hr>
          </ns3:TrackPointExtension>
        </extensions>
      </trkpt>
      <trkpt lat="-25.14575284905731678009033203125" lon="-48.84141616523265838623046875">
        <ele>1482.199951171875</ele>
        <time>2025-03-29T20:29:38.000Z</time>
        <extensions>
          <ns3:TrackPointExtension>
            <ns3:hr>132</ns3:hr>
          </ns3:TrackPointExtension>
        </extensions>
      </trkpt>
      <trkpt lat="-25.14575310051441192626953125" lon="-48.84140937589108943939208984375">
        <ele>1482.199951171875</ele>
        <time>2025-03-29T20:29:39.000Z</time>
        <extensions>
          <ns3:TrackPointExtension>
            <ns3:hr>129</ns3:hr>
          </ns3:TrackPointExtension>
        </extensions>
      </trkpt>
      <trkpt lat="-25.1457740552723407745361328125" lon="-48.8413600064814090728759765625">
        <ele>1482.199951171875</ele>
        <time>2025-03-29T20:29:48.000Z</time>
        <extensions>
          <ns3:TrackPointExtension>
            <ns3:hr>131</ns3:hr>
          </ns3:TrackPointExtension>
        </extensions>
      </trkpt>
      <trkpt lat="-25.14579190872609615325927734375" lon="-48.8413445837795734405517578125">
        <ele>1482.4000244140625</ele>
        <time>2025-03-29T20:29:52.000Z</time>
        <extensions>
          <ns3:TrackPointExtension>
            <ns3:hr>135</ns3:hr>
          </ns3:TrackPointExtension>
        </extensions>
      </trkpt>
      <trkpt lat="-25.14580012299120426177978515625" lon="-48.84132807143032550811767578125">
        <ele>1482.800048828125</ele>
        <time>2025-03-29T20:29:56.000Z</time>
        <extensions>
          <ns3:TrackPointExtension>
            <ns3:hr>135</ns3:hr>
          </ns3:TrackPointExtension>
        </extensions>
      </trkpt>
      <trkpt lat="-25.1458119414746761322021484375" lon="-48.84130510501563549041748046875">
        <ele>1483.199951171875</ele>
        <time>2025-03-29T20:30:00.000Z</time>
        <extensions>
          <ns3:TrackPointExtension>
            <ns3:hr>139</ns3:hr>
          </ns3:TrackPointExtension>
        </extensions>
      </trkpt>
      <trkpt lat="-25.14583398588001728057861328125" lon="-48.84131885133683681488037109375">
        <ele>1484.5999755859375</ele>
        <time>2025-03-29T20:30:04.000Z</time>
        <extensions>
          <ns3:TrackPointExtension>
            <ns3:hr>142</ns3:hr>
          </ns3:TrackPointExtension>
        </extensions>
      </trkpt>
      <trkpt lat="-25.1458508335053920745849609375" lon="-48.84129219688475131988525390625">
        <ele>1485.800048828125</ele>
        <time>2025-03-29T20:30:10.000Z</time>
        <extensions>
          <ns3:TrackPointExtension>
            <ns3:hr>142</ns3:hr>
          </ns3:TrackPointExtension>
        </extensions>
      </trkpt>
      <trkpt lat="-25.14589064754545688629150390625" lon="-48.84124995209276676177978515625">
        <ele>1485.5999755859375</ele>
        <time>2025-03-29T20:30:18.000Z</time>
        <extensions>
          <ns3:TrackPointExtension>
            <ns3:hr>140</ns3:hr>
          </ns3:TrackPointExtension>
        </extensions>
      </trkpt>
      <trkpt lat="-25.14593926258385181427001953125" lon="-48.84121122770011425018310546875">
        <ele>1485.800048828125</ele>
        <time>2025-03-29T20:30:29.000Z</time>
        <extensions>
          <ns3:TrackPointExtension>
            <ns3:hr>139</ns3:hr>
          </ns3:TrackPointExtension>
        </extensions>
      </trkpt>
      <trkpt lat="-25.14593926258385181427001953125" lon="-48.8412104733288288116455078125">
        <ele>1485.5999755859375</ele>
        <time>2025-03-29T20:30:33.000Z</time>
        <extensions>
          <ns3:TrackPointExtension>
            <ns3:hr>136</ns3:hr>
          </ns3:TrackPointExtension>
        </extensions>
      </trkpt>
      <trkpt lat="-25.14593959785997867584228515625" lon="-48.841211311519145965576171875">
        <ele>1485.5999755859375</ele>
        <time>2025-03-29T20:30:34.000Z</time>
        <extensions>
          <ns3:TrackPointExtension>
            <ns3:hr>133</ns3:hr>
          </ns3:TrackPointExtension>
        </extensions>
      </trkpt>
      <trkpt lat="-25.1459383405745029449462890625" lon="-48.8412116467952728271484375">
        <ele>1485.5999755859375</ele>
        <time>2025-03-29T20:30:36.000Z</time>
        <extensions>
          <ns3:TrackPointExtension>
            <ns3:hr>130</ns3:hr>
          </ns3:TrackPointExtension>
        </extensions>
      </trkpt>
      <trkpt lat="-25.1459383405745029449462890625" lon="-48.8412116467952728271484375">
        <ele>1485.5999755859375</ele>
        <time>2025-03-29T20:30:39.000Z</time>
        <extensions>
          <ns3:TrackPointExtension>
            <ns3:hr>127</ns3:hr>
          </ns3:TrackPointExtension>
        </extensions>
      </trkpt>
      <trkpt lat="-25.1459383405745029449462890625" lon="-48.8412116467952728271484375">
        <ele>1486</ele>
        <time>2025-03-29T20:30:43.000Z</time>
        <extensions>
          <ns3:TrackPointExtension>
            <ns3:hr>123</ns3:hr>
          </ns3:TrackPointExtension>
        </extensions>
      </trkpt>
      <trkpt lat="-25.1459383405745029449462890625" lon="-48.8412116467952728271484375">
        <ele>1486</ele>
        <time>2025-03-29T20:30:46.000Z</time>
        <extensions>
          <ns3:TrackPointExtension>
            <ns3:hr>120</ns3:hr>
          </ns3:TrackPointExtension>
        </extensions>
      </trkpt>
      <trkpt lat="-25.1459383405745029449462890625" lon="-48.8412116467952728271484375">
        <ele>1486</ele>
        <time>2025-03-29T20:30:48.000Z</time>
        <extensions>
          <ns3:TrackPointExtension>
            <ns3:hr>116</ns3:hr>
          </ns3:TrackPointExtension>
        </extensions>
      </trkpt>
      <trkpt lat="-25.1459383405745029449462890625" lon="-48.8412116467952728271484375">
        <ele>1486</ele>
        <time>2025-03-29T20:30:51.000Z</time>
        <extensions>
          <ns3:TrackPointExtension>
            <ns3:hr>113</ns3:hr>
          </ns3:TrackPointExtension>
        </extensions>
      </trkpt>
      <trkpt lat="-25.1459380052983760833740234375" lon="-48.841211982071399688720703125">
        <ele>1486</ele>
        <time>2025-03-29T20:30:55.000Z</time>
        <extensions>
          <ns3:TrackPointExtension>
            <ns3:hr>110</ns3:hr>
          </ns3:TrackPointExtension>
        </extensions>
      </trkpt>
      <trkpt lat="-25.14593792147934436798095703125" lon="-48.84121206589043140411376953125">
        <ele>1486</ele>
        <time>2025-03-29T20:30:57.000Z</time>
        <extensions>
          <ns3:TrackPointExtension>
            <ns3:hr>107</ns3:hr>
          </ns3:TrackPointExtension>
        </extensions>
      </trkpt>
      <trkpt lat="-25.14592417515814304351806640625" lon="-48.841274343430995941162109375">
        <ele>1486.199951171875</ele>
        <time>2025-03-29T20:31:05.000Z</time>
        <extensions>
          <ns3:TrackPointExtension>
            <ns3:hr>108</ns3:hr>
          </ns3:TrackPointExtension>
        </extensions>
      </trkpt>
      <trkpt lat="-25.14590389095246791839599609375" lon="-48.84138992987573146820068359375">
        <ele>1485.199951171875</ele>
        <time>2025-03-29T20:31:13.000Z</time>
        <extensions>
          <ns3:TrackPointExtension>
            <ns3:hr>108</ns3:hr>
          </ns3:TrackPointExtension>
        </extensions>
      </trkpt>
      <trkpt lat="-25.14589802362024784088134765625" lon="-48.84140987880527973175048828125">
        <ele>1484</ele>
        <time>2025-03-29T20:31:19.000Z</time>
        <extensions>
          <ns3:TrackPointExtension>
            <ns3:hr>109</ns3:hr>
          </ns3:TrackPointExtension>
        </extensions>
      </trkpt>
      <trkpt lat="-25.14589869417250156402587890625" lon="-48.84140568785369396209716796875">
        <ele>1483.5999755859375</ele>
        <time>2025-03-29T20:31:25.000Z</time>
        <extensions>
          <ns3:TrackPointExtension>
            <ns3:hr>112</ns3:hr>
          </ns3:TrackPointExtension>
        </extensions>
      </trkpt>
      <trkpt lat="-25.14589869417250156402587890625" lon="-48.84140568785369396209716796875">
        <ele>1483.199951171875</ele>
        <time>2025-03-29T20:31:37.000Z</time>
        <extensions>
          <ns3:TrackPointExtension>
            <ns3:hr>112</ns3:hr>
          </ns3:TrackPointExtension>
        </extensions>
      </trkpt>
      <trkpt lat="-25.1459173858165740966796875" lon="-48.84135120548307895660400390625">
        <ele>1484.199951171875</ele>
        <time>2025-03-29T20:31:57.000Z</time>
        <extensions>
          <ns3:TrackPointExtension>
            <ns3:hr>113</ns3:hr>
          </ns3:TrackPointExtension>
        </extensions>
      </trkpt>
      <trkpt lat="-25.14593741856515407562255859375" lon="-48.8412599265575408935546875">
        <ele>1484.5999755859375</ele>
        <time>2025-03-29T20:32:02.000Z</time>
        <extensions>
          <ns3:TrackPointExtension>
            <ns3:hr>114</ns3:hr>
          </ns3:TrackPointExtension>
        </extensions>
      </trkpt>
      <trkpt lat="-25.14594085514545440673828125" lon="-48.84125146083533763885498046875">
        <ele>1484.5999755859375</ele>
        <time>2025-03-29T20:32:03.000Z</time>
        <extensions>
          <ns3:TrackPointExtension>
            <ns3:hr>114</ns3:hr>
          </ns3:TrackPointExtension>
        </extensions>
      </trkpt>
      <trkpt lat="-25.14595921151340007781982421875" lon="-48.84123251773416996002197265625">
        <ele>1485</ele>
        <time>2025-03-29T20:32:09.000Z</time>
        <extensions>
          <ns3:TrackPointExtension>
            <ns3:hr>111</ns3:hr>
          </ns3:TrackPointExtension>
        </extensions>
      </trkpt>
      <trkpt lat="-25.1459805853664875030517578125" lon="-48.84121902287006378173828125">
        <ele>1485</ele>
        <time>2025-03-29T20:32:14.000Z</time>
        <extensions>
          <ns3:TrackPointExtension>
            <ns3:hr>108</ns3:hr>
          </ns3:TrackPointExtension>
        </extensions>
      </trkpt>
      <trkpt lat="-25.14598418958485126495361328125" lon="-48.8412201963365077972412109375">
        <ele>1484.800048828125</ele>
        <time>2025-03-29T20:32:16.000Z</time>
        <extensions>
          <ns3:TrackPointExtension>
            <ns3:hr>107</ns3:hr>
          </ns3:TrackPointExtension>
        </extensions>
      </trkpt>
      <trkpt lat="-25.1459846086800098419189453125" lon="-48.8412232138216495513916015625">
        <ele>1484.5999755859375</ele>
        <time>2025-03-29T20:32:23.000Z</time>
        <extensions>
          <ns3:TrackPointExtension>
            <ns3:hr>109</ns3:hr>
          </ns3:TrackPointExtension>
        </extensions>
      </trkpt>
      <trkpt lat="-25.1459846086800098419189453125" lon="-48.84122313000261783599853515625">
        <ele>1484.5999755859375</ele>
        <time>2025-03-29T20:32:29.000Z</time>
        <extensions>
          <ns3:TrackPointExtension>
            <ns3:hr>112</ns3:hr>
          </ns3:TrackPointExtension>
        </extensions>
      </trkpt>
      <trkpt lat="-25.1459923200309276580810546875" lon="-48.84121558628976345062255859375">
        <ele>1484.4000244140625</ele>
        <time>2025-03-29T20:32:58.000Z</time>
        <extensions>
          <ns3:TrackPointExtension>
            <ns3:hr>108</ns3:hr>
          </ns3:TrackPointExtension>
        </extensions>
      </trkpt>
      <trkpt lat="-25.1460104249417781829833984375" lon="-48.84114325046539306640625">
        <ele>1484.4000244140625</ele>
        <time>2025-03-29T20:33:04.000Z</time>
        <extensions>
          <ns3:TrackPointExtension>
            <ns3:hr>107</ns3:hr>
          </ns3:TrackPointExtension>
        </extensions>
      </trkpt>
      <trkpt lat="-25.1460174657404422760009765625" lon="-48.8411105610430240631103515625">
        <ele>1484.5999755859375</ele>
        <time>2025-03-29T20:33:06.000Z</time>
        <extensions>
          <ns3:TrackPointExtension>
            <ns3:hr>110</ns3:hr>
          </ns3:TrackPointExtension>
        </extensions>
      </trkpt>
      <trkpt lat="-25.14602760784327983856201171875" lon="-48.8410706631839275360107421875">
        <ele>1485</ele>
        <time>2025-03-29T20:33:08.000Z</time>
        <extensions>
          <ns3:TrackPointExtension>
            <ns3:hr>114</ns3:hr>
          </ns3:TrackPointExtension>
        </extensions>
      </trkpt>
      <trkpt lat="-25.14603800140321254730224609375" lon="-48.84101651608943939208984375">
        <ele>1486.5999755859375</ele>
        <time>2025-03-29T20:33:13.000Z</time>
        <extensions>
          <ns3:TrackPointExtension>
            <ns3:hr>114</ns3:hr>
          </ns3:TrackPointExtension>
        </extensions>
      </trkpt>
      <trkpt lat="-25.1460650749504566192626953125" lon="-48.84100310504436492919921875">
        <ele>1487.800048828125</ele>
        <time>2025-03-29T20:33:19.000Z</time>
        <extensions>
          <ns3:TrackPointExtension>
            <ns3:hr>113</ns3:hr>
          </ns3:TrackPointExtension>
        </extensions>
      </trkpt>
      <trkpt lat="-25.14608192257583141326904296875" lon="-48.84098206646740436553955078125">
        <ele>1487.800048828125</ele>
        <time>2025-03-29T20:33:24.000Z</time>
        <extensions>
          <ns3:TrackPointExtension>
            <ns3:hr>114</ns3:hr>
          </ns3:TrackPointExtension>
        </extensions>
      </trkpt>
      <trkpt lat="-25.146098099648952484130859375" lon="-48.84096614085137844085693359375">
        <ele>1487.800048828125</ele>
        <time>2025-03-29T20:33:27.000Z</time>
        <extensions>
          <ns3:TrackPointExtension>
            <ns3:hr>117</ns3:hr>
          </ns3:TrackPointExtension>
        </extensions>
      </trkpt>
      <trkpt lat="-25.1461321301758289337158203125" lon="-48.8409616984426975250244140625">
        <ele>1487</ele>
        <time>2025-03-29T20:33:33.000Z</time>
        <extensions>
          <ns3:TrackPointExtension>
            <ns3:hr>119</ns3:hr>
          </ns3:TrackPointExtension>
        </extensions>
      </trkpt>
      <trkpt lat="-25.14615937136113643646240234375" lon="-48.84098240174353122711181640625">
        <ele>1485.199951171875</ele>
        <time>2025-03-29T20:33:39.000Z</time>
        <extensions>
          <ns3:TrackPointExtension>
            <ns3:hr>120</ns3:hr>
          </ns3:TrackPointExtension>
        </extensions>
      </trkpt>
      <trkpt lat="-25.14620748348534107208251953125" lon="-48.840999417006969451904296875">
        <ele>1484.199951171875</ele>
        <time>2025-03-29T20:33:46.000Z</time>
        <extensions>
          <ns3:TrackPointExtension>
            <ns3:hr>122</ns3:hr>
          </ns3:TrackPointExtension>
        </extensions>
      </trkpt>
      <trkpt lat="-25.146216116845607757568359375" lon="-48.84100000374019145965576171875">
        <ele>1483.5999755859375</ele>
        <time>2025-03-29T20:33:48.000Z</time>
        <extensions>
          <ns3:TrackPointExtension>
            <ns3:hr>119</ns3:hr>
          </ns3:TrackPointExtension>
        </extensions>
      </trkpt>
      <trkpt lat="-25.14623061753809452056884765625" lon="-48.84100419469177722930908203125">
        <ele>1483.199951171875</ele>
        <time>2025-03-29T20:33:51.000Z</time>
        <extensions>
          <ns3:TrackPointExtension>
            <ns3:hr>116</ns3:hr>
          </ns3:TrackPointExtension>
        </extensions>
      </trkpt>
      <trkpt lat="-25.14623321592807769775390625" lon="-48.841010145843029022216796875">
        <ele>1483.199951171875</ele>
        <time>2025-03-29T20:33:53.000Z</time>
        <extensions>
          <ns3:TrackPointExtension>
            <ns3:hr>117</ns3:hr>
          </ns3:TrackPointExtension>
        </extensions>
      </trkpt>
      <trkpt lat="-25.146248973906040191650390625" lon="-48.8409878499805927276611328125">
        <ele>1483.5999755859375</ele>
        <time>2025-03-29T20:33:59.000Z</time>
        <extensions>
          <ns3:TrackPointExtension>
            <ns3:hr>120</ns3:hr>
          </ns3:TrackPointExtension>
        </extensions>
      </trkpt>
      <trkpt lat="-25.1462773047387599945068359375" lon="-48.841000087559223175048828125">
        <ele>1484.800048828125</ele>
        <time>2025-03-29T20:34:05.000Z</time>
        <extensions>
          <ns3:TrackPointExtension>
            <ns3:hr>121</ns3:hr>
          </ns3:TrackPointExtension>
        </extensions>
      </trkpt>
      <trkpt lat="-25.14632935635745525360107421875" lon="-48.8410614430904388427734375">
        <ele>1489.199951171875</ele>
        <time>2025-03-29T20:34:17.000Z</time>
        <extensions>
          <ns3:TrackPointExtension>
            <ns3:hr>120</ns3:hr>
          </ns3:TrackPointExtension>
        </extensions>
      </trkpt>
      <trkpt lat="-25.14636908657848834991455078125" lon="-48.8410817272961139678955078125">
        <ele>1491.199951171875</ele>
        <time>2025-03-29T20:34:25.000Z</time>
        <extensions>
          <ns3:TrackPointExtension>
            <ns3:hr>122</ns3:hr>
          </ns3:TrackPointExtension>
        </extensions>
      </trkpt>
      <trkpt lat="-25.14638367109000682830810546875" lon="-48.841089271008968353271484375">
        <ele>1491.800048828125</ele>
        <time>2025-03-29T20:34:28.000Z</time>
        <extensions>
          <ns3:TrackPointExtension>
            <ns3:hr>119</ns3:hr>
          </ns3:TrackPointExtension>
        </extensions>
      </trkpt>
      <trkpt lat="-25.1464144326746463775634765625" lon="-48.84108264930546283721923828125">
        <ele>1493.5999755859375</ele>
        <time>2025-03-29T20:34:34.000Z</time>
        <extensions>
          <ns3:TrackPointExtension>
            <ns3:hr>116</ns3:hr>
          </ns3:TrackPointExtension>
        </extensions>
      </trkpt>
      <trkpt lat="-25.14643949456512928009033203125" lon="-48.84105767123401165008544921875">
        <ele>1495</ele>
        <time>2025-03-29T20:34:39.000Z</time>
        <extensions>
          <ns3:TrackPointExtension>
            <ns3:hr>113</ns3:hr>
          </ns3:TrackPointExtension>
        </extensions>
      </trkpt>
      <trkpt lat="-25.14645257033407688140869140625" lon="-48.8410190306603908538818359375">
        <ele>1495.5999755859375</ele>
        <time>2025-03-29T20:34:43.000Z</time>
        <extensions>
          <ns3:TrackPointExtension>
            <ns3:hr>113</ns3:hr>
          </ns3:TrackPointExtension>
        </extensions>
      </trkpt>
      <trkpt lat="-25.14647972770035266876220703125" lon="-48.840960524976253509521484375">
        <ele>1497.5999755859375</ele>
        <time>2025-03-29T20:34:51.000Z</time>
        <extensions>
          <ns3:TrackPointExtension>
            <ns3:hr>112</ns3:hr>
          </ns3:TrackPointExtension>
        </extensions>
      </trkpt>
      <trkpt lat="-25.14649883843958377838134765625" lon="-48.84091484360396862030029296875">
        <ele>1499.4000244140625</ele>
        <time>2025-03-29T20:34:58.000Z</time>
        <extensions>
          <ns3:TrackPointExtension>
            <ns3:hr>108</ns3:hr>
          </ns3:TrackPointExtension>
        </extensions>
      </trkpt>
      <trkpt lat="-25.1465022750198841094970703125" lon="-48.84089774452149868011474609375">
        <ele>1500</ele>
        <time>2025-03-29T20:35:01.000Z</time>
        <extensions>
          <ns3:TrackPointExtension>
            <ns3:hr>107</ns3:hr>
          </ns3:TrackPointExtension>
        </extensions>
      </trkpt>
      <trkpt lat="-25.1465036161243915557861328125" lon="-48.84089606814086437225341796875">
        <ele>1500.199951171875</ele>
        <time>2025-03-29T20:35:03.000Z</time>
        <extensions>
          <ns3:TrackPointExtension>
            <ns3:hr>110</ns3:hr>
          </ns3:TrackPointExtension>
        </extensions>
      </trkpt>
      <trkpt lat="-25.1465059630572795867919921875" lon="-48.8408951461315155029296875">
        <ele>1502</ele>
        <time>2025-03-29T20:35:14.000Z</time>
        <extensions>
          <ns3:TrackPointExtension>
            <ns3:hr>109</ns3:hr>
          </ns3:TrackPointExtension>
        </extensions>
      </trkpt>
      <trkpt lat="-25.1465059630572795867919921875" lon="-48.84089522995054721832275390625">
        <ele>1502.4000244140625</ele>
        <time>2025-03-29T20:35:29.000Z</time>
        <extensions>
          <ns3:TrackPointExtension>
            <ns3:hr>113</ns3:hr>
          </ns3:TrackPointExtension>
        </extensions>
      </trkpt>
      <trkpt lat="-25.14650621451437473297119140625" lon="-48.84089522995054721832275390625">
        <ele>1502.4000244140625</ele>
        <time>2025-03-29T20:35:30.000Z</time>
        <extensions>
          <ns3:TrackPointExtension>
            <ns3:hr>110</ns3:hr>
          </ns3:TrackPointExtension>
        </extensions>
      </trkpt>
      <trkpt lat="-25.146556757390499114990234375" lon="-48.84084812365472316741943359375">
        <ele>1502.4000244140625</ele>
        <time>2025-03-29T20:35:36.000Z</time>
        <extensions>
          <ns3:TrackPointExtension>
            <ns3:hr>110</ns3:hr>
          </ns3:TrackPointExtension>
        </extensions>
      </trkpt>
      <trkpt lat="-25.1466058753430843353271484375" lon="-48.8408202119171619415283203125">
        <ele>1502.800048828125</ele>
        <time>2025-03-29T20:35:40.000Z</time>
        <extensions>
          <ns3:TrackPointExtension>
            <ns3:hr>112</ns3:hr>
          </ns3:TrackPointExtension>
        </extensions>
      </trkpt>
      <trkpt lat="-25.14663043431937694549560546875" lon="-48.8407985866069793701171875">
        <ele>1503</ele>
        <time>2025-03-29T20:35:44.000Z</time>
        <extensions>
          <ns3:TrackPointExtension>
            <ns3:hr>110</ns3:hr>
          </ns3:TrackPointExtension>
        </extensions>
      </trkpt>
      <trkpt lat="-25.14665071852505207061767578125" lon="-48.84074485860764980316162109375">
        <ele>1503.5999755859375</ele>
        <time>2025-03-29T20:35:52.000Z</time>
        <extensions>
          <ns3:TrackPointExtension>
            <ns3:hr>110</ns3:hr>
          </ns3:TrackPointExtension>
        </extensions>
      </trkpt>
      <trkpt lat="-25.1466870121657848358154296875" lon="-48.84069372899830341339111328125">
        <ele>1504.199951171875</ele>
        <time>2025-03-29T20:36:03.000Z</time>
        <extensions>
          <ns3:TrackPointExtension>
            <ns3:hr>113</ns3:hr>
          </ns3:TrackPointExtension>
        </extensions>
      </trkpt>
      <trkpt lat="-25.1467379741370677947998046875" lon="-48.8406374864280223846435546875">
        <ele>1503.800048828125</ele>
        <time>2025-03-29T20:36:10.000Z</time>
        <extensions>
          <ns3:TrackPointExtension>
            <ns3:hr>116</ns3:hr>
          </ns3:TrackPointExtension>
        </extensions>
      </trkpt>
      <trkpt lat="-25.146747194230556488037109375" lon="-48.84063321165740489959716796875">
        <ele>1504</ele>
        <time>2025-03-29T20:36:11.000Z</time>
        <extensions>
          <ns3:TrackPointExtension>
            <ns3:hr>113</ns3:hr>
          </ns3:TrackPointExtension>
        </extensions>
      </trkpt>
      <trkpt lat="-25.14678818173706531524658203125" lon="-48.84059540927410125732421875">
        <ele>1505.5999755859375</ele>
        <time>2025-03-29T20:36:19.000Z</time>
        <extensions>
          <ns3:TrackPointExtension>
            <ns3:hr>113</ns3:hr>
          </ns3:TrackPointExtension>
        </extensions>
      </trkpt>
      <trkpt lat="-25.14681181870400905609130859375" lon="-48.8405791483819484710693359375">
        <ele>1506.4000244140625</ele>
        <time>2025-03-29T20:36:24.000Z</time>
        <extensions>
          <ns3:TrackPointExtension>
            <ns3:hr>116</ns3:hr>
          </ns3:TrackPointExtension>
        </extensions>
      </trkpt>
      <trkpt lat="-25.1468207873404026031494140625" lon="-48.84057370014488697052001953125">
        <ele>1506.800048828125</ele>
        <time>2025-03-29T20:36:26.000Z</time>
        <extensions>
          <ns3:TrackPointExtension>
            <ns3:hr>114</ns3:hr>
          </ns3:TrackPointExtension>
        </extensions>
      </trkpt>
      <trkpt lat="-25.14685490168631076812744140625" lon="-48.84052039124071598052978515625">
        <ele>1507.5999755859375</ele>
        <time>2025-03-29T20:36:33.000Z</time>
        <extensions>
          <ns3:TrackPointExtension>
            <ns3:hr>115</ns3:hr>
          </ns3:TrackPointExtension>
        </extensions>
      </trkpt>
      <trkpt lat="-25.14685523696243762969970703125" lon="-48.8404993526637554168701171875">
        <ele>1507.5999755859375</ele>
        <time>2025-03-29T20:36:35.000Z</time>
        <extensions>
          <ns3:TrackPointExtension>
            <ns3:hr>119</ns3:hr>
          </ns3:TrackPointExtension>
        </extensions>
      </trkpt>
      <trkpt lat="-25.1468761079013347625732421875" lon="-48.84046842344105243682861328125">
        <ele>1507.4000244140625</ele>
        <time>2025-03-29T20:36:38.000Z</time>
        <extensions>
          <ns3:TrackPointExtension>
            <ns3:hr>118</ns3:hr>
          </ns3:TrackPointExtension>
        </extensions>
      </trkpt>
      <trkpt lat="-25.14692313037812709808349609375" lon="-48.840384185314178466796875">
        <ele>1507.5999755859375</ele>
        <time>2025-03-29T20:36:47.000Z</time>
        <extensions>
          <ns3:TrackPointExtension>
            <ns3:hr>119</ns3:hr>
          </ns3:TrackPointExtension>
        </extensions>
      </trkpt>
      <trkpt lat="-25.14694659970700740814208984375" lon="-48.84036214090883731842041015625">
        <ele>1507.800048828125</ele>
        <time>2025-03-29T20:36:51.000Z</time>
        <extensions>
          <ns3:TrackPointExtension>
            <ns3:hr>117</ns3:hr>
          </ns3:TrackPointExtension>
        </extensions>
      </trkpt>
      <trkpt lat="-25.14695364050567150115966796875" lon="-48.84035577066242694854736328125">
        <ele>1508</ele>
        <time>2025-03-29T20:36:52.000Z</time>
        <extensions>
          <ns3:TrackPointExtension>
            <ns3:hr>120</ns3:hr>
          </ns3:TrackPointExtension>
        </extensions>
      </trkpt>
      <trkpt lat="-25.1469612680375576019287109375" lon="-48.84034864604473114013671875">
        <ele>1508</ele>
        <time>2025-03-29T20:36:53.000Z</time>
        <extensions>
          <ns3:TrackPointExtension>
            <ns3:hr>119</ns3:hr>
          </ns3:TrackPointExtension>
        </extensions>
      </trkpt>
      <trkpt lat="-25.1469870842993259429931640625" lon="-48.8403018750250339508056640625">
        <ele>1508</ele>
        <time>2025-03-29T20:36:58.000Z</time>
        <extensions>
          <ns3:TrackPointExtension>
            <ns3:hr>116</ns3:hr>
          </ns3:TrackPointExtension>
        </extensions>
      </trkpt>
      <trkpt lat="-25.14700032770633697509765625" lon="-48.8402643240988254547119140625">
        <ele>1509</ele>
        <time>2025-03-29T20:37:03.000Z</time>
        <extensions>
          <ns3:TrackPointExtension>
            <ns3:hr>118</ns3:hr>
          </ns3:TrackPointExtension>
        </extensions>
      </trkpt>
      <trkpt lat="-25.14700108207762241363525390625" lon="-48.84025904349982738494873046875">
        <ele>1510</ele>
        <time>2025-03-29T20:37:07.000Z</time>
        <extensions>
          <ns3:TrackPointExtension>
            <ns3:hr>122</ns3:hr>
          </ns3:TrackPointExtension>
        </extensions>
      </trkpt>
      <trkpt lat="-25.14700108207762241363525390625" lon="-48.84025854058563709259033203125">
        <ele>1510.4000244140625</ele>
        <time>2025-03-29T20:37:09.000Z</time>
        <extensions>
          <ns3:TrackPointExtension>
            <ns3:hr>132</ns3:hr>
          </ns3:TrackPointExtension>
        </extensions>
      </trkpt>
      <trkpt lat="-25.1470011658966541290283203125" lon="-48.840257115662097930908203125">
        <ele>1511</ele>
        <time>2025-03-29T20:37:12.000Z</time>
        <extensions>
          <ns3:TrackPointExtension>
            <ns3:hr>133</ns3:hr>
          </ns3:TrackPointExtension>
        </extensions>
      </trkpt>
      <trkpt lat="-25.1470061950385570526123046875" lon="-48.84025502018630504608154296875">
        <ele>1511.199951171875</ele>
        <time>2025-03-29T20:37:44.000Z</time>
        <extensions>
          <ns3:TrackPointExtension>
            <ns3:hr>130</ns3:hr>
          </ns3:TrackPointExtension>
        </extensions>
      </trkpt>
      <trkpt lat="-25.1470068655908107757568359375" lon="-48.8402549363672733306884765625">
        <ele>1511</ele>
        <time>2025-03-29T20:37:49.000Z</time>
        <extensions>
          <ns3:TrackPointExtension>
            <ns3:hr>127</ns3:hr>
          </ns3:TrackPointExtension>
        </extensions>
      </trkpt>
      <trkpt lat="-25.14700694940984249114990234375" lon="-48.8402549363672733306884765625">
        <ele>1510.800048828125</ele>
        <time>2025-03-29T20:37:51.000Z</time>
        <extensions>
          <ns3:TrackPointExtension>
            <ns3:hr>124</ns3:hr>
          </ns3:TrackPointExtension>
        </extensions>
      </trkpt>
      <trkpt lat="-25.14700703322887420654296875" lon="-48.8402549363672733306884765625">
        <ele>1510.800048828125</ele>
        <time>2025-03-29T20:37:52.000Z</time>
        <extensions>
          <ns3:TrackPointExtension>
            <ns3:hr>121</ns3:hr>
          </ns3:TrackPointExtension>
        </extensions>
      </trkpt>
      <trkpt lat="-25.147007368505001068115234375" lon="-48.840254433453083038330078125">
        <ele>1510.800048828125</ele>
        <time>2025-03-29T20:37:54.000Z</time>
        <extensions>
          <ns3:TrackPointExtension>
            <ns3:hr>117</ns3:hr>
          </ns3:TrackPointExtension>
        </extensions>
      </trkpt>
      <trkpt lat="-25.1470078714191913604736328125" lon="-48.8402542658150196075439453125">
        <ele>1510.800048828125</ele>
        <time>2025-03-29T20:37:55.000Z</time>
        <extensions>
          <ns3:TrackPointExtension>
            <ns3:hr>113</ns3:hr>
          </ns3:TrackPointExtension>
        </extensions>
      </trkpt>
      <trkpt lat="-25.1470085419714450836181640625" lon="-48.8402540981769561767578125">
        <ele>1510.800048828125</ele>
        <time>2025-03-29T20:37:57.000Z</time>
        <extensions>
          <ns3:TrackPointExtension>
            <ns3:hr>110</ns3:hr>
          </ns3:TrackPointExtension>
        </extensions>
      </trkpt>
      <trkpt lat="-25.14700929634273052215576171875" lon="-48.8402532599866390228271484375">
        <ele>1510.800048828125</ele>
        <time>2025-03-29T20:38:00.000Z</time>
        <extensions>
          <ns3:TrackPointExtension>
            <ns3:hr>107</ns3:hr>
          </ns3:TrackPointExtension>
        </extensions>
      </trkpt>
      <trkpt lat="-25.147009380161762237548828125" lon="-48.84024982340633869171142578125">
        <ele>1510.199951171875</ele>
        <time>2025-03-29T20:38:12.000Z</time>
        <extensions>
          <ns3:TrackPointExtension>
            <ns3:hr>104</ns3:hr>
          </ns3:TrackPointExtension>
        </extensions>
      </trkpt>
      <trkpt lat="-25.14700929634273052215576171875" lon="-48.84024965576827526092529296875">
        <ele>1510.199951171875</ele>
        <time>2025-03-29T20:38:18.000Z</time>
        <extensions>
          <ns3:TrackPointExtension>
            <ns3:hr>101</ns3:hr>
          </ns3:TrackPointExtension>
        </extensions>
      </trkpt>
      <trkpt lat="-25.14700896106660366058349609375" lon="-48.84024965576827526092529296875">
        <ele>1510</ele>
        <time>2025-03-29T20:38:21.000Z</time>
        <extensions>
          <ns3:TrackPointExtension>
            <ns3:hr>98</ns3:hr>
          </ns3:TrackPointExtension>
        </extensions>
      </trkpt>
      <trkpt lat="-25.1470088772475719451904296875" lon="-48.84024965576827526092529296875">
        <ele>1510</ele>
        <time>2025-03-29T20:38:23.000Z</time>
        <extensions>
          <ns3:TrackPointExtension>
            <ns3:hr>95</ns3:hr>
          </ns3:TrackPointExtension>
        </extensions>
      </trkpt>
      <trkpt lat="-25.1470118947327136993408203125" lon="-48.8402478955686092376708984375">
        <ele>1510</ele>
        <time>2025-03-29T20:38:30.000Z</time>
        <extensions>
          <ns3:TrackPointExtension>
            <ns3:hr>98</ns3:hr>
          </ns3:TrackPointExtension>
        </extensions>
      </trkpt>
      <trkpt lat="-25.14703813008964061737060546875" lon="-48.8402036391198635101318359375">
        <ele>1510.199951171875</ele>
        <time>2025-03-29T20:38:34.000Z</time>
        <extensions>
          <ns3:TrackPointExtension>
            <ns3:hr>99</ns3:hr>
          </ns3:TrackPointExtension>
        </extensions>
      </trkpt>
      <trkpt lat="-25.1471222005784511566162109375" lon="-48.84013985283672809600830078125">
        <ele>1512.800048828125</ele>
        <time>2025-03-29T20:38:46.000Z</time>
        <extensions>
          <ns3:TrackPointExtension>
            <ns3:hr>98</ns3:hr>
          </ns3:TrackPointExtension>
        </extensions>
      </trkpt>
      <trkpt lat="-25.1471538841724395751953125" lon="-48.84015477262437343597412109375">
        <ele>1512.800048828125</ele>
        <time>2025-03-29T20:38:53.000Z</time>
        <extensions>
          <ns3:TrackPointExtension>
            <ns3:hr>97</ns3:hr>
          </ns3:TrackPointExtension>
        </extensions>
      </trkpt>
      <trkpt lat="-25.14718866907060146331787109375" lon="-48.84010733105242252349853515625">
        <ele>1514.4000244140625</ele>
        <time>2025-03-29T20:39:00.000Z</time>
        <extensions>
          <ns3:TrackPointExtension>
            <ns3:hr>97</ns3:hr>
          </ns3:TrackPointExtension>
        </extensions>
      </trkpt>
      <trkpt lat="-25.147207193076610565185546875" lon="-48.840086460113525390625">
        <ele>1515</ele>
        <time>2025-03-29T20:39:03.000Z</time>
        <extensions>
          <ns3:TrackPointExtension>
            <ns3:hr>98</ns3:hr>
          </ns3:TrackPointExtension>
        </extensions>
      </trkpt>
      <trkpt lat="-25.147221945226192474365234375" lon="-48.84007296524941921234130859375">
        <ele>1515.199951171875</ele>
        <time>2025-03-29T20:39:06.000Z</time>
        <extensions>
          <ns3:TrackPointExtension>
            <ns3:hr>97</ns3:hr>
          </ns3:TrackPointExtension>
        </extensions>
      </trkpt>
      <trkpt lat="-25.14726544730365276336669921875" lon="-48.84002937935292720794677734375">
        <ele>1516.800048828125</ele>
        <time>2025-03-29T20:39:15.000Z</time>
        <extensions>
          <ns3:TrackPointExtension>
            <ns3:hr>99</ns3:hr>
          </ns3:TrackPointExtension>
        </extensions>
      </trkpt>
      <trkpt lat="-25.14732412062585353851318359375" lon="-48.83998512290418148040771484375">
        <ele>1520</ele>
        <time>2025-03-29T20:39:23.000Z</time>
        <extensions>
          <ns3:TrackPointExtension>
            <ns3:hr>102</ns3:hr>
          </ns3:TrackPointExtension>
        </extensions>
      </trkpt>
      <trkpt lat="-25.14733887277543544769287109375" lon="-48.8399719633162021636962890625">
        <ele>1520.5999755859375</ele>
        <time>2025-03-29T20:39:25.000Z</time>
        <extensions>
          <ns3:TrackPointExtension>
            <ns3:hr>101</ns3:hr>
          </ns3:TrackPointExtension>
        </extensions>
      </trkpt>
      <trkpt lat="-25.1473625935614109039306640625" lon="-48.83996232412755489349365234375">
        <ele>1522.199951171875</ele>
        <time>2025-03-29T20:39:31.000Z</time>
        <extensions>
          <ns3:TrackPointExtension>
            <ns3:hr>100</ns3:hr>
          </ns3:TrackPointExtension>
        </extensions>
      </trkpt>
      <trkpt lat="-25.14741397462785243988037109375" lon="-48.83992242626845836639404296875">
        <ele>1522.5999755859375</ele>
        <time>2025-03-29T20:39:39.000Z</time>
        <extensions>
          <ns3:TrackPointExtension>
            <ns3:hr>100</ns3:hr>
          </ns3:TrackPointExtension>
        </extensions>
      </trkpt>
      <trkpt lat="-25.14745102263987064361572265625" lon="-48.83988169021904468536376953125">
        <ele>1522.800048828125</ele>
        <time>2025-03-29T20:39:44.000Z</time>
        <extensions>
          <ns3:TrackPointExtension>
            <ns3:hr>97</ns3:hr>
          </ns3:TrackPointExtension>
        </extensions>
      </trkpt>
      <trkpt lat="-25.14747507870197296142578125" lon="-48.83983592502772808074951171875">
        <ele>1524</ele>
        <time>2025-03-29T20:39:48.000Z</time>
        <extensions>
          <ns3:TrackPointExtension>
            <ns3:hr>99</ns3:hr>
          </ns3:TrackPointExtension>
        </extensions>
      </trkpt>
      <trkpt lat="-25.14751153998076915740966796875" lon="-48.8397081010043621063232421875">
        <ele>1525.199951171875</ele>
        <time>2025-03-29T20:39:57.000Z</time>
        <extensions>
          <ns3:TrackPointExtension>
            <ns3:hr>96</ns3:hr>
          </ns3:TrackPointExtension>
        </extensions>
      </trkpt>
      <trkpt lat="-25.1475144736468791961669921875" lon="-48.8396983779966831207275390625">
        <ele>1525.4000244140625</ele>
        <time>2025-03-29T20:39:58.000Z</time>
        <extensions>
          <ns3:TrackPointExtension>
            <ns3:hr>99</ns3:hr>
          </ns3:TrackPointExtension>
        </extensions>
      </trkpt>
      <trkpt lat="-25.14753283001482486724853515625" lon="-48.83964917622506618499755859375">
        <ele>1526.5999755859375</ele>
        <time>2025-03-29T20:40:02.000Z</time>
        <extensions>
          <ns3:TrackPointExtension>
            <ns3:hr>96</ns3:hr>
          </ns3:TrackPointExtension>
        </extensions>
      </trkpt>
      <trkpt lat="-25.1475577242672443389892578125" lon="-48.83959704078733921051025390625">
        <ele>1527.4000244140625</ele>
        <time>2025-03-29T20:40:07.000Z</time>
        <extensions>
          <ns3:TrackPointExtension>
            <ns3:hr>98</ns3:hr>
          </ns3:TrackPointExtension>
        </extensions>
      </trkpt>
      <trkpt lat="-25.14757205732166767120361328125" lon="-48.839564435184001922607421875">
        <ele>1526.4000244140625</ele>
        <time>2025-03-29T20:40:12.000Z</time>
        <extensions>
          <ns3:TrackPointExtension>
            <ns3:hr>99</ns3:hr>
          </ns3:TrackPointExtension>
        </extensions>
      </trkpt>
      <trkpt lat="-25.14757406897842884063720703125" lon="-48.83955697529017925262451171875">
        <ele>1526.4000244140625</ele>
        <time>2025-03-29T20:40:13.000Z</time>
        <extensions>
          <ns3:TrackPointExtension>
            <ns3:hr>98</ns3:hr>
          </ns3:TrackPointExtension>
        </extensions>
      </trkpt>
      <trkpt lat="-25.147584713995456695556640625" lon="-48.83948497474193572998046875">
        <ele>1527.5999755859375</ele>
        <time>2025-03-29T20:40:22.000Z</time>
        <extensions>
          <ns3:TrackPointExtension>
            <ns3:hr>98</ns3:hr>
          </ns3:TrackPointExtension>
        </extensions>
      </trkpt>
      <trkpt lat="-25.1475915871560573577880859375" lon="-48.8394774310290813446044921875">
        <ele>1527.800048828125</ele>
        <time>2025-03-29T20:40:23.000Z</time>
        <extensions>
          <ns3:TrackPointExtension>
            <ns3:hr>101</ns3:hr>
          </ns3:TrackPointExtension>
        </extensions>
      </trkpt>
      <trkpt lat="-25.14760742895305156707763671875" lon="-48.8394653610885143280029296875">
        <ele>1528</ele>
        <time>2025-03-29T20:40:25.000Z</time>
        <extensions>
          <ns3:TrackPointExtension>
            <ns3:hr>98</ns3:hr>
          </ns3:TrackPointExtension>
        </extensions>
      </trkpt>
      <trkpt lat="-25.1476257853209972381591796875" lon="-48.83944298140704631805419921875">
        <ele>1528</ele>
        <time>2025-03-29T20:40:28.000Z</time>
        <extensions>
          <ns3:TrackPointExtension>
            <ns3:hr>97</ns3:hr>
          </ns3:TrackPointExtension>
        </extensions>
      </trkpt>
      <trkpt lat="-25.1476774178445339202880859375" lon="-48.83940182626247406005859375">
        <ele>1528</ele>
        <time>2025-03-29T20:40:36.000Z</time>
        <extensions>
          <ns3:TrackPointExtension>
            <ns3:hr>98</ns3:hr>
          </ns3:TrackPointExtension>
        </extensions>
      </trkpt>
      <trkpt lat="-25.14768169261515140533447265625" lon="-48.8393936119973659515380859375">
        <ele>1528.4000244140625</ele>
        <time>2025-03-29T20:40:43.000Z</time>
        <extensions>
          <ns3:TrackPointExtension>
            <ns3:hr>100</ns3:hr>
          </ns3:TrackPointExtension>
        </extensions>
      </trkpt>
      <trkpt lat="-25.1476857997477054595947265625" lon="-48.83935228921473026275634765625">
        <ele>1528.199951171875</ele>
        <time>2025-03-29T20:40:49.000Z</time>
        <extensions>
          <ns3:TrackPointExtension>
            <ns3:hr>103</ns3:hr>
          </ns3:TrackPointExtension>
        </extensions>
      </trkpt>
      <trkpt lat="-25.1476876437664031982421875" lon="-48.8393433205783367156982421875">
        <ele>1528</ele>
        <time>2025-03-29T20:40:50.000Z</time>
        <extensions>
          <ns3:TrackPointExtension>
            <ns3:hr>103</ns3:hr>
          </ns3:TrackPointExtension>
        </extensions>
      </trkpt>
      <trkpt lat="-25.1477037370204925537109375" lon="-48.8392987288534641265869140625">
        <ele>1527.4000244140625</ele>
        <time>2025-03-29T20:40:54.000Z</time>
        <extensions>
          <ns3:TrackPointExtension>
            <ns3:hr>106</ns3:hr>
          </ns3:TrackPointExtension>
        </extensions>
      </trkpt>
      <trkpt lat="-25.1477317325770854949951171875" lon="-48.83924818597733974456787109375">
        <ele>1527.199951171875</ele>
        <time>2025-03-29T20:40:59.000Z</time>
        <extensions>
          <ns3:TrackPointExtension>
            <ns3:hr>108</ns3:hr>
          </ns3:TrackPointExtension>
        </extensions>
      </trkpt>
      <trkpt lat="-25.14777456410229206085205078125" lon="-48.83916520513594150543212890625">
        <ele>1528.4000244140625</ele>
        <time>2025-03-29T20:41:11.000Z</time>
        <extensions>
          <ns3:TrackPointExtension>
            <ns3:hr>107</ns3:hr>
          </ns3:TrackPointExtension>
        </extensions>
      </trkpt>
      <trkpt lat="-25.1477823592722415924072265625" lon="-48.83914165198802947998046875">
        <ele>1528.800048828125</ele>
        <time>2025-03-29T20:41:16.000Z</time>
        <extensions>
          <ns3:TrackPointExtension>
            <ns3:hr>104</ns3:hr>
          </ns3:TrackPointExtension>
        </extensions>
      </trkpt>
      <trkpt lat="-25.14780591242015361785888671875" lon="-48.8391153328120708465576171875">
        <ele>1529.199951171875</ele>
        <time>2025-03-29T20:41:22.000Z</time>
        <extensions>
          <ns3:TrackPointExtension>
            <ns3:hr>102</ns3:hr>
          </ns3:TrackPointExtension>
        </extensions>
      </trkpt>
      <trkpt lat="-25.14785318635404109954833984375" lon="-48.8390851579606533050537109375">
        <ele>1529</ele>
        <time>2025-03-29T20:41:30.000Z</time>
        <extensions>
          <ns3:TrackPointExtension>
            <ns3:hr>102</ns3:hr>
          </ns3:TrackPointExtension>
        </extensions>
      </trkpt>
      <trkpt lat="-25.1478604786098003387451171875" lon="-48.83908540941774845123291015625">
        <ele>1529</ele>
        <time>2025-03-29T20:41:32.000Z</time>
        <extensions>
          <ns3:TrackPointExtension>
            <ns3:hr>106</ns3:hr>
          </ns3:TrackPointExtension>
        </extensions>
      </trkpt>
      <trkpt lat="-25.14786290936172008514404296875" lon="-48.8390881754457950592041015625">
        <ele>1529.800048828125</ele>
        <time>2025-03-29T20:41:38.000Z</time>
        <extensions>
          <ns3:TrackPointExtension>
            <ns3:hr>108</ns3:hr>
          </ns3:TrackPointExtension>
        </extensions>
      </trkpt>
      <trkpt lat="-25.14793046750128269195556640625" lon="-48.8390482775866985321044921875">
        <ele>1530.5999755859375</ele>
        <time>2025-03-29T20:41:56.000Z</time>
        <extensions>
          <ns3:TrackPointExtension>
            <ns3:hr>109</ns3:hr>
          </ns3:TrackPointExtension>
        </extensions>
      </trkpt>
      <trkpt lat="-25.14798679389059543609619140625" lon="-48.838998489081859588623046875">
        <ele>1531</ele>
        <time>2025-03-29T20:42:02.000Z</time>
        <extensions>
          <ns3:TrackPointExtension>
            <ns3:hr>106</ns3:hr>
          </ns3:TrackPointExtension>
        </extensions>
      </trkpt>
      <trkpt lat="-25.1479947566986083984375" lon="-48.83897527121007442474365234375">
        <ele>1531.800048828125</ele>
        <time>2025-03-29T20:42:05.000Z</time>
        <extensions>
          <ns3:TrackPointExtension>
            <ns3:hr>106</ns3:hr>
          </ns3:TrackPointExtension>
        </extensions>
      </trkpt>
      <trkpt lat="-25.14802719466388225555419921875" lon="-48.8389492034912109375">
        <ele>1533.199951171875</ele>
        <time>2025-03-29T20:42:11.000Z</time>
        <extensions>
          <ns3:TrackPointExtension>
            <ns3:hr>103</ns3:hr>
          </ns3:TrackPointExtension>
        </extensions>
      </trkpt>
      <trkpt lat="-25.14804764650762081146240234375" lon="-48.83894794620573520660400390625">
        <ele>1533.800048828125</ele>
        <time>2025-03-29T20:42:14.000Z</time>
        <extensions>
          <ns3:TrackPointExtension>
            <ns3:hr>102</ns3:hr>
          </ns3:TrackPointExtension>
        </extensions>
      </trkpt>
      <trkpt lat="-25.14808184467256069183349609375" lon="-48.83896462619304656982421875">
        <ele>1534.800048828125</ele>
        <time>2025-03-29T20:42:20.000Z</time>
        <extensions>
          <ns3:TrackPointExtension>
            <ns3:hr>100</ns3:hr>
          </ns3:TrackPointExtension>
        </extensions>
      </trkpt>
      <trkpt lat="-25.148105062544345855712890625" lon="-48.83899756707251071929931640625">
        <ele>1535</ele>
        <time>2025-03-29T20:42:27.000Z</time>
        <extensions>
          <ns3:TrackPointExtension>
            <ns3:hr>100</ns3:hr>
          </ns3:TrackPointExtension>
        </extensions>
      </trkpt>
      <trkpt lat="-25.14813783578574657440185546875" lon="-48.8390181027352809906005859375">
        <ele>1536.4000244140625</ele>
        <time>2025-03-29T20:42:34.000Z</time>
        <extensions>
          <ns3:TrackPointExtension>
            <ns3:hr>99</ns3:hr>
          </ns3:TrackPointExtension>
        </extensions>
      </trkpt>
      <trkpt lat="-25.14816130511462688446044921875" lon="-48.839027993381023406982421875">
        <ele>1537.5999755859375</ele>
        <time>2025-03-29T20:42:39.000Z</time>
        <extensions>
          <ns3:TrackPointExtension>
            <ns3:hr>103</ns3:hr>
          </ns3:TrackPointExtension>
        </extensions>
      </trkpt>
      <trkpt lat="-25.1481704413890838623046875" lon="-48.83903897367417812347412109375">
        <ele>1537.800048828125</ele>
        <time>2025-03-29T20:42:41.000Z</time>
        <extensions>
          <ns3:TrackPointExtension>
            <ns3:hr>100</ns3:hr>
          </ns3:TrackPointExtension>
        </extensions>
      </trkpt>
      <trkpt lat="-25.14818175695836544036865234375" lon="-48.83906294591724872589111328125">
        <ele>1538.199951171875</ele>
        <time>2025-03-29T20:42:44.000Z</time>
        <extensions>
          <ns3:TrackPointExtension>
            <ns3:hr>100</ns3:hr>
          </ns3:TrackPointExtension>
        </extensions>
      </trkpt>
      <trkpt lat="-25.148172788321971893310546875" lon="-48.839074932038784027099609375">
        <ele>1538.800048828125</ele>
        <time>2025-03-29T20:42:50.000Z</time>
        <extensions>
          <ns3:TrackPointExtension>
            <ns3:hr>102</ns3:hr>
          </ns3:TrackPointExtension>
        </extensions>
      </trkpt>
      <trkpt lat="-25.1481722854077816009521484375" lon="-48.83907417766749858856201171875">
        <ele>1540</ele>
        <time>2025-03-29T20:43:01.000Z</time>
        <extensions>
          <ns3:TrackPointExtension>
            <ns3:hr>98</ns3:hr>
          </ns3:TrackPointExtension>
        </extensions>
      </trkpt>
      <trkpt lat="-25.1481722854077816009521484375" lon="-48.83907417766749858856201171875">
        <ele>1540</ele>
        <time>2025-03-29T20:43:02.000Z</time>
        <extensions>
          <ns3:TrackPointExtension>
            <ns3:hr>102</ns3:hr>
          </ns3:TrackPointExtension>
        </extensions>
      </trkpt>
      <trkpt lat="-25.14817236922681331634521484375" lon="-48.83907417766749858856201171875">
        <ele>1540</ele>
        <time>2025-03-29T20:43:05.000Z</time>
        <extensions>
          <ns3:TrackPointExtension>
            <ns3:hr>106</ns3:hr>
          </ns3:TrackPointExtension>
        </extensions>
      </trkpt>
      <trkpt lat="-25.14817236922681331634521484375" lon="-48.83907417766749858856201171875">
        <ele>1540.199951171875</ele>
        <time>2025-03-29T20:43:08.000Z</time>
        <extensions>
          <ns3:TrackPointExtension>
            <ns3:hr>109</ns3:hr>
          </ns3:TrackPointExtension>
        </extensions>
      </trkpt>
      <trkpt lat="-25.14817236922681331634521484375" lon="-48.83907417766749858856201171875">
        <ele>1540.199951171875</ele>
        <time>2025-03-29T20:43:11.000Z</time>
        <extensions>
          <ns3:TrackPointExtension>
            <ns3:hr>112</ns3:hr>
          </ns3:TrackPointExtension>
        </extensions>
      </trkpt>
      <trkpt lat="-25.14817253686487674713134765625" lon="-48.83907417766749858856201171875">
        <ele>1540</ele>
        <time>2025-03-29T20:43:14.000Z</time>
        <extensions>
          <ns3:TrackPointExtension>
            <ns3:hr>115</ns3:hr>
          </ns3:TrackPointExtension>
        </extensions>
      </trkpt>
      <trkpt lat="-25.14817253686487674713134765625" lon="-48.839074261486530303955078125">
        <ele>1539.800048828125</ele>
        <time>2025-03-29T20:43:20.000Z</time>
        <extensions>
          <ns3:TrackPointExtension>
            <ns3:hr>112</ns3:hr>
          </ns3:TrackPointExtension>
        </extensions>
      </trkpt>
      <trkpt lat="-25.14820623211562633514404296875" lon="-48.8391082920134067535400390625">
        <ele>1539.5999755859375</ele>
        <time>2025-03-29T20:43:25.000Z</time>
        <extensions>
          <ns3:TrackPointExtension>
            <ns3:hr>115</ns3:hr>
          </ns3:TrackPointExtension>
        </extensions>
      </trkpt>
      <trkpt lat="-25.14822609722614288330078125" lon="-48.839123211801052093505859375">
        <ele>1539.800048828125</ele>
        <time>2025-03-29T20:43:27.000Z</time>
        <extensions>
          <ns3:TrackPointExtension>
            <ns3:hr>114</ns3:hr>
          </ns3:TrackPointExtension>
        </extensions>
      </trkpt>
      <trkpt lat="-25.14825828373432159423828125" lon="-48.839160762727260589599609375">
        <ele>1541</ele>
        <time>2025-03-29T20:43:33.000Z</time>
        <extensions>
          <ns3:TrackPointExtension>
            <ns3:hr>112</ns3:hr>
          </ns3:TrackPointExtension>
        </extensions>
      </trkpt>
      <trkpt lat="-25.14826339669525623321533203125" lon="-48.83917576633393764495849609375">
        <ele>1543.800048828125</ele>
        <time>2025-03-29T20:43:40.000Z</time>
        <extensions>
          <ns3:TrackPointExtension>
            <ns3:hr>112</ns3:hr>
          </ns3:TrackPointExtension>
        </extensions>
      </trkpt>
      <trkpt lat="-25.1482876203954219818115234375" lon="-48.839209377765655517578125">
        <ele>1544.4000244140625</ele>
        <time>2025-03-29T20:43:47.000Z</time>
        <extensions>
          <ns3:TrackPointExtension>
            <ns3:hr>113</ns3:hr>
          </ns3:TrackPointExtension>
        </extensions>
      </trkpt>
      <trkpt lat="-25.1483013667166233062744140625" lon="-48.83923611603677272796630859375">
        <ele>1545.800048828125</ele>
        <time>2025-03-29T20:43:54.000Z</time>
        <extensions>
          <ns3:TrackPointExtension>
            <ns3:hr>112</ns3:hr>
          </ns3:TrackPointExtension>
        </extensions>
      </trkpt>
      <trkpt lat="-25.14829994179308414459228515625" lon="-48.839235864579677581787109375">
        <ele>1546.800048828125</ele>
        <time>2025-03-29T20:43:58.000Z</time>
        <extensions>
          <ns3:TrackPointExtension>
            <ns3:hr>118</ns3:hr>
          </ns3:TrackPointExtension>
        </extensions>
      </trkpt>
      <trkpt lat="-25.1482996903359889984130859375" lon="-48.839235864579677581787109375">
        <ele>1547</ele>
        <time>2025-03-29T20:44:00.000Z</time>
        <extensions>
          <ns3:TrackPointExtension>
            <ns3:hr>121</ns3:hr>
          </ns3:TrackPointExtension>
        </extensions>
      </trkpt>
      <trkpt lat="-25.1482996903359889984130859375" lon="-48.839235864579677581787109375">
        <ele>1547.199951171875</ele>
        <time>2025-03-29T20:44:01.000Z</time>
        <extensions>
          <ns3:TrackPointExtension>
            <ns3:hr>124</ns3:hr>
          </ns3:TrackPointExtension>
        </extensions>
      </trkpt>
      <trkpt lat="-25.1482996903359889984130859375" lon="-48.839235864579677581787109375">
        <ele>1547.199951171875</ele>
        <time>2025-03-29T20:44:02.000Z</time>
        <extensions>
          <ns3:TrackPointExtension>
            <ns3:hr>128</ns3:hr>
          </ns3:TrackPointExtension>
        </extensions>
      </trkpt>
      <trkpt lat="-25.1482996903359889984130859375" lon="-48.839235864579677581787109375">
        <ele>1547.199951171875</ele>
        <time>2025-03-29T20:44:03.000Z</time>
        <extensions>
          <ns3:TrackPointExtension>
            <ns3:hr>128</ns3:hr>
          </ns3:TrackPointExtension>
        </extensions>
      </trkpt>
      <trkpt lat="-25.14831704087555408477783203125" lon="-48.83928858675062656402587890625">
        <ele>1547.4000244140625</ele>
        <time>2025-03-29T20:44:11.000Z</time>
        <extensions>
          <ns3:TrackPointExtension>
            <ns3:hr>127</ns3:hr>
          </ns3:TrackPointExtension>
        </extensions>
      </trkpt>
      <trkpt lat="-25.1483452878892421722412109375" lon="-48.83936025202274322509765625">
        <ele>1549.199951171875</ele>
        <time>2025-03-29T20:44:18.000Z</time>
        <extensions>
          <ns3:TrackPointExtension>
            <ns3:hr>128</ns3:hr>
          </ns3:TrackPointExtension>
        </extensions>
      </trkpt>
      <trkpt lat="-25.14838946051895618438720703125" lon="-48.83936905302107334136962890625">
        <ele>1552.199951171875</ele>
        <time>2025-03-29T20:44:25.000Z</time>
        <extensions>
          <ns3:TrackPointExtension>
            <ns3:hr>127</ns3:hr>
          </ns3:TrackPointExtension>
        </extensions>
      </trkpt>
      <trkpt lat="-25.1484498940408229827880859375" lon="-48.8393743336200714111328125">
        <ele>1553.199951171875</ele>
        <time>2025-03-29T20:44:33.000Z</time>
        <extensions>
          <ns3:TrackPointExtension>
            <ns3:hr>126</ns3:hr>
          </ns3:TrackPointExtension>
        </extensions>
      </trkpt>
      <trkpt lat="-25.1485146023333072662353515625" lon="-48.83938883431255817413330078125">
        <ele>1553.4000244140625</ele>
        <time>2025-03-29T20:44:43.000Z</time>
        <extensions>
          <ns3:TrackPointExtension>
            <ns3:hr>123</ns3:hr>
          </ns3:TrackPointExtension>
        </extensions>
      </trkpt>
      <trkpt lat="-25.1485645584762096405029296875" lon="-48.83939914405345916748046875">
        <ele>1553.800048828125</ele>
        <time>2025-03-29T20:44:50.000Z</time>
        <extensions>
          <ns3:TrackPointExtension>
            <ns3:hr>120</ns3:hr>
          </ns3:TrackPointExtension>
        </extensions>
      </trkpt>
      <trkpt lat="-25.14858224429190158843994140625" lon="-48.83939838968217372894287109375">
        <ele>1553.800048828125</ele>
        <time>2025-03-29T20:44:52.000Z</time>
        <extensions>
          <ns3:TrackPointExtension>
            <ns3:hr>116</ns3:hr>
          </ns3:TrackPointExtension>
        </extensions>
      </trkpt>
      <trkpt lat="-25.14858878217637538909912109375" lon="-48.839402161538600921630859375">
        <ele>1553.800048828125</ele>
        <time>2025-03-29T20:44:53.000Z</time>
        <extensions>
          <ns3:TrackPointExtension>
            <ns3:hr>114</ns3:hr>
          </ns3:TrackPointExtension>
        </extensions>
      </trkpt>
      <trkpt lat="-25.1486198790371417999267578125" lon="-48.83940945379436016082763671875">
        <ele>1553.800048828125</ele>
        <time>2025-03-29T20:44:58.000Z</time>
        <extensions>
          <ns3:TrackPointExtension>
            <ns3:hr>111</ns3:hr>
          </ns3:TrackPointExtension>
        </extensions>
      </trkpt>
      <trkpt lat="-25.14866572804749011993408203125" lon="-48.83942437358200550079345703125">
        <ele>1553.800048828125</ele>
        <time>2025-03-29T20:45:04.000Z</time>
        <extensions>
          <ns3:TrackPointExtension>
            <ns3:hr>110</ns3:hr>
          </ns3:TrackPointExtension>
        </extensions>
      </trkpt>
      <trkpt lat="-25.14871719293296337127685546875" lon="-48.8394811190664768218994140625">
        <ele>1553.800048828125</ele>
        <time>2025-03-29T20:45:13.000Z</time>
        <extensions>
          <ns3:TrackPointExtension>
            <ns3:hr>107</ns3:hr>
          </ns3:TrackPointExtension>
        </extensions>
      </trkpt>
      <trkpt lat="-25.1487248204648494720458984375" lon="-48.83948539383709430694580078125">
        <ele>1553.800048828125</ele>
        <time>2025-03-29T20:45:14.000Z</time>
        <extensions>
          <ns3:TrackPointExtension>
            <ns3:hr>109</ns3:hr>
          </ns3:TrackPointExtension>
        </extensions>
      </trkpt>
      <trkpt lat="-25.14877335168421268463134765625" lon="-48.83952277712523937225341796875">
        <ele>1555.199951171875</ele>
        <time>2025-03-29T20:45:22.000Z</time>
        <extensions>
          <ns3:TrackPointExtension>
            <ns3:hr>107</ns3:hr>
          </ns3:TrackPointExtension>
        </extensions>
      </trkpt>
      <trkpt lat="-25.14882917515933513641357421875" lon="-48.83955110795795917510986328125">
        <ele>1555.5999755859375</ele>
        <time>2025-03-29T20:45:30.000Z</time>
        <extensions>
          <ns3:TrackPointExtension>
            <ns3:hr>108</ns3:hr>
          </ns3:TrackPointExtension>
        </extensions>
      </trkpt>
      <trkpt lat="-25.14886236749589443206787109375" lon="-48.83955077268183231353759765625">
        <ele>1556</ele>
        <time>2025-03-29T20:45:35.000Z</time>
        <extensions>
          <ns3:TrackPointExtension>
            <ns3:hr>111</ns3:hr>
          </ns3:TrackPointExtension>
        </extensions>
      </trkpt>
      <trkpt lat="-25.1489011757075786590576171875" lon="-48.83957306854426860809326171875">
        <ele>1557.199951171875</ele>
        <time>2025-03-29T20:45:40.000Z</time>
        <extensions>
          <ns3:TrackPointExtension>
            <ns3:hr>113</ns3:hr>
          </ns3:TrackPointExtension>
        </extensions>
      </trkpt>
      <trkpt lat="-25.148960687220096588134765625" lon="-48.83960299193859100341796875">
        <ele>1558.4000244140625</ele>
        <time>2025-03-29T20:45:47.000Z</time>
        <extensions>
          <ns3:TrackPointExtension>
            <ns3:hr>115</ns3:hr>
          </ns3:TrackPointExtension>
        </extensions>
      </trkpt>
      <trkpt lat="-25.14901123009622097015380859375" lon="-48.8396145589649677276611328125">
        <ele>1558.4000244140625</ele>
        <time>2025-03-29T20:45:54.000Z</time>
        <extensions>
          <ns3:TrackPointExtension>
            <ns3:hr>117</ns3:hr>
          </ns3:TrackPointExtension>
        </extensions>
      </trkpt>
      <trkpt lat="-25.1490963064134120941162109375" lon="-48.83962386287748813629150390625">
        <ele>1559</ele>
        <time>2025-03-29T20:46:04.000Z</time>
        <extensions>
          <ns3:TrackPointExtension>
            <ns3:hr>115</ns3:hr>
          </ns3:TrackPointExtension>
        </extensions>
      </trkpt>
      <trkpt lat="-25.14916294254362583160400390625" lon="-48.8396383635699748992919921875">
        <ele>1559.199951171875</ele>
        <time>2025-03-29T20:46:13.000Z</time>
        <extensions>
          <ns3:TrackPointExtension>
            <ns3:hr>117</ns3:hr>
          </ns3:TrackPointExtension>
        </extensions>
      </trkpt>
      <trkpt lat="-25.14922656118869781494140625" lon="-48.83965261280536651611328125">
        <ele>1559.5999755859375</ele>
        <time>2025-03-29T20:46:22.000Z</time>
        <extensions>
          <ns3:TrackPointExtension>
            <ns3:hr>117</ns3:hr>
          </ns3:TrackPointExtension>
        </extensions>
      </trkpt>
      <trkpt lat="-25.14927442185580730438232421875" lon="-48.8396517746150493621826171875">
        <ele>1561.199951171875</ele>
        <time>2025-03-29T20:46:29.000Z</time>
        <extensions>
          <ns3:TrackPointExtension>
            <ns3:hr>120</ns3:hr>
          </ns3:TrackPointExtension>
        </extensions>
      </trkpt>
      <trkpt lat="-25.14929420314729213714599609375" lon="-48.839650936424732208251953125">
        <ele>1562</ele>
        <time>2025-03-29T20:46:32.000Z</time>
        <extensions>
          <ns3:TrackPointExtension>
            <ns3:hr>119</ns3:hr>
          </ns3:TrackPointExtension>
        </extensions>
      </trkpt>
      <trkpt lat="-25.14933921396732330322265625" lon="-48.8396608270704746246337890625">
        <ele>1562.800048828125</ele>
        <time>2025-03-29T20:46:40.000Z</time>
        <extensions>
          <ns3:TrackPointExtension>
            <ns3:hr>123</ns3:hr>
          </ns3:TrackPointExtension>
        </extensions>
      </trkpt>
      <trkpt lat="-25.149340890347957611083984375" lon="-48.8396611623466014862060546875">
        <ele>1562.800048828125</ele>
        <time>2025-03-29T20:46:42.000Z</time>
        <extensions>
          <ns3:TrackPointExtension>
            <ns3:hr>123</ns3:hr>
          </ns3:TrackPointExtension>
        </extensions>
      </trkpt>
      <trkpt lat="-25.14936427585780620574951171875" lon="-48.8396692089736461639404296875">
        <ele>1563</ele>
        <time>2025-03-29T20:46:48.000Z</time>
        <extensions>
          <ns3:TrackPointExtension>
            <ns3:hr>120</ns3:hr>
          </ns3:TrackPointExtension>
        </extensions>
      </trkpt>
      <trkpt lat="-25.14939059503376483917236328125" lon="-48.8396799378097057342529296875">
        <ele>1563.199951171875</ele>
        <time>2025-03-29T20:46:51.000Z</time>
        <extensions>
          <ns3:TrackPointExtension>
            <ns3:hr>117</ns3:hr>
          </ns3:TrackPointExtension>
        </extensions>
      </trkpt>
      <trkpt lat="-25.149397216737270355224609375" lon="-48.83968085981905460357666015625">
        <ele>1563.199951171875</ele>
        <time>2025-03-29T20:46:52.000Z</time>
        <extensions>
          <ns3:TrackPointExtension>
            <ns3:hr>116</ns3:hr>
          </ns3:TrackPointExtension>
        </extensions>
      </trkpt>
      <trkpt lat="-25.14942781068384647369384765625" lon="-48.839683122932910919189453125">
        <ele>1563.5999755859375</ele>
        <time>2025-03-29T20:46:55.000Z</time>
        <extensions>
          <ns3:TrackPointExtension>
            <ns3:hr>116</ns3:hr>
          </ns3:TrackPointExtension>
        </extensions>
      </trkpt>
      <trkpt lat="-25.14945547096431255340576171875" lon="-48.83968706242740154266357421875">
        <ele>1563.5999755859375</ele>
        <time>2025-03-29T20:46:58.000Z</time>
        <extensions>
          <ns3:TrackPointExtension>
            <ns3:hr>117</ns3:hr>
          </ns3:TrackPointExtension>
        </extensions>
      </trkpt>
      <trkpt lat="-25.14946125447750091552734375" lon="-48.83969594724476337432861328125">
        <ele>1563.5999755859375</ele>
        <time>2025-03-29T20:46:59.000Z</time>
        <extensions>
          <ns3:TrackPointExtension>
            <ns3:hr>118</ns3:hr>
          </ns3:TrackPointExtension>
        </extensions>
      </trkpt>
      <trkpt lat="-25.14951766468584537506103515625" lon="-48.83974783122539520263671875">
        <ele>1563</ele>
        <time>2025-03-29T20:47:06.000Z</time>
        <extensions>
          <ns3:TrackPointExtension>
            <ns3:hr>117</ns3:hr>
          </ns3:TrackPointExtension>
        </extensions>
      </trkpt>
      <trkpt lat="-25.1495268009603023529052734375" lon="-48.83975663222372531890869140625">
        <ele>1563</ele>
        <time>2025-03-29T20:47:07.000Z</time>
        <extensions>
          <ns3:TrackPointExtension>
            <ns3:hr>120</ns3:hr>
          </ns3:TrackPointExtension>
        </extensions>
      </trkpt>
      <trkpt lat="-25.14955622144043445587158203125" lon="-48.83981077931821346282958984375">
        <ele>1562.800048828125</ele>
        <time>2025-03-29T20:47:14.000Z</time>
        <extensions>
          <ns3:TrackPointExtension>
            <ns3:hr>117</ns3:hr>
          </ns3:TrackPointExtension>
        </extensions>
      </trkpt>
      <trkpt lat="-25.1495599932968616485595703125" lon="-48.83981128223240375518798828125">
        <ele>1562.5999755859375</ele>
        <time>2025-03-29T20:47:21.000Z</time>
        <extensions>
          <ns3:TrackPointExtension>
            <ns3:hr>114</ns3:hr>
          </ns3:TrackPointExtension>
        </extensions>
      </trkpt>
      <trkpt lat="-25.1495678722858428955078125" lon="-48.83982134051620960235595703125">
        <ele>1562.4000244140625</ele>
        <time>2025-03-29T20:47:26.000Z</time>
        <extensions>
          <ns3:TrackPointExtension>
            <ns3:hr>112</ns3:hr>
          </ns3:TrackPointExtension>
        </extensions>
      </trkpt>
      <trkpt lat="-25.1495687104761600494384765625" lon="-48.83982268162071704864501953125">
        <ele>1562.4000244140625</ele>
        <time>2025-03-29T20:47:30.000Z</time>
        <extensions>
          <ns3:TrackPointExtension>
            <ns3:hr>109</ns3:hr>
          </ns3:TrackPointExtension>
        </extensions>
      </trkpt>
      <trkpt lat="-25.1495673693716526031494140625" lon="-48.83982268162071704864501953125">
        <ele>1563</ele>
        <time>2025-03-29T20:47:44.000Z</time>
        <extensions>
          <ns3:TrackPointExtension>
            <ns3:hr>108</ns3:hr>
          </ns3:TrackPointExtension>
        </extensions>
      </trkpt>
      <trkpt lat="-25.14956141822040081024169921875" lon="-48.83982636965811252593994140625">
        <ele>1562.800048828125</ele>
        <time>2025-03-29T20:47:50.000Z</time>
        <extensions>
          <ns3:TrackPointExtension>
            <ns3:hr>111</ns3:hr>
          </ns3:TrackPointExtension>
        </extensions>
      </trkpt>
      <trkpt lat="-25.14956393279135227203369140625" lon="-48.83982502855360507965087890625">
        <ele>1562.800048828125</ele>
        <time>2025-03-29T20:48:24.000Z</time>
        <extensions>
          <ns3:TrackPointExtension>
            <ns3:hr>108</ns3:hr>
          </ns3:TrackPointExtension>
        </extensions>
      </trkpt>
      <trkpt lat="-25.14956393279135227203369140625" lon="-48.83982502855360507965087890625">
        <ele>1562.800048828125</ele>
        <time>2025-03-29T20:48:25.000Z</time>
        <extensions>
          <ns3:TrackPointExtension>
            <ns3:hr>105</ns3:hr>
          </ns3:TrackPointExtension>
        </extensions>
      </trkpt>
      <trkpt lat="-25.14956393279135227203369140625" lon="-48.83982502855360507965087890625">
        <ele>1562.800048828125</ele>
        <time>2025-03-29T20:48:26.000Z</time>
        <extensions>
          <ns3:TrackPointExtension>
            <ns3:hr>111</ns3:hr>
          </ns3:TrackPointExtension>
        </extensions>
      </trkpt>
      <trkpt lat="-25.1495630107820034027099609375" lon="-48.8398271240293979644775390625">
        <ele>1562</ele>
        <time>2025-03-29T20:48:43.000Z</time>
        <extensions>
          <ns3:TrackPointExtension>
            <ns3:hr>111</ns3:hr>
          </ns3:TrackPointExtension>
        </extensions>
      </trkpt>
      <trkpt lat="-25.1492431573569774627685546875" lon="-48.8396437279880046844482421875">
        <ele>1566.4000244140625</ele>
        <time>2025-03-29T21:34:45.000Z</time>
        <extensions>
          <ns3:TrackPointExtension>
            <ns3:hr>92</ns3:hr>
          </ns3:TrackPointExtension>
        </extensions>
      </trkpt>
      <trkpt lat="-25.14923888258635997772216796875" lon="-48.83964247070252895355224609375">
        <ele>1566.199951171875</ele>
        <time>2025-03-29T21:34:46.000Z</time>
        <extensions>
          <ns3:TrackPointExtension>
            <ns3:hr>92</ns3:hr>
          </ns3:TrackPointExtension>
        </extensions>
      </trkpt>
      <trkpt lat="-25.1492089591920375823974609375" lon="-48.83964188396930694580078125">
        <ele>1565.800048828125</ele>
        <time>2025-03-29T21:34:50.000Z</time>
        <extensions>
          <ns3:TrackPointExtension>
            <ns3:hr>92</ns3:hr>
          </ns3:TrackPointExtension>
        </extensions>
      </trkpt>
      <trkpt lat="-25.14917559921741485595703125" lon="-48.8396397046744823455810546875">
        <ele>1564.800048828125</ele>
        <time>2025-03-29T21:34:57.000Z</time>
        <extensions>
          <ns3:TrackPointExtension>
            <ns3:hr>88</ns3:hr>
          </ns3:TrackPointExtension>
        </extensions>
      </trkpt>
      <trkpt lat="-25.14915489591658115386962890625" lon="-48.839633502066135406494140625">
        <ele>1564.5999755859375</ele>
        <time>2025-03-29T21:34:59.000Z</time>
        <extensions>
          <ns3:TrackPointExtension>
            <ns3:hr>91</ns3:hr>
          </ns3:TrackPointExtension>
        </extensions>
      </trkpt>
      <trkpt lat="-25.1491227932274341583251953125" lon="-48.83962042629718780517578125">
        <ele>1564.199951171875</ele>
        <time>2025-03-29T21:35:02.000Z</time>
        <extensions>
          <ns3:TrackPointExtension>
            <ns3:hr>91</ns3:hr>
          </ns3:TrackPointExtension>
        </extensions>
      </trkpt>
      <trkpt lat="-25.14909069053828716278076171875" lon="-48.83961866609752178192138671875">
        <ele>1563.800048828125</ele>
        <time>2025-03-29T21:35:06.000Z</time>
        <extensions>
          <ns3:TrackPointExtension>
            <ns3:hr>90</ns3:hr>
          </ns3:TrackPointExtension>
        </extensions>
      </trkpt>
      <trkpt lat="-25.1490279100835323333740234375" lon="-48.83961766026914119720458984375">
        <ele>1563.800048828125</ele>
        <time>2025-03-29T21:35:12.000Z</time>
        <extensions>
          <ns3:TrackPointExtension>
            <ns3:hr>91</ns3:hr>
          </ns3:TrackPointExtension>
        </extensions>
      </trkpt>
      <trkpt lat="-25.1489551551640033721923828125" lon="-48.83958899416029453277587890625">
        <ele>1563.800048828125</ele>
        <time>2025-03-29T21:35:20.000Z</time>
        <extensions>
          <ns3:TrackPointExtension>
            <ns3:hr>88</ns3:hr>
          </ns3:TrackPointExtension>
        </extensions>
      </trkpt>
      <trkpt lat="-25.14894400723278522491455078125" lon="-48.83958161808550357818603515625">
        <ele>1563.800048828125</ele>
        <time>2025-03-29T21:35:22.000Z</time>
        <extensions>
          <ns3:TrackPointExtension>
            <ns3:hr>87</ns3:hr>
          </ns3:TrackPointExtension>
        </extensions>
      </trkpt>
      <trkpt lat="-25.148886255919933319091796875" lon="-48.8395823724567890167236328125">
        <ele>1563.199951171875</ele>
        <time>2025-03-29T21:35:28.000Z</time>
        <extensions>
          <ns3:TrackPointExtension>
            <ns3:hr>87</ns3:hr>
          </ns3:TrackPointExtension>
        </extensions>
      </trkpt>
      <trkpt lat="-25.1488780416548252105712890625" lon="-48.83958279155194759368896484375">
        <ele>1563</ele>
        <time>2025-03-29T21:35:29.000Z</time>
        <extensions>
          <ns3:TrackPointExtension>
            <ns3:hr>90</ns3:hr>
          </ns3:TrackPointExtension>
        </extensions>
      </trkpt>
      <trkpt lat="-25.1488686539232730865478515625" lon="-48.8395853899419307708740234375">
        <ele>1563</ele>
        <time>2025-03-29T21:35:30.000Z</time>
        <extensions>
          <ns3:TrackPointExtension>
            <ns3:hr>88</ns3:hr>
          </ns3:TrackPointExtension>
        </extensions>
      </trkpt>
      <trkpt lat="-25.1488535664975643157958984375" lon="-48.8395914249122142791748046875">
        <ele>1562.800048828125</ele>
        <time>2025-03-29T21:35:32.000Z</time>
        <extensions>
          <ns3:TrackPointExtension>
            <ns3:hr>87</ns3:hr>
          </ns3:TrackPointExtension>
        </extensions>
      </trkpt>
      <trkpt lat="-25.1488485373556613922119140625" lon="-48.83958756923675537109375">
        <ele>1562.800048828125</ele>
        <time>2025-03-29T21:35:33.000Z</time>
        <extensions>
          <ns3:TrackPointExtension>
            <ns3:hr>88</ns3:hr>
          </ns3:TrackPointExtension>
        </extensions>
      </trkpt>
      <trkpt lat="-25.14883101917803287506103515625" lon="-48.83955026976764202117919921875">
        <ele>1562.4000244140625</ele>
        <time>2025-03-29T21:35:37.000Z</time>
        <extensions>
          <ns3:TrackPointExtension>
            <ns3:hr>89</ns3:hr>
          </ns3:TrackPointExtension>
        </extensions>
      </trkpt>
      <trkpt lat="-25.1488197036087512969970703125" lon="-48.839541636407375335693359375">
        <ele>1562</ele>
        <time>2025-03-29T21:35:39.000Z</time>
        <extensions>
          <ns3:TrackPointExtension>
            <ns3:hr>86</ns3:hr>
          </ns3:TrackPointExtension>
        </extensions>
      </trkpt>
      <trkpt lat="-25.1488096453249454498291015625" lon="-48.8395367749035358428955078125">
        <ele>1562</ele>
        <time>2025-03-29T21:35:40.000Z</time>
        <extensions>
          <ns3:TrackPointExtension>
            <ns3:hr>87</ns3:hr>
          </ns3:TrackPointExtension>
        </extensions>
      </trkpt>
      <trkpt lat="-25.148757509887218475341796875" lon="-48.83950165472924709320068359375">
        <ele>1560.800048828125</ele>
        <time>2025-03-29T21:35:46.000Z</time>
        <extensions>
          <ns3:TrackPointExtension>
            <ns3:hr>85</ns3:hr>
          </ns3:TrackPointExtension>
        </extensions>
      </trkpt>
      <trkpt lat="-25.1487429253756999969482421875" lon="-48.83949327282607555389404296875">
        <ele>1560.4000244140625</ele>
        <time>2025-03-29T21:35:48.000Z</time>
        <extensions>
          <ns3:TrackPointExtension>
            <ns3:hr>85</ns3:hr>
          </ns3:TrackPointExtension>
        </extensions>
      </trkpt>
      <trkpt lat="-25.14870294369757175445556640625" lon="-48.83946108631789684295654296875">
        <ele>1559.800048828125</ele>
        <time>2025-03-29T21:35:55.000Z</time>
        <extensions>
          <ns3:TrackPointExtension>
            <ns3:hr>85</ns3:hr>
          </ns3:TrackPointExtension>
        </extensions>
      </trkpt>
      <trkpt lat="-25.14864183962345123291015625" lon="-48.8394199311733245849609375">
        <ele>1560</ele>
        <time>2025-03-29T21:36:03.000Z</time>
        <extensions>
          <ns3:TrackPointExtension>
            <ns3:hr>84</ns3:hr>
          </ns3:TrackPointExtension>
        </extensions>
      </trkpt>
      <trkpt lat="-25.1485565118491649627685546875" lon="-48.8393976353108882904052734375">
        <ele>1557.4000244140625</ele>
        <time>2025-03-29T21:36:11.000Z</time>
        <extensions>
          <ns3:TrackPointExtension>
            <ns3:hr>84</ns3:hr>
          </ns3:TrackPointExtension>
        </extensions>
      </trkpt>
      <trkpt lat="-25.14846992678940296173095703125" lon="-48.8393761776387691497802734375">
        <ele>1555.800048828125</ele>
        <time>2025-03-29T21:36:21.000Z</time>
        <extensions>
          <ns3:TrackPointExtension>
            <ns3:hr>84</ns3:hr>
          </ns3:TrackPointExtension>
        </extensions>
      </trkpt>
      <trkpt lat="-25.1484086550772190093994140625" lon="-48.83935916237533092498779296875">
        <ele>1554.199951171875</ele>
        <time>2025-03-29T21:36:29.000Z</time>
        <extensions>
          <ns3:TrackPointExtension>
            <ns3:hr>87</ns3:hr>
          </ns3:TrackPointExtension>
        </extensions>
      </trkpt>
      <trkpt lat="-25.14836062677204608917236328125" lon="-48.83934658952057361602783203125">
        <ele>1555</ele>
        <time>2025-03-29T21:36:38.000Z</time>
        <extensions>
          <ns3:TrackPointExtension>
            <ns3:hr>87</ns3:hr>
          </ns3:TrackPointExtension>
        </extensions>
      </trkpt>
      <trkpt lat="-25.14830790460109710693359375" lon="-48.8393627665936946868896484375">
        <ele>1554.199951171875</ele>
        <time>2025-03-29T21:36:46.000Z</time>
        <extensions>
          <ns3:TrackPointExtension>
            <ns3:hr>86</ns3:hr>
          </ns3:TrackPointExtension>
        </extensions>
      </trkpt>
      <trkpt lat="-25.14826892875134944915771484375" lon="-48.83938372135162353515625">
        <ele>1554.199951171875</ele>
        <time>2025-03-29T21:36:53.000Z</time>
        <extensions>
          <ns3:TrackPointExtension>
            <ns3:hr>87</ns3:hr>
          </ns3:TrackPointExtension>
        </extensions>
      </trkpt>
      <trkpt lat="-25.1482306234538555145263671875" lon="-48.83942437358200550079345703125">
        <ele>1553.5999755859375</ele>
        <time>2025-03-29T21:37:02.000Z</time>
        <extensions>
          <ns3:TrackPointExtension>
            <ns3:hr>87</ns3:hr>
          </ns3:TrackPointExtension>
        </extensions>
      </trkpt>
      <trkpt lat="-25.14820623211562633514404296875" lon="-48.83941523730754852294921875">
        <ele>1552.800048828125</ele>
        <time>2025-03-29T21:37:09.000Z</time>
        <extensions>
          <ns3:TrackPointExtension>
            <ns3:hr>87</ns3:hr>
          </ns3:TrackPointExtension>
        </extensions>
      </trkpt>
      <trkpt lat="-25.14817052520811557769775390625" lon="-48.839457146823406219482421875">
        <ele>1550.4000244140625</ele>
        <time>2025-03-29T21:37:16.000Z</time>
        <extensions>
          <ns3:TrackPointExtension>
            <ns3:hr>85</ns3:hr>
          </ns3:TrackPointExtension>
        </extensions>
      </trkpt>
      <trkpt lat="-25.14814428985118865966796875" lon="-48.83948941715061664581298828125">
        <ele>1549.199951171875</ele>
        <time>2025-03-29T21:37:23.000Z</time>
        <extensions>
          <ns3:TrackPointExtension>
            <ns3:hr>84</ns3:hr>
          </ns3:TrackPointExtension>
        </extensions>
      </trkpt>
      <trkpt lat="-25.1481229998171329498291015625" lon="-48.83952579461038112640380859375">
        <ele>1548.5999755859375</ele>
        <time>2025-03-29T21:37:30.000Z</time>
        <extensions>
          <ns3:TrackPointExtension>
            <ns3:hr>87</ns3:hr>
          </ns3:TrackPointExtension>
        </extensions>
      </trkpt>
      <trkpt lat="-25.14808301813900470733642578125" lon="-48.83956233970820903778076171875">
        <ele>1549</ele>
        <time>2025-03-29T21:37:39.000Z</time>
        <extensions>
          <ns3:TrackPointExtension>
            <ns3:hr>84</ns3:hr>
          </ns3:TrackPointExtension>
        </extensions>
      </trkpt>
      <trkpt lat="-25.1480763964354991912841796875" lon="-48.839568458497524261474609375">
        <ele>1549</ele>
        <time>2025-03-29T21:37:40.000Z</time>
        <extensions>
          <ns3:TrackPointExtension>
            <ns3:hr>86</ns3:hr>
          </ns3:TrackPointExtension>
        </extensions>
      </trkpt>
      <trkpt lat="-25.14804295264184474945068359375" lon="-48.8395984657108783721923828125">
        <ele>1546.800048828125</ele>
        <time>2025-03-29T21:37:48.000Z</time>
        <extensions>
          <ns3:TrackPointExtension>
            <ns3:hr>85</ns3:hr>
          </ns3:TrackPointExtension>
        </extensions>
      </trkpt>
      <trkpt lat="-25.14800942502915859222412109375" lon="-48.83960810489952564239501953125">
        <ele>1544</ele>
        <time>2025-03-29T21:37:57.000Z</time>
        <extensions>
          <ns3:TrackPointExtension>
            <ns3:hr>85</ns3:hr>
          </ns3:TrackPointExtension>
        </extensions>
      </trkpt>
      <trkpt lat="-25.14799115248024463653564453125" lon="-48.83964456617832183837890625">
        <ele>1542.5999755859375</ele>
        <time>2025-03-29T21:38:03.000Z</time>
        <extensions>
          <ns3:TrackPointExtension>
            <ns3:hr>85</ns3:hr>
          </ns3:TrackPointExtension>
        </extensions>
      </trkpt>
      <trkpt lat="-25.1479697786271572113037109375" lon="-48.83968907408416271209716796875">
        <ele>1541.199951171875</ele>
        <time>2025-03-29T21:38:11.000Z</time>
        <extensions>
          <ns3:TrackPointExtension>
            <ns3:hr>85</ns3:hr>
          </ns3:TrackPointExtension>
        </extensions>
      </trkpt>
      <trkpt lat="-25.147956870496273040771484375" lon="-48.8396894931793212890625">
        <ele>1540</ele>
        <time>2025-03-29T21:38:18.000Z</time>
        <extensions>
          <ns3:TrackPointExtension>
            <ns3:hr>81</ns3:hr>
          </ns3:TrackPointExtension>
        </extensions>
      </trkpt>
      <trkpt lat="-25.1479550264775753021240234375" lon="-48.839692175388336181640625">
        <ele>1540</ele>
        <time>2025-03-29T21:38:19.000Z</time>
        <extensions>
          <ns3:TrackPointExtension>
            <ns3:hr>83</ns3:hr>
          </ns3:TrackPointExtension>
        </extensions>
      </trkpt>
      <trkpt lat="-25.1478946767747402191162109375" lon="-48.8397050835192203521728515625">
        <ele>1539</ele>
        <time>2025-03-29T21:38:26.000Z</time>
        <extensions>
          <ns3:TrackPointExtension>
            <ns3:hr>83</ns3:hr>
          </ns3:TrackPointExtension>
        </extensions>
      </trkpt>
      <trkpt lat="-25.14785318635404109954833984375" lon="-48.8396678678691387176513671875">
        <ele>1539.199951171875</ele>
        <time>2025-03-29T21:38:34.000Z</time>
        <extensions>
          <ns3:TrackPointExtension>
            <ns3:hr>83</ns3:hr>
          </ns3:TrackPointExtension>
        </extensions>
      </trkpt>
      <trkpt lat="-25.14787531457841396331787109375" lon="-48.83958329446613788604736328125">
        <ele>1539.4000244140625</ele>
        <time>2025-03-29T21:38:43.000Z</time>
        <extensions>
          <ns3:TrackPointExtension>
            <ns3:hr>86</ns3:hr>
          </ns3:TrackPointExtension>
        </extensions>
      </trkpt>
      <trkpt lat="-25.1478779129683971405029296875" lon="-48.8395716436207294464111328125">
        <ele>1539.4000244140625</ele>
        <time>2025-03-29T21:38:44.000Z</time>
        <extensions>
          <ns3:TrackPointExtension>
            <ns3:hr>87</ns3:hr>
          </ns3:TrackPointExtension>
        </extensions>
      </trkpt>
      <trkpt lat="-25.14789006672799587249755859375" lon="-48.8394869863986968994140625">
        <ele>1539.5999755859375</ele>
        <time>2025-03-29T21:38:52.000Z</time>
        <extensions>
          <ns3:TrackPointExtension>
            <ns3:hr>87</ns3:hr>
          </ns3:TrackPointExtension>
        </extensions>
      </trkpt>
      <trkpt lat="-25.14791253022849559783935546875" lon="-48.83938464336097240447998046875">
        <ele>1537</ele>
        <time>2025-03-29T21:39:02.000Z</time>
        <extensions>
          <ns3:TrackPointExtension>
            <ns3:hr>86</ns3:hr>
          </ns3:TrackPointExtension>
        </extensions>
      </trkpt>
      <trkpt lat="-25.147892497479915618896484375" lon="-48.839357905089855194091796875">
        <ele>1536.199951171875</ele>
        <time>2025-03-29T21:39:09.000Z</time>
        <extensions>
          <ns3:TrackPointExtension>
            <ns3:hr>86</ns3:hr>
          </ns3:TrackPointExtension>
        </extensions>
      </trkpt>
      <trkpt lat="-25.14790691435337066650390625" lon="-48.8393610902130603790283203125">
        <ele>1536.5999755859375</ele>
        <time>2025-03-29T21:39:16.000Z</time>
        <extensions>
          <ns3:TrackPointExtension>
            <ns3:hr>85</ns3:hr>
          </ns3:TrackPointExtension>
        </extensions>
      </trkpt>
      <trkpt lat="-25.14792996458709239959716796875" lon="-48.83934658952057361602783203125">
        <ele>1536.5999755859375</ele>
        <time>2025-03-29T21:39:21.000Z</time>
        <extensions>
          <ns3:TrackPointExtension>
            <ns3:hr>86</ns3:hr>
          </ns3:TrackPointExtension>
        </extensions>
      </trkpt>
      <trkpt lat="-25.147946812212467193603515625" lon="-48.83935212157666683197021484375">
        <ele>1536.800048828125</ele>
        <time>2025-03-29T21:39:27.000Z</time>
        <extensions>
          <ns3:TrackPointExtension>
            <ns3:hr>88</ns3:hr>
          </ns3:TrackPointExtension>
        </extensions>
      </trkpt>
      <trkpt lat="-25.14790532179176807403564453125" lon="-48.83938129059970378875732421875">
        <ele>1536.5999755859375</ele>
        <time>2025-03-29T21:39:33.000Z</time>
        <extensions>
          <ns3:TrackPointExtension>
            <ns3:hr>88</ns3:hr>
          </ns3:TrackPointExtension>
        </extensions>
      </trkpt>
      <trkpt lat="-25.14789710752665996551513671875" lon="-48.8393631018698215484619140625">
        <ele>1537.199951171875</ele>
        <time>2025-03-29T21:39:37.000Z</time>
        <extensions>
          <ns3:TrackPointExtension>
            <ns3:hr>91</ns3:hr>
          </ns3:TrackPointExtension>
        </extensions>
      </trkpt>
      <trkpt lat="-25.14789610169827938079833984375" lon="-48.83935715071856975555419921875">
        <ele>1537.199951171875</ele>
        <time>2025-03-29T21:39:38.000Z</time>
        <extensions>
          <ns3:TrackPointExtension>
            <ns3:hr>92</ns3:hr>
          </ns3:TrackPointExtension>
        </extensions>
      </trkpt>
      <trkpt lat="-25.14789241366088390350341796875" lon="-48.8393289037048816680908203125">
        <ele>1537.5999755859375</ele>
        <time>2025-03-29T21:39:47.000Z</time>
        <extensions>
          <ns3:TrackPointExtension>
            <ns3:hr>94</ns3:hr>
          </ns3:TrackPointExtension>
        </extensions>
      </trkpt>
      <trkpt lat="-25.14789258129894733428955078125" lon="-48.8393272273242473602294921875">
        <ele>1536.800048828125</ele>
        <time>2025-03-29T21:40:03.000Z</time>
        <extensions>
          <ns3:TrackPointExtension>
            <ns3:hr>94</ns3:hr>
          </ns3:TrackPointExtension>
        </extensions>
      </trkpt>
      <trkpt lat="-25.14786760322749614715576171875" lon="-48.83932278491556644439697265625">
        <ele>1536.800048828125</ele>
        <time>2025-03-29T21:40:35.000Z</time>
        <extensions>
          <ns3:TrackPointExtension>
            <ns3:hr>91</ns3:hr>
          </ns3:TrackPointExtension>
        </extensions>
      </trkpt>
      <trkpt lat="-25.147842206060886383056640625" lon="-48.83933820761740207672119140625">
        <ele>1536.800048828125</ele>
        <time>2025-03-29T21:40:45.000Z</time>
        <extensions>
          <ns3:TrackPointExtension>
            <ns3:hr>94</ns3:hr>
          </ns3:TrackPointExtension>
        </extensions>
      </trkpt>
      <trkpt lat="-25.14783742837607860565185546875" lon="-48.83934122510254383087158203125">
        <ele>1536.800048828125</ele>
        <time>2025-03-29T21:40:48.000Z</time>
        <extensions>
          <ns3:TrackPointExtension>
            <ns3:hr>91</ns3:hr>
          </ns3:TrackPointExtension>
        </extensions>
      </trkpt>
      <trkpt lat="-25.14783726073801517486572265625" lon="-48.83934306912124156951904296875">
        <ele>1535.4000244140625</ele>
        <time>2025-03-29T21:41:23.000Z</time>
        <extensions>
          <ns3:TrackPointExtension>
            <ns3:hr>88</ns3:hr>
          </ns3:TrackPointExtension>
        </extensions>
      </trkpt>
      <trkpt lat="-25.14774003066122531890869140625" lon="-48.83933435194194316864013671875">
        <ele>1533.5999755859375</ele>
        <time>2025-03-29T21:41:56.000Z</time>
        <extensions>
          <ns3:TrackPointExtension>
            <ns3:hr>87</ns3:hr>
          </ns3:TrackPointExtension>
        </extensions>
      </trkpt>
      <trkpt lat="-25.1477246917784214019775390625" lon="-48.83934122510254383087158203125">
        <ele>1533.4000244140625</ele>
        <time>2025-03-29T21:41:57.000Z</time>
        <extensions>
          <ns3:TrackPointExtension>
            <ns3:hr>85</ns3:hr>
          </ns3:TrackPointExtension>
        </extensions>
      </trkpt>
      <trkpt lat="-25.1476884819567203521728515625" lon="-48.839349858462810516357421875">
        <ele>1532.199951171875</ele>
        <time>2025-03-29T21:42:04.000Z</time>
        <extensions>
          <ns3:TrackPointExtension>
            <ns3:hr>87</ns3:hr>
          </ns3:TrackPointExtension>
        </extensions>
      </trkpt>
      <trkpt lat="-25.14768538065254688262939453125" lon="-48.83935145102441310882568359375">
        <ele>1531.800048828125</ele>
        <time>2025-03-29T21:42:07.000Z</time>
        <extensions>
          <ns3:TrackPointExtension>
            <ns3:hr>90</ns3:hr>
          </ns3:TrackPointExtension>
        </extensions>
      </trkpt>
      <trkpt lat="-25.14768739230930805206298828125" lon="-48.8393567316234111785888671875">
        <ele>1531.5999755859375</ele>
        <time>2025-03-29T21:42:10.000Z</time>
        <extensions>
          <ns3:TrackPointExtension>
            <ns3:hr>91</ns3:hr>
          </ns3:TrackPointExtension>
        </extensions>
      </trkpt>
      <trkpt lat="-25.14768739230930805206298828125" lon="-48.8393567316234111785888671875">
        <ele>1531.4000244140625</ele>
        <time>2025-03-29T21:42:11.000Z</time>
        <extensions>
          <ns3:TrackPointExtension>
            <ns3:hr>94</ns3:hr>
          </ns3:TrackPointExtension>
        </extensions>
      </trkpt>
      <trkpt lat="-25.14768739230930805206298828125" lon="-48.8393567316234111785888671875">
        <ele>1531.5999755859375</ele>
        <time>2025-03-29T21:42:22.000Z</time>
        <extensions>
          <ns3:TrackPointExtension>
            <ns3:hr>97</ns3:hr>
          </ns3:TrackPointExtension>
        </extensions>
      </trkpt>
      <trkpt lat="-25.14768789522349834442138671875" lon="-48.839356563985347747802734375">
        <ele>1531.4000244140625</ele>
        <time>2025-03-29T21:42:31.000Z</time>
        <extensions>
          <ns3:TrackPointExtension>
            <ns3:hr>94</ns3:hr>
          </ns3:TrackPointExtension>
        </extensions>
      </trkpt>
      <trkpt lat="-25.1476794295012950897216796875" lon="-48.839386403560638427734375">
        <ele>1531.199951171875</ele>
        <time>2025-03-29T21:42:39.000Z</time>
        <extensions>
          <ns3:TrackPointExtension>
            <ns3:hr>99</ns3:hr>
          </ns3:TrackPointExtension>
        </extensions>
      </trkpt>
      <trkpt lat="-25.1476676948368549346923828125" lon="-48.839423954486846923828125">
        <ele>1531</ele>
        <time>2025-03-29T21:42:41.000Z</time>
        <extensions>
          <ns3:TrackPointExtension>
            <ns3:hr>104</ns3:hr>
          </ns3:TrackPointExtension>
        </extensions>
      </trkpt>
      <trkpt lat="-25.14766057021915912628173828125" lon="-48.8394445739686489105224609375">
        <ele>1530.800048828125</ele>
        <time>2025-03-29T21:42:42.000Z</time>
        <extensions>
          <ns3:TrackPointExtension>
            <ns3:hr>106</ns3:hr>
          </ns3:TrackPointExtension>
        </extensions>
      </trkpt>
      <trkpt lat="-25.14765344560146331787109375" lon="-48.8394628465175628662109375">
        <ele>1530.5999755859375</ele>
        <time>2025-03-29T21:42:43.000Z</time>
        <extensions>
          <ns3:TrackPointExtension>
            <ns3:hr>110</ns3:hr>
          </ns3:TrackPointExtension>
        </extensions>
      </trkpt>
      <trkpt lat="-25.1476479135453701019287109375" lon="-48.83948363363742828369140625">
        <ele>1530.199951171875</ele>
        <time>2025-03-29T21:42:44.000Z</time>
        <extensions>
          <ns3:TrackPointExtension>
            <ns3:hr>109</ns3:hr>
          </ns3:TrackPointExtension>
        </extensions>
      </trkpt>
      <trkpt lat="-25.1476200856268405914306640625" lon="-48.839605338871479034423828125">
        <ele>1526.800048828125</ele>
        <time>2025-03-29T21:42:53.000Z</time>
        <extensions>
          <ns3:TrackPointExtension>
            <ns3:hr>111</ns3:hr>
          </ns3:TrackPointExtension>
        </extensions>
      </trkpt>
      <trkpt lat="-25.147611200809478759765625" lon="-48.8396393693983554840087890625">
        <ele>1526</ele>
        <time>2025-03-29T21:42:56.000Z</time>
        <extensions>
          <ns3:TrackPointExtension>
            <ns3:hr>107</ns3:hr>
          </ns3:TrackPointExtension>
        </extensions>
      </trkpt>
      <trkpt lat="-25.1475966162979602813720703125" lon="-48.83967381902039051055908203125">
        <ele>1525.4000244140625</ele>
        <time>2025-03-29T21:42:59.000Z</time>
        <extensions>
          <ns3:TrackPointExtension>
            <ns3:hr>111</ns3:hr>
          </ns3:TrackPointExtension>
        </extensions>
      </trkpt>
      <trkpt lat="-25.14758580364286899566650390625" lon="-48.83970064111053943634033203125">
        <ele>1525.199951171875</ele>
        <time>2025-03-29T21:43:02.000Z</time>
        <extensions>
          <ns3:TrackPointExtension>
            <ns3:hr>108</ns3:hr>
          </ns3:TrackPointExtension>
        </extensions>
      </trkpt>
      <trkpt lat="-25.14758060686290264129638671875" lon="-48.839713297784328460693359375">
        <ele>1525</ele>
        <time>2025-03-29T21:43:03.000Z</time>
        <extensions>
          <ns3:TrackPointExtension>
            <ns3:hr>108</ns3:hr>
          </ns3:TrackPointExtension>
        </extensions>
      </trkpt>
      <trkpt lat="-25.1475503481924533843994140625" lon="-48.8397882319986820220947265625">
        <ele>1524.4000244140625</ele>
        <time>2025-03-29T21:43:11.000Z</time>
        <extensions>
          <ns3:TrackPointExtension>
            <ns3:hr>103</ns3:hr>
          </ns3:TrackPointExtension>
        </extensions>
      </trkpt>
      <trkpt lat="-25.1475433073937892913818359375" lon="-48.8397942669689655303955078125">
        <ele>1524.4000244140625</ele>
        <time>2025-03-29T21:43:12.000Z</time>
        <extensions>
          <ns3:TrackPointExtension>
            <ns3:hr>107</ns3:hr>
          </ns3:TrackPointExtension>
        </extensions>
      </trkpt>
      <trkpt lat="-25.14753484167158603668212890625" lon="-48.8398033194243907928466796875">
        <ele>1524.199951171875</ele>
        <time>2025-03-29T21:43:14.000Z</time>
        <extensions>
          <ns3:TrackPointExtension>
            <ns3:hr>106</ns3:hr>
          </ns3:TrackPointExtension>
        </extensions>
      </trkpt>
      <trkpt lat="-25.1475114561617374420166015625" lon="-48.83985553868114948272705078125">
        <ele>1524</ele>
        <time>2025-03-29T21:43:22.000Z</time>
        <extensions>
          <ns3:TrackPointExtension>
            <ns3:hr>105</ns3:hr>
          </ns3:TrackPointExtension>
        </extensions>
      </trkpt>
      <trkpt lat="-25.14745789580047130584716796875" lon="-48.839946649968624114990234375">
        <ele>1524</ele>
        <time>2025-03-29T21:43:33.000Z</time>
        <extensions>
          <ns3:TrackPointExtension>
            <ns3:hr>107</ns3:hr>
          </ns3:TrackPointExtension>
        </extensions>
      </trkpt>
      <trkpt lat="-25.14743643812835216522216796875" lon="-48.83996416814625263214111328125">
        <ele>1524.199951171875</ele>
        <time>2025-03-29T21:43:37.000Z</time>
        <extensions>
          <ns3:TrackPointExtension>
            <ns3:hr>103</ns3:hr>
          </ns3:TrackPointExtension>
        </extensions>
      </trkpt>
      <trkpt lat="-25.14739335514605045318603515625" lon="-48.840023092925548553466796875">
        <ele>1523.4000244140625</ele>
        <time>2025-03-29T21:43:45.000Z</time>
        <extensions>
          <ns3:TrackPointExtension>
            <ns3:hr>101</ns3:hr>
          </ns3:TrackPointExtension>
        </extensions>
      </trkpt>
      <trkpt lat="-25.147341303527355194091796875" lon="-48.84005452506244182586669921875">
        <ele>1522.5999755859375</ele>
        <time>2025-03-29T21:43:51.000Z</time>
        <extensions>
          <ns3:TrackPointExtension>
            <ns3:hr>101</ns3:hr>
          </ns3:TrackPointExtension>
        </extensions>
      </trkpt>
      <trkpt lat="-25.1473062671720981597900390625" lon="-48.84006022475659847259521484375">
        <ele>1521.4000244140625</ele>
        <time>2025-03-29T21:43:56.000Z</time>
        <extensions>
          <ns3:TrackPointExtension>
            <ns3:hr>98</ns3:hr>
          </ns3:TrackPointExtension>
        </extensions>
      </trkpt>
      <trkpt lat="-25.1472955383360385894775390625" lon="-48.840056955814361572265625">
        <ele>1520.800048828125</ele>
        <time>2025-03-29T21:43:58.000Z</time>
        <extensions>
          <ns3:TrackPointExtension>
            <ns3:hr>100</ns3:hr>
          </ns3:TrackPointExtension>
        </extensions>
      </trkpt>
      <trkpt lat="-25.1472496055066585540771484375" lon="-48.84007732383906841278076171875">
        <ele>1519.199951171875</ele>
        <time>2025-03-29T21:44:05.000Z</time>
        <extensions>
          <ns3:TrackPointExtension>
            <ns3:hr>102</ns3:hr>
          </ns3:TrackPointExtension>
        </extensions>
      </trkpt>
      <trkpt lat="-25.1472423970699310302734375" lon="-48.840086124837398529052734375">
        <ele>1519</ele>
        <time>2025-03-29T21:44:06.000Z</time>
        <extensions>
          <ns3:TrackPointExtension>
            <ns3:hr>99</ns3:hr>
          </ns3:TrackPointExtension>
        </extensions>
      </trkpt>
      <trkpt lat="-25.1472231186926364898681640625" lon="-48.8401265256106853485107421875">
        <ele>1517.4000244140625</ele>
        <time>2025-03-29T21:44:11.000Z</time>
        <extensions>
          <ns3:TrackPointExtension>
            <ns3:hr>96</ns3:hr>
          </ns3:TrackPointExtension>
        </extensions>
      </trkpt>
      <trkpt lat="-25.147214233875274658203125" lon="-48.84014303795993328094482421875">
        <ele>1517</ele>
        <time>2025-03-29T21:44:13.000Z</time>
        <extensions>
          <ns3:TrackPointExtension>
            <ns3:hr>97</ns3:hr>
          </ns3:TrackPointExtension>
        </extensions>
      </trkpt>
      <trkpt lat="-25.147167630493640899658203125" lon="-48.84020221419632434844970703125">
        <ele>1515.5999755859375</ele>
        <time>2025-03-29T21:44:22.000Z</time>
        <extensions>
          <ns3:TrackPointExtension>
            <ns3:hr>95</ns3:hr>
          </ns3:TrackPointExtension>
        </extensions>
      </trkpt>
      <trkpt lat="-25.14714357443153858184814453125" lon="-48.8402299582958221435546875">
        <ele>1515</ele>
        <time>2025-03-29T21:44:26.000Z</time>
        <extensions>
          <ns3:TrackPointExtension>
            <ns3:hr>93</ns3:hr>
          </ns3:TrackPointExtension>
        </extensions>
      </trkpt>
      <trkpt lat="-25.1471312530338764190673828125" lon="-48.840240351855754852294921875">
        <ele>1514.5999755859375</ele>
        <time>2025-03-29T21:44:28.000Z</time>
        <extensions>
          <ns3:TrackPointExtension>
            <ns3:hr>92</ns3:hr>
          </ns3:TrackPointExtension>
        </extensions>
      </trkpt>
      <trkpt lat="-25.14711876399815082550048828125" lon="-48.8402388431131839752197265625">
        <ele>1514.199951171875</ele>
        <time>2025-03-29T21:44:30.000Z</time>
        <extensions>
          <ns3:TrackPointExtension>
            <ns3:hr>91</ns3:hr>
          </ns3:TrackPointExtension>
        </extensions>
      </trkpt>
      <trkpt lat="-25.14708356000483036041259765625" lon="-48.84023959748446941375732421875">
        <ele>1513.800048828125</ele>
        <time>2025-03-29T21:44:37.000Z</time>
        <extensions>
          <ns3:TrackPointExtension>
            <ns3:hr>90</ns3:hr>
          </ns3:TrackPointExtension>
        </extensions>
      </trkpt>
      <trkpt lat="-25.1470574922859668731689453125" lon="-48.84027228690683841705322265625">
        <ele>1513</ele>
        <time>2025-03-29T21:44:43.000Z</time>
        <extensions>
          <ns3:TrackPointExtension>
            <ns3:hr>91</ns3:hr>
          </ns3:TrackPointExtension>
        </extensions>
      </trkpt>
      <trkpt lat="-25.14703293330967426300048828125" lon="-48.84032718837261199951171875">
        <ele>1511</ele>
        <time>2025-03-29T21:44:50.000Z</time>
        <extensions>
          <ns3:TrackPointExtension>
            <ns3:hr>87</ns3:hr>
          </ns3:TrackPointExtension>
        </extensions>
      </trkpt>
      <trkpt lat="-25.1470197737216949462890625" lon="-48.84034487418830394744873046875">
        <ele>1510.199951171875</ele>
        <time>2025-03-29T21:44:54.000Z</time>
        <extensions>
          <ns3:TrackPointExtension>
            <ns3:hr>88</ns3:hr>
          </ns3:TrackPointExtension>
        </extensions>
      </trkpt>
      <trkpt lat="-25.1470051892101764678955078125" lon="-48.8403605483472347259521484375">
        <ele>1509.800048828125</ele>
        <time>2025-03-29T21:44:57.000Z</time>
        <extensions>
          <ns3:TrackPointExtension>
            <ns3:hr>85</ns3:hr>
          </ns3:TrackPointExtension>
        </extensions>
      </trkpt>
      <trkpt lat="-25.1469857431948184967041015625" lon="-48.84037253446877002716064453125">
        <ele>1509.5999755859375</ele>
        <time>2025-03-29T21:45:00.000Z</time>
        <extensions>
          <ns3:TrackPointExtension>
            <ns3:hr>88</ns3:hr>
          </ns3:TrackPointExtension>
        </extensions>
      </trkpt>
      <trkpt lat="-25.14696772210299968719482421875" lon="-48.8403873704373836517333984375">
        <ele>1509.4000244140625</ele>
        <time>2025-03-29T21:45:04.000Z</time>
        <extensions>
          <ns3:TrackPointExtension>
            <ns3:hr>85</ns3:hr>
          </ns3:TrackPointExtension>
        </extensions>
      </trkpt>
      <trkpt lat="-25.1469548977911472320556640625" lon="-48.840401954948902130126953125">
        <ele>1509.4000244140625</ele>
        <time>2025-03-29T21:45:09.000Z</time>
        <extensions>
          <ns3:TrackPointExtension>
            <ns3:hr>89</ns3:hr>
          </ns3:TrackPointExtension>
        </extensions>
      </trkpt>
      <trkpt lat="-25.1469528861343860626220703125" lon="-48.8404111750423908233642578125">
        <ele>1509.4000244140625</ele>
        <time>2025-03-29T21:45:12.000Z</time>
        <extensions>
          <ns3:TrackPointExtension>
            <ns3:hr>88</ns3:hr>
          </ns3:TrackPointExtension>
        </extensions>
      </trkpt>
      <trkpt lat="-25.1469394750893115997314453125" lon="-48.8404383324086666107177734375">
        <ele>1509.199951171875</ele>
        <time>2025-03-29T21:45:16.000Z</time>
        <extensions>
          <ns3:TrackPointExtension>
            <ns3:hr>85</ns3:hr>
          </ns3:TrackPointExtension>
        </extensions>
      </trkpt>
      <trkpt lat="-25.1469377987086772918701171875" lon="-48.84044378064572811126708984375">
        <ele>1509.199951171875</ele>
        <time>2025-03-29T21:45:17.000Z</time>
        <extensions>
          <ns3:TrackPointExtension>
            <ns3:hr>88</ns3:hr>
          </ns3:TrackPointExtension>
        </extensions>
      </trkpt>
      <trkpt lat="-25.14693318866193294525146484375" lon="-48.84045719169080257415771484375">
        <ele>1509.199951171875</ele>
        <time>2025-03-29T21:45:20.000Z</time>
        <extensions>
          <ns3:TrackPointExtension>
            <ns3:hr>88</ns3:hr>
          </ns3:TrackPointExtension>
        </extensions>
      </trkpt>
      <trkpt lat="-25.14692765660583972930908203125" lon="-48.84047462604939937591552734375">
        <ele>1509.4000244140625</ele>
        <time>2025-03-29T21:45:28.000Z</time>
        <extensions>
          <ns3:TrackPointExtension>
            <ns3:hr>87</ns3:hr>
          </ns3:TrackPointExtension>
        </extensions>
      </trkpt>
      <trkpt lat="-25.14692698605358600616455078125" lon="-48.84047814644873142242431640625">
        <ele>1510.5999755859375</ele>
        <time>2025-03-29T21:45:42.000Z</time>
        <extensions>
          <ns3:TrackPointExtension>
            <ns3:hr>84</ns3:hr>
          </ns3:TrackPointExtension>
        </extensions>
      </trkpt>
      <trkpt lat="-25.1469260640442371368408203125" lon="-48.84047814644873142242431640625">
        <ele>1510.800048828125</ele>
        <time>2025-03-29T21:45:52.000Z</time>
        <extensions>
          <ns3:TrackPointExtension>
            <ns3:hr>81</ns3:hr>
          </ns3:TrackPointExtension>
        </extensions>
      </trkpt>
      <trkpt lat="-25.14692514203488826751708984375" lon="-48.8404819183051586151123046875">
        <ele>1510.800048828125</ele>
        <time>2025-03-29T21:45:59.000Z</time>
        <extensions>
          <ns3:TrackPointExtension>
            <ns3:hr>84</ns3:hr>
          </ns3:TrackPointExtension>
        </extensions>
      </trkpt>
      <trkpt lat="-25.146916843950748443603515625" lon="-48.8404896296560764312744140625">
        <ele>1511.199951171875</ele>
        <time>2025-03-29T21:46:20.000Z</time>
        <extensions>
          <ns3:TrackPointExtension>
            <ns3:hr>87</ns3:hr>
          </ns3:TrackPointExtension>
        </extensions>
      </trkpt>
      <trkpt lat="-25.146874599158763885498046875" lon="-48.8405456207692623138427734375">
        <ele>1511</ele>
        <time>2025-03-29T21:46:24.000Z</time>
        <extensions>
          <ns3:TrackPointExtension>
            <ns3:hr>84</ns3:hr>
          </ns3:TrackPointExtension>
        </extensions>
      </trkpt>
      <trkpt lat="-25.14686194248497486114501953125" lon="-48.84055827744305133819580078125">
        <ele>1510.800048828125</ele>
        <time>2025-03-29T21:46:25.000Z</time>
        <extensions>
          <ns3:TrackPointExtension>
            <ns3:hr>84</ns3:hr>
          </ns3:TrackPointExtension>
        </extensions>
      </trkpt>
      <trkpt lat="-25.14682464301586151123046875" lon="-48.84060706011950969696044921875">
        <ele>1508.800048828125</ele>
        <time>2025-03-29T21:46:30.000Z</time>
        <extensions>
          <ns3:TrackPointExtension>
            <ns3:hr>87</ns3:hr>
          </ns3:TrackPointExtension>
        </extensions>
      </trkpt>
      <trkpt lat="-25.14680008403956890106201171875" lon="-48.84063723497092723846435546875">
        <ele>1507.5999755859375</ele>
        <time>2025-03-29T21:46:33.000Z</time>
        <extensions>
          <ns3:TrackPointExtension>
            <ns3:hr>86</ns3:hr>
          </ns3:TrackPointExtension>
        </extensions>
      </trkpt>
      <trkpt lat="-25.1467460207641124725341796875" lon="-48.8406834192574024200439453125">
        <ele>1506.199951171875</ele>
        <time>2025-03-29T21:46:40.000Z</time>
        <extensions>
          <ns3:TrackPointExtension>
            <ns3:hr>88</ns3:hr>
          </ns3:TrackPointExtension>
        </extensions>
      </trkpt>
      <trkpt lat="-25.1466863416135311126708984375" lon="-48.84077620692551136016845703125">
        <ele>1504.4000244140625</ele>
        <time>2025-03-29T21:46:48.000Z</time>
        <extensions>
          <ns3:TrackPointExtension>
            <ns3:hr>90</ns3:hr>
          </ns3:TrackPointExtension>
        </extensions>
      </trkpt>
      <trkpt lat="-25.146629512310028076171875" lon="-48.8408969901502132415771484375">
        <ele>1502.5999755859375</ele>
        <time>2025-03-29T21:46:57.000Z</time>
        <extensions>
          <ns3:TrackPointExtension>
            <ns3:hr>90</ns3:hr>
          </ns3:TrackPointExtension>
        </extensions>
      </trkpt>
      <trkpt lat="-25.14663345180451869964599609375" lon="-48.84095214307308197021484375">
        <ele>1501.5999755859375</ele>
        <time>2025-03-29T21:47:02.000Z</time>
        <extensions>
          <ns3:TrackPointExtension>
            <ns3:hr>93</ns3:hr>
          </ns3:TrackPointExtension>
        </extensions>
      </trkpt>
      <trkpt lat="-25.1466383971273899078369140625" lon="-48.84096228517591953277587890625">
        <ele>1501.4000244140625</ele>
        <time>2025-03-29T21:47:03.000Z</time>
        <extensions>
          <ns3:TrackPointExtension>
            <ns3:hr>93</ns3:hr>
          </ns3:TrackPointExtension>
        </extensions>
      </trkpt>
      <trkpt lat="-25.14663982205092906951904296875" lon="-48.84102012030780315399169921875">
        <ele>1498.5999755859375</ele>
        <time>2025-03-29T21:47:10.000Z</time>
        <extensions>
          <ns3:TrackPointExtension>
            <ns3:hr>93</ns3:hr>
          </ns3:TrackPointExtension>
        </extensions>
      </trkpt>
      <trkpt lat="-25.14663152396678924560546875" lon="-48.84106219746172428131103515625">
        <ele>1496.5999755859375</ele>
        <time>2025-03-29T21:47:18.000Z</time>
        <extensions>
          <ns3:TrackPointExtension>
            <ns3:hr>94</ns3:hr>
          </ns3:TrackPointExtension>
        </extensions>
      </trkpt>
      <trkpt lat="-25.1466313563287258148193359375" lon="-48.84109036065638065338134765625">
        <ele>1496.199951171875</ele>
        <time>2025-03-29T21:47:25.000Z</time>
        <extensions>
          <ns3:TrackPointExtension>
            <ns3:hr>90</ns3:hr>
          </ns3:TrackPointExtension>
        </extensions>
      </trkpt>
      <trkpt lat="-25.14662942849099636077880859375" lon="-48.84109673090279102325439453125">
        <ele>1496.199951171875</ele>
        <time>2025-03-29T21:47:26.000Z</time>
        <extensions>
          <ns3:TrackPointExtension>
            <ns3:hr>91</ns3:hr>
          </ns3:TrackPointExtension>
        </extensions>
      </trkpt>
      <trkpt lat="-25.14662825502455234527587890625" lon="-48.84109840728342533111572265625">
        <ele>1496.4000244140625</ele>
        <time>2025-03-29T21:47:27.000Z</time>
        <extensions>
          <ns3:TrackPointExtension>
            <ns3:hr>94</ns3:hr>
          </ns3:TrackPointExtension>
        </extensions>
      </trkpt>
      <trkpt lat="-25.1466254889965057373046875" lon="-48.8410803861916065216064453125">
        <ele>1496.4000244140625</ele>
        <time>2025-03-29T21:47:34.000Z</time>
        <extensions>
          <ns3:TrackPointExtension>
            <ns3:hr>92</ns3:hr>
          </ns3:TrackPointExtension>
        </extensions>
      </trkpt>
      <trkpt lat="-25.1466276682913303375244140625" lon="-48.8410428352653980255126953125">
        <ele>1497.4000244140625</ele>
        <time>2025-03-29T21:47:44.000Z</time>
        <extensions>
          <ns3:TrackPointExtension>
            <ns3:hr>91</ns3:hr>
          </ns3:TrackPointExtension>
        </extensions>
      </trkpt>
      <trkpt lat="-25.1465991698205471038818359375" lon="-48.84097133763134479522705078125">
        <ele>1498.5999755859375</ele>
        <time>2025-03-29T21:47:52.000Z</time>
        <extensions>
          <ns3:TrackPointExtension>
            <ns3:hr>96</ns3:hr>
          </ns3:TrackPointExtension>
        </extensions>
      </trkpt>
      <trkpt lat="-25.1465954817831516265869140625" lon="-48.84097083471715450286865234375">
        <ele>1498.800048828125</ele>
        <time>2025-03-29T21:47:53.000Z</time>
        <extensions>
          <ns3:TrackPointExtension>
            <ns3:hr>93</ns3:hr>
          </ns3:TrackPointExtension>
        </extensions>
      </trkpt>
      <trkpt lat="-25.14656455256044864654541015625" lon="-48.84098893962800502777099609375">
        <ele>1500.4000244140625</ele>
        <time>2025-03-29T21:47:59.000Z</time>
        <extensions>
          <ns3:TrackPointExtension>
            <ns3:hr>92</ns3:hr>
          </ns3:TrackPointExtension>
        </extensions>
      </trkpt>
      <trkpt lat="-25.14652691781520843505859375" lon="-48.8409935496747493743896484375">
        <ele>1501</ele>
        <time>2025-03-29T21:48:05.000Z</time>
        <extensions>
          <ns3:TrackPointExtension>
            <ns3:hr>92</ns3:hr>
          </ns3:TrackPointExtension>
        </extensions>
      </trkpt>
      <trkpt lat="-25.14649934135377407073974609375" lon="-48.8410502113401889801025390625">
        <ele>1499.800048828125</ele>
        <time>2025-03-29T21:48:13.000Z</time>
        <extensions>
          <ns3:TrackPointExtension>
            <ns3:hr>89</ns3:hr>
          </ns3:TrackPointExtension>
        </extensions>
      </trkpt>
      <trkpt lat="-25.1464891992509365081787109375" lon="-48.841062448918819427490234375">
        <ele>1499.4000244140625</ele>
        <time>2025-03-29T21:48:15.000Z</time>
        <extensions>
          <ns3:TrackPointExtension>
            <ns3:hr>92</ns3:hr>
          </ns3:TrackPointExtension>
        </extensions>
      </trkpt>
      <trkpt lat="-25.14648324809968471527099609375" lon="-48.84107041172683238983154296875">
        <ele>1499.4000244140625</ele>
        <time>2025-03-29T21:48:16.000Z</time>
        <extensions>
          <ns3:TrackPointExtension>
            <ns3:hr>89</ns3:hr>
          </ns3:TrackPointExtension>
        </extensions>
      </trkpt>
      <trkpt lat="-25.14644787646830081939697265625" lon="-48.84107544086873531341552734375">
        <ele>1498.4000244140625</ele>
        <time>2025-03-29T21:48:22.000Z</time>
        <extensions>
          <ns3:TrackPointExtension>
            <ns3:hr>90</ns3:hr>
          </ns3:TrackPointExtension>
        </extensions>
      </trkpt>
      <trkpt lat="-25.14640496112406253814697265625" lon="-48.841075189411640167236328125">
        <ele>1498</ele>
        <time>2025-03-29T21:48:29.000Z</time>
        <extensions>
          <ns3:TrackPointExtension>
            <ns3:hr>88</ns3:hr>
          </ns3:TrackPointExtension>
        </extensions>
      </trkpt>
      <trkpt lat="-25.14638249762356281280517578125" lon="-48.84106152690947055816650390625">
        <ele>1497.4000244140625</ele>
        <time>2025-03-29T21:48:33.000Z</time>
        <extensions>
          <ns3:TrackPointExtension>
            <ns3:hr>93</ns3:hr>
          </ns3:TrackPointExtension>
        </extensions>
      </trkpt>
      <trkpt lat="-25.14637143351137638092041015625" lon="-48.84105406701564788818359375">
        <ele>1497.199951171875</ele>
        <time>2025-03-29T21:48:35.000Z</time>
        <extensions>
          <ns3:TrackPointExtension>
            <ns3:hr>97</ns3:hr>
          </ns3:TrackPointExtension>
        </extensions>
      </trkpt>
      <trkpt lat="-25.14636808075010776519775390625" lon="-48.84105272591114044189453125">
        <ele>1497</ele>
        <time>2025-03-29T21:48:36.000Z</time>
        <extensions>
          <ns3:TrackPointExtension>
            <ns3:hr>101</ns3:hr>
          </ns3:TrackPointExtension>
        </extensions>
      </trkpt>
      <trkpt lat="-25.14635550789535045623779296875" lon="-48.8410458527505397796630859375">
        <ele>1496.5999755859375</ele>
        <time>2025-03-29T21:48:38.000Z</time>
        <extensions>
          <ns3:TrackPointExtension>
            <ns3:hr>99</ns3:hr>
          </ns3:TrackPointExtension>
        </extensions>
      </trkpt>
      <trkpt lat="-25.1463503949344158172607421875" lon="-48.84104409255087375640869140625">
        <ele>1496.5999755859375</ele>
        <time>2025-03-29T21:48:39.000Z</time>
        <extensions>
          <ns3:TrackPointExtension>
            <ns3:hr>102</ns3:hr>
          </ns3:TrackPointExtension>
        </extensions>
      </trkpt>
      <trkpt lat="-25.146343521773815155029296875" lon="-48.841030262410640716552734375">
        <ele>1496.4000244140625</ele>
        <time>2025-03-29T21:48:42.000Z</time>
        <extensions>
          <ns3:TrackPointExtension>
            <ns3:hr>105</ns3:hr>
          </ns3:TrackPointExtension>
        </extensions>
      </trkpt>
      <trkpt lat="-25.14633941464126110076904296875" lon="-48.84101894684135913848876953125">
        <ele>1496.199951171875</ele>
        <time>2025-03-29T21:48:44.000Z</time>
        <extensions>
          <ns3:TrackPointExtension>
            <ns3:hr>100</ns3:hr>
          </ns3:TrackPointExtension>
        </extensions>
      </trkpt>
      <trkpt lat="-25.1463339664041996002197265625" lon="-48.84101123549044132232666015625">
        <ele>1496.199951171875</ele>
        <time>2025-03-29T21:48:45.000Z</time>
        <extensions>
          <ns3:TrackPointExtension>
            <ns3:hr>100</ns3:hr>
          </ns3:TrackPointExtension>
        </extensions>
      </trkpt>
      <trkpt lat="-25.14632885344326496124267578125" lon="-48.840990029275417327880859375">
        <ele>1494.800048828125</ele>
        <time>2025-03-29T21:48:51.000Z</time>
        <extensions>
          <ns3:TrackPointExtension>
            <ns3:hr>99</ns3:hr>
          </ns3:TrackPointExtension>
        </extensions>
      </trkpt>
      <trkpt lat="-25.1463185437023639678955078125" lon="-48.84097762405872344970703125">
        <ele>1493.4000244140625</ele>
        <time>2025-03-29T21:48:58.000Z</time>
        <extensions>
          <ns3:TrackPointExtension>
            <ns3:hr>96</ns3:hr>
          </ns3:TrackPointExtension>
        </extensions>
      </trkpt>
      <trkpt lat="-25.1463081501424312591552734375" lon="-48.84097301401197910308837890625">
        <ele>1493</ele>
        <time>2025-03-29T21:49:00.000Z</time>
        <extensions>
          <ns3:TrackPointExtension>
            <ns3:hr>96</ns3:hr>
          </ns3:TrackPointExtension>
        </extensions>
      </trkpt>
      <trkpt lat="-25.1462933979928493499755859375" lon="-48.84098558686673641204833984375">
        <ele>1491.5999755859375</ele>
        <time>2025-03-29T21:49:07.000Z</time>
        <extensions>
          <ns3:TrackPointExtension>
            <ns3:hr>95</ns3:hr>
          </ns3:TrackPointExtension>
        </extensions>
      </trkpt>
      <trkpt lat="-25.14628258533775806427001953125" lon="-48.84100117720663547515869140625">
        <ele>1490.5999755859375</ele>
        <time>2025-03-29T21:49:14.000Z</time>
        <extensions>
          <ns3:TrackPointExtension>
            <ns3:hr>94</ns3:hr>
          </ns3:TrackPointExtension>
        </extensions>
      </trkpt>
      <trkpt lat="-25.14627118594944477081298828125" lon="-48.84100771509110927581787109375">
        <ele>1489.5999755859375</ele>
        <time>2025-03-29T21:49:20.000Z</time>
        <extensions>
          <ns3:TrackPointExtension>
            <ns3:hr>91</ns3:hr>
          </ns3:TrackPointExtension>
        </extensions>
      </trkpt>
      <trkpt lat="-25.14622977934777736663818359375" lon="-48.84099832735955715179443359375">
        <ele>1489.199951171875</ele>
        <time>2025-03-29T21:49:24.000Z</time>
        <extensions>
          <ns3:TrackPointExtension>
            <ns3:hr>90</ns3:hr>
          </ns3:TrackPointExtension>
        </extensions>
      </trkpt>
      <trkpt lat="-25.14618895947933197021484375" lon="-48.8409828208386898040771484375">
        <ele>1488.4000244140625</ele>
        <time>2025-03-29T21:49:30.000Z</time>
        <extensions>
          <ns3:TrackPointExtension>
            <ns3:hr>90</ns3:hr>
          </ns3:TrackPointExtension>
        </extensions>
      </trkpt>
      <trkpt lat="-25.1461619697511196136474609375" lon="-48.8409757800400257110595703125">
        <ele>1488</ele>
        <time>2025-03-29T21:49:36.000Z</time>
        <extensions>
          <ns3:TrackPointExtension>
            <ns3:hr>89</ns3:hr>
          </ns3:TrackPointExtension>
        </extensions>
      </trkpt>
      <trkpt lat="-25.14614336192607879638671875" lon="-48.841027580201625823974609375">
        <ele>1488.199951171875</ele>
        <time>2025-03-29T21:49:43.000Z</time>
        <extensions>
          <ns3:TrackPointExtension>
            <ns3:hr>88</ns3:hr>
          </ns3:TrackPointExtension>
        </extensions>
      </trkpt>
      <trkpt lat="-25.146115534007549285888671875" lon="-48.84108080528676509857177734375">
        <ele>1487.5999755859375</ele>
        <time>2025-03-29T21:49:53.000Z</time>
        <extensions>
          <ns3:TrackPointExtension>
            <ns3:hr>86</ns3:hr>
          </ns3:TrackPointExtension>
        </extensions>
      </trkpt>
      <trkpt lat="-25.14610656537115573883056640625" lon="-48.8410840742290019989013671875">
        <ele>1487.199951171875</ele>
        <time>2025-03-29T21:49:55.000Z</time>
        <extensions>
          <ns3:TrackPointExtension>
            <ns3:hr>89</ns3:hr>
          </ns3:TrackPointExtension>
        </extensions>
      </trkpt>
      <trkpt lat="-25.1460917294025421142578125" lon="-48.84111106395721435546875">
        <ele>1487</ele>
        <time>2025-03-29T21:49:58.000Z</time>
        <extensions>
          <ns3:TrackPointExtension>
            <ns3:hr>91</ns3:hr>
          </ns3:TrackPointExtension>
        </extensions>
      </trkpt>
      <trkpt lat="-25.1460729539394378662109375" lon="-48.841194212436676025390625">
        <ele>1486.4000244140625</ele>
        <time>2025-03-29T21:50:06.000Z</time>
        <extensions>
          <ns3:TrackPointExtension>
            <ns3:hr>92</ns3:hr>
          </ns3:TrackPointExtension>
        </extensions>
      </trkpt>
      <trkpt lat="-25.14601889066398143768310546875" lon="-48.84123436175286769866943359375">
        <ele>1484.800048828125</ele>
        <time>2025-03-29T21:50:13.000Z</time>
        <extensions>
          <ns3:TrackPointExtension>
            <ns3:hr>90</ns3:hr>
          </ns3:TrackPointExtension>
        </extensions>
      </trkpt>
      <trkpt lat="-25.14600195921957492828369140625" lon="-48.8412379659712314605712890625">
        <ele>1484.5999755859375</ele>
        <time>2025-03-29T21:50:15.000Z</time>
        <extensions>
          <ns3:TrackPointExtension>
            <ns3:hr>93</ns3:hr>
          </ns3:TrackPointExtension>
        </extensions>
      </trkpt>
      <trkpt lat="-25.1459648273885250091552734375" lon="-48.841243498027324676513671875">
        <ele>1484.199951171875</ele>
        <time>2025-03-29T21:50:19.000Z</time>
        <extensions>
          <ns3:TrackPointExtension>
            <ns3:hr>96</ns3:hr>
          </ns3:TrackPointExtension>
        </extensions>
      </trkpt>
      <trkpt lat="-25.145955272018909454345703125" lon="-48.84124659933149814605712890625">
        <ele>1484.199951171875</ele>
        <time>2025-03-29T21:50:20.000Z</time>
        <extensions>
          <ns3:TrackPointExtension>
            <ns3:hr>97</ns3:hr>
          </ns3:TrackPointExtension>
        </extensions>
      </trkpt>
      <trkpt lat="-25.14594554901123046875" lon="-48.8412554003298282623291015625">
        <ele>1484</ele>
        <time>2025-03-29T21:50:21.000Z</time>
        <extensions>
          <ns3:TrackPointExtension>
            <ns3:hr>98</ns3:hr>
          </ns3:TrackPointExtension>
        </extensions>
      </trkpt>
      <trkpt lat="-25.14593012630939483642578125" lon="-48.84127107448875904083251953125">
        <ele>1483.800048828125</ele>
        <time>2025-03-29T21:50:23.000Z</time>
        <extensions>
          <ns3:TrackPointExtension>
            <ns3:hr>102</ns3:hr>
          </ns3:TrackPointExtension>
        </extensions>
      </trkpt>
      <trkpt lat="-25.1459044776856899261474609375" lon="-48.84133829735219478607177734375">
        <ele>1483.199951171875</ele>
        <time>2025-03-29T21:50:30.000Z</time>
        <extensions>
          <ns3:TrackPointExtension>
            <ns3:hr>103</ns3:hr>
          </ns3:TrackPointExtension>
        </extensions>
      </trkpt>
      <trkpt lat="-25.1458924077451229095458984375" lon="-48.84134533815085887908935546875">
        <ele>1482.800048828125</ele>
        <time>2025-03-29T21:50:32.000Z</time>
        <extensions>
          <ns3:TrackPointExtension>
            <ns3:hr>103</ns3:hr>
          </ns3:TrackPointExtension>
        </extensions>
      </trkpt>
      <trkpt lat="-25.14587824232876300811767578125" lon="-48.84135187603533267974853515625">
        <ele>1482.199951171875</ele>
        <time>2025-03-29T21:50:36.000Z</time>
        <extensions>
          <ns3:TrackPointExtension>
            <ns3:hr>102</ns3:hr>
          </ns3:TrackPointExtension>
        </extensions>
      </trkpt>
      <trkpt lat="-25.14588075689971446990966796875" lon="-48.84135673753917217254638671875">
        <ele>1481.4000244140625</ele>
        <time>2025-03-29T21:50:42.000Z</time>
        <extensions>
          <ns3:TrackPointExtension>
            <ns3:hr>101</ns3:hr>
          </ns3:TrackPointExtension>
        </extensions>
      </trkpt>
      <trkpt lat="-25.14586969278752803802490234375" lon="-48.8414223678410053253173828125">
        <ele>1481</ele>
        <time>2025-03-29T21:50:49.000Z</time>
        <extensions>
          <ns3:TrackPointExtension>
            <ns3:hr>102</ns3:hr>
          </ns3:TrackPointExtension>
        </extensions>
      </trkpt>
      <trkpt lat="-25.1458639092743396759033203125" lon="-48.841430582106113433837890625">
        <ele>1480.800048828125</ele>
        <time>2025-03-29T21:50:50.000Z</time>
        <extensions>
          <ns3:TrackPointExtension>
            <ns3:hr>99</ns3:hr>
          </ns3:TrackPointExtension>
        </extensions>
      </trkpt>
      <trkpt lat="-25.14586986042559146881103515625" lon="-48.8414753414690494537353515625">
        <ele>1478.800048828125</ele>
        <time>2025-03-29T21:50:56.000Z</time>
        <extensions>
          <ns3:TrackPointExtension>
            <ns3:hr>99</ns3:hr>
          </ns3:TrackPointExtension>
        </extensions>
      </trkpt>
      <trkpt lat="-25.14586307108402252197265625" lon="-48.84150459431111812591552734375">
        <ele>1477.4000244140625</ele>
        <time>2025-03-29T21:51:00.000Z</time>
        <extensions>
          <ns3:TrackPointExtension>
            <ns3:hr>102</ns3:hr>
          </ns3:TrackPointExtension>
        </extensions>
      </trkpt>
      <trkpt lat="-25.14586047269403934478759765625" lon="-48.84152219630777835845947265625">
        <ele>1476.4000244140625</ele>
        <time>2025-03-29T21:51:03.000Z</time>
        <extensions>
          <ns3:TrackPointExtension>
            <ns3:hr>101</ns3:hr>
          </ns3:TrackPointExtension>
        </extensions>
      </trkpt>
      <trkpt lat="-25.14585946686565876007080078125" lon="-48.84158187545835971832275390625">
        <ele>1473.800048828125</ele>
        <time>2025-03-29T21:51:11.000Z</time>
        <extensions>
          <ns3:TrackPointExtension>
            <ns3:hr>101</ns3:hr>
          </ns3:TrackPointExtension>
        </extensions>
      </trkpt>
      <trkpt lat="-25.14585125260055065155029296875" lon="-48.84161506779491901397705078125">
        <ele>1473</ele>
        <time>2025-03-29T21:51:19.000Z</time>
        <extensions>
          <ns3:TrackPointExtension>
            <ns3:hr>101</ns3:hr>
          </ns3:TrackPointExtension>
        </extensions>
      </trkpt>
      <trkpt lat="-25.14584739692509174346923828125" lon="-48.841630406677722930908203125">
        <ele>1472.800048828125</ele>
        <time>2025-03-29T21:51:23.000Z</time>
        <extensions>
          <ns3:TrackPointExtension>
            <ns3:hr>98</ns3:hr>
          </ns3:TrackPointExtension>
        </extensions>
      </trkpt>
      <trkpt lat="-25.14583222568035125732421875" lon="-48.84163266979157924652099609375">
        <ele>1472.5999755859375</ele>
        <time>2025-03-29T21:51:25.000Z</time>
        <extensions>
          <ns3:TrackPointExtension>
            <ns3:hr>99</ns3:hr>
          </ns3:TrackPointExtension>
        </extensions>
      </trkpt>
      <trkpt lat="-25.145793668925762176513671875" lon="-48.8416704721748828887939453125">
        <ele>1472</ele>
        <time>2025-03-29T21:51:32.000Z</time>
        <extensions>
          <ns3:TrackPointExtension>
            <ns3:hr>97</ns3:hr>
          </ns3:TrackPointExtension>
        </extensions>
      </trkpt>
      <trkpt lat="-25.1457985304296016693115234375" lon="-48.84170760400593280792236328125">
        <ele>1472.199951171875</ele>
        <time>2025-03-29T21:51:38.000Z</time>
        <extensions>
          <ns3:TrackPointExtension>
            <ns3:hr>97</ns3:hr>
          </ns3:TrackPointExtension>
        </extensions>
      </trkpt>
      <trkpt lat="-25.1457720436155796051025390625" lon="-48.8417412154376506805419921875">
        <ele>1471.4000244140625</ele>
        <time>2025-03-29T21:51:44.000Z</time>
        <extensions>
          <ns3:TrackPointExtension>
            <ns3:hr>96</ns3:hr>
          </ns3:TrackPointExtension>
        </extensions>
      </trkpt>
      <trkpt lat="-25.145723931491374969482421875" lon="-48.841748423874378204345703125">
        <ele>1470.4000244140625</ele>
        <time>2025-03-29T21:51:52.000Z</time>
        <extensions>
          <ns3:TrackPointExtension>
            <ns3:hr>97</ns3:hr>
          </ns3:TrackPointExtension>
        </extensions>
      </trkpt>
      <trkpt lat="-25.14570255763828754425048828125" lon="-48.84173761121928691864013671875">
        <ele>1470.5999755859375</ele>
        <time>2025-03-29T21:51:54.000Z</time>
        <extensions>
          <ns3:TrackPointExtension>
            <ns3:hr>98</ns3:hr>
          </ns3:TrackPointExtension>
        </extensions>
      </trkpt>
      <trkpt lat="-25.1456627435982227325439453125" lon="-48.841739036142826080322265625">
        <ele>1471</ele>
        <time>2025-03-29T21:51:58.000Z</time>
        <extensions>
          <ns3:TrackPointExtension>
            <ns3:hr>99</ns3:hr>
          </ns3:TrackPointExtension>
        </extensions>
      </trkpt>
      <trkpt lat="-25.1456258632242679595947265625" lon="-48.84174649603664875030517578125">
        <ele>1471</ele>
        <time>2025-03-29T21:52:02.000Z</time>
        <extensions>
          <ns3:TrackPointExtension>
            <ns3:hr>96</ns3:hr>
          </ns3:TrackPointExtension>
        </extensions>
      </trkpt>
      <trkpt lat="-25.1455973647534847259521484375" lon="-48.84175756014883518218994140625">
        <ele>1470.800048828125</ele>
        <time>2025-03-29T21:52:06.000Z</time>
        <extensions>
          <ns3:TrackPointExtension>
            <ns3:hr>98</ns3:hr>
          </ns3:TrackPointExtension>
        </extensions>
      </trkpt>
      <trkpt lat="-25.14558018185198307037353515625" lon="-48.8417717255651950836181640625">
        <ele>1470.800048828125</ele>
        <time>2025-03-29T21:52:09.000Z</time>
        <extensions>
          <ns3:TrackPointExtension>
            <ns3:hr>101</ns3:hr>
          </ns3:TrackPointExtension>
        </extensions>
      </trkpt>
      <trkpt lat="-25.1455453969538211822509765625" lon="-48.84177449159324169158935546875">
        <ele>1470.800048828125</ele>
        <time>2025-03-29T21:52:13.000Z</time>
        <extensions>
          <ns3:TrackPointExtension>
            <ns3:hr>98</ns3:hr>
          </ns3:TrackPointExtension>
        </extensions>
      </trkpt>
      <trkpt lat="-25.145541541278362274169921875" lon="-48.84177616797387599945068359375">
        <ele>1470.5999755859375</ele>
        <time>2025-03-29T21:52:14.000Z</time>
        <extensions>
          <ns3:TrackPointExtension>
            <ns3:hr>99</ns3:hr>
          </ns3:TrackPointExtension>
        </extensions>
      </trkpt>
      <trkpt lat="-25.14553391374647617340087890625" lon="-48.84178337641060352325439453125">
        <ele>1470.4000244140625</ele>
        <time>2025-03-29T21:52:15.000Z</time>
        <extensions>
          <ns3:TrackPointExtension>
            <ns3:hr>99</ns3:hr>
          </ns3:TrackPointExtension>
        </extensions>
      </trkpt>
      <trkpt lat="-25.1454857178032398223876953125" lon="-48.8418312370777130126953125">
        <ele>1468.5999755859375</ele>
        <time>2025-03-29T21:52:22.000Z</time>
        <extensions>
          <ns3:TrackPointExtension>
            <ns3:hr>99</ns3:hr>
          </ns3:TrackPointExtension>
        </extensions>
      </trkpt>
      <trkpt lat="-25.14546736143529415130615234375" lon="-48.84188630618155002593994140625">
        <ele>1465.800048828125</ele>
        <time>2025-03-29T21:52:29.000Z</time>
        <extensions>
          <ns3:TrackPointExtension>
            <ns3:hr>99</ns3:hr>
          </ns3:TrackPointExtension>
        </extensions>
      </trkpt>
      <trkpt lat="-25.14547104947268962860107421875" lon="-48.8419118709862232208251953125">
        <ele>1464.800048828125</ele>
        <time>2025-03-29T21:52:32.000Z</time>
        <extensions>
          <ns3:TrackPointExtension>
            <ns3:hr>98</ns3:hr>
          </ns3:TrackPointExtension>
        </extensions>
      </trkpt>
      <trkpt lat="-25.145483203232288360595703125" lon="-48.841944225132465362548828125">
        <ele>1462.800048828125</ele>
        <time>2025-03-29T21:52:36.000Z</time>
        <extensions>
          <ns3:TrackPointExtension>
            <ns3:hr>98</ns3:hr>
          </ns3:TrackPointExtension>
        </extensions>
      </trkpt>
      <trkpt lat="-25.145453698933124542236328125" lon="-48.84198881685733795166015625">
        <ele>1459.800048828125</ele>
        <time>2025-03-29T21:52:44.000Z</time>
        <extensions>
          <ns3:TrackPointExtension>
            <ns3:hr>97</ns3:hr>
          </ns3:TrackPointExtension>
        </extensions>
      </trkpt>
      <trkpt lat="-25.1454163156449794769287109375" lon="-48.84200633503496646881103515625">
        <ele>1459.5999755859375</ele>
        <time>2025-03-29T21:52:51.000Z</time>
        <extensions>
          <ns3:TrackPointExtension>
            <ns3:hr>96</ns3:hr>
          </ns3:TrackPointExtension>
        </extensions>
      </trkpt>
      <trkpt lat="-25.14538471587002277374267578125" lon="-48.84209350682795047760009765625">
        <ele>1457.4000244140625</ele>
        <time>2025-03-29T21:53:01.000Z</time>
        <extensions>
          <ns3:TrackPointExtension>
            <ns3:hr>94</ns3:hr>
          </ns3:TrackPointExtension>
        </extensions>
      </trkpt>
      <trkpt lat="-25.1453680358827114105224609375" lon="-48.84215922094881534576416015625">
        <ele>1454.5999755859375</ele>
        <time>2025-03-29T21:53:09.000Z</time>
        <extensions>
          <ns3:TrackPointExtension>
            <ns3:hr>95</ns3:hr>
          </ns3:TrackPointExtension>
        </extensions>
      </trkpt>
      <trkpt lat="-25.14533895067870616912841796875" lon="-48.842246644198894500732421875">
        <ele>1450.800048828125</ele>
        <time>2025-03-29T21:53:18.000Z</time>
        <extensions>
          <ns3:TrackPointExtension>
            <ns3:hr>95</ns3:hr>
          </ns3:TrackPointExtension>
        </extensions>
      </trkpt>
      <trkpt lat="-25.14534129761159420013427734375" lon="-48.8422893919050693511962890625">
        <ele>1449.4000244140625</ele>
        <time>2025-03-29T21:53:22.000Z</time>
        <extensions>
          <ns3:TrackPointExtension>
            <ns3:hr>95</ns3:hr>
          </ns3:TrackPointExtension>
        </extensions>
      </trkpt>
      <trkpt lat="-25.14534465037286281585693359375" lon="-48.842306323349475860595703125">
        <ele>1448.5999755859375</ele>
        <time>2025-03-29T21:53:25.000Z</time>
        <extensions>
          <ns3:TrackPointExtension>
            <ns3:hr>96</ns3:hr>
          </ns3:TrackPointExtension>
        </extensions>
      </trkpt>
      <trkpt lat="-25.1453455723822116851806640625" lon="-48.8423326425254344940185546875">
        <ele>1448</ele>
        <time>2025-03-29T21:53:28.000Z</time>
        <extensions>
          <ns3:TrackPointExtension>
            <ns3:hr>97</ns3:hr>
          </ns3:TrackPointExtension>
        </extensions>
      </trkpt>
      <trkpt lat="-25.14533123932778835296630859375" lon="-48.842326439917087554931640625">
        <ele>1447.4000244140625</ele>
        <time>2025-03-29T21:53:30.000Z</time>
        <extensions>
          <ns3:TrackPointExtension>
            <ns3:hr>97</ns3:hr>
          </ns3:TrackPointExtension>
        </extensions>
      </trkpt>
      <trkpt lat="-25.1453219354152679443359375" lon="-48.84232015348970890045166015625">
        <ele>1447.199951171875</ele>
        <time>2025-03-29T21:53:31.000Z</time>
        <extensions>
          <ns3:TrackPointExtension>
            <ns3:hr>98</ns3:hr>
          </ns3:TrackPointExtension>
        </extensions>
      </trkpt>
      <trkpt lat="-25.14528765343129634857177734375" lon="-48.84231646545231342315673828125">
        <ele>1446.5999755859375</ele>
        <time>2025-03-29T21:53:34.000Z</time>
        <extensions>
          <ns3:TrackPointExtension>
            <ns3:hr>97</ns3:hr>
          </ns3:TrackPointExtension>
        </extensions>
      </trkpt>
      <trkpt lat="-25.1452761702239513397216796875" lon="-48.84232853539288043975830078125">
        <ele>1446.4000244140625</ele>
        <time>2025-03-29T21:53:36.000Z</time>
        <extensions>
          <ns3:TrackPointExtension>
            <ns3:hr>96</ns3:hr>
          </ns3:TrackPointExtension>
        </extensions>
      </trkpt>
      <trkpt lat="-25.1452557183802127838134765625" lon="-48.84236700832843780517578125">
        <ele>1444.5999755859375</ele>
        <time>2025-03-29T21:53:44.000Z</time>
        <extensions>
          <ns3:TrackPointExtension>
            <ns3:hr>95</ns3:hr>
          </ns3:TrackPointExtension>
        </extensions>
      </trkpt>
      <trkpt lat="-25.14524616301059722900390625" lon="-48.84239693172276020050048828125">
        <ele>1443.800048828125</ele>
        <time>2025-03-29T21:53:48.000Z</time>
        <extensions>
          <ns3:TrackPointExtension>
            <ns3:hr>98</ns3:hr>
          </ns3:TrackPointExtension>
        </extensions>
      </trkpt>
      <trkpt lat="-25.1452468335628509521484375" lon="-48.84240078739821910858154296875">
        <ele>1443.199951171875</ele>
        <time>2025-03-29T21:53:51.000Z</time>
        <extensions>
          <ns3:TrackPointExtension>
            <ns3:hr>99</ns3:hr>
          </ns3:TrackPointExtension>
        </extensions>
      </trkpt>
      <trkpt lat="-25.1452486775815486907958984375" lon="-48.8424037210643291473388671875">
        <ele>1443</ele>
        <time>2025-03-29T21:53:53.000Z</time>
        <extensions>
          <ns3:TrackPointExtension>
            <ns3:hr>96</ns3:hr>
          </ns3:TrackPointExtension>
        </extensions>
      </trkpt>
      <trkpt lat="-25.145251192152500152587890625" lon="-48.8424050621688365936279296875">
        <ele>1442.800048828125</ele>
        <time>2025-03-29T21:53:58.000Z</time>
        <extensions>
          <ns3:TrackPointExtension>
            <ns3:hr>96</ns3:hr>
          </ns3:TrackPointExtension>
        </extensions>
      </trkpt>
      <trkpt lat="-25.14526820741593837738037109375" lon="-48.84242308326065540313720703125">
        <ele>1442.5999755859375</ele>
        <time>2025-03-29T21:54:03.000Z</time>
        <extensions>
          <ns3:TrackPointExtension>
            <ns3:hr>99</ns3:hr>
          </ns3:TrackPointExtension>
        </extensions>
      </trkpt>
      <trkpt lat="-25.14527457766234874725341796875" lon="-48.842444457113742828369140625">
        <ele>1442.4000244140625</ele>
        <time>2025-03-29T21:54:06.000Z</time>
        <extensions>
          <ns3:TrackPointExtension>
            <ns3:hr>98</ns3:hr>
          </ns3:TrackPointExtension>
        </extensions>
      </trkpt>
      <trkpt lat="-25.1452778466045856475830078125" lon="-48.84245409630239009857177734375">
        <ele>1441.800048828125</ele>
        <time>2025-03-29T21:54:12.000Z</time>
        <extensions>
          <ns3:TrackPointExtension>
            <ns3:hr>101</ns3:hr>
          </ns3:TrackPointExtension>
        </extensions>
      </trkpt>
      <trkpt lat="-25.14527675695717334747314453125" lon="-48.84245149791240692138671875">
        <ele>1441.800048828125</ele>
        <time>2025-03-29T21:54:13.000Z</time>
        <extensions>
          <ns3:TrackPointExtension>
            <ns3:hr>98</ns3:hr>
          </ns3:TrackPointExtension>
        </extensions>
      </trkpt>
      <trkpt lat="-25.1452754996716976165771484375" lon="-48.84244923479855060577392578125">
        <ele>1441.4000244140625</ele>
        <time>2025-03-29T21:54:23.000Z</time>
        <extensions>
          <ns3:TrackPointExtension>
            <ns3:hr>98</ns3:hr>
          </ns3:TrackPointExtension>
        </extensions>
      </trkpt>
      <trkpt lat="-25.1453345082700252532958984375" lon="-48.84242735803127288818359375">
        <ele>1441.4000244140625</ele>
        <time>2025-03-29T21:54:28.000Z</time>
        <extensions>
          <ns3:TrackPointExtension>
            <ns3:hr>98</ns3:hr>
          </ns3:TrackPointExtension>
        </extensions>
      </trkpt>
      <trkpt lat="-25.14541891403496265411376953125" lon="-48.84243138134479522705078125">
        <ele>1442.5999755859375</ele>
        <time>2025-03-29T21:54:34.000Z</time>
        <extensions>
          <ns3:TrackPointExtension>
            <ns3:hr>101</ns3:hr>
          </ns3:TrackPointExtension>
        </extensions>
      </trkpt>
      <trkpt lat="-25.14544506557285785675048828125" lon="-48.8424375839531421661376953125">
        <ele>1443</ele>
        <time>2025-03-29T21:54:37.000Z</time>
        <extensions>
          <ns3:TrackPointExtension>
            <ns3:hr>99</ns3:hr>
          </ns3:TrackPointExtension>
        </extensions>
      </trkpt>
      <trkpt lat="-25.14545344747602939605712890625" lon="-48.84244085289537906646728515625">
        <ele>1442.800048828125</ele>
        <time>2025-03-29T21:54:38.000Z</time>
        <extensions>
          <ns3:TrackPointExtension>
            <ns3:hr>99</ns3:hr>
          </ns3:TrackPointExtension>
        </extensions>
      </trkpt>
      <trkpt lat="-25.14545780606567859649658203125" lon="-48.84246583096683025360107421875">
        <ele>1442.4000244140625</ele>
        <time>2025-03-29T21:54:42.000Z</time>
        <extensions>
          <ns3:TrackPointExtension>
            <ns3:hr>99</ns3:hr>
          </ns3:TrackPointExtension>
        </extensions>
      </trkpt>
      <trkpt lat="-25.145455710589885711669921875" lon="-48.8425136916339397430419921875">
        <ele>1442</ele>
        <time>2025-03-29T21:54:49.000Z</time>
        <extensions>
          <ns3:TrackPointExtension>
            <ns3:hr>99</ns3:hr>
          </ns3:TrackPointExtension>
        </extensions>
      </trkpt>
      <trkpt lat="-25.1454488374292850494384765625" lon="-48.84253540076315402984619140625">
        <ele>1441</ele>
        <time>2025-03-29T21:54:56.000Z</time>
        <extensions>
          <ns3:TrackPointExtension>
            <ns3:hr>99</ns3:hr>
          </ns3:TrackPointExtension>
        </extensions>
      </trkpt>
      <trkpt lat="-25.1454528607428073883056640625" lon="-48.8425525836646556854248046875">
        <ele>1440</ele>
        <time>2025-03-29T21:55:04.000Z</time>
        <extensions>
          <ns3:TrackPointExtension>
            <ns3:hr>99</ns3:hr>
          </ns3:TrackPointExtension>
        </extensions>
      </trkpt>
      <trkpt lat="-25.1454528607428073883056640625" lon="-48.8425525836646556854248046875">
        <ele>1439.800048828125</ele>
        <time>2025-03-29T21:55:15.000Z</time>
        <extensions>
          <ns3:TrackPointExtension>
            <ns3:hr>102</ns3:hr>
          </ns3:TrackPointExtension>
        </extensions>
      </trkpt>
      <trkpt lat="-25.1454528607428073883056640625" lon="-48.8425525836646556854248046875">
        <ele>1439.800048828125</ele>
        <time>2025-03-29T21:55:17.000Z</time>
        <extensions>
          <ns3:TrackPointExtension>
            <ns3:hr>105</ns3:hr>
          </ns3:TrackPointExtension>
        </extensions>
      </trkpt>
      <trkpt lat="-25.1453898288309574127197265625" lon="-48.84266339242458343505859375">
        <ele>1437.199951171875</ele>
        <time>2025-03-29T21:55:48.000Z</time>
        <extensions>
          <ns3:TrackPointExtension>
            <ns3:hr>103</ns3:hr>
          </ns3:TrackPointExtension>
        </extensions>
      </trkpt>
      <trkpt lat="-25.14532218687236309051513671875" lon="-48.84270035661756992340087890625">
        <ele>1435</ele>
        <time>2025-03-29T21:55:58.000Z</time>
        <extensions>
          <ns3:TrackPointExtension>
            <ns3:hr>104</ns3:hr>
          </ns3:TrackPointExtension>
        </extensions>
      </trkpt>
      <trkpt lat="-25.14532034285366535186767578125" lon="-48.84270287118852138519287109375">
        <ele>1434.4000244140625</ele>
        <time>2025-03-29T21:56:01.000Z</time>
        <extensions>
          <ns3:TrackPointExtension>
            <ns3:hr>107</ns3:hr>
          </ns3:TrackPointExtension>
        </extensions>
      </trkpt>
      <trkpt lat="-25.14531992375850677490234375" lon="-48.84270471520721912384033203125">
        <ele>1434.199951171875</ele>
        <time>2025-03-29T21:56:03.000Z</time>
        <extensions>
          <ns3:TrackPointExtension>
            <ns3:hr>115</ns3:hr>
          </ns3:TrackPointExtension>
        </extensions>
      </trkpt>
      <trkpt lat="-25.14531992375850677490234375" lon="-48.84270521812140941619873046875">
        <ele>1434.199951171875</ele>
        <time>2025-03-29T21:56:04.000Z</time>
        <extensions>
          <ns3:TrackPointExtension>
            <ns3:hr>115</ns3:hr>
          </ns3:TrackPointExtension>
        </extensions>
      </trkpt>
      <trkpt lat="-25.1453200913965702056884765625" lon="-48.842705972492694854736328125">
        <ele>1434.4000244140625</ele>
        <time>2025-03-29T21:56:09.000Z</time>
        <extensions>
          <ns3:TrackPointExtension>
            <ns3:hr>111</ns3:hr>
          </ns3:TrackPointExtension>
        </extensions>
      </trkpt>
      <trkpt lat="-25.1453200913965702056884765625" lon="-48.842705972492694854736328125">
        <ele>1434.5999755859375</ele>
        <time>2025-03-29T21:56:13.000Z</time>
        <extensions>
          <ns3:TrackPointExtension>
            <ns3:hr>108</ns3:hr>
          </ns3:TrackPointExtension>
        </extensions>
      </trkpt>
      <trkpt lat="-25.1453200913965702056884765625" lon="-48.842705972492694854736328125">
        <ele>1434.5999755859375</ele>
        <time>2025-03-29T21:56:21.000Z</time>
        <extensions>
          <ns3:TrackPointExtension>
            <ns3:hr>105</ns3:hr>
          </ns3:TrackPointExtension>
        </extensions>
      </trkpt>
      <trkpt lat="-25.1453200913965702056884765625" lon="-48.84270605631172657012939453125">
        <ele>1434.5999755859375</ele>
        <time>2025-03-29T21:56:22.000Z</time>
        <extensions>
          <ns3:TrackPointExtension>
            <ns3:hr>105</ns3:hr>
          </ns3:TrackPointExtension>
        </extensions>
      </trkpt>
      <trkpt lat="-25.14523954130709171295166015625" lon="-48.842765651643276214599609375">
        <ele>1433.4000244140625</ele>
        <time>2025-03-29T21:56:40.000Z</time>
        <extensions>
          <ns3:TrackPointExtension>
            <ns3:hr>106</ns3:hr>
          </ns3:TrackPointExtension>
        </extensions>
      </trkpt>
      <trkpt lat="-25.1451826281845569610595703125" lon="-48.8428010232746601104736328125">
        <ele>1431.199951171875</ele>
        <time>2025-03-29T21:56:46.000Z</time>
        <extensions>
          <ns3:TrackPointExtension>
            <ns3:hr>103</ns3:hr>
          </ns3:TrackPointExtension>
        </extensions>
      </trkpt>
      <trkpt lat="-25.14518178999423980712890625" lon="-48.8428030349314212799072265625">
        <ele>1430.5999755859375</ele>
        <time>2025-03-29T21:56:47.000Z</time>
        <extensions>
          <ns3:TrackPointExtension>
            <ns3:hr>103</ns3:hr>
          </ns3:TrackPointExtension>
        </extensions>
      </trkpt>
      <trkpt lat="-25.145174749195575714111328125" lon="-48.8428288511931896209716796875">
        <ele>1427.800048828125</ele>
        <time>2025-03-29T21:56:56.000Z</time>
        <extensions>
          <ns3:TrackPointExtension>
            <ns3:hr>102</ns3:hr>
          </ns3:TrackPointExtension>
        </extensions>
      </trkpt>
      <trkpt lat="-25.1451717317104339599609375" lon="-48.842838741838932037353515625">
        <ele>1426</ele>
        <time>2025-03-29T21:57:07.000Z</time>
        <extensions>
          <ns3:TrackPointExtension>
            <ns3:hr>102</ns3:hr>
          </ns3:TrackPointExtension>
        </extensions>
      </trkpt>
      <trkpt lat="-25.1451717317104339599609375" lon="-48.842838741838932037353515625">
        <ele>1425.800048828125</ele>
        <time>2025-03-29T21:57:12.000Z</time>
        <extensions>
          <ns3:TrackPointExtension>
            <ns3:hr>99</ns3:hr>
          </ns3:TrackPointExtension>
        </extensions>
      </trkpt>
      <trkpt lat="-25.1451717317104339599609375" lon="-48.842838741838932037353515625">
        <ele>1425.800048828125</ele>
        <time>2025-03-29T21:57:15.000Z</time>
        <extensions>
          <ns3:TrackPointExtension>
            <ns3:hr>102</ns3:hr>
          </ns3:TrackPointExtension>
        </extensions>
      </trkpt>
      <trkpt lat="-25.14516829513013362884521484375" lon="-48.84283949621021747589111328125">
        <ele>1425.800048828125</ele>
        <time>2025-03-29T21:57:16.000Z</time>
        <extensions>
          <ns3:TrackPointExtension>
            <ns3:hr>105</ns3:hr>
          </ns3:TrackPointExtension>
        </extensions>
      </trkpt>
      <trkpt lat="-25.14516594819724559783935546875" lon="-48.84284385479986667633056640625">
        <ele>1425.800048828125</ele>
        <time>2025-03-29T21:57:17.000Z</time>
        <extensions>
          <ns3:TrackPointExtension>
            <ns3:hr>105</ns3:hr>
          </ns3:TrackPointExtension>
        </extensions>
      </trkpt>
      <trkpt lat="-25.14514314942061901092529296875" lon="-48.8428826630115509033203125">
        <ele>1423.5999755859375</ele>
        <time>2025-03-29T21:57:29.000Z</time>
        <extensions>
          <ns3:TrackPointExtension>
            <ns3:hr>108</ns3:hr>
          </ns3:TrackPointExtension>
        </extensions>
      </trkpt>
      <trkpt lat="-25.14514264650642871856689453125" lon="-48.84288333356380462646484375">
        <ele>1423.4000244140625</ele>
        <time>2025-03-29T21:57:30.000Z</time>
        <extensions>
          <ns3:TrackPointExtension>
            <ns3:hr>105</ns3:hr>
          </ns3:TrackPointExtension>
        </extensions>
      </trkpt>
      <trkpt lat="-25.1451286487281322479248046875" lon="-48.84291409514844417572021484375">
        <ele>1422.800048828125</ele>
        <time>2025-03-29T21:57:46.000Z</time>
        <extensions>
          <ns3:TrackPointExtension>
            <ns3:hr>108</ns3:hr>
          </ns3:TrackPointExtension>
        </extensions>
      </trkpt>
      <trkpt lat="-25.14512638561427593231201171875" lon="-48.84292817674577236175537109375">
        <ele>1423.199951171875</ele>
        <time>2025-03-29T21:58:00.000Z</time>
        <extensions>
          <ns3:TrackPointExtension>
            <ns3:hr>111</ns3:hr>
          </ns3:TrackPointExtension>
        </extensions>
      </trkpt>
      <trkpt lat="-25.14512353576719760894775390625" lon="-48.8429317809641361236572265625">
        <ele>1423.4000244140625</ele>
        <time>2025-03-29T21:58:17.000Z</time>
        <extensions>
          <ns3:TrackPointExtension>
            <ns3:hr>108</ns3:hr>
          </ns3:TrackPointExtension>
        </extensions>
      </trkpt>
      <trkpt lat="-25.145118422806262969970703125" lon="-48.84293488226830959320068359375">
        <ele>1423.4000244140625</ele>
        <time>2025-03-29T21:58:22.000Z</time>
        <extensions>
          <ns3:TrackPointExtension>
            <ns3:hr>105</ns3:hr>
          </ns3:TrackPointExtension>
        </extensions>
      </trkpt>
      <trkpt lat="-25.14511716552078723907470703125" lon="-48.8429374806582927703857421875">
        <ele>1423.4000244140625</ele>
        <time>2025-03-29T21:58:24.000Z</time>
        <extensions>
          <ns3:TrackPointExtension>
            <ns3:hr>102</ns3:hr>
          </ns3:TrackPointExtension>
        </extensions>
      </trkpt>
      <trkpt lat="-25.1450300775468349456787109375" lon="-48.84297142736613750457763671875">
        <ele>1421</ele>
        <time>2025-03-29T21:59:10.000Z</time>
        <extensions>
          <ns3:TrackPointExtension>
            <ns3:hr>105</ns3:hr>
          </ns3:TrackPointExtension>
        </extensions>
      </trkpt>
      <trkpt lat="-25.1449828036129474639892578125" lon="-48.84297913871705532073974609375">
        <ele>1420.800048828125</ele>
        <time>2025-03-29T21:59:23.000Z</time>
        <extensions>
          <ns3:TrackPointExtension>
            <ns3:hr>108</ns3:hr>
          </ns3:TrackPointExtension>
        </extensions>
      </trkpt>
      <trkpt lat="-25.1449781097471714019775390625" lon="-48.84298014454543590545654296875">
        <ele>1420.800048828125</ele>
        <time>2025-03-29T21:59:24.000Z</time>
        <extensions>
          <ns3:TrackPointExtension>
            <ns3:hr>105</ns3:hr>
          </ns3:TrackPointExtension>
        </extensions>
      </trkpt>
      <trkpt lat="-25.14494986273348331451416015625" lon="-48.842985592782497406005859375">
        <ele>1419.800048828125</ele>
        <time>2025-03-29T21:59:37.000Z</time>
        <extensions>
          <ns3:TrackPointExtension>
            <ns3:hr>108</ns3:hr>
          </ns3:TrackPointExtension>
        </extensions>
      </trkpt>
      <trkpt lat="-25.1449475996196269989013671875" lon="-48.84299271740019321441650390625">
        <ele>1420.199951171875</ele>
        <time>2025-03-29T22:00:04.000Z</time>
        <extensions>
          <ns3:TrackPointExtension>
            <ns3:hr>103</ns3:hr>
          </ns3:TrackPointExtension>
        </extensions>
      </trkpt>
      <trkpt lat="-25.14494801871478557586669921875" lon="-48.84299196302890777587890625">
        <ele>1420.199951171875</ele>
        <time>2025-03-29T22:00:12.000Z</time>
        <extensions>
          <ns3:TrackPointExtension>
            <ns3:hr>107</ns3:hr>
          </ns3:TrackPointExtension>
        </extensions>
      </trkpt>
      <trkpt lat="-25.144948102533817291259765625" lon="-48.84299154393374919891357421875">
        <ele>1420.4000244140625</ele>
        <time>2025-03-29T22:00:14.000Z</time>
        <extensions>
          <ns3:TrackPointExtension>
            <ns3:hr>103</ns3:hr>
          </ns3:TrackPointExtension>
        </extensions>
      </trkpt>
      <trkpt lat="-25.14494818635284900665283203125" lon="-48.8429907895624637603759765625">
        <ele>1420.4000244140625</ele>
        <time>2025-03-29T22:00:23.000Z</time>
        <extensions>
          <ns3:TrackPointExtension>
            <ns3:hr>100</ns3:hr>
          </ns3:TrackPointExtension>
        </extensions>
      </trkpt>
      <trkpt lat="-25.144939385354518890380859375" lon="-48.842991292476654052734375">
        <ele>1420</ele>
        <time>2025-03-29T22:01:16.000Z</time>
        <extensions>
          <ns3:TrackPointExtension>
            <ns3:hr>96</ns3:hr>
          </ns3:TrackPointExtension>
        </extensions>
      </trkpt>
      <trkpt lat="-25.14493879862129688262939453125" lon="-48.8429914601147174835205078125">
        <ele>1420</ele>
        <time>2025-03-29T22:01:18.000Z</time>
        <extensions>
          <ns3:TrackPointExtension>
            <ns3:hr>99</ns3:hr>
          </ns3:TrackPointExtension>
        </extensions>
      </trkpt>
      <trkpt lat="-25.14493846334517002105712890625" lon="-48.8429914601147174835205078125">
        <ele>1420</ele>
        <time>2025-03-29T22:01:19.000Z</time>
        <extensions>
          <ns3:TrackPointExtension>
            <ns3:hr>102</ns3:hr>
          </ns3:TrackPointExtension>
        </extensions>
      </trkpt>
      <trkpt lat="-25.14493812806904315948486328125" lon="-48.84299154393374919891357421875">
        <ele>1420</ele>
        <time>2025-03-29T22:01:20.000Z</time>
        <extensions>
          <ns3:TrackPointExtension>
            <ns3:hr>105</ns3:hr>
          </ns3:TrackPointExtension>
        </extensions>
      </trkpt>
      <trkpt lat="-25.14493779279291629791259765625" lon="-48.842991627752780914306640625">
        <ele>1420</ele>
        <time>2025-03-29T22:01:21.000Z</time>
        <extensions>
          <ns3:TrackPointExtension>
            <ns3:hr>109</ns3:hr>
          </ns3:TrackPointExtension>
        </extensions>
      </trkpt>
      <trkpt lat="-25.1449368707835674285888671875" lon="-48.84299196302890777587890625">
        <ele>1419.800048828125</ele>
        <time>2025-03-29T22:01:24.000Z</time>
        <extensions>
          <ns3:TrackPointExtension>
            <ns3:hr>112</ns3:hr>
          </ns3:TrackPointExtension>
        </extensions>
      </trkpt>
      <trkpt lat="-25.14493511058390140533447265625" lon="-48.8429926335811614990234375">
        <ele>1419.800048828125</ele>
        <time>2025-03-29T22:01:30.000Z</time>
        <extensions>
          <ns3:TrackPointExtension>
            <ns3:hr>109</ns3:hr>
          </ns3:TrackPointExtension>
        </extensions>
      </trkpt>
      <trkpt lat="-25.1449221186339855194091796875" lon="-48.842997662723064422607421875">
        <ele>1419.199951171875</ele>
        <time>2025-03-29T22:02:12.000Z</time>
        <extensions>
          <ns3:TrackPointExtension>
            <ns3:hr>106</ns3:hr>
          </ns3:TrackPointExtension>
        </extensions>
      </trkpt>
      <trkpt lat="-25.1449204422533512115478515625" lon="-48.84299824945628643035888671875">
        <ele>1419</ele>
        <time>2025-03-29T22:02:17.000Z</time>
        <extensions>
          <ns3:TrackPointExtension>
            <ns3:hr>103</ns3:hr>
          </ns3:TrackPointExtension>
        </extensions>
      </trkpt>
      <trkpt lat="-25.14491817913949489593505859375" lon="-48.84299933910369873046875">
        <ele>1419</ele>
        <time>2025-03-29T22:02:24.000Z</time>
        <extensions>
          <ns3:TrackPointExtension>
            <ns3:hr>100</ns3:hr>
          </ns3:TrackPointExtension>
        </extensions>
      </trkpt>
      <trkpt lat="-25.14491516165435314178466796875" lon="-48.8430011831223964691162109375">
        <ele>1418.800048828125</ele>
        <time>2025-03-29T22:02:34.000Z</time>
        <extensions>
          <ns3:TrackPointExtension>
            <ns3:hr>103</ns3:hr>
          </ns3:TrackPointExtension>
        </extensions>
      </trkpt>
      <trkpt lat="-25.14491491019725799560546875" lon="-48.84300135076045989990234375">
        <ele>1418.800048828125</ele>
        <time>2025-03-29T22:02:35.000Z</time>
        <extensions>
          <ns3:TrackPointExtension>
            <ns3:hr>106</ns3:hr>
          </ns3:TrackPointExtension>
        </extensions>
      </trkpt>
      <trkpt lat="-25.1449142396450042724609375" lon="-48.84300176985561847686767578125">
        <ele>1418.800048828125</ele>
        <time>2025-03-29T22:02:37.000Z</time>
        <extensions>
          <ns3:TrackPointExtension>
            <ns3:hr>109</ns3:hr>
          </ns3:TrackPointExtension>
        </extensions>
      </trkpt>
      <trkpt lat="-25.14491348527371883392333984375" lon="-48.8430021889507770538330078125">
        <ele>1418.5999755859375</ele>
        <time>2025-03-29T22:02:39.000Z</time>
        <extensions>
          <ns3:TrackPointExtension>
            <ns3:hr>112</ns3:hr>
          </ns3:TrackPointExtension>
        </extensions>
      </trkpt>
      <trkpt lat="-25.14490962959825992584228515625" lon="-48.84300461970269680023193359375">
        <ele>1418.4000244140625</ele>
        <time>2025-03-29T22:02:51.000Z</time>
        <extensions>
          <ns3:TrackPointExtension>
            <ns3:hr>109</ns3:hr>
          </ns3:TrackPointExtension>
        </extensions>
      </trkpt>
      <trkpt lat="-25.1449080370366573333740234375" lon="-48.84300579316914081573486328125">
        <ele>1418.4000244140625</ele>
        <time>2025-03-29T22:02:56.000Z</time>
        <extensions>
          <ns3:TrackPointExtension>
            <ns3:hr>106</ns3:hr>
          </ns3:TrackPointExtension>
        </extensions>
      </trkpt>
      <trkpt lat="-25.1449020020663738250732421875" lon="-48.843009732663631439208984375">
        <ele>1418</ele>
        <time>2025-03-29T22:03:14.000Z</time>
        <extensions>
          <ns3:TrackPointExtension>
            <ns3:hr>103</ns3:hr>
          </ns3:TrackPointExtension>
        </extensions>
      </trkpt>
      <trkpt lat="-25.14489152468740940093994140625" lon="-48.84301585145294666290283203125">
        <ele>1417.4000244140625</ele>
        <time>2025-03-29T22:03:44.000Z</time>
        <extensions>
          <ns3:TrackPointExtension>
            <ns3:hr>100</ns3:hr>
          </ns3:TrackPointExtension>
        </extensions>
      </trkpt>
      <trkpt lat="-25.14488934539258480072021484375" lon="-48.84301744401454925537109375">
        <ele>1417.199951171875</ele>
        <time>2025-03-29T22:03:50.000Z</time>
        <extensions>
          <ns3:TrackPointExtension>
            <ns3:hr>103</ns3:hr>
          </ns3:TrackPointExtension>
        </extensions>
      </trkpt>
      <trkpt lat="-25.14488582499325275421142578125" lon="-48.84302104823291301727294921875">
        <ele>1417</ele>
        <time>2025-03-29T22:04:02.000Z</time>
        <extensions>
          <ns3:TrackPointExtension>
            <ns3:hr>106</ns3:hr>
          </ns3:TrackPointExtension>
        </extensions>
      </trkpt>
      <trkpt lat="-25.1448855735361576080322265625" lon="-48.84302138350903987884521484375">
        <ele>1417</ele>
        <time>2025-03-29T22:04:03.000Z</time>
        <extensions>
          <ns3:TrackPointExtension>
            <ns3:hr>109</ns3:hr>
          </ns3:TrackPointExtension>
        </extensions>
      </trkpt>
      <trkpt lat="-25.14488414861261844635009765625" lon="-48.84302322752773761749267578125">
        <ele>1416.800048828125</ele>
        <time>2025-03-29T22:04:08.000Z</time>
        <extensions>
          <ns3:TrackPointExtension>
            <ns3:hr>106</ns3:hr>
          </ns3:TrackPointExtension>
        </extensions>
      </trkpt>
      <trkpt lat="-25.1448788680136203765869140625" lon="-48.8430303521454334259033203125">
        <ele>1416.4000244140625</ele>
        <time>2025-03-29T22:04:26.000Z</time>
        <extensions>
          <ns3:TrackPointExtension>
            <ns3:hr>103</ns3:hr>
          </ns3:TrackPointExtension>
        </extensions>
      </trkpt>
      <trkpt lat="-25.144697986543178558349609375" lon="-48.843232691287994384765625">
        <ele>1415.5999755859375</ele>
        <time>2025-03-29T22:04:42.000Z</time>
        <extensions>
          <ns3:TrackPointExtension>
            <ns3:hr>102</ns3:hr>
          </ns3:TrackPointExtension>
        </extensions>
      </trkpt>
      <trkpt lat="-25.1446647942066192626953125" lon="-48.84327233768999576568603515625">
        <ele>1414.5999755859375</ele>
        <time>2025-03-29T22:04:43.000Z</time>
        <extensions>
          <ns3:TrackPointExtension>
            <ns3:hr>102</ns3:hr>
          </ns3:TrackPointExtension>
        </extensions>
      </trkpt>
      <trkpt lat="-25.14453294686973094940185546875" lon="-48.8434243015944957733154296875">
        <ele>1404.800048828125</ele>
        <time>2025-03-29T22:04:49.000Z</time>
        <extensions>
          <ns3:TrackPointExtension>
            <ns3:hr>99</ns3:hr>
          </ns3:TrackPointExtension>
        </extensions>
      </trkpt>
      <trkpt lat="-25.1445321924984455108642578125" lon="-48.84342656470835208892822265625">
        <ele>1402.800048828125</ele>
        <time>2025-03-29T22:04:50.000Z</time>
        <extensions>
          <ns3:TrackPointExtension>
            <ns3:hr>102</ns3:hr>
          </ns3:TrackPointExtension>
        </extensions>
      </trkpt>
      <trkpt lat="-25.14451299794018268585205078125" lon="-48.8434189371764659881591796875">
        <ele>1394.4000244140625</ele>
        <time>2025-03-29T22:04:57.000Z</time>
        <extensions>
          <ns3:TrackPointExtension>
            <ns3:hr>101</ns3:hr>
          </ns3:TrackPointExtension>
        </extensions>
      </trkpt>
      <trkpt lat="-25.14448584057390689849853515625" lon="-48.84341902099549770355224609375">
        <ele>1393</ele>
        <time>2025-03-29T22:05:01.000Z</time>
        <extensions>
          <ns3:TrackPointExtension>
            <ns3:hr>104</ns3:hr>
          </ns3:TrackPointExtension>
        </extensions>
      </trkpt>
      <trkpt lat="-25.1444775424897670745849609375" lon="-48.843414746224880218505859375">
        <ele>1392.4000244140625</ele>
        <time>2025-03-29T22:05:03.000Z</time>
        <extensions>
          <ns3:TrackPointExtension>
            <ns3:hr>105</ns3:hr>
          </ns3:TrackPointExtension>
        </extensions>
      </trkpt>
      <trkpt lat="-25.1444664783775806427001953125" lon="-48.843425475060939788818359375">
        <ele>1392</ele>
        <time>2025-03-29T22:05:06.000Z</time>
        <extensions>
          <ns3:TrackPointExtension>
            <ns3:hr>109</ns3:hr>
          </ns3:TrackPointExtension>
        </extensions>
      </trkpt>
      <trkpt lat="-25.144464634358882904052734375" lon="-48.84342924691736698150634765625">
        <ele>1391.5999755859375</ele>
        <time>2025-03-29T22:05:07.000Z</time>
        <extensions>
          <ns3:TrackPointExtension>
            <ns3:hr>106</ns3:hr>
          </ns3:TrackPointExtension>
        </extensions>
      </trkpt>
      <trkpt lat="-25.144464634358882904052734375" lon="-48.84344282560050487518310546875">
        <ele>1389.800048828125</ele>
        <time>2025-03-29T22:05:10.000Z</time>
        <extensions>
          <ns3:TrackPointExtension>
            <ns3:hr>105</ns3:hr>
          </ns3:TrackPointExtension>
        </extensions>
      </trkpt>
      <trkpt lat="-25.14445868320763111114501953125" lon="-48.843452632427215576171875">
        <ele>1386.5999755859375</ele>
        <time>2025-03-29T22:05:17.000Z</time>
        <extensions>
          <ns3:TrackPointExtension>
            <ns3:hr>105</ns3:hr>
          </ns3:TrackPointExtension>
        </extensions>
      </trkpt>
      <trkpt lat="-25.1444550789892673492431640625" lon="-48.84347132407128810882568359375">
        <ele>1386.199951171875</ele>
        <time>2025-03-29T22:05:23.000Z</time>
        <extensions>
          <ns3:TrackPointExtension>
            <ns3:hr>102</ns3:hr>
          </ns3:TrackPointExtension>
        </extensions>
      </trkpt>
      <trkpt lat="-25.14443890191614627838134765625" lon="-48.84353418834507465362548828125">
        <ele>1385.5999755859375</ele>
        <time>2025-03-29T22:05:28.000Z</time>
        <extensions>
          <ns3:TrackPointExtension>
            <ns3:hr>102</ns3:hr>
          </ns3:TrackPointExtension>
        </extensions>
      </trkpt>
      <trkpt lat="-25.14440604485571384429931640625" lon="-48.84362094104290008544921875">
        <ele>1380</ele>
        <time>2025-03-29T22:05:37.000Z</time>
        <extensions>
          <ns3:TrackPointExtension>
            <ns3:hr>101</ns3:hr>
          </ns3:TrackPointExtension>
        </extensions>
      </trkpt>
      <trkpt lat="-25.14439187943935394287109375" lon="-48.843638040125370025634765625">
        <ele>1378.800048828125</ele>
        <time>2025-03-29T22:05:39.000Z</time>
        <extensions>
          <ns3:TrackPointExtension>
            <ns3:hr>101</ns3:hr>
          </ns3:TrackPointExtension>
        </extensions>
      </trkpt>
      <trkpt lat="-25.14433085918426513671875" lon="-48.84372982196509838104248046875">
        <ele>1374.800048828125</ele>
        <time>2025-03-29T22:05:50.000Z</time>
        <extensions>
          <ns3:TrackPointExtension>
            <ns3:hr>98</ns3:hr>
          </ns3:TrackPointExtension>
        </extensions>
      </trkpt>
      <trkpt lat="-25.14432356692850589752197265625" lon="-48.84373853914439678192138671875">
        <ele>1373.199951171875</ele>
        <time>2025-03-29T22:05:56.000Z</time>
        <extensions>
          <ns3:TrackPointExtension>
            <ns3:hr>99</ns3:hr>
          </ns3:TrackPointExtension>
        </extensions>
      </trkpt>
      <trkpt lat="-25.14431987889111042022705078125" lon="-48.84373820386826992034912109375">
        <ele>1373.4000244140625</ele>
        <time>2025-03-29T22:06:21.000Z</time>
        <extensions>
          <ns3:TrackPointExtension>
            <ns3:hr>102</ns3:hr>
          </ns3:TrackPointExtension>
        </extensions>
      </trkpt>
      <trkpt lat="-25.1443187892436981201171875" lon="-48.843738622963428497314453125">
        <ele>1373.4000244140625</ele>
        <time>2025-03-29T22:06:31.000Z</time>
        <extensions>
          <ns3:TrackPointExtension>
            <ns3:hr>102</ns3:hr>
          </ns3:TrackPointExtension>
        </extensions>
      </trkpt>
      <trkpt lat="-25.1443156041204929351806640625" lon="-48.84374474175274372100830078125">
        <ele>1374.800048828125</ele>
        <time>2025-03-29T22:06:55.000Z</time>
        <extensions>
          <ns3:TrackPointExtension>
            <ns3:hr>99</ns3:hr>
          </ns3:TrackPointExtension>
        </extensions>
      </trkpt>
      <trkpt lat="-25.14429188333451747894287109375" lon="-48.843722529709339141845703125">
        <ele>1375.5999755859375</ele>
        <time>2025-03-29T22:07:07.000Z</time>
        <extensions>
          <ns3:TrackPointExtension>
            <ns3:hr>101</ns3:hr>
          </ns3:TrackPointExtension>
        </extensions>
      </trkpt>
      <trkpt lat="-25.14426338486373424530029296875" lon="-48.84373250417411327362060546875">
        <ele>1375.5999755859375</ele>
        <time>2025-03-29T22:07:14.000Z</time>
        <extensions>
          <ns3:TrackPointExtension>
            <ns3:hr>103</ns3:hr>
          </ns3:TrackPointExtension>
        </extensions>
      </trkpt>
      <trkpt lat="-25.14426045119762420654296875" lon="-48.8437334261834621429443359375">
        <ele>1375.4000244140625</ele>
        <time>2025-03-29T22:07:26.000Z</time>
        <extensions>
          <ns3:TrackPointExtension>
            <ns3:hr>103</ns3:hr>
          </ns3:TrackPointExtension>
        </extensions>
      </trkpt>
      <trkpt lat="-25.1443105749785900115966796875" lon="-48.8437277264893054962158203125">
        <ele>1375.4000244140625</ele>
        <time>2025-03-29T22:07:32.000Z</time>
        <extensions>
          <ns3:TrackPointExtension>
            <ns3:hr>102</ns3:hr>
          </ns3:TrackPointExtension>
        </extensions>
      </trkpt>
      <trkpt lat="-25.14433764852583408355712890625" lon="-48.8437394611537456512451171875">
        <ele>1376.199951171875</ele>
        <time>2025-03-29T22:07:39.000Z</time>
        <extensions>
          <ns3:TrackPointExtension>
            <ns3:hr>104</ns3:hr>
          </ns3:TrackPointExtension>
        </extensions>
      </trkpt>
      <trkpt lat="-25.14433555305004119873046875" lon="-48.84374155662953853607177734375">
        <ele>1376.800048828125</ele>
        <time>2025-03-29T22:07:48.000Z</time>
        <extensions>
          <ns3:TrackPointExtension>
            <ns3:hr>106</ns3:hr>
          </ns3:TrackPointExtension>
        </extensions>
      </trkpt>
      <trkpt lat="-25.14433555305004119873046875" lon="-48.84374155662953853607177734375">
        <ele>1376.800048828125</ele>
        <time>2025-03-29T22:07:49.000Z</time>
        <extensions>
          <ns3:TrackPointExtension>
            <ns3:hr>102</ns3:hr>
          </ns3:TrackPointExtension>
        </extensions>
      </trkpt>
      <trkpt lat="-25.14434167183935642242431640625" lon="-48.8437656126916408538818359375">
        <ele>1376.800048828125</ele>
        <time>2025-03-29T22:07:55.000Z</time>
        <extensions>
          <ns3:TrackPointExtension>
            <ns3:hr>105</ns3:hr>
          </ns3:TrackPointExtension>
        </extensions>
      </trkpt>
      <trkpt lat="-25.14434653334319591522216796875" lon="-48.84381481446325778961181640625">
        <ele>1376.800048828125</ele>
        <time>2025-03-29T22:07:58.000Z</time>
        <extensions>
          <ns3:TrackPointExtension>
            <ns3:hr>107</ns3:hr>
          </ns3:TrackPointExtension>
        </extensions>
      </trkpt>
      <trkpt lat="-25.14435407705605030059814453125" lon="-48.843898884952068328857421875">
        <ele>1373.800048828125</ele>
        <time>2025-03-29T22:08:06.000Z</time>
        <extensions>
          <ns3:TrackPointExtension>
            <ns3:hr>109</ns3:hr>
          </ns3:TrackPointExtension>
        </extensions>
      </trkpt>
      <trkpt lat="-25.1443370617926120758056640625" lon="-48.84393744170665740966796875">
        <ele>1371.199951171875</ele>
        <time>2025-03-29T22:08:13.000Z</time>
        <extensions>
          <ns3:TrackPointExtension>
            <ns3:hr>107</ns3:hr>
          </ns3:TrackPointExtension>
        </extensions>
      </trkpt>
      <trkpt lat="-25.1443266682326793670654296875" lon="-48.84397138841450214385986328125">
        <ele>1370.800048828125</ele>
        <time>2025-03-29T22:08:20.000Z</time>
        <extensions>
          <ns3:TrackPointExtension>
            <ns3:hr>107</ns3:hr>
          </ns3:TrackPointExtension>
        </extensions>
      </trkpt>
      <trkpt lat="-25.14433513395488262176513671875" lon="-48.84401078335940837860107421875">
        <ele>1370.5999755859375</ele>
        <time>2025-03-29T22:08:28.000Z</time>
        <extensions>
          <ns3:TrackPointExtension>
            <ns3:hr>107</ns3:hr>
          </ns3:TrackPointExtension>
        </extensions>
      </trkpt>
      <trkpt lat="-25.14431275427341461181640625" lon="-48.8440764136612415313720703125">
        <ele>1369.199951171875</ele>
        <time>2025-03-29T22:08:36.000Z</time>
        <extensions>
          <ns3:TrackPointExtension>
            <ns3:hr>106</ns3:hr>
          </ns3:TrackPointExtension>
        </extensions>
      </trkpt>
      <trkpt lat="-25.14427931047976016998291015625" lon="-48.84411689825356006622314453125">
        <ele>1368.5999755859375</ele>
        <time>2025-03-29T22:08:43.000Z</time>
        <extensions>
          <ns3:TrackPointExtension>
            <ns3:hr>106</ns3:hr>
          </ns3:TrackPointExtension>
        </extensions>
      </trkpt>
      <trkpt lat="-25.14428651891648769378662109375" lon="-48.844188563525676727294921875">
        <ele>1367.5999755859375</ele>
        <time>2025-03-29T22:08:54.000Z</time>
        <extensions>
          <ns3:TrackPointExtension>
            <ns3:hr>104</ns3:hr>
          </ns3:TrackPointExtension>
        </extensions>
      </trkpt>
      <trkpt lat="-25.14428098686039447784423828125" lon="-48.8442303054034709930419921875">
        <ele>1367</ele>
        <time>2025-03-29T22:09:01.000Z</time>
        <extensions>
          <ns3:TrackPointExtension>
            <ns3:hr>104</ns3:hr>
          </ns3:TrackPointExtension>
        </extensions>
      </trkpt>
      <trkpt lat="-25.1442740298807621002197265625" lon="-48.8442588038742542266845703125">
        <ele>1365.800048828125</ele>
        <time>2025-03-29T22:09:08.000Z</time>
        <extensions>
          <ns3:TrackPointExtension>
            <ns3:hr>104</ns3:hr>
          </ns3:TrackPointExtension>
        </extensions>
      </trkpt>
      <trkpt lat="-25.14426019974052906036376953125" lon="-48.84429241530597209930419921875">
        <ele>1364</ele>
        <time>2025-03-29T22:09:17.000Z</time>
        <extensions>
          <ns3:TrackPointExtension>
            <ns3:hr>106</ns3:hr>
          </ns3:TrackPointExtension>
        </extensions>
      </trkpt>
      <trkpt lat="-25.1442629657685756683349609375" lon="-48.84435511194169521331787109375">
        <ele>1362.4000244140625</ele>
        <time>2025-03-29T22:09:26.000Z</time>
        <extensions>
          <ns3:TrackPointExtension>
            <ns3:hr>107</ns3:hr>
          </ns3:TrackPointExtension>
        </extensions>
      </trkpt>
      <trkpt lat="-25.14423388056457042694091796875" lon="-48.84440154768526554107666015625">
        <ele>1361</ele>
        <time>2025-03-29T22:09:34.000Z</time>
        <extensions>
          <ns3:TrackPointExtension>
            <ns3:hr>106</ns3:hr>
          </ns3:TrackPointExtension>
        </extensions>
      </trkpt>
      <trkpt lat="-25.14422424137592315673828125" lon="-48.84441462345421314239501953125">
        <ele>1359.4000244140625</ele>
        <time>2025-03-29T22:09:43.000Z</time>
        <extensions>
          <ns3:TrackPointExtension>
            <ns3:hr>105</ns3:hr>
          </ns3:TrackPointExtension>
        </extensions>
      </trkpt>
      <trkpt lat="-25.14421141706407070159912109375" lon="-48.84445971809327602386474609375">
        <ele>1358.5999755859375</ele>
        <time>2025-03-29T22:09:53.000Z</time>
        <extensions>
          <ns3:TrackPointExtension>
            <ns3:hr>103</ns3:hr>
          </ns3:TrackPointExtension>
        </extensions>
      </trkpt>
      <trkpt lat="-25.14420018531382083892822265625" lon="-48.84448352269828319549560546875">
        <ele>1357.5999755859375</ele>
        <time>2025-03-29T22:10:01.000Z</time>
        <extensions>
          <ns3:TrackPointExtension>
            <ns3:hr>104</ns3:hr>
          </ns3:TrackPointExtension>
        </extensions>
      </trkpt>
      <trkpt lat="-25.1442099921405315399169921875" lon="-48.84448905475437641143798828125">
        <ele>1357</ele>
        <time>2025-03-29T22:10:07.000Z</time>
        <extensions>
          <ns3:TrackPointExtension>
            <ns3:hr>105</ns3:hr>
          </ns3:TrackPointExtension>
        </extensions>
      </trkpt>
      <trkpt lat="-25.14421812258660793304443359375" lon="-48.84451218880712985992431640625">
        <ele>1355.800048828125</ele>
        <time>2025-03-29T22:10:13.000Z</time>
        <extensions>
          <ns3:TrackPointExtension>
            <ns3:hr>111</ns3:hr>
          </ns3:TrackPointExtension>
        </extensions>
      </trkpt>
      <trkpt lat="-25.1442187093198299407958984375" lon="-48.8445214927196502685546875">
        <ele>1355.199951171875</ele>
        <time>2025-03-29T22:10:16.000Z</time>
        <extensions>
          <ns3:TrackPointExtension>
            <ns3:hr>108</ns3:hr>
          </ns3:TrackPointExtension>
        </extensions>
      </trkpt>
      <trkpt lat="-25.1442190445959568023681640625" lon="-48.8445246778428554534912109375">
        <ele>1355</ele>
        <time>2025-03-29T22:10:17.000Z</time>
        <extensions>
          <ns3:TrackPointExtension>
            <ns3:hr>108</ns3:hr>
          </ns3:TrackPointExtension>
        </extensions>
      </trkpt>
      <trkpt lat="-25.1442230679094791412353515625" lon="-48.84455258958041667938232421875">
        <ele>1354</ele>
        <time>2025-03-29T22:10:25.000Z</time>
        <extensions>
          <ns3:TrackPointExtension>
            <ns3:hr>107</ns3:hr>
          </ns3:TrackPointExtension>
        </extensions>
      </trkpt>
      <trkpt lat="-25.14422155916690826416015625" lon="-48.8445706106722354888916015625">
        <ele>1353.4000244140625</ele>
        <time>2025-03-29T22:10:30.000Z</time>
        <extensions>
          <ns3:TrackPointExtension>
            <ns3:hr>104</ns3:hr>
          </ns3:TrackPointExtension>
        </extensions>
      </trkpt>
      <trkpt lat="-25.1442222297191619873046875" lon="-48.8445719517767429351806640625">
        <ele>1353.199951171875</ele>
        <time>2025-03-29T22:10:31.000Z</time>
        <extensions>
          <ns3:TrackPointExtension>
            <ns3:hr>103</ns3:hr>
          </ns3:TrackPointExtension>
        </extensions>
      </trkpt>
      <trkpt lat="-25.14422960579395294189453125" lon="-48.8445766456425189971923828125">
        <ele>1352.4000244140625</ele>
        <time>2025-03-29T22:10:35.000Z</time>
        <extensions>
          <ns3:TrackPointExtension>
            <ns3:hr>100</ns3:hr>
          </ns3:TrackPointExtension>
        </extensions>
      </trkpt>
      <trkpt lat="-25.14422834850847721099853515625" lon="-48.8445870392024517059326171875">
        <ele>1351.800048828125</ele>
        <time>2025-03-29T22:10:38.000Z</time>
        <extensions>
          <ns3:TrackPointExtension>
            <ns3:hr>98</ns3:hr>
          </ns3:TrackPointExtension>
        </extensions>
      </trkpt>
      <trkpt lat="-25.14422616921365261077880859375" lon="-48.84458787739276885986328125">
        <ele>1351.199951171875</ele>
        <time>2025-03-29T22:10:43.000Z</time>
        <extensions>
          <ns3:TrackPointExtension>
            <ns3:hr>101</ns3:hr>
          </ns3:TrackPointExtension>
        </extensions>
      </trkpt>
      <trkpt lat="-25.14422616921365261077880859375" lon="-48.84458787739276885986328125">
        <ele>1350.199951171875</ele>
        <time>2025-03-29T22:10:52.000Z</time>
        <extensions>
          <ns3:TrackPointExtension>
            <ns3:hr>98</ns3:hr>
          </ns3:TrackPointExtension>
        </extensions>
      </trkpt>
      <trkpt lat="-25.14422616921365261077880859375" lon="-48.84458787739276885986328125">
        <ele>1350.199951171875</ele>
        <time>2025-03-29T22:10:55.000Z</time>
        <extensions>
          <ns3:TrackPointExtension>
            <ns3:hr>100</ns3:hr>
          </ns3:TrackPointExtension>
        </extensions>
      </trkpt>
      <trkpt lat="-25.14424880035221576690673828125" lon="-48.84466876275837421417236328125">
        <ele>1348.800048828125</ele>
        <time>2025-03-29T22:11:21.000Z</time>
        <extensions>
          <ns3:TrackPointExtension>
            <ns3:hr>103</ns3:hr>
          </ns3:TrackPointExtension>
        </extensions>
      </trkpt>
      <trkpt lat="-25.14424544759094715118408203125" lon="-48.8447640649974346160888671875">
        <ele>1347.4000244140625</ele>
        <time>2025-03-29T22:11:29.000Z</time>
        <extensions>
          <ns3:TrackPointExtension>
            <ns3:hr>103</ns3:hr>
          </ns3:TrackPointExtension>
        </extensions>
      </trkpt>
      <trkpt lat="-25.1442482136189937591552734375" lon="-48.84481586515903472900390625">
        <ele>1344.5999755859375</ele>
        <time>2025-03-29T22:11:35.000Z</time>
        <extensions>
          <ns3:TrackPointExtension>
            <ns3:hr>105</ns3:hr>
          </ns3:TrackPointExtension>
        </extensions>
      </trkpt>
      <trkpt lat="-25.14424377121031284332275390625" lon="-48.84483539499342441558837890625">
        <ele>1342.800048828125</ele>
        <time>2025-03-29T22:11:43.000Z</time>
        <extensions>
          <ns3:TrackPointExtension>
            <ns3:hr>104</ns3:hr>
          </ns3:TrackPointExtension>
        </extensions>
      </trkpt>
      <trkpt lat="-25.14424502849578857421875" lon="-48.84485182352364063262939453125">
        <ele>1341.4000244140625</ele>
        <time>2025-03-29T22:11:54.000Z</time>
        <extensions>
          <ns3:TrackPointExtension>
            <ns3:hr>104</ns3:hr>
          </ns3:TrackPointExtension>
        </extensions>
      </trkpt>
      <trkpt lat="-25.14424502849578857421875" lon="-48.84485182352364063262939453125">
        <ele>1341.199951171875</ele>
        <time>2025-03-29T22:11:58.000Z</time>
        <extensions>
          <ns3:TrackPointExtension>
            <ns3:hr>101</ns3:hr>
          </ns3:TrackPointExtension>
        </extensions>
      </trkpt>
      <trkpt lat="-25.1442436873912811279296875" lon="-48.8448566012084484100341796875">
        <ele>1341.800048828125</ele>
        <time>2025-03-29T22:12:11.000Z</time>
        <extensions>
          <ns3:TrackPointExtension>
            <ns3:hr>98</ns3:hr>
          </ns3:TrackPointExtension>
        </extensions>
      </trkpt>
      <trkpt lat="-25.144239999353885650634765625" lon="-48.84485634975135326385498046875">
        <ele>1342.5999755859375</ele>
        <time>2025-03-29T22:12:39.000Z</time>
        <extensions>
          <ns3:TrackPointExtension>
            <ns3:hr>95</ns3:hr>
          </ns3:TrackPointExtension>
        </extensions>
      </trkpt>
      <trkpt lat="-25.1442398317158222198486328125" lon="-48.8448562659323215484619140625">
        <ele>1342.800048828125</ele>
        <time>2025-03-29T22:12:42.000Z</time>
        <extensions>
          <ns3:TrackPointExtension>
            <ns3:hr>92</ns3:hr>
          </ns3:TrackPointExtension>
        </extensions>
      </trkpt>
      <trkpt lat="-25.14423170126974582672119140625" lon="-48.84487294591963291168212890625">
        <ele>1343.4000244140625</ele>
        <time>2025-03-29T22:13:16.000Z</time>
        <extensions>
          <ns3:TrackPointExtension>
            <ns3:hr>89</ns3:hr>
          </ns3:TrackPointExtension>
        </extensions>
      </trkpt>
      <trkpt lat="-25.14422683976590633392333984375" lon="-48.84488694369792938232421875">
        <ele>1343.199951171875</ele>
        <time>2025-03-29T22:13:21.000Z</time>
        <extensions>
          <ns3:TrackPointExtension>
            <ns3:hr>86</ns3:hr>
          </ns3:TrackPointExtension>
        </extensions>
      </trkpt>
      <trkpt lat="-25.144217200577259063720703125" lon="-48.8449238240718841552734375">
        <ele>1341.199951171875</ele>
        <time>2025-03-29T22:13:55.000Z</time>
        <extensions>
          <ns3:TrackPointExtension>
            <ns3:hr>89</ns3:hr>
          </ns3:TrackPointExtension>
        </extensions>
      </trkpt>
      <trkpt lat="-25.14419767074286937713623046875" lon="-48.8449377380311489105224609375">
        <ele>1341.199951171875</ele>
        <time>2025-03-29T22:14:04.000Z</time>
        <extensions>
          <ns3:TrackPointExtension>
            <ns3:hr>92</ns3:hr>
          </ns3:TrackPointExtension>
        </extensions>
      </trkpt>
      <trkpt lat="-25.1441962458193302154541015625" lon="-48.84493899531662464141845703125">
        <ele>1341.199951171875</ele>
        <time>2025-03-29T22:14:06.000Z</time>
        <extensions>
          <ns3:TrackPointExtension>
            <ns3:hr>89</ns3:hr>
          </ns3:TrackPointExtension>
        </extensions>
      </trkpt>
      <trkpt lat="-25.14419381506741046905517578125" lon="-48.84494469501078128814697265625">
        <ele>1341.4000244140625</ele>
        <time>2025-03-29T22:14:10.000Z</time>
        <extensions>
          <ns3:TrackPointExtension>
            <ns3:hr>93</ns3:hr>
          </ns3:TrackPointExtension>
        </extensions>
      </trkpt>
      <trkpt lat="-25.144191719591617584228515625" lon="-48.84494855068624019622802734375">
        <ele>1341.4000244140625</ele>
        <time>2025-03-29T22:14:12.000Z</time>
        <extensions>
          <ns3:TrackPointExtension>
            <ns3:hr>90</ns3:hr>
          </ns3:TrackPointExtension>
        </extensions>
      </trkpt>
      <trkpt lat="-25.14419096522033214569091796875" lon="-48.84494972415268421173095703125">
        <ele>1341.4000244140625</ele>
        <time>2025-03-29T22:14:13.000Z</time>
        <extensions>
          <ns3:TrackPointExtension>
            <ns3:hr>93</ns3:hr>
          </ns3:TrackPointExtension>
        </extensions>
      </trkpt>
      <trkpt lat="-25.1441895402967929840087890625" lon="-48.84495190344750881195068359375">
        <ele>1341.4000244140625</ele>
        <time>2025-03-29T22:14:16.000Z</time>
        <extensions>
          <ns3:TrackPointExtension>
            <ns3:hr>90</ns3:hr>
          </ns3:TrackPointExtension>
        </extensions>
      </trkpt>
      <trkpt lat="-25.1441888697445392608642578125" lon="-48.8449528254568576812744140625">
        <ele>1341.4000244140625</ele>
        <time>2025-03-29T22:14:18.000Z</time>
        <extensions>
          <ns3:TrackPointExtension>
            <ns3:hr>87</ns3:hr>
          </ns3:TrackPointExtension>
        </extensions>
      </trkpt>
      <trkpt lat="-25.14418828301131725311279296875" lon="-48.84495324455201625823974609375">
        <ele>1341.4000244140625</ele>
        <time>2025-03-29T22:14:19.000Z</time>
        <extensions>
          <ns3:TrackPointExtension>
            <ns3:hr>90</ns3:hr>
          </ns3:TrackPointExtension>
        </extensions>
      </trkpt>
      <trkpt lat="-25.14418275095522403717041015625" lon="-48.8449548371136188507080078125">
        <ele>1341.4000244140625</ele>
        <time>2025-03-29T22:14:26.000Z</time>
        <extensions>
          <ns3:TrackPointExtension>
            <ns3:hr>93</ns3:hr>
          </ns3:TrackPointExtension>
        </extensions>
      </trkpt>
      <trkpt lat="-25.1441764645278453826904296875" lon="-48.84496070444583892822265625">
        <ele>1341</ele>
        <time>2025-03-29T22:14:32.000Z</time>
        <extensions>
          <ns3:TrackPointExtension>
            <ns3:hr>96</ns3:hr>
          </ns3:TrackPointExtension>
        </extensions>
      </trkpt>
      <trkpt lat="-25.14413581229746341705322265625" lon="-48.84496380575001239776611328125">
        <ele>1339.199951171875</ele>
        <time>2025-03-29T22:14:54.000Z</time>
        <extensions>
          <ns3:TrackPointExtension>
            <ns3:hr>99</ns3:hr>
          </ns3:TrackPointExtension>
        </extensions>
      </trkpt>
      <trkpt lat="-25.1441338844597339630126953125" lon="-48.844963721930980682373046875">
        <ele>1339.199951171875</ele>
        <time>2025-03-29T22:14:55.000Z</time>
        <extensions>
          <ns3:TrackPointExtension>
            <ns3:hr>96</ns3:hr>
          </ns3:TrackPointExtension>
        </extensions>
      </trkpt>
      <trkpt lat="-25.14403254725039005279541015625" lon="-48.84493379853665828704833984375">
        <ele>1338.5999755859375</ele>
        <time>2025-03-29T22:15:11.000Z</time>
        <extensions>
          <ns3:TrackPointExtension>
            <ns3:hr>96</ns3:hr>
          </ns3:TrackPointExtension>
        </extensions>
      </trkpt>
      <trkpt lat="-25.1439548470079898834228515625" lon="-48.844908066093921661376953125">
        <ele>1338.4000244140625</ele>
        <time>2025-03-29T22:15:18.000Z</time>
        <extensions>
          <ns3:TrackPointExtension>
            <ns3:hr>99</ns3:hr>
          </ns3:TrackPointExtension>
        </extensions>
      </trkpt>
      <trkpt lat="-25.1439513266086578369140625" lon="-48.8449065573513507843017578125">
        <ele>1338.199951171875</ele>
        <time>2025-03-29T22:15:20.000Z</time>
        <extensions>
          <ns3:TrackPointExtension>
            <ns3:hr>100</ns3:hr>
          </ns3:TrackPointExtension>
        </extensions>
      </trkpt>
      <trkpt lat="-25.14394889585673809051513671875" lon="-48.8449078984558582305908203125">
        <ele>1338.199951171875</ele>
        <time>2025-03-29T22:15:21.000Z</time>
        <extensions>
          <ns3:TrackPointExtension>
            <ns3:hr>96</ns3:hr>
          </ns3:TrackPointExtension>
        </extensions>
      </trkpt>
      <trkpt lat="-25.1439270190894603729248046875" lon="-48.8449283502995967864990234375">
        <ele>1336.800048828125</ele>
        <time>2025-03-29T22:15:30.000Z</time>
        <extensions>
          <ns3:TrackPointExtension>
            <ns3:hr>98</ns3:hr>
          </ns3:TrackPointExtension>
        </extensions>
      </trkpt>
      <trkpt lat="-25.143907405436038970947265625" lon="-48.844928853213787078857421875">
        <ele>1336.5999755859375</ele>
        <time>2025-03-29T22:15:39.000Z</time>
        <extensions>
          <ns3:TrackPointExtension>
            <ns3:hr>99</ns3:hr>
          </ns3:TrackPointExtension>
        </extensions>
      </trkpt>
      <trkpt lat="-25.143907405436038970947265625" lon="-48.844928853213787078857421875">
        <ele>1336.5999755859375</ele>
        <time>2025-03-29T22:15:42.000Z</time>
        <extensions>
          <ns3:TrackPointExtension>
            <ns3:hr>102</ns3:hr>
          </ns3:TrackPointExtension>
        </extensions>
      </trkpt>
      <trkpt lat="-25.143907405436038970947265625" lon="-48.844928853213787078857421875">
        <ele>1336.5999755859375</ele>
        <time>2025-03-29T22:15:48.000Z</time>
        <extensions>
          <ns3:TrackPointExtension>
            <ns3:hr>105</ns3:hr>
          </ns3:TrackPointExtension>
        </extensions>
      </trkpt>
      <trkpt lat="-25.143907405436038970947265625" lon="-48.844928853213787078857421875">
        <ele>1336.5999755859375</ele>
        <time>2025-03-29T22:15:49.000Z</time>
        <extensions>
          <ns3:TrackPointExtension>
            <ns3:hr>102</ns3:hr>
          </ns3:TrackPointExtension>
        </extensions>
      </trkpt>
      <trkpt lat="-25.1438354887068271636962890625" lon="-48.8450312800705432891845703125">
        <ele>1336</ele>
        <time>2025-03-29T22:16:55.000Z</time>
        <extensions>
          <ns3:TrackPointExtension>
            <ns3:hr>99</ns3:hr>
          </ns3:TrackPointExtension>
        </extensions>
      </trkpt>
      <trkpt lat="-25.143824256956577301025390625" lon="-48.8450399972498416900634765625">
        <ele>1336.199951171875</ele>
        <time>2025-03-29T22:17:10.000Z</time>
        <extensions>
          <ns3:TrackPointExtension>
            <ns3:hr>96</ns3:hr>
          </ns3:TrackPointExtension>
        </extensions>
      </trkpt>
      <trkpt lat="-25.14381252229213714599609375" lon="-48.8450740277767181396484375">
        <ele>1336.4000244140625</ele>
        <time>2025-03-29T22:17:27.000Z</time>
        <extensions>
          <ns3:TrackPointExtension>
            <ns3:hr>93</ns3:hr>
          </ns3:TrackPointExtension>
        </extensions>
      </trkpt>
      <trkpt lat="-25.14381243847310543060302734375" lon="-48.84507545270025730133056640625">
        <ele>1336.4000244140625</ele>
        <time>2025-03-29T22:17:28.000Z</time>
        <extensions>
          <ns3:TrackPointExtension>
            <ns3:hr>96</ns3:hr>
          </ns3:TrackPointExtension>
        </extensions>
      </trkpt>
      <trkpt lat="-25.14380757696926593780517578125" lon="-48.84509422816336154937744140625">
        <ele>1335.800048828125</ele>
        <time>2025-03-29T22:17:44.000Z</time>
        <extensions>
          <ns3:TrackPointExtension>
            <ns3:hr>93</ns3:hr>
          </ns3:TrackPointExtension>
        </extensions>
      </trkpt>
      <trkpt lat="-25.14380657114088535308837890625" lon="-48.84510646574199199676513671875">
        <ele>1335.4000244140625</ele>
        <time>2025-03-29T22:17:51.000Z</time>
        <extensions>
          <ns3:TrackPointExtension>
            <ns3:hr>90</ns3:hr>
          </ns3:TrackPointExtension>
        </extensions>
      </trkpt>
      <trkpt lat="-25.14380657114088535308837890625" lon="-48.84510730393230915069580078125">
        <ele>1335.4000244140625</ele>
        <time>2025-03-29T22:17:52.000Z</time>
        <extensions>
          <ns3:TrackPointExtension>
            <ns3:hr>93</ns3:hr>
          </ns3:TrackPointExtension>
        </extensions>
      </trkpt>
      <trkpt lat="-25.14381109736859798431396484375" lon="-48.84514166973531246185302734375">
        <ele>1333.5999755859375</ele>
        <time>2025-03-29T22:18:19.000Z</time>
        <extensions>
          <ns3:TrackPointExtension>
            <ns3:hr>90</ns3:hr>
          </ns3:TrackPointExtension>
        </extensions>
      </trkpt>
      <trkpt lat="-25.143811516463756561279296875" lon="-48.84514317847788333892822265625">
        <ele>1333.4000244140625</ele>
        <time>2025-03-29T22:18:21.000Z</time>
        <extensions>
          <ns3:TrackPointExtension>
            <ns3:hr>93</ns3:hr>
          </ns3:TrackPointExtension>
        </extensions>
      </trkpt>
      <trkpt lat="-25.14381210319697856903076171875" lon="-48.8451593555510044097900390625">
        <ele>1333.199951171875</ele>
        <time>2025-03-29T22:18:30.000Z</time>
        <extensions>
          <ns3:TrackPointExtension>
            <ns3:hr>97</ns3:hr>
          </ns3:TrackPointExtension>
        </extensions>
      </trkpt>
      <trkpt lat="-25.1438118517398834228515625" lon="-48.8451606966555118560791015625">
        <ele>1333.199951171875</ele>
        <time>2025-03-29T22:18:31.000Z</time>
        <extensions>
          <ns3:TrackPointExtension>
            <ns3:hr>94</ns3:hr>
          </ns3:TrackPointExtension>
        </extensions>
      </trkpt>
      <trkpt lat="-25.14380891807377338409423828125" lon="-48.845166228711605072021484375">
        <ele>1333.4000244140625</ele>
        <time>2025-03-29T22:18:39.000Z</time>
        <extensions>
          <ns3:TrackPointExtension>
            <ns3:hr>95</ns3:hr>
          </ns3:TrackPointExtension>
        </extensions>
      </trkpt>
      <trkpt lat="-25.1438079960644245147705078125" lon="-48.84516715072095394134521484375">
        <ele>1333.5999755859375</ele>
        <time>2025-03-29T22:18:43.000Z</time>
        <extensions>
          <ns3:TrackPointExtension>
            <ns3:hr>96</ns3:hr>
          </ns3:TrackPointExtension>
        </extensions>
      </trkpt>
      <trkpt lat="-25.14380707405507564544677734375" lon="-48.8451680727303028106689453125">
        <ele>1333.800048828125</ele>
        <time>2025-03-29T22:18:59.000Z</time>
        <extensions>
          <ns3:TrackPointExtension>
            <ns3:hr>93</ns3:hr>
          </ns3:TrackPointExtension>
        </extensions>
      </trkpt>
      <trkpt lat="-25.14380673877894878387451171875" lon="-48.8451667316257953643798828125">
        <ele>1333.800048828125</ele>
        <time>2025-03-29T22:19:14.000Z</time>
        <extensions>
          <ns3:TrackPointExtension>
            <ns3:hr>97</ns3:hr>
          </ns3:TrackPointExtension>
        </extensions>
      </trkpt>
      <trkpt lat="-25.14380673877894878387451171875" lon="-48.84516664780676364898681640625">
        <ele>1333.5999755859375</ele>
        <time>2025-03-29T22:19:16.000Z</time>
        <extensions>
          <ns3:TrackPointExtension>
            <ns3:hr>94</ns3:hr>
          </ns3:TrackPointExtension>
        </extensions>
      </trkpt>
      <trkpt lat="-25.1438066549599170684814453125" lon="-48.845166228711605072021484375">
        <ele>1333.4000244140625</ele>
        <time>2025-03-29T22:19:26.000Z</time>
        <extensions>
          <ns3:TrackPointExtension>
            <ns3:hr>91</ns3:hr>
          </ns3:TrackPointExtension>
        </extensions>
      </trkpt>
      <trkpt lat="-25.14380623586475849151611328125" lon="-48.8451660610735416412353515625">
        <ele>1333.4000244140625</ele>
        <time>2025-03-29T22:19:30.000Z</time>
        <extensions>
          <ns3:TrackPointExtension>
            <ns3:hr>95</ns3:hr>
          </ns3:TrackPointExtension>
        </extensions>
      </trkpt>
      <trkpt lat="-25.143806152045726776123046875" lon="-48.8451660610735416412353515625">
        <ele>1333.4000244140625</ele>
        <time>2025-03-29T22:19:31.000Z</time>
        <extensions>
          <ns3:TrackPointExtension>
            <ns3:hr>92</ns3:hr>
          </ns3:TrackPointExtension>
        </extensions>
      </trkpt>
      <trkpt lat="-25.14380581676959991455078125" lon="-48.8451660610735416412353515625">
        <ele>1333.199951171875</ele>
        <time>2025-03-29T22:19:39.000Z</time>
        <extensions>
          <ns3:TrackPointExtension>
            <ns3:hr>89</ns3:hr>
          </ns3:TrackPointExtension>
        </extensions>
      </trkpt>
      <trkpt lat="-25.14380581676959991455078125" lon="-48.8451660610735416412353515625">
        <ele>1333.199951171875</ele>
        <time>2025-03-29T22:19:40.000Z</time>
        <extensions>
          <ns3:TrackPointExtension>
            <ns3:hr>92</ns3:hr>
          </ns3:TrackPointExtension>
        </extensions>
      </trkpt>
      <trkpt lat="-25.14380489476025104522705078125" lon="-48.84516564197838306427001953125">
        <ele>1333</ele>
        <time>2025-03-29T22:19:58.000Z</time>
        <extensions>
          <ns3:TrackPointExtension>
            <ns3:hr>96</ns3:hr>
          </ns3:TrackPointExtension>
        </extensions>
      </trkpt>
      <trkpt lat="-25.143804810941219329833984375" lon="-48.8451657257974147796630859375">
        <ele>1333</ele>
        <time>2025-03-29T22:19:59.000Z</time>
        <extensions>
          <ns3:TrackPointExtension>
            <ns3:hr>93</ns3:hr>
          </ns3:TrackPointExtension>
        </extensions>
      </trkpt>
      <trkpt lat="-25.14380187727510929107666015625" lon="-48.84517192840576171875">
        <ele>1331.800048828125</ele>
        <time>2025-03-29T22:21:03.000Z</time>
        <extensions>
          <ns3:TrackPointExtension>
            <ns3:hr>90</ns3:hr>
          </ns3:TrackPointExtension>
        </extensions>
      </trkpt>
      <trkpt lat="-25.14380154199898242950439453125" lon="-48.845172934234142303466796875">
        <ele>1331.5999755859375</ele>
        <time>2025-03-29T22:21:09.000Z</time>
        <extensions>
          <ns3:TrackPointExtension>
            <ns3:hr>87</ns3:hr>
          </ns3:TrackPointExtension>
        </extensions>
      </trkpt>
      <trkpt lat="-25.143801458179950714111328125" lon="-48.84517352096736431121826171875">
        <ele>1331.5999755859375</ele>
        <time>2025-03-29T22:21:13.000Z</time>
        <extensions>
          <ns3:TrackPointExtension>
            <ns3:hr>90</ns3:hr>
          </ns3:TrackPointExtension>
        </extensions>
      </trkpt>
      <trkpt lat="-25.1438012905418872833251953125" lon="-48.84517385624349117279052734375">
        <ele>1331.5999755859375</ele>
        <time>2025-03-29T22:21:15.000Z</time>
        <extensions>
          <ns3:TrackPointExtension>
            <ns3:hr>93</ns3:hr>
          </ns3:TrackPointExtension>
        </extensions>
      </trkpt>
      <trkpt lat="-25.14380070380866527557373046875" lon="-48.84517502970993518829345703125">
        <ele>1331.4000244140625</ele>
        <time>2025-03-29T22:21:23.000Z</time>
        <extensions>
          <ns3:TrackPointExtension>
            <ns3:hr>96</ns3:hr>
          </ns3:TrackPointExtension>
        </extensions>
      </trkpt>
      <trkpt lat="-25.14380053617060184478759765625" lon="-48.84517553262412548065185546875">
        <ele>1331.4000244140625</ele>
        <time>2025-03-29T22:21:26.000Z</time>
        <extensions>
          <ns3:TrackPointExtension>
            <ns3:hr>99</ns3:hr>
          </ns3:TrackPointExtension>
        </extensions>
      </trkpt>
      <trkpt lat="-25.14379953034222126007080078125" lon="-48.84517905302345752716064453125">
        <ele>1331</ele>
        <time>2025-03-29T22:21:46.000Z</time>
        <extensions>
          <ns3:TrackPointExtension>
            <ns3:hr>102</ns3:hr>
          </ns3:TrackPointExtension>
        </extensions>
      </trkpt>
      <trkpt lat="-25.14379852451384067535400390625" lon="-48.845182992517948150634765625">
        <ele>1330.5999755859375</ele>
        <time>2025-03-29T22:22:04.000Z</time>
        <extensions>
          <ns3:TrackPointExtension>
            <ns3:hr>98</ns3:hr>
          </ns3:TrackPointExtension>
        </extensions>
      </trkpt>
      <trkpt lat="-25.14379718340933322906494140625" lon="-48.845188356935977935791015625">
        <ele>1330.199951171875</ele>
        <time>2025-03-29T22:22:22.000Z</time>
        <extensions>
          <ns3:TrackPointExtension>
            <ns3:hr>95</ns3:hr>
          </ns3:TrackPointExtension>
        </extensions>
      </trkpt>
      <trkpt lat="-25.143796764314174652099609375" lon="-48.845191709697246551513671875">
        <ele>1330</ele>
        <time>2025-03-29T22:22:33.000Z</time>
        <extensions>
          <ns3:TrackPointExtension>
            <ns3:hr>92</ns3:hr>
          </ns3:TrackPointExtension>
        </extensions>
      </trkpt>
      <trkpt lat="-25.14379634521901607513427734375" lon="-48.84519397281110286712646484375">
        <ele>1329.800048828125</ele>
        <time>2025-03-29T22:22:40.000Z</time>
        <extensions>
          <ns3:TrackPointExtension>
            <ns3:hr>89</ns3:hr>
          </ns3:TrackPointExtension>
        </extensions>
      </trkpt>
      <trkpt lat="-25.1437962613999843597412109375" lon="-48.8451945595443248748779296875">
        <ele>1329.800048828125</ele>
        <time>2025-03-29T22:22:42.000Z</time>
        <extensions>
          <ns3:TrackPointExtension>
            <ns3:hr>86</ns3:hr>
          </ns3:TrackPointExtension>
        </extensions>
      </trkpt>
      <trkpt lat="-25.14379600994288921356201171875" lon="-48.84519581682980060577392578125">
        <ele>1329.800048828125</ele>
        <time>2025-03-29T22:22:46.000Z</time>
        <extensions>
          <ns3:TrackPointExtension>
            <ns3:hr>83</ns3:hr>
          </ns3:TrackPointExtension>
        </extensions>
      </trkpt>
      <trkpt lat="-25.14379508793354034423828125" lon="-48.84520210325717926025390625">
        <ele>1329.4000244140625</ele>
        <time>2025-03-29T22:23:05.000Z</time>
        <extensions>
          <ns3:TrackPointExtension>
            <ns3:hr>78</ns3:hr>
          </ns3:TrackPointExtension>
        </extensions>
      </trkpt>
      <trkpt lat="-25.14379500411450862884521484375" lon="-48.845203109085559844970703125">
        <ele>1329.199951171875</ele>
        <time>2025-03-29T22:23:08.000Z</time>
        <extensions>
          <ns3:TrackPointExtension>
            <ns3:hr>81</ns3:hr>
          </ns3:TrackPointExtension>
        </extensions>
      </trkpt>
      <trkpt lat="-25.14379282481968402862548828125" lon="-48.84521056897938251495361328125">
        <ele>1328.800048828125</ele>
        <time>2025-03-29T22:23:30.000Z</time>
        <extensions>
          <ns3:TrackPointExtension>
            <ns3:hr>78</ns3:hr>
          </ns3:TrackPointExtension>
        </extensions>
      </trkpt>
      <trkpt lat="-25.1437919028103351593017578125" lon="-48.84521241299808025360107421875">
        <ele>1328.5999755859375</ele>
        <time>2025-03-29T22:23:36.000Z</time>
        <extensions>
          <ns3:TrackPointExtension>
            <ns3:hr>81</ns3:hr>
          </ns3:TrackPointExtension>
        </extensions>
      </trkpt>
      <trkpt lat="-25.143791399896144866943359375" lon="-48.84521375410258769989013671875">
        <ele>1328.5999755859375</ele>
        <time>2025-03-29T22:23:40.000Z</time>
        <extensions>
          <ns3:TrackPointExtension>
            <ns3:hr>77</ns3:hr>
          </ns3:TrackPointExtension>
        </extensions>
      </trkpt>
      <trkpt lat="-25.14378930442035198211669921875" lon="-48.84521928615868091583251953125">
        <ele>1328</ele>
        <time>2025-03-29T22:23:57.000Z</time>
        <extensions>
          <ns3:TrackPointExtension>
            <ns3:hr>80</ns3:hr>
          </ns3:TrackPointExtension>
        </extensions>
      </trkpt>
      <trkpt lat="-25.1437862031161785125732421875" lon="-48.84522699750959873199462890625">
        <ele>1327.4000244140625</ele>
        <time>2025-03-29T22:24:20.000Z</time>
        <extensions>
          <ns3:TrackPointExtension>
            <ns3:hr>83</ns3:hr>
          </ns3:TrackPointExtension>
        </extensions>
      </trkpt>
      <trkpt lat="-25.143785364925861358642578125" lon="-48.84522934444248676300048828125">
        <ele>1327.4000244140625</ele>
        <time>2025-03-29T22:24:26.000Z</time>
        <extensions>
          <ns3:TrackPointExtension>
            <ns3:hr>87</ns3:hr>
          </ns3:TrackPointExtension>
        </extensions>
      </trkpt>
      <trkpt lat="-25.14378427527844905853271484375" lon="-48.84523152373731136322021484375">
        <ele>1327.199951171875</ele>
        <time>2025-03-29T22:24:32.000Z</time>
        <extensions>
          <ns3:TrackPointExtension>
            <ns3:hr>94</ns3:hr>
          </ns3:TrackPointExtension>
        </extensions>
      </trkpt>
      <trkpt lat="-25.1437841914594173431396484375" lon="-48.84523185901343822479248046875">
        <ele>1327.199951171875</ele>
        <time>2025-03-29T22:24:33.000Z</time>
        <extensions>
          <ns3:TrackPointExtension>
            <ns3:hr>93</ns3:hr>
          </ns3:TrackPointExtension>
        </extensions>
      </trkpt>
      <trkpt lat="-25.14378360472619533538818359375" lon="-48.84523353539407253265380859375">
        <ele>1327</ele>
        <time>2025-03-29T22:24:37.000Z</time>
        <extensions>
          <ns3:TrackPointExtension>
            <ns3:hr>97</ns3:hr>
          </ns3:TrackPointExtension>
        </extensions>
      </trkpt>
      <trkpt lat="-25.14378226362168788909912109375" lon="-48.84523655287921428680419921875">
        <ele>1326.800048828125</ele>
        <time>2025-03-29T22:24:45.000Z</time>
        <extensions>
          <ns3:TrackPointExtension>
            <ns3:hr>100</ns3:hr>
          </ns3:TrackPointExtension>
        </extensions>
      </trkpt>
      <trkpt lat="-25.143778659403324127197265625" lon="-48.84524359367787837982177734375">
        <ele>1326.199951171875</ele>
        <time>2025-03-29T22:25:05.000Z</time>
        <extensions>
          <ns3:TrackPointExtension>
            <ns3:hr>97</ns3:hr>
          </ns3:TrackPointExtension>
        </extensions>
      </trkpt>
      <trkpt lat="-25.1437784917652606964111328125" lon="-48.8452441804111003875732421875">
        <ele>1326.199951171875</ele>
        <time>2025-03-29T22:25:07.000Z</time>
        <extensions>
          <ns3:TrackPointExtension>
            <ns3:hr>100</ns3:hr>
          </ns3:TrackPointExtension>
        </extensions>
      </trkpt>
      <trkpt lat="-25.143777988851070404052734375" lon="-48.84524527005851268768310546875">
        <ele>1326</ele>
        <time>2025-03-29T22:25:10.000Z</time>
        <extensions>
          <ns3:TrackPointExtension>
            <ns3:hr>97</ns3:hr>
          </ns3:TrackPointExtension>
        </extensions>
      </trkpt>
      <trkpt lat="-25.14377723447978496551513671875" lon="-48.8452471978962421417236328125">
        <ele>1326</ele>
        <time>2025-03-29T22:25:15.000Z</time>
        <extensions>
          <ns3:TrackPointExtension>
            <ns3:hr>100</ns3:hr>
          </ns3:TrackPointExtension>
        </extensions>
      </trkpt>
      <trkpt lat="-25.143775641918182373046875" lon="-48.84525180794298648834228515625">
        <ele>1325.5999755859375</ele>
        <time>2025-03-29T22:25:27.000Z</time>
        <extensions>
          <ns3:TrackPointExtension>
            <ns3:hr>103</ns3:hr>
          </ns3:TrackPointExtension>
        </extensions>
      </trkpt>
      <trkpt lat="-25.14377103187143802642822265625" lon="-48.84526320733129978179931640625">
        <ele>1324.800048828125</ele>
        <time>2025-03-29T22:25:55.000Z</time>
        <extensions>
          <ns3:TrackPointExtension>
            <ns3:hr>106</ns3:hr>
          </ns3:TrackPointExtension>
        </extensions>
      </trkpt>
      <trkpt lat="-25.143770277500152587890625" lon="-48.8452649675309658050537109375">
        <ele>1324.800048828125</ele>
        <time>2025-03-29T22:25:59.000Z</time>
        <extensions>
          <ns3:TrackPointExtension>
            <ns3:hr>103</ns3:hr>
          </ns3:TrackPointExtension>
        </extensions>
      </trkpt>
      <trkpt lat="-25.14376223087310791015625" lon="-48.8452817313373088836669921875">
        <ele>1323.5999755859375</ele>
        <time>2025-03-29T22:26:39.000Z</time>
        <extensions>
          <ns3:TrackPointExtension>
            <ns3:hr>106</ns3:hr>
          </ns3:TrackPointExtension>
        </extensions>
      </trkpt>
      <trkpt lat="-25.14376021921634674072265625" lon="-48.8452854193747043609619140625">
        <ele>1323.199951171875</ele>
        <time>2025-03-29T22:26:49.000Z</time>
        <extensions>
          <ns3:TrackPointExtension>
            <ns3:hr>109</ns3:hr>
          </ns3:TrackPointExtension>
        </extensions>
      </trkpt>
      <trkpt lat="-25.14375812374055385589599609375" lon="-48.8452887721359729766845703125">
        <ele>1322.800048828125</ele>
        <time>2025-03-29T22:26:58.000Z</time>
        <extensions>
          <ns3:TrackPointExtension>
            <ns3:hr>106</ns3:hr>
          </ns3:TrackPointExtension>
        </extensions>
      </trkpt>
      <trkpt lat="-25.14375560916960239410400390625" lon="-48.8452939689159393310546875">
        <ele>1322.4000244140625</ele>
        <time>2025-03-29T22:27:12.000Z</time>
        <extensions>
          <ns3:TrackPointExtension>
            <ns3:hr>103</ns3:hr>
          </ns3:TrackPointExtension>
        </extensions>
      </trkpt>
      <trkpt lat="-25.14375510625541210174560546875" lon="-48.8452951423823833465576171875">
        <ele>1322.4000244140625</ele>
        <time>2025-03-29T22:27:15.000Z</time>
        <extensions>
          <ns3:TrackPointExtension>
            <ns3:hr>100</ns3:hr>
          </ns3:TrackPointExtension>
        </extensions>
      </trkpt>
      <trkpt lat="-25.1437520049512386322021484375" lon="-48.8453035242855548858642578125">
        <ele>1321.5999755859375</ele>
        <time>2025-03-29T22:27:35.000Z</time>
        <extensions>
          <ns3:TrackPointExtension>
            <ns3:hr>97</ns3:hr>
          </ns3:TrackPointExtension>
        </extensions>
      </trkpt>
      <trkpt lat="-25.14375158585608005523681640625" lon="-48.84530536830425262451171875">
        <ele>1321.5999755859375</ele>
        <time>2025-03-29T22:27:39.000Z</time>
        <extensions>
          <ns3:TrackPointExtension>
            <ns3:hr>93</ns3:hr>
          </ns3:TrackPointExtension>
        </extensions>
      </trkpt>
      <trkpt lat="-25.14375058002769947052001953125" lon="-48.8453098945319652557373046875">
        <ele>1321.199951171875</ele>
        <time>2025-03-29T22:27:49.000Z</time>
        <extensions>
          <ns3:TrackPointExtension>
            <ns3:hr>90</ns3:hr>
          </ns3:TrackPointExtension>
        </extensions>
      </trkpt>
      <trkpt lat="-25.14375041238963603973388671875" lon="-48.84531031362712383270263671875">
        <ele>1321.199951171875</ele>
        <time>2025-03-29T22:27:50.000Z</time>
        <extensions>
          <ns3:TrackPointExtension>
            <ns3:hr>93</ns3:hr>
          </ns3:TrackPointExtension>
        </extensions>
      </trkpt>
      <trkpt lat="-25.1437503285706043243408203125" lon="-48.84531081654131412506103515625">
        <ele>1321.199951171875</ele>
        <time>2025-03-29T22:27:51.000Z</time>
        <extensions>
          <ns3:TrackPointExtension>
            <ns3:hr>89</ns3:hr>
          </ns3:TrackPointExtension>
        </extensions>
      </trkpt>
      <trkpt lat="-25.14374949038028717041015625" lon="-48.8453142531216144561767578125">
        <ele>1321</ele>
        <time>2025-03-29T22:27:58.000Z</time>
        <extensions>
          <ns3:TrackPointExtension>
            <ns3:hr>92</ns3:hr>
          </ns3:TrackPointExtension>
        </extensions>
      </trkpt>
      <trkpt lat="-25.14374923892319202423095703125" lon="-48.84531618095934391021728515625">
        <ele>1320.800048828125</ele>
        <time>2025-03-29T22:28:02.000Z</time>
        <extensions>
          <ns3:TrackPointExtension>
            <ns3:hr>97</ns3:hr>
          </ns3:TrackPointExtension>
        </extensions>
      </trkpt>
      <trkpt lat="-25.14374907128512859344482421875" lon="-48.84531668387353420257568359375">
        <ele>1320.800048828125</ele>
        <time>2025-03-29T22:28:03.000Z</time>
        <extensions>
          <ns3:TrackPointExtension>
            <ns3:hr>100</ns3:hr>
          </ns3:TrackPointExtension>
        </extensions>
      </trkpt>
      <trkpt lat="-25.143747813999652862548828125" lon="-48.84532372467219829559326171875">
        <ele>1320.4000244140625</ele>
        <time>2025-03-29T22:28:17.000Z</time>
        <extensions>
          <ns3:TrackPointExtension>
            <ns3:hr>97</ns3:hr>
          </ns3:TrackPointExtension>
        </extensions>
      </trkpt>
      <trkpt lat="-25.14374622143805027008056640625" lon="-48.84533495642244815826416015625">
        <ele>1319.800048828125</ele>
        <time>2025-03-29T22:28:39.000Z</time>
        <extensions>
          <ns3:TrackPointExtension>
            <ns3:hr>100</ns3:hr>
          </ns3:TrackPointExtension>
        </extensions>
      </trkpt>
      <trkpt lat="-25.14374546706676483154296875" lon="-48.84533965028822422027587890625">
        <ele>1319.5999755859375</ele>
        <time>2025-03-29T22:28:48.000Z</time>
        <extensions>
          <ns3:TrackPointExtension>
            <ns3:hr>103</ns3:hr>
          </ns3:TrackPointExtension>
        </extensions>
      </trkpt>
      <trkpt lat="-25.14374286867678165435791015625" lon="-48.8453561626374721527099609375">
        <ele>1318.5999755859375</ele>
        <time>2025-03-29T22:29:20.000Z</time>
        <extensions>
          <ns3:TrackPointExtension>
            <ns3:hr>106</ns3:hr>
          </ns3:TrackPointExtension>
        </extensions>
      </trkpt>
      <trkpt lat="-25.14374203048646450042724609375" lon="-48.84536211378872394561767578125">
        <ele>1318.199951171875</ele>
        <time>2025-03-29T22:29:32.000Z</time>
        <extensions>
          <ns3:TrackPointExtension>
            <ns3:hr>110</ns3:hr>
          </ns3:TrackPointExtension>
        </extensions>
      </trkpt>
      <trkpt lat="-25.14374169521033763885498046875" lon="-48.8453635387122631072998046875">
        <ele>1318.199951171875</ele>
        <time>2025-03-29T22:29:35.000Z</time>
        <extensions>
          <ns3:TrackPointExtension>
            <ns3:hr>114</ns3:hr>
          </ns3:TrackPointExtension>
        </extensions>
      </trkpt>
      <trkpt lat="-25.1437412761151790618896484375" lon="-48.845365047454833984375">
        <ele>1318</ele>
        <time>2025-03-29T22:29:38.000Z</time>
        <extensions>
          <ns3:TrackPointExtension>
            <ns3:hr>117</ns3:hr>
          </ns3:TrackPointExtension>
        </extensions>
      </trkpt>
      <trkpt lat="-25.1437402702867984771728515625" lon="-48.8453715853393077850341796875">
        <ele>1317.5999755859375</ele>
        <time>2025-03-29T22:29:52.000Z</time>
        <extensions>
          <ns3:TrackPointExtension>
            <ns3:hr>120</ns3:hr>
          </ns3:TrackPointExtension>
        </extensions>
      </trkpt>
      <trkpt lat="-25.1437394320964813232421875" lon="-48.84537602774798870086669921875">
        <ele>1317.4000244140625</ele>
        <time>2025-03-29T22:30:01.000Z</time>
        <extensions>
          <ns3:TrackPointExtension>
            <ns3:hr>117</ns3:hr>
          </ns3:TrackPointExtension>
        </extensions>
      </trkpt>
      <trkpt lat="-25.143737755715847015380859375" lon="-48.84538524784147739410400390625">
        <ele>1316.800048828125</ele>
        <time>2025-03-29T22:30:20.000Z</time>
        <extensions>
          <ns3:TrackPointExtension>
            <ns3:hr>114</ns3:hr>
          </ns3:TrackPointExtension>
        </extensions>
      </trkpt>
      <trkpt lat="-25.14373733662068843841552734375" lon="-48.84538759477436542510986328125">
        <ele>1316.800048828125</ele>
        <time>2025-03-29T22:30:25.000Z</time>
        <extensions>
          <ns3:TrackPointExtension>
            <ns3:hr>109</ns3:hr>
          </ns3:TrackPointExtension>
        </extensions>
      </trkpt>
      <trkpt lat="-25.14373381622135639190673828125" lon="-48.84540737606585025787353515625">
        <ele>1315.5999755859375</ele>
        <time>2025-03-29T22:31:05.000Z</time>
        <extensions>
          <ns3:TrackPointExtension>
            <ns3:hr>106</ns3:hr>
          </ns3:TrackPointExtension>
        </extensions>
      </trkpt>
      <trkpt lat="-25.143732391297817230224609375" lon="-48.845416009426116943359375">
        <ele>1315.199951171875</ele>
        <time>2025-03-29T22:31:22.000Z</time>
        <extensions>
          <ns3:TrackPointExtension>
            <ns3:hr>103</ns3:hr>
          </ns3:TrackPointExtension>
        </extensions>
      </trkpt>
      <trkpt lat="-25.1437305472791194915771484375" lon="-48.84542665444314479827880859375">
        <ele>1314.5999755859375</ele>
        <time>2025-03-29T22:31:43.000Z</time>
        <extensions>
          <ns3:TrackPointExtension>
            <ns3:hr>99</ns3:hr>
          </ns3:TrackPointExtension>
        </extensions>
      </trkpt>
      <trkpt lat="-25.1437298767268657684326171875" lon="-48.84543017484247684478759765625">
        <ele>1314.4000244140625</ele>
        <time>2025-03-29T22:31:50.000Z</time>
        <extensions>
          <ns3:TrackPointExtension>
            <ns3:hr>102</ns3:hr>
          </ns3:TrackPointExtension>
        </extensions>
      </trkpt>
      <trkpt lat="-25.14372912235558032989501953125" lon="-48.84543470107018947601318359375">
        <ele>1314</ele>
        <time>2025-03-29T22:31:59.000Z</time>
        <extensions>
          <ns3:TrackPointExtension>
            <ns3:hr>99</ns3:hr>
          </ns3:TrackPointExtension>
        </extensions>
      </trkpt>
      <trkpt lat="-25.14372895471751689910888671875" lon="-48.84543570689857006072998046875">
        <ele>1314</ele>
        <time>2025-03-29T22:32:01.000Z</time>
        <extensions>
          <ns3:TrackPointExtension>
            <ns3:hr>102</ns3:hr>
          </ns3:TrackPointExtension>
        </extensions>
      </trkpt>
      <trkpt lat="-25.14372778125107288360595703125" lon="-48.845441825687885284423828125">
        <ele>1313.5999755859375</ele>
        <time>2025-03-29T22:32:13.000Z</time>
        <extensions>
          <ns3:TrackPointExtension>
            <ns3:hr>105</ns3:hr>
          </ns3:TrackPointExtension>
        </extensions>
      </trkpt>
      <trkpt lat="-25.143727697432041168212890625" lon="-48.84544241242110729217529296875">
        <ele>1313.5999755859375</ele>
        <time>2025-03-29T22:32:14.000Z</time>
        <extensions>
          <ns3:TrackPointExtension>
            <ns3:hr>102</ns3:hr>
          </ns3:TrackPointExtension>
        </extensions>
      </trkpt>
      <trkpt lat="-25.14372560195624828338623046875" lon="-48.8454543985426425933837890625">
        <ele>1313</ele>
        <time>2025-03-29T22:32:37.000Z</time>
        <extensions>
          <ns3:TrackPointExtension>
            <ns3:hr>99</ns3:hr>
          </ns3:TrackPointExtension>
        </extensions>
      </trkpt>
      <trkpt lat="-25.14372400939464569091796875" lon="-48.8454656302928924560546875">
        <ele>1312.4000244140625</ele>
        <time>2025-03-29T22:32:58.000Z</time>
        <extensions>
          <ns3:TrackPointExtension>
            <ns3:hr>96</ns3:hr>
          </ns3:TrackPointExtension>
        </extensions>
      </trkpt>
      <trkpt lat="-25.1437238417565822601318359375" lon="-48.845466636121273040771484375">
        <ele>1312.4000244140625</ele>
        <time>2025-03-29T22:33:00.000Z</time>
        <extensions>
          <ns3:TrackPointExtension>
            <ns3:hr>99</ns3:hr>
          </ns3:TrackPointExtension>
        </extensions>
      </trkpt>
      <trkpt lat="-25.14372375793755054473876953125" lon="-48.84546722285449504852294921875">
        <ele>1312.4000244140625</ele>
        <time>2025-03-29T22:33:01.000Z</time>
        <extensions>
          <ns3:TrackPointExtension>
            <ns3:hr>96</ns3:hr>
          </ns3:TrackPointExtension>
        </extensions>
      </trkpt>
      <trkpt lat="-25.1437228359282016754150390625" lon="-48.84547258727252483367919921875">
        <ele>1312.199951171875</ele>
        <time>2025-03-29T22:33:11.000Z</time>
        <extensions>
          <ns3:TrackPointExtension>
            <ns3:hr>104</ns3:hr>
          </ns3:TrackPointExtension>
        </extensions>
      </trkpt>
      <trkpt lat="-25.14372275210916996002197265625" lon="-48.84547309018671512603759765625">
        <ele>1312</ele>
        <time>2025-03-29T22:33:12.000Z</time>
        <extensions>
          <ns3:TrackPointExtension>
            <ns3:hr>104</ns3:hr>
          </ns3:TrackPointExtension>
        </extensions>
      </trkpt>
      <trkpt lat="-25.14372241683304309844970703125" lon="-48.84547526948153972625732421875">
        <ele>1312</ele>
        <time>2025-03-29T22:33:16.000Z</time>
        <extensions>
          <ns3:TrackPointExtension>
            <ns3:hr>108</ns3:hr>
          </ns3:TrackPointExtension>
        </extensions>
      </trkpt>
      <trkpt lat="-25.143721997737884521484375" lon="-48.845477364957332611083984375">
        <ele>1311.800048828125</ele>
        <time>2025-03-29T22:33:20.000Z</time>
        <extensions>
          <ns3:TrackPointExtension>
            <ns3:hr>111</ns3:hr>
          </ns3:TrackPointExtension>
        </extensions>
      </trkpt>
      <trkpt lat="-25.14372157864272594451904296875" lon="-48.845480047166347503662109375">
        <ele>1311.800048828125</ele>
        <time>2025-03-29T22:33:25.000Z</time>
        <extensions>
          <ns3:TrackPointExtension>
            <ns3:hr>115</ns3:hr>
          </ns3:TrackPointExtension>
        </extensions>
      </trkpt>
      <trkpt lat="-25.14372124336659908294677734375" lon="-48.8454815559089183807373046875">
        <ele>1311.5999755859375</ele>
        <time>2025-03-29T22:33:28.000Z</time>
        <extensions>
          <ns3:TrackPointExtension>
            <ns3:hr>119</ns3:hr>
          </ns3:TrackPointExtension>
        </extensions>
      </trkpt>
      <trkpt lat="-25.1437211595475673675537109375" lon="-48.845482058823108673095703125">
        <ele>1311.5999755859375</ele>
        <time>2025-03-29T22:33:29.000Z</time>
        <extensions>
          <ns3:TrackPointExtension>
            <ns3:hr>122</ns3:hr>
          </ns3:TrackPointExtension>
        </extensions>
      </trkpt>
      <trkpt lat="-25.143720991909503936767578125" lon="-48.84548314847052097320556640625">
        <ele>1311.5999755859375</ele>
        <time>2025-03-29T22:33:31.000Z</time>
        <extensions>
          <ns3:TrackPointExtension>
            <ns3:hr>125</ns3:hr>
          </ns3:TrackPointExtension>
        </extensions>
      </trkpt>
      <trkpt lat="-25.14371973462402820587158203125" lon="-48.8454902730882167816162109375">
        <ele>1311.199951171875</ele>
        <time>2025-03-29T22:33:45.000Z</time>
        <extensions>
          <ns3:TrackPointExtension>
            <ns3:hr>122</ns3:hr>
          </ns3:TrackPointExtension>
        </extensions>
      </trkpt>
      <trkpt lat="-25.1437188126146793365478515625" lon="-48.84549555368721485137939453125">
        <ele>1310.800048828125</ele>
        <time>2025-03-29T22:33:56.000Z</time>
        <extensions>
          <ns3:TrackPointExtension>
            <ns3:hr>119</ns3:hr>
          </ns3:TrackPointExtension>
        </extensions>
      </trkpt>
      <trkpt lat="-25.143718309700489044189453125" lon="-48.84549848735332489013671875">
        <ele>1310.800048828125</ele>
        <time>2025-03-29T22:34:02.000Z</time>
        <extensions>
          <ns3:TrackPointExtension>
            <ns3:hr>116</ns3:hr>
          </ns3:TrackPointExtension>
        </extensions>
      </trkpt>
      <trkpt lat="-25.14371772296726703643798828125" lon="-48.84550091810524463653564453125">
        <ele>1310.5999755859375</ele>
        <time>2025-03-29T22:34:07.000Z</time>
        <extensions>
          <ns3:TrackPointExtension>
            <ns3:hr>119</ns3:hr>
          </ns3:TrackPointExtension>
        </extensions>
      </trkpt>
      <trkpt lat="-25.14371738769114017486572265625" lon="-48.8455023430287837982177734375">
        <ele>1310.5999755859375</ele>
        <time>2025-03-29T22:34:10.000Z</time>
        <extensions>
          <ns3:TrackPointExtension>
            <ns3:hr>116</ns3:hr>
          </ns3:TrackPointExtension>
        </extensions>
      </trkpt>
      <trkpt lat="-25.1437161304056644439697265625" lon="-48.845510222017765045166015625">
        <ele>1310.199951171875</ele>
        <time>2025-03-29T22:34:26.000Z</time>
        <extensions>
          <ns3:TrackPointExtension>
            <ns3:hr>113</ns3:hr>
          </ns3:TrackPointExtension>
        </extensions>
      </trkpt>
      <trkpt lat="-25.1436641626060009002685546875" lon="-48.845770061016082763671875">
        <ele>1309.5999755859375</ele>
        <time>2025-03-29T22:34:43.000Z</time>
        <extensions>
          <ns3:TrackPointExtension>
            <ns3:hr>117</ns3:hr>
          </ns3:TrackPointExtension>
        </extensions>
      </trkpt>
      <trkpt lat="-25.1436470635235309600830078125" lon="-48.8458545506000518798828125">
        <ele>1309.5999755859375</ele>
        <time>2025-03-29T22:34:44.000Z</time>
        <extensions>
          <ns3:TrackPointExtension>
            <ns3:hr>120</ns3:hr>
          </ns3:TrackPointExtension>
        </extensions>
      </trkpt>
      <trkpt lat="-25.14361009933054447174072265625" lon="-48.84602562524378299713134765625">
        <ele>1307.199951171875</ele>
        <time>2025-03-29T22:34:46.000Z</time>
        <extensions>
          <ns3:TrackPointExtension>
            <ns3:hr>124</ns3:hr>
          </ns3:TrackPointExtension>
        </extensions>
      </trkpt>
      <trkpt lat="-25.1435615681111812591552734375" lon="-48.84628227911889553070068359375">
        <ele>1299.4000244140625</ele>
        <time>2025-03-29T22:34:49.000Z</time>
        <extensions>
          <ns3:TrackPointExtension>
            <ns3:hr>127</ns3:hr>
          </ns3:TrackPointExtension>
        </extensions>
      </trkpt>
      <trkpt lat="-25.14353835023939609527587890625" lon="-48.846382610499858856201171875">
        <ele>1280.5999755859375</ele>
        <time>2025-03-29T22:34:54.000Z</time>
        <extensions>
          <ns3:TrackPointExtension>
            <ns3:hr>123</ns3:hr>
          </ns3:TrackPointExtension>
        </extensions>
      </trkpt>
      <trkpt lat="-25.14353784732520580291748046875" lon="-48.84638738818466663360595703125">
        <ele>1277.5999755859375</ele>
        <time>2025-03-29T22:34:55.000Z</time>
        <extensions>
          <ns3:TrackPointExtension>
            <ns3:hr>124</ns3:hr>
          </ns3:TrackPointExtension>
        </extensions>
      </trkpt>
      <trkpt lat="-25.14351437799632549285888671875" lon="-48.8464323990046977996826171875">
        <ele>1267.4000244140625</ele>
        <time>2025-03-29T22:35:02.000Z</time>
        <extensions>
          <ns3:TrackPointExtension>
            <ns3:hr>127</ns3:hr>
          </ns3:TrackPointExtension>
        </extensions>
      </trkpt>
      <trkpt lat="-25.1435052417218685150146484375" lon="-48.8464391045272350311279296875">
        <ele>1266.4000244140625</ele>
        <time>2025-03-29T22:35:03.000Z</time>
        <extensions>
          <ns3:TrackPointExtension>
            <ns3:hr>129</ns3:hr>
          </ns3:TrackPointExtension>
        </extensions>
      </trkpt>
      <trkpt lat="-25.14347112737596035003662109375" lon="-48.846440948545932769775390625">
        <ele>1264</ele>
        <time>2025-03-29T22:35:05.000Z</time>
        <extensions>
          <ns3:TrackPointExtension>
            <ns3:hr>133</ns3:hr>
          </ns3:TrackPointExtension>
        </extensions>
      </trkpt>
      <trkpt lat="-25.14340750873088836669921875" lon="-48.8464173115789890289306640625">
        <ele>1258.4000244140625</ele>
        <time>2025-03-29T22:35:09.000Z</time>
        <extensions>
          <ns3:TrackPointExtension>
            <ns3:hr>134</ns3:hr>
          </ns3:TrackPointExtension>
        </extensions>
      </trkpt>
      <trkpt lat="-25.1433530263602733612060546875" lon="-48.84638386778533458709716796875">
        <ele>1239.5999755859375</ele>
        <time>2025-03-29T22:35:17.000Z</time>
        <extensions>
          <ns3:TrackPointExtension>
            <ns3:hr>131</ns3:hr>
          </ns3:TrackPointExtension>
        </extensions>
      </trkpt>
      <trkpt lat="-25.14334539882838726043701171875" lon="-48.8463854603469371795654296875">
        <ele>1237</ele>
        <time>2025-03-29T22:35:19.000Z</time>
        <extensions>
          <ns3:TrackPointExtension>
            <ns3:hr>131</ns3:hr>
          </ns3:TrackPointExtension>
        </extensions>
      </trkpt>
      <trkpt lat="-25.1433319039642810821533203125" lon="-48.84638856165111064910888671875">
        <ele>1233.199951171875</ele>
        <time>2025-03-29T22:35:26.000Z</time>
        <extensions>
          <ns3:TrackPointExtension>
            <ns3:hr>129</ns3:hr>
          </ns3:TrackPointExtension>
        </extensions>
      </trkpt>
      <trkpt lat="-25.14331270940601825714111328125" lon="-48.84639962576329708099365234375">
        <ele>1231.4000244140625</ele>
        <time>2025-03-29T22:35:36.000Z</time>
        <extensions>
          <ns3:TrackPointExtension>
            <ns3:hr>127</ns3:hr>
          </ns3:TrackPointExtension>
        </extensions>
      </trkpt>
      <trkpt lat="-25.14329208992421627044677734375" lon="-48.84642141871154308319091796875">
        <ele>1230.199951171875</ele>
        <time>2025-03-29T22:35:44.000Z</time>
        <extensions>
          <ns3:TrackPointExtension>
            <ns3:hr>126</ns3:hr>
          </ns3:TrackPointExtension>
        </extensions>
      </trkpt>
      <trkpt lat="-25.143276751041412353515625" lon="-48.846451677381992340087890625">
        <ele>1228.5999755859375</ele>
        <time>2025-03-29T22:35:52.000Z</time>
        <extensions>
          <ns3:TrackPointExtension>
            <ns3:hr>125</ns3:hr>
          </ns3:TrackPointExtension>
        </extensions>
      </trkpt>
      <trkpt lat="-25.1432702131569385528564453125" lon="-48.846480846405029296875">
        <ele>1227.800048828125</ele>
        <time>2025-03-29T22:36:02.000Z</time>
        <extensions>
          <ns3:TrackPointExtension>
            <ns3:hr>122</ns3:hr>
          </ns3:TrackPointExtension>
        </extensions>
      </trkpt>
      <trkpt lat="-25.1432460732758045196533203125" lon="-48.84651026688516139984130859375">
        <ele>1227</ele>
        <time>2025-03-29T22:36:12.000Z</time>
        <extensions>
          <ns3:TrackPointExtension>
            <ns3:hr>121</ns3:hr>
          </ns3:TrackPointExtension>
        </extensions>
      </trkpt>
      <trkpt lat="-25.14323827810585498809814453125" lon="-48.8465373404324054718017578125">
        <ele>1224.800048828125</ele>
        <time>2025-03-29T22:36:21.000Z</time>
        <extensions>
          <ns3:TrackPointExtension>
            <ns3:hr>120</ns3:hr>
          </ns3:TrackPointExtension>
        </extensions>
      </trkpt>
      <trkpt lat="-25.14321531169116497039794921875" lon="-48.8465465605258941650390625">
        <ele>1224.199951171875</ele>
        <time>2025-03-29T22:36:31.000Z</time>
        <extensions>
          <ns3:TrackPointExtension>
            <ns3:hr>117</ns3:hr>
          </ns3:TrackPointExtension>
        </extensions>
      </trkpt>
      <trkpt lat="-25.1432014815509319305419921875" lon="-48.8465490750968456268310546875">
        <ele>1224.199951171875</ele>
        <time>2025-03-29T22:36:34.000Z</time>
        <extensions>
          <ns3:TrackPointExtension>
            <ns3:hr>116</ns3:hr>
          </ns3:TrackPointExtension>
        </extensions>
      </trkpt>
      <trkpt lat="-25.14316954649984836578369140625" lon="-48.8465809263288974761962890625">
        <ele>1223.5999755859375</ele>
        <time>2025-03-29T22:36:42.000Z</time>
        <extensions>
          <ns3:TrackPointExtension>
            <ns3:hr>115</ns3:hr>
          </ns3:TrackPointExtension>
        </extensions>
      </trkpt>
      <trkpt lat="-25.1431381143629550933837890625" lon="-48.84661537595093250274658203125">
        <ele>1222.4000244140625</ele>
        <time>2025-03-29T22:36:51.000Z</time>
        <extensions>
          <ns3:TrackPointExtension>
            <ns3:hr>115</ns3:hr>
          </ns3:TrackPointExtension>
        </extensions>
      </trkpt>
      <trkpt lat="-25.14313350431621074676513671875" lon="-48.84662610478699207305908203125">
        <ele>1221.199951171875</ele>
        <time>2025-03-29T22:36:57.000Z</time>
        <extensions>
          <ns3:TrackPointExtension>
            <ns3:hr>114</ns3:hr>
          </ns3:TrackPointExtension>
        </extensions>
      </trkpt>
      <trkpt lat="-25.14309193007647991180419921875" lon="-48.8466469757258892059326171875">
        <ele>1220.4000244140625</ele>
        <time>2025-03-29T22:37:08.000Z</time>
        <extensions>
          <ns3:TrackPointExtension>
            <ns3:hr>112</ns3:hr>
          </ns3:TrackPointExtension>
        </extensions>
      </trkpt>
      <trkpt lat="-25.14305890537798404693603515625" lon="-48.8466711156070232391357421875">
        <ele>1219</ele>
        <time>2025-03-29T22:37:21.000Z</time>
        <extensions>
          <ns3:TrackPointExtension>
            <ns3:hr>115</ns3:hr>
          </ns3:TrackPointExtension>
        </extensions>
      </trkpt>
      <trkpt lat="-25.143057145178318023681640625" lon="-48.84667438454926013946533203125">
        <ele>1217.800048828125</ele>
        <time>2025-03-29T22:37:28.000Z</time>
        <extensions>
          <ns3:TrackPointExtension>
            <ns3:hr>116</ns3:hr>
          </ns3:TrackPointExtension>
        </extensions>
      </trkpt>
      <trkpt lat="-25.14305748045444488525390625" lon="-48.84667438454926013946533203125">
        <ele>1216.800048828125</ele>
        <time>2025-03-29T22:37:35.000Z</time>
        <extensions>
          <ns3:TrackPointExtension>
            <ns3:hr>119</ns3:hr>
          </ns3:TrackPointExtension>
        </extensions>
      </trkpt>
      <trkpt lat="-25.14308840967714786529541015625" lon="-48.8466872088611125946044921875">
        <ele>1215.4000244140625</ele>
        <time>2025-03-29T22:37:54.000Z</time>
        <extensions>
          <ns3:TrackPointExtension>
            <ns3:hr>116</ns3:hr>
          </ns3:TrackPointExtension>
        </extensions>
      </trkpt>
      <trkpt lat="-25.14310332946479320526123046875" lon="-48.84670087136328220367431640625">
        <ele>1214.199951171875</ele>
        <time>2025-03-29T22:38:03.000Z</time>
        <extensions>
          <ns3:TrackPointExtension>
            <ns3:hr>113</ns3:hr>
          </ns3:TrackPointExtension>
        </extensions>
      </trkpt>
      <trkpt lat="-25.1431439816951751708984375" lon="-48.84674412198364734649658203125">
        <ele>1205.5999755859375</ele>
        <time>2025-03-29T22:38:26.000Z</time>
        <extensions>
          <ns3:TrackPointExtension>
            <ns3:hr>110</ns3:hr>
          </ns3:TrackPointExtension>
        </extensions>
      </trkpt>
      <trkpt lat="-25.143185555934906005859375" lon="-48.8467800803482532501220703125">
        <ele>1199.800048828125</ele>
        <time>2025-03-29T22:38:45.000Z</time>
        <extensions>
          <ns3:TrackPointExtension>
            <ns3:hr>113</ns3:hr>
          </ns3:TrackPointExtension>
        </extensions>
      </trkpt>
      <trkpt lat="-25.1432366855442523956298828125" lon="-48.84679994545876979827880859375">
        <ele>1198.5999755859375</ele>
        <time>2025-03-29T22:38:52.000Z</time>
        <extensions>
          <ns3:TrackPointExtension>
            <ns3:hr>114</ns3:hr>
          </ns3:TrackPointExtension>
        </extensions>
      </trkpt>
      <trkpt lat="-25.1433040760457515716552734375" lon="-48.84683866985142230987548828125">
        <ele>1197.5999755859375</ele>
        <time>2025-03-29T22:38:59.000Z</time>
        <extensions>
          <ns3:TrackPointExtension>
            <ns3:hr>115</ns3:hr>
          </ns3:TrackPointExtension>
        </extensions>
      </trkpt>
      <trkpt lat="-25.14333383180201053619384765625" lon="-48.84685694240033626556396484375">
        <ele>1195.4000244140625</ele>
        <time>2025-03-29T22:39:09.000Z</time>
        <extensions>
          <ns3:TrackPointExtension>
            <ns3:hr>114</ns3:hr>
          </ns3:TrackPointExtension>
        </extensions>
      </trkpt>
      <trkpt lat="-25.14334690757095813751220703125" lon="-48.8468523323535919189453125">
        <ele>1194.800048828125</ele>
        <time>2025-03-29T22:39:16.000Z</time>
        <extensions>
          <ns3:TrackPointExtension>
            <ns3:hr>115</ns3:hr>
          </ns3:TrackPointExtension>
        </extensions>
      </trkpt>
      <trkpt lat="-25.14337037689983844757080078125" lon="-48.84687353856861591339111328125">
        <ele>1194.5999755859375</ele>
        <time>2025-03-29T22:39:21.000Z</time>
        <extensions>
          <ns3:TrackPointExtension>
            <ns3:hr>113</ns3:hr>
          </ns3:TrackPointExtension>
        </extensions>
      </trkpt>
      <trkpt lat="-25.14339770190417766571044921875" lon="-48.84686415083706378936767578125">
        <ele>1195.800048828125</ele>
        <time>2025-03-29T22:39:26.000Z</time>
        <extensions>
          <ns3:TrackPointExtension>
            <ns3:hr>112</ns3:hr>
          </ns3:TrackPointExtension>
        </extensions>
      </trkpt>
      <trkpt lat="-25.14344363473355770111083984375" lon="-48.84687923826277256011962890625">
        <ele>1196</ele>
        <time>2025-03-29T22:39:32.000Z</time>
        <extensions>
          <ns3:TrackPointExtension>
            <ns3:hr>114</ns3:hr>
          </ns3:TrackPointExtension>
        </extensions>
      </trkpt>
      <trkpt lat="-25.1434921659529209136962890625" lon="-48.8469061441719532012939453125">
        <ele>1193.4000244140625</ele>
        <time>2025-03-29T22:39:40.000Z</time>
        <extensions>
          <ns3:TrackPointExtension>
            <ns3:hr>113</ns3:hr>
          </ns3:TrackPointExtension>
        </extensions>
      </trkpt>
      <trkpt lat="-25.14353214763104915618896484375" lon="-48.8469125144183635711669921875">
        <ele>1191.5999755859375</ele>
        <time>2025-03-29T22:39:46.000Z</time>
        <extensions>
          <ns3:TrackPointExtension>
            <ns3:hr>113</ns3:hr>
          </ns3:TrackPointExtension>
        </extensions>
      </trkpt>
      <trkpt lat="-25.143538601696491241455078125" lon="-48.8469113409519195556640625">
        <ele>1191.199951171875</ele>
        <time>2025-03-29T22:39:55.000Z</time>
        <extensions>
          <ns3:TrackPointExtension>
            <ns3:hr>113</ns3:hr>
          </ns3:TrackPointExtension>
        </extensions>
      </trkpt>
      <trkpt lat="-25.1435407809913158416748046875" lon="-48.846905641257762908935546875">
        <ele>1191.199951171875</ele>
        <time>2025-03-29T22:39:59.000Z</time>
        <extensions>
          <ns3:TrackPointExtension>
            <ns3:hr>116</ns3:hr>
          </ns3:TrackPointExtension>
        </extensions>
      </trkpt>
      <trkpt lat="-25.1435602270066738128662109375" lon="-48.8469032943248748779296875">
        <ele>1190.5999755859375</ele>
        <time>2025-03-29T22:40:05.000Z</time>
        <extensions>
          <ns3:TrackPointExtension>
            <ns3:hr>117</ns3:hr>
          </ns3:TrackPointExtension>
        </extensions>
      </trkpt>
      <trkpt lat="-25.1435642503201961517333984375" lon="-48.84691678918898105621337890625">
        <ele>1188.800048828125</ele>
        <time>2025-03-29T22:40:18.000Z</time>
        <extensions>
          <ns3:TrackPointExtension>
            <ns3:hr>117</ns3:hr>
          </ns3:TrackPointExtension>
        </extensions>
      </trkpt>
      <trkpt lat="-25.14359182678163051605224609375" lon="-48.8469292782247066497802734375">
        <ele>1188.800048828125</ele>
        <time>2025-03-29T22:40:42.000Z</time>
        <extensions>
          <ns3:TrackPointExtension>
            <ns3:hr>113</ns3:hr>
          </ns3:TrackPointExtension>
        </extensions>
      </trkpt>
      <trkpt lat="-25.14363541267812252044677734375" lon="-48.8469500653445720672607421875">
        <ele>1188.800048828125</ele>
        <time>2025-03-29T22:40:53.000Z</time>
        <extensions>
          <ns3:TrackPointExtension>
            <ns3:hr>116</ns3:hr>
          </ns3:TrackPointExtension>
        </extensions>
      </trkpt>
      <trkpt lat="-25.14365871436893939971923828125" lon="-48.84698468260467052459716796875">
        <ele>1187.800048828125</ele>
        <time>2025-03-29T22:41:05.000Z</time>
        <extensions>
          <ns3:TrackPointExtension>
            <ns3:hr>119</ns3:hr>
          </ns3:TrackPointExtension>
        </extensions>
      </trkpt>
      <trkpt lat="-25.14369911514222621917724609375" lon="-48.84703396819531917572021484375">
        <ele>1186.800048828125</ele>
        <time>2025-03-29T22:41:53.000Z</time>
        <extensions>
          <ns3:TrackPointExtension>
            <ns3:hr>116</ns3:hr>
          </ns3:TrackPointExtension>
        </extensions>
      </trkpt>
      <trkpt lat="-25.14370565302670001983642578125" lon="-48.847041428089141845703125">
        <ele>1187.4000244140625</ele>
        <time>2025-03-29T22:42:10.000Z</time>
        <extensions>
          <ns3:TrackPointExtension>
            <ns3:hr>113</ns3:hr>
          </ns3:TrackPointExtension>
        </extensions>
      </trkpt>
      <trkpt lat="-25.14375376515090465545654296875" lon="-48.84709029458463191986083984375">
        <ele>1187.5999755859375</ele>
        <time>2025-03-29T22:42:40.000Z</time>
        <extensions>
          <ns3:TrackPointExtension>
            <ns3:hr>110</ns3:hr>
          </ns3:TrackPointExtension>
        </extensions>
      </trkpt>
      <trkpt lat="-25.14375845901668071746826171875" lon="-48.8471099920570850372314453125">
        <ele>1187.4000244140625</ele>
        <time>2025-03-29T22:42:44.000Z</time>
        <extensions>
          <ns3:TrackPointExtension>
            <ns3:hr>113</ns3:hr>
          </ns3:TrackPointExtension>
        </extensions>
      </trkpt>
      <trkpt lat="-25.14377404935657978057861328125" lon="-48.84716237895190715789794921875">
        <ele>1186.199951171875</ele>
        <time>2025-03-29T22:42:55.000Z</time>
        <extensions>
          <ns3:TrackPointExtension>
            <ns3:hr>116</ns3:hr>
          </ns3:TrackPointExtension>
        </extensions>
      </trkpt>
      <trkpt lat="-25.14378779567778110504150390625" lon="-48.84720596484839916229248046875">
        <ele>1184.199951171875</ele>
        <time>2025-03-29T22:43:13.000Z</time>
        <extensions>
          <ns3:TrackPointExtension>
            <ns3:hr>113</ns3:hr>
          </ns3:TrackPointExtension>
        </extensions>
      </trkpt>
      <trkpt lat="-25.14378813095390796661376953125" lon="-48.84721350856125354766845703125">
        <ele>1184</ele>
        <time>2025-03-29T22:43:16.000Z</time>
        <extensions>
          <ns3:TrackPointExtension>
            <ns3:hr>110</ns3:hr>
          </ns3:TrackPointExtension>
        </extensions>
      </trkpt>
      <trkpt lat="-25.143788047134876251220703125" lon="-48.84722314774990081787109375">
        <ele>1184</ele>
        <time>2025-03-29T22:43:20.000Z</time>
        <extensions>
          <ns3:TrackPointExtension>
            <ns3:hr>115</ns3:hr>
          </ns3:TrackPointExtension>
        </extensions>
      </trkpt>
      <trkpt lat="-25.1437878794968128204345703125" lon="-48.84722650051116943359375">
        <ele>1184</ele>
        <time>2025-03-29T22:43:22.000Z</time>
        <extensions>
          <ns3:TrackPointExtension>
            <ns3:hr>118</ns3:hr>
          </ns3:TrackPointExtension>
        </extensions>
      </trkpt>
      <trkpt lat="-25.14378762803971767425537109375" lon="-48.8472290150821208953857421875">
        <ele>1184</ele>
        <time>2025-03-29T22:43:24.000Z</time>
        <extensions>
          <ns3:TrackPointExtension>
            <ns3:hr>121</ns3:hr>
          </ns3:TrackPointExtension>
        </extensions>
      </trkpt>
      <trkpt lat="-25.14378729276359081268310546875" lon="-48.84723253548145294189453125">
        <ele>1184</ele>
        <time>2025-03-29T22:43:28.000Z</time>
        <extensions>
          <ns3:TrackPointExtension>
            <ns3:hr>124</ns3:hr>
          </ns3:TrackPointExtension>
        </extensions>
      </trkpt>
      <trkpt lat="-25.1437877118587493896484375" lon="-48.84723882190883159637451171875">
        <ele>1183.800048828125</ele>
        <time>2025-03-29T22:43:57.000Z</time>
        <extensions>
          <ns3:TrackPointExtension>
            <ns3:hr>121</ns3:hr>
          </ns3:TrackPointExtension>
        </extensions>
      </trkpt>
      <trkpt lat="-25.14378779567778110504150390625" lon="-48.84724083356559276580810546875">
        <ele>1183.800048828125</ele>
        <time>2025-03-29T22:44:04.000Z</time>
        <extensions>
          <ns3:TrackPointExtension>
            <ns3:hr>118</ns3:hr>
          </ns3:TrackPointExtension>
        </extensions>
      </trkpt>
      <trkpt lat="-25.14378813095390796661376953125" lon="-48.8472434319555759429931640625">
        <ele>1183.800048828125</ele>
        <time>2025-03-29T22:44:12.000Z</time>
        <extensions>
          <ns3:TrackPointExtension>
            <ns3:hr>115</ns3:hr>
          </ns3:TrackPointExtension>
        </extensions>
      </trkpt>
      <trkpt lat="-25.1439045555889606475830078125" lon="-48.8474087230861186981201171875">
        <ele>1183.199951171875</ele>
        <time>2025-03-29T22:44:57.000Z</time>
        <extensions>
          <ns3:TrackPointExtension>
            <ns3:hr>117</ns3:hr>
          </ns3:TrackPointExtension>
        </extensions>
      </trkpt>
      <trkpt lat="-25.1439756341278553009033203125" lon="-48.84747753851115703582763671875">
        <ele>1181.800048828125</ele>
        <time>2025-03-29T22:45:00.000Z</time>
        <extensions>
          <ns3:TrackPointExtension>
            <ns3:hr>116</ns3:hr>
          </ns3:TrackPointExtension>
        </extensions>
      </trkpt>
      <trkpt lat="-25.1440329663455486297607421875" lon="-48.84752213023602962493896484375">
        <ele>1177.800048828125</ele>
        <time>2025-03-29T22:45:04.000Z</time>
        <extensions>
          <ns3:TrackPointExtension>
            <ns3:hr>116</ns3:hr>
          </ns3:TrackPointExtension>
        </extensions>
      </trkpt>
      <trkpt lat="-25.14405366964638233184814453125" lon="-48.847474269568920135498046875">
        <ele>1168.5999755859375</ele>
        <time>2025-03-29T22:45:11.000Z</time>
        <extensions>
          <ns3:TrackPointExtension>
            <ns3:hr>114</ns3:hr>
          </ns3:TrackPointExtension>
        </extensions>
      </trkpt>
      <trkpt lat="-25.1440693438053131103515625" lon="-48.84744308888912200927734375">
        <ele>1160.5999755859375</ele>
        <time>2025-03-29T22:45:18.000Z</time>
        <extensions>
          <ns3:TrackPointExtension>
            <ns3:hr>112</ns3:hr>
          </ns3:TrackPointExtension>
        </extensions>
      </trkpt>
      <trkpt lat="-25.14409507624804973602294921875" lon="-48.84747988544404506683349609375">
        <ele>1153</ele>
        <time>2025-03-29T22:45:27.000Z</time>
        <extensions>
          <ns3:TrackPointExtension>
            <ns3:hr>111</ns3:hr>
          </ns3:TrackPointExtension>
        </extensions>
      </trkpt>
      <trkpt lat="-25.144089125096797943115234375" lon="-48.84754107333719730377197265625">
        <ele>1150.199951171875</ele>
        <time>2025-03-29T22:45:36.000Z</time>
        <extensions>
          <ns3:TrackPointExtension>
            <ns3:hr>111</ns3:hr>
          </ns3:TrackPointExtension>
        </extensions>
      </trkpt>
      <trkpt lat="-25.14404294081032276153564453125" lon="-48.84760477580130100250244140625">
        <ele>1148.4000244140625</ele>
        <time>2025-03-29T22:45:46.000Z</time>
        <extensions>
          <ns3:TrackPointExtension>
            <ns3:hr>112</ns3:hr>
          </ns3:TrackPointExtension>
        </extensions>
      </trkpt>
      <trkpt lat="-25.14400069601833820343017578125" lon="-48.84766210801899433135986328125">
        <ele>1148.5999755859375</ele>
        <time>2025-03-29T22:45:54.000Z</time>
        <extensions>
          <ns3:TrackPointExtension>
            <ns3:hr>110</ns3:hr>
          </ns3:TrackPointExtension>
        </extensions>
      </trkpt>
      <trkpt lat="-25.14396700076758861541748046875" lon="-48.8476903550326824188232421875">
        <ele>1149.800048828125</ele>
        <time>2025-03-29T22:46:01.000Z</time>
        <extensions>
          <ns3:TrackPointExtension>
            <ns3:hr>110</ns3:hr>
          </ns3:TrackPointExtension>
        </extensions>
      </trkpt>
      <trkpt lat="-25.143921487033367156982421875" lon="-48.84772849269211292266845703125">
        <ele>1152.4000244140625</ele>
        <time>2025-03-29T22:46:08.000Z</time>
        <extensions>
          <ns3:TrackPointExtension>
            <ns3:hr>110</ns3:hr>
          </ns3:TrackPointExtension>
        </extensions>
      </trkpt>
      <trkpt lat="-25.14390774071216583251953125" lon="-48.8477428257465362548828125">
        <ele>1153</ele>
        <time>2025-03-29T22:46:10.000Z</time>
        <extensions>
          <ns3:TrackPointExtension>
            <ns3:hr>110</ns3:hr>
          </ns3:TrackPointExtension>
        </extensions>
      </trkpt>
      <trkpt lat="-25.14384428970515727996826171875" lon="-48.847784064710140228271484375">
        <ele>1154.5999755859375</ele>
        <time>2025-03-29T22:46:19.000Z</time>
        <extensions>
          <ns3:TrackPointExtension>
            <ns3:hr>109</ns3:hr>
          </ns3:TrackPointExtension>
        </extensions>
      </trkpt>
      <trkpt lat="-25.1437741331756114959716796875" lon="-48.8478127308189868927001953125">
        <ele>1155.800048828125</ele>
        <time>2025-03-29T22:46:28.000Z</time>
        <extensions>
          <ns3:TrackPointExtension>
            <ns3:hr>109</ns3:hr>
          </ns3:TrackPointExtension>
        </extensions>
      </trkpt>
      <trkpt lat="-25.1437570340931415557861328125" lon="-48.847805522382259368896484375">
        <ele>1155.800048828125</ele>
        <time>2025-03-29T22:46:30.000Z</time>
        <extensions>
          <ns3:TrackPointExtension>
            <ns3:hr>109</ns3:hr>
          </ns3:TrackPointExtension>
        </extensions>
      </trkpt>
      <trkpt lat="-25.14372191391885280609130859375" lon="-48.8477790355682373046875">
        <ele>1155.800048828125</ele>
        <time>2025-03-29T22:46:34.000Z</time>
        <extensions>
          <ns3:TrackPointExtension>
            <ns3:hr>110</ns3:hr>
          </ns3:TrackPointExtension>
        </extensions>
      </trkpt>
      <trkpt lat="-25.14365703798830509185791015625" lon="-48.84772681631147861480712890625">
        <ele>1155.4000244140625</ele>
        <time>2025-03-29T22:46:43.000Z</time>
        <extensions>
          <ns3:TrackPointExtension>
            <ns3:hr>111</ns3:hr>
          </ns3:TrackPointExtension>
        </extensions>
      </trkpt>
      <trkpt lat="-25.14362166635692119598388671875" lon="-48.84772899560630321502685546875">
        <ele>1155.5999755859375</ele>
        <time>2025-03-29T22:46:50.000Z</time>
        <extensions>
          <ns3:TrackPointExtension>
            <ns3:hr>110</ns3:hr>
          </ns3:TrackPointExtension>
        </extensions>
      </trkpt>
      <trkpt lat="-25.14357355423271656036376953125" lon="-48.84774148464202880859375">
        <ele>1156.5999755859375</ele>
        <time>2025-03-29T22:46:58.000Z</time>
        <extensions>
          <ns3:TrackPointExtension>
            <ns3:hr>109</ns3:hr>
          </ns3:TrackPointExtension>
        </extensions>
      </trkpt>
      <trkpt lat="-25.14351454563438892364501953125" lon="-48.847761936485767364501953125">
        <ele>1157</ele>
        <time>2025-03-29T22:47:05.000Z</time>
        <extensions>
          <ns3:TrackPointExtension>
            <ns3:hr>108</ns3:hr>
          </ns3:TrackPointExtension>
        </extensions>
      </trkpt>
      <trkpt lat="-25.143499039113521575927734375" lon="-48.84776629507541656494140625">
        <ele>1156.800048828125</ele>
        <time>2025-03-29T22:47:07.000Z</time>
        <extensions>
          <ns3:TrackPointExtension>
            <ns3:hr>106</ns3:hr>
          </ns3:TrackPointExtension>
        </extensions>
      </trkpt>
      <trkpt lat="-25.14345905743539333343505859375" lon="-48.8477694801986217498779296875">
        <ele>1156.4000244140625</ele>
        <time>2025-03-29T22:47:12.000Z</time>
        <extensions>
          <ns3:TrackPointExtension>
            <ns3:hr>107</ns3:hr>
          </ns3:TrackPointExtension>
        </extensions>
      </trkpt>
      <trkpt lat="-25.14344447292387485504150390625" lon="-48.8477865792810916900634765625">
        <ele>1156.4000244140625</ele>
        <time>2025-03-29T22:47:15.000Z</time>
        <extensions>
          <ns3:TrackPointExtension>
            <ns3:hr>108</ns3:hr>
          </ns3:TrackPointExtension>
        </extensions>
      </trkpt>
      <trkpt lat="-25.14343357644975185394287109375" lon="-48.8477986492216587066650390625">
        <ele>1156.4000244140625</ele>
        <time>2025-03-29T22:47:17.000Z</time>
        <extensions>
          <ns3:TrackPointExtension>
            <ns3:hr>111</ns3:hr>
          </ns3:TrackPointExtension>
        </extensions>
      </trkpt>
      <trkpt lat="-25.143432319164276123046875" lon="-48.8478060252964496612548828125">
        <ele>1156.4000244140625</ele>
        <time>2025-03-29T22:47:18.000Z</time>
        <extensions>
          <ns3:TrackPointExtension>
            <ns3:hr>108</ns3:hr>
          </ns3:TrackPointExtension>
        </extensions>
      </trkpt>
      <trkpt lat="-25.14340625144541263580322265625" lon="-48.8478425703942775726318359375">
        <ele>1155.5999755859375</ele>
        <time>2025-03-29T22:47:24.000Z</time>
        <extensions>
          <ns3:TrackPointExtension>
            <ns3:hr>111</ns3:hr>
          </ns3:TrackPointExtension>
        </extensions>
      </trkpt>
      <trkpt lat="-25.1434028148651123046875" lon="-48.84784751571714878082275390625">
        <ele>1155.199951171875</ele>
        <time>2025-03-29T22:47:25.000Z</time>
        <extensions>
          <ns3:TrackPointExtension>
            <ns3:hr>111</ns3:hr>
          </ns3:TrackPointExtension>
        </extensions>
      </trkpt>
      <trkpt lat="-25.14335386455059051513671875" lon="-48.847876600921154022216796875">
        <ele>1152.800048828125</ele>
        <time>2025-03-29T22:47:32.000Z</time>
        <extensions>
          <ns3:TrackPointExtension>
            <ns3:hr>111</ns3:hr>
          </ns3:TrackPointExtension>
        </extensions>
      </trkpt>
      <trkpt lat="-25.14331170357763767242431640625" lon="-48.84792211465537548065185546875">
        <ele>1150.4000244140625</ele>
        <time>2025-03-29T22:47:41.000Z</time>
        <extensions>
          <ns3:TrackPointExtension>
            <ns3:hr>112</ns3:hr>
          </ns3:TrackPointExtension>
        </extensions>
      </trkpt>
      <trkpt lat="-25.14326744712889194488525390625" lon="-48.84797793813049793243408203125">
        <ele>1148.5999755859375</ele>
        <time>2025-03-29T22:47:51.000Z</time>
        <extensions>
          <ns3:TrackPointExtension>
            <ns3:hr>114</ns3:hr>
          </ns3:TrackPointExtension>
        </extensions>
      </trkpt>
      <trkpt lat="-25.14324146322906017303466796875" lon="-48.8479978032410144805908203125">
        <ele>1146.5999755859375</ele>
        <time>2025-03-29T22:47:57.000Z</time>
        <extensions>
          <ns3:TrackPointExtension>
            <ns3:hr>113</ns3:hr>
          </ns3:TrackPointExtension>
        </extensions>
      </trkpt>
      <trkpt lat="-25.1432011462748050689697265625" lon="-48.848034180700778961181640625">
        <ele>1144.4000244140625</ele>
        <time>2025-03-29T22:48:06.000Z</time>
        <extensions>
          <ns3:TrackPointExtension>
            <ns3:hr>112</ns3:hr>
          </ns3:TrackPointExtension>
        </extensions>
      </trkpt>
      <trkpt lat="-25.1431562192738056182861328125" lon="-48.8480997271835803985595703125">
        <ele>1143.199951171875</ele>
        <time>2025-03-29T22:48:17.000Z</time>
        <extensions>
          <ns3:TrackPointExtension>
            <ns3:hr>112</ns3:hr>
          </ns3:TrackPointExtension>
        </extensions>
      </trkpt>
      <trkpt lat="-25.14312478713691234588623046875" lon="-48.848157227039337158203125">
        <ele>1143</ele>
        <time>2025-03-29T22:48:26.000Z</time>
        <extensions>
          <ns3:TrackPointExtension>
            <ns3:hr>113</ns3:hr>
          </ns3:TrackPointExtension>
        </extensions>
      </trkpt>
      <trkpt lat="-25.14312210492789745330810546875" lon="-48.848160244524478912353515625">
        <ele>1143</ele>
        <time>2025-03-29T22:48:27.000Z</time>
        <extensions>
          <ns3:TrackPointExtension>
            <ns3:hr>116</ns3:hr>
          </ns3:TrackPointExtension>
        </extensions>
      </trkpt>
      <trkpt lat="-25.14311975799500942230224609375" lon="-48.84816334582865238189697265625">
        <ele>1143</ele>
        <time>2025-03-29T22:48:28.000Z</time>
        <extensions>
          <ns3:TrackPointExtension>
            <ns3:hr>113</ns3:hr>
          </ns3:TrackPointExtension>
        </extensions>
      </trkpt>
      <trkpt lat="-25.1431099511682987213134765625" lon="-48.84818932972848415374755859375">
        <ele>1142.5999755859375</ele>
        <time>2025-03-29T22:48:33.000Z</time>
        <extensions>
          <ns3:TrackPointExtension>
            <ns3:hr>114</ns3:hr>
          </ns3:TrackPointExtension>
        </extensions>
      </trkpt>
      <trkpt lat="-25.143067203462123870849609375" lon="-48.84825982153415679931640625">
        <ele>1141</ele>
        <time>2025-03-29T22:48:44.000Z</time>
        <extensions>
          <ns3:TrackPointExtension>
            <ns3:hr>111</ns3:hr>
          </ns3:TrackPointExtension>
        </extensions>
      </trkpt>
      <trkpt lat="-25.14305588789284229278564453125" lon="-48.84827046655118465423583984375">
        <ele>1140.800048828125</ele>
        <time>2025-03-29T22:48:46.000Z</time>
        <extensions>
          <ns3:TrackPointExtension>
            <ns3:hr>111</ns3:hr>
          </ns3:TrackPointExtension>
        </extensions>
      </trkpt>
      <trkpt lat="-25.14298799447715282440185546875" lon="-48.8483270443975925445556640625">
        <ele>1138.5999755859375</ele>
        <time>2025-03-29T22:48:57.000Z</time>
        <extensions>
          <ns3:TrackPointExtension>
            <ns3:hr>111</ns3:hr>
          </ns3:TrackPointExtension>
        </extensions>
      </trkpt>
      <trkpt lat="-25.14289948157966136932373046875" lon="-48.84835244156420230865478515625">
        <ele>1137.4000244140625</ele>
        <time>2025-03-29T22:49:07.000Z</time>
        <extensions>
          <ns3:TrackPointExtension>
            <ns3:hr>110</ns3:hr>
          </ns3:TrackPointExtension>
        </extensions>
      </trkpt>
      <trkpt lat="-25.14282622374594211578369140625" lon="-48.84835344739258289337158203125">
        <ele>1135.800048828125</ele>
        <time>2025-03-29T22:49:15.000Z</time>
        <extensions>
          <ns3:TrackPointExtension>
            <ns3:hr>110</ns3:hr>
          </ns3:TrackPointExtension>
        </extensions>
      </trkpt>
      <trkpt lat="-25.1427186839282512664794921875" lon="-48.84836845099925994873046875">
        <ele>1132.4000244140625</ele>
        <time>2025-03-29T22:49:26.000Z</time>
        <extensions>
          <ns3:TrackPointExtension>
            <ns3:hr>111</ns3:hr>
          </ns3:TrackPointExtension>
        </extensions>
      </trkpt>
      <trkpt lat="-25.14268591068685054779052734375" lon="-48.8483803533017635345458984375">
        <ele>1130.800048828125</ele>
        <time>2025-03-29T22:49:30.000Z</time>
        <extensions>
          <ns3:TrackPointExtension>
            <ns3:hr>108</ns3:hr>
          </ns3:TrackPointExtension>
        </extensions>
      </trkpt>
      <trkpt lat="-25.1426700688898563385009765625" lon="-48.84838052093982696533203125">
        <ele>1130</ele>
        <time>2025-03-29T22:49:32.000Z</time>
        <extensions>
          <ns3:TrackPointExtension>
            <ns3:hr>111</ns3:hr>
          </ns3:TrackPointExtension>
        </extensions>
      </trkpt>
      <trkpt lat="-25.14265959151089191436767578125" lon="-48.84837909601628780364990234375">
        <ele>1129.4000244140625</ele>
        <time>2025-03-29T22:49:34.000Z</time>
        <extensions>
          <ns3:TrackPointExtension>
            <ns3:hr>109</ns3:hr>
          </ns3:TrackPointExtension>
        </extensions>
      </trkpt>
      <trkpt lat="-25.14259370975196361541748046875" lon="-48.8483940996229648590087890625">
        <ele>1128</ele>
        <time>2025-03-29T22:49:43.000Z</time>
        <extensions>
          <ns3:TrackPointExtension>
            <ns3:hr>110</ns3:hr>
          </ns3:TrackPointExtension>
        </extensions>
      </trkpt>
      <trkpt lat="-25.1425631158053874969482421875" lon="-48.84842821396887302398681640625">
        <ele>1128</ele>
        <time>2025-03-29T22:49:50.000Z</time>
        <extensions>
          <ns3:TrackPointExtension>
            <ns3:hr>107</ns3:hr>
          </ns3:TrackPointExtension>
        </extensions>
      </trkpt>
      <trkpt lat="-25.14255565591156482696533203125" lon="-48.84842854924499988555908203125">
        <ele>1128</ele>
        <time>2025-03-29T22:49:51.000Z</time>
        <extensions>
          <ns3:TrackPointExtension>
            <ns3:hr>109</ns3:hr>
          </ns3:TrackPointExtension>
        </extensions>
      </trkpt>
      <trkpt lat="-25.14248960651457309722900390625" lon="-48.848448581993579864501953125">
        <ele>1125.4000244140625</ele>
        <time>2025-03-29T22:50:02.000Z</time>
        <extensions>
          <ns3:TrackPointExtension>
            <ns3:hr>109</ns3:hr>
          </ns3:TrackPointExtension>
        </extensions>
      </trkpt>
      <trkpt lat="-25.142445266246795654296875" lon="-48.848495185375213623046875">
        <ele>1125.5999755859375</ele>
        <time>2025-03-29T22:50:12.000Z</time>
        <extensions>
          <ns3:TrackPointExtension>
            <ns3:hr>109</ns3:hr>
          </ns3:TrackPointExtension>
        </extensions>
      </trkpt>
      <trkpt lat="-25.1424062065780162811279296875" lon="-48.848549164831638336181640625">
        <ele>1125.4000244140625</ele>
        <time>2025-03-29T22:50:21.000Z</time>
        <extensions>
          <ns3:TrackPointExtension>
            <ns3:hr>109</ns3:hr>
          </ns3:TrackPointExtension>
        </extensions>
      </trkpt>
      <trkpt lat="-25.1423482038080692291259765625" lon="-48.84861445985734462738037109375">
        <ele>1123</ele>
        <time>2025-03-29T22:50:32.000Z</time>
        <extensions>
          <ns3:TrackPointExtension>
            <ns3:hr>110</ns3:hr>
          </ns3:TrackPointExtension>
        </extensions>
      </trkpt>
      <trkpt lat="-25.14231383800506591796875" lon="-48.84865502826869487762451171875">
        <ele>1120.199951171875</ele>
        <time>2025-03-29T22:50:40.000Z</time>
        <extensions>
          <ns3:TrackPointExtension>
            <ns3:hr>113</ns3:hr>
          </ns3:TrackPointExtension>
        </extensions>
      </trkpt>
      <trkpt lat="-25.14230704866349697113037109375" lon="-48.8486572913825511932373046875">
        <ele>1119.800048828125</ele>
        <time>2025-03-29T22:50:41.000Z</time>
        <extensions>
          <ns3:TrackPointExtension>
            <ns3:hr>113</ns3:hr>
          </ns3:TrackPointExtension>
        </extensions>
      </trkpt>
      <trkpt lat="-25.14230252243578433990478515625" lon="-48.84865720756351947784423828125">
        <ele>1119.199951171875</ele>
        <time>2025-03-29T22:50:42.000Z</time>
        <extensions>
          <ns3:TrackPointExtension>
            <ns3:hr>110</ns3:hr>
          </ns3:TrackPointExtension>
        </extensions>
      </trkpt>
      <trkpt lat="-25.1422707550227642059326171875" lon="-48.8486844487488269805908203125">
        <ele>1116</ele>
        <time>2025-03-29T22:50:50.000Z</time>
        <extensions>
          <ns3:TrackPointExtension>
            <ns3:hr>109</ns3:hr>
          </ns3:TrackPointExtension>
        </extensions>
      </trkpt>
      <trkpt lat="-25.14222457073628902435302734375" lon="-48.8487233407795429229736328125">
        <ele>1111</ele>
        <time>2025-03-29T22:51:00.000Z</time>
        <extensions>
          <ns3:TrackPointExtension>
            <ns3:hr>106</ns3:hr>
          </ns3:TrackPointExtension>
        </extensions>
      </trkpt>
      <trkpt lat="-25.14221417717635631561279296875" lon="-48.84873214177787303924560546875">
        <ele>1109.5999755859375</ele>
        <time>2025-03-29T22:51:03.000Z</time>
        <extensions>
          <ns3:TrackPointExtension>
            <ns3:hr>104</ns3:hr>
          </ns3:TrackPointExtension>
        </extensions>
      </trkpt>
      <trkpt lat="-25.14217712916433811187744140625" lon="-48.8487753085792064666748046875">
        <ele>1107.199951171875</ele>
        <time>2025-03-29T22:51:12.000Z</time>
        <extensions>
          <ns3:TrackPointExtension>
            <ns3:hr>103</ns3:hr>
          </ns3:TrackPointExtension>
        </extensions>
      </trkpt>
      <trkpt lat="-25.14213589020073413848876953125" lon="-48.848841525614261627197265625">
        <ele>1103.5999755859375</ele>
        <time>2025-03-29T22:51:23.000Z</time>
        <extensions>
          <ns3:TrackPointExtension>
            <ns3:hr>104</ns3:hr>
          </ns3:TrackPointExtension>
        </extensions>
      </trkpt>
      <trkpt lat="-25.14209716580808162689208984375" lon="-48.8489033840596675872802734375">
        <ele>1099.5999755859375</ele>
        <time>2025-03-29T22:51:34.000Z</time>
        <extensions>
          <ns3:TrackPointExtension>
            <ns3:hr>103</ns3:hr>
          </ns3:TrackPointExtension>
        </extensions>
      </trkpt>
      <trkpt lat="-25.14207453466951847076416015625" lon="-48.8489593751728534698486328125">
        <ele>1096</ele>
        <time>2025-03-29T22:51:43.000Z</time>
        <extensions>
          <ns3:TrackPointExtension>
            <ns3:hr>104</ns3:hr>
          </ns3:TrackPointExtension>
        </extensions>
      </trkpt>
      <trkpt lat="-25.1420724391937255859375" lon="-48.848966248333454132080078125">
        <ele>1095.5999755859375</ele>
        <time>2025-03-29T22:51:44.000Z</time>
        <extensions>
          <ns3:TrackPointExtension>
            <ns3:hr>107</ns3:hr>
          </ns3:TrackPointExtension>
        </extensions>
      </trkpt>
      <trkpt lat="-25.14206363819539546966552734375" lon="-48.84899097494781017303466796875">
        <ele>1094.800048828125</ele>
        <time>2025-03-29T22:51:47.000Z</time>
        <extensions>
          <ns3:TrackPointExtension>
            <ns3:hr>104</ns3:hr>
          </ns3:TrackPointExtension>
        </extensions>
      </trkpt>
      <trkpt lat="-25.14203731901943683624267578125" lon="-48.84904160164296627044677734375">
        <ele>1093</ele>
        <time>2025-03-29T22:51:53.000Z</time>
        <extensions>
          <ns3:TrackPointExtension>
            <ns3:hr>106</ns3:hr>
          </ns3:TrackPointExtension>
        </extensions>
      </trkpt>
      <trkpt lat="-25.1420280151069164276123046875" lon="-48.84908267296850681304931640625">
        <ele>1091</ele>
        <time>2025-03-29T22:51:58.000Z</time>
        <extensions>
          <ns3:TrackPointExtension>
            <ns3:hr>109</ns3:hr>
          </ns3:TrackPointExtension>
        </extensions>
      </trkpt>
      <trkpt lat="-25.14201418496668338775634765625" lon="-48.84910027496516704559326171875">
        <ele>1090.4000244140625</ele>
        <time>2025-03-29T22:52:01.000Z</time>
        <extensions>
          <ns3:TrackPointExtension>
            <ns3:hr>112</ns3:hr>
          </ns3:TrackPointExtension>
        </extensions>
      </trkpt>
      <trkpt lat="-25.14200647361576557159423828125" lon="-48.84911217726767063140869140625">
        <ele>1089.800048828125</ele>
        <time>2025-03-29T22:52:03.000Z</time>
        <extensions>
          <ns3:TrackPointExtension>
            <ns3:hr>114</ns3:hr>
          </ns3:TrackPointExtension>
        </extensions>
      </trkpt>
      <trkpt lat="-25.1419710181653499603271484375" lon="-48.84920454584062099456787109375">
        <ele>1086.199951171875</ele>
        <time>2025-03-29T22:52:16.000Z</time>
        <extensions>
          <ns3:TrackPointExtension>
            <ns3:hr>113</ns3:hr>
          </ns3:TrackPointExtension>
        </extensions>
      </trkpt>
      <trkpt lat="-25.1419612951576709747314453125" lon="-48.84922969155013561248779296875">
        <ele>1085.199951171875</ele>
        <time>2025-03-29T22:52:20.000Z</time>
        <extensions>
          <ns3:TrackPointExtension>
            <ns3:hr>116</ns3:hr>
          </ns3:TrackPointExtension>
        </extensions>
      </trkpt>
      <trkpt lat="-25.141947381198406219482421875" lon="-48.84924695827066898345947265625">
        <ele>1084.5999755859375</ele>
        <time>2025-03-29T22:52:23.000Z</time>
        <extensions>
          <ns3:TrackPointExtension>
            <ns3:hr>113</ns3:hr>
          </ns3:TrackPointExtension>
        </extensions>
      </trkpt>
      <trkpt lat="-25.141927935183048248291015625" lon="-48.84927503764629364013671875">
        <ele>1083.5999755859375</ele>
        <time>2025-03-29T22:52:28.000Z</time>
        <extensions>
          <ns3:TrackPointExtension>
            <ns3:hr>111</ns3:hr>
          </ns3:TrackPointExtension>
        </extensions>
      </trkpt>
      <trkpt lat="-25.14191930182278156280517578125" lon="-48.8493218086659908294677734375">
        <ele>1082.800048828125</ele>
        <time>2025-03-29T22:52:36.000Z</time>
        <extensions>
          <ns3:TrackPointExtension>
            <ns3:hr>108</ns3:hr>
          </ns3:TrackPointExtension>
        </extensions>
      </trkpt>
      <trkpt lat="-25.1419180445373058319091796875" lon="-48.8493281789124011993408203125">
        <ele>1082.800048828125</ele>
        <time>2025-03-29T22:52:37.000Z</time>
        <extensions>
          <ns3:TrackPointExtension>
            <ns3:hr>108</ns3:hr>
          </ns3:TrackPointExtension>
        </extensions>
      </trkpt>
      <trkpt lat="-25.1419079862534999847412109375" lon="-48.84937989525496959686279296875">
        <ele>1082.199951171875</ele>
        <time>2025-03-29T22:52:47.000Z</time>
        <extensions>
          <ns3:TrackPointExtension>
            <ns3:hr>106</ns3:hr>
          </ns3:TrackPointExtension>
        </extensions>
      </trkpt>
      <trkpt lat="-25.14189449138939380645751953125" lon="-48.8494358025491237640380859375">
        <ele>1080.800048828125</ele>
        <time>2025-03-29T22:52:56.000Z</time>
        <extensions>
          <ns3:TrackPointExtension>
            <ns3:hr>109</ns3:hr>
          </ns3:TrackPointExtension>
        </extensions>
      </trkpt>
      <trkpt lat="-25.1418865285813808441162109375" lon="-48.84949137456715106964111328125">
        <ele>1078</ele>
        <time>2025-03-29T22:53:06.000Z</time>
        <extensions>
          <ns3:TrackPointExtension>
            <ns3:hr>108</ns3:hr>
          </ns3:TrackPointExtension>
        </extensions>
      </trkpt>
      <trkpt lat="-25.14188325963914394378662109375" lon="-48.84951853193342685699462890625">
        <ele>1076.5999755859375</ele>
        <time>2025-03-29T22:53:12.000Z</time>
        <extensions>
          <ns3:TrackPointExtension>
            <ns3:hr>105</ns3:hr>
          </ns3:TrackPointExtension>
        </extensions>
      </trkpt>
      <trkpt lat="-25.141884349286556243896484375" lon="-48.849552981555461883544921875">
        <ele>1075.199951171875</ele>
        <time>2025-03-29T22:53:18.000Z</time>
        <extensions>
          <ns3:TrackPointExtension>
            <ns3:hr>104</ns3:hr>
          </ns3:TrackPointExtension>
        </extensions>
      </trkpt>
      <trkpt lat="-25.14188292436301708221435546875" lon="-48.8495839945971965789794921875">
        <ele>1074</ele>
        <time>2025-03-29T22:53:23.000Z</time>
        <extensions>
          <ns3:TrackPointExtension>
            <ns3:hr>101</ns3:hr>
          </ns3:TrackPointExtension>
        </extensions>
      </trkpt>
      <trkpt lat="-25.14186582528054714202880859375" lon="-48.84961324743926525115966796875">
        <ele>1073</ele>
        <time>2025-03-29T22:53:28.000Z</time>
        <extensions>
          <ns3:TrackPointExtension>
            <ns3:hr>105</ns3:hr>
          </ns3:TrackPointExtension>
        </extensions>
      </trkpt>
      <trkpt lat="-25.1418560184538364410400390625" lon="-48.84967728517949581146240234375">
        <ele>1069.5999755859375</ele>
        <time>2025-03-29T22:53:40.000Z</time>
        <extensions>
          <ns3:TrackPointExtension>
            <ns3:hr>108</ns3:hr>
          </ns3:TrackPointExtension>
        </extensions>
      </trkpt>
      <trkpt lat="-25.14185610227286815643310546875" lon="-48.8496825657784938812255859375">
        <ele>1069.4000244140625</ele>
        <time>2025-03-29T22:53:41.000Z</time>
        <extensions>
          <ns3:TrackPointExtension>
            <ns3:hr>108</ns3:hr>
          </ns3:TrackPointExtension>
        </extensions>
      </trkpt>
      <trkpt lat="-25.14186632819473743438720703125" lon="-48.84970595128834247589111328125">
        <ele>1067.800048828125</ele>
        <time>2025-03-29T22:53:46.000Z</time>
        <extensions>
          <ns3:TrackPointExtension>
            <ns3:hr>111</ns3:hr>
          </ns3:TrackPointExtension>
        </extensions>
      </trkpt>
      <trkpt lat="-25.14187219552695751190185546875" lon="-48.84972254745662212371826171875">
        <ele>1066.800048828125</ele>
        <time>2025-03-29T22:53:49.000Z</time>
        <extensions>
          <ns3:TrackPointExtension>
            <ns3:hr>111</ns3:hr>
          </ns3:TrackPointExtension>
        </extensions>
      </trkpt>
      <trkpt lat="-25.1418697647750377655029296875" lon="-48.84975523687899112701416015625">
        <ele>1065.199951171875</ele>
        <time>2025-03-29T22:53:56.000Z</time>
        <extensions>
          <ns3:TrackPointExtension>
            <ns3:hr>108</ns3:hr>
          </ns3:TrackPointExtension>
        </extensions>
      </trkpt>
      <trkpt lat="-25.14186465181410312652587890625" lon="-48.8497678935527801513671875">
        <ele>1065</ele>
        <time>2025-03-29T22:53:59.000Z</time>
        <extensions>
          <ns3:TrackPointExtension>
            <ns3:hr>107</ns3:hr>
          </ns3:TrackPointExtension>
        </extensions>
      </trkpt>
      <trkpt lat="-25.14186398126184940338134765625" lon="-48.8498032651841640472412109375">
        <ele>1063.800048828125</ele>
        <time>2025-03-29T22:54:08.000Z</time>
        <extensions>
          <ns3:TrackPointExtension>
            <ns3:hr>105</ns3:hr>
          </ns3:TrackPointExtension>
        </extensions>
      </trkpt>
      <trkpt lat="-25.14186196960508823394775390625" lon="-48.8498505391180515289306640625">
        <ele>1060.800048828125</ele>
        <time>2025-03-29T22:54:20.000Z</time>
        <extensions>
          <ns3:TrackPointExtension>
            <ns3:hr>106</ns3:hr>
          </ns3:TrackPointExtension>
        </extensions>
      </trkpt>
      <trkpt lat="-25.14186163432896137237548828125" lon="-48.84990359656512737274169921875">
        <ele>1059.800048828125</ele>
        <time>2025-03-29T22:54:32.000Z</time>
        <extensions>
          <ns3:TrackPointExtension>
            <ns3:hr>105</ns3:hr>
          </ns3:TrackPointExtension>
        </extensions>
      </trkpt>
      <trkpt lat="-25.1418684236705303192138671875" lon="-48.84993678890168666839599609375">
        <ele>1059.199951171875</ele>
        <time>2025-03-29T22:54:37.000Z</time>
        <extensions>
          <ns3:TrackPointExtension>
            <ns3:hr>108</ns3:hr>
          </ns3:TrackPointExtension>
        </extensions>
      </trkpt>
      <trkpt lat="-25.1418752968311309814453125" lon="-48.84996377862989902496337890625">
        <ele>1059</ele>
        <time>2025-03-29T22:54:41.000Z</time>
        <extensions>
          <ns3:TrackPointExtension>
            <ns3:hr>111</ns3:hr>
          </ns3:TrackPointExtension>
        </extensions>
      </trkpt>
      <trkpt lat="-25.14187403954565525054931640625" lon="-48.84997107088565826416015625">
        <ele>1058.800048828125</ele>
        <time>2025-03-29T22:54:42.000Z</time>
        <extensions>
          <ns3:TrackPointExtension>
            <ns3:hr>111</ns3:hr>
          </ns3:TrackPointExtension>
        </extensions>
      </trkpt>
      <trkpt lat="-25.14187370426952838897705078125" lon="-48.84999529458582401275634765625">
        <ele>1058.800048828125</ele>
        <time>2025-03-29T22:54:46.000Z</time>
        <extensions>
          <ns3:TrackPointExtension>
            <ns3:hr>114</ns3:hr>
          </ns3:TrackPointExtension>
        </extensions>
      </trkpt>
      <trkpt lat="-25.14186481945216655731201171875" lon="-48.85001474060118198394775390625">
        <ele>1058.5999755859375</ele>
        <time>2025-03-29T22:54:50.000Z</time>
        <extensions>
          <ns3:TrackPointExtension>
            <ns3:hr>115</ns3:hr>
          </ns3:TrackPointExtension>
        </extensions>
      </trkpt>
      <trkpt lat="-25.14184704981744289398193359375" lon="-48.85005346499383449554443359375">
        <ele>1058.199951171875</ele>
        <time>2025-03-29T22:54:58.000Z</time>
        <extensions>
          <ns3:TrackPointExtension>
            <ns3:hr>116</ns3:hr>
          </ns3:TrackPointExtension>
        </extensions>
      </trkpt>
      <trkpt lat="-25.14183682389557361602783203125" lon="-48.85007324628531932830810546875">
        <ele>1056.5999755859375</ele>
        <time>2025-03-29T22:55:05.000Z</time>
        <extensions>
          <ns3:TrackPointExtension>
            <ns3:hr>119</ns3:hr>
          </ns3:TrackPointExtension>
        </extensions>
      </trkpt>
      <trkpt lat="-25.14183104038238525390625" lon="-48.85008665733039379119873046875">
        <ele>1056.4000244140625</ele>
        <time>2025-03-29T22:55:07.000Z</time>
        <extensions>
          <ns3:TrackPointExtension>
            <ns3:hr>119</ns3:hr>
          </ns3:TrackPointExtension>
        </extensions>
      </trkpt>
      <trkpt lat="-25.141821317374706268310546875" lon="-48.8501137308776378631591796875">
        <ele>1056.5999755859375</ele>
        <time>2025-03-29T22:55:15.000Z</time>
        <extensions>
          <ns3:TrackPointExtension>
            <ns3:hr>119</ns3:hr>
          </ns3:TrackPointExtension>
        </extensions>
      </trkpt>
      <trkpt lat="-25.14177278615534305572509765625" lon="-48.85014164261519908905029296875">
        <ele>1057</ele>
        <time>2025-03-29T22:55:26.000Z</time>
        <extensions>
          <ns3:TrackPointExtension>
            <ns3:hr>119</ns3:hr>
          </ns3:TrackPointExtension>
        </extensions>
      </trkpt>
      <trkpt lat="-25.141768343746662139892578125" lon="-48.85014734230935573577880859375">
        <ele>1057</ele>
        <time>2025-03-29T22:55:27.000Z</time>
        <extensions>
          <ns3:TrackPointExtension>
            <ns3:hr>122</ns3:hr>
          </ns3:TrackPointExtension>
        </extensions>
      </trkpt>
      <trkpt lat="-25.14176138676702976226806640625" lon="-48.85015170089900493621826171875">
        <ele>1056.800048828125</ele>
        <time>2025-03-29T22:55:29.000Z</time>
        <extensions>
          <ns3:TrackPointExtension>
            <ns3:hr>127</ns3:hr>
          </ns3:TrackPointExtension>
        </extensions>
      </trkpt>
      <trkpt lat="-25.14175971038639545440673828125" lon="-48.85015421546995639801025390625">
        <ele>1056.800048828125</ele>
        <time>2025-03-29T22:55:30.000Z</time>
        <extensions>
          <ns3:TrackPointExtension>
            <ns3:hr>130</ns3:hr>
          </ns3:TrackPointExtension>
        </extensions>
      </trkpt>
      <trkpt lat="-25.14175434596836566925048828125" lon="-48.850159160792827606201171875">
        <ele>1056.800048828125</ele>
        <time>2025-03-29T22:55:32.000Z</time>
        <extensions>
          <ns3:TrackPointExtension>
            <ns3:hr>133</ns3:hr>
          </ns3:TrackPointExtension>
        </extensions>
      </trkpt>
      <trkpt lat="-25.14175082556903362274169921875" lon="-48.8501621782779693603515625">
        <ele>1056.800048828125</ele>
        <time>2025-03-29T22:55:33.000Z</time>
        <extensions>
          <ns3:TrackPointExtension>
            <ns3:hr>136</ns3:hr>
          </ns3:TrackPointExtension>
        </extensions>
      </trkpt>
      <trkpt lat="-25.14174177311360836029052734375" lon="-48.8501667045056819915771484375">
        <ele>1056.800048828125</ele>
        <time>2025-03-29T22:55:35.000Z</time>
        <extensions>
          <ns3:TrackPointExtension>
            <ns3:hr>138</ns3:hr>
          </ns3:TrackPointExtension>
        </extensions>
      </trkpt>
      <trkpt lat="-25.14173171482980251312255859375" lon="-48.85017600841820240020751953125">
        <ele>1057.4000244140625</ele>
        <time>2025-03-29T22:55:38.000Z</time>
        <extensions>
          <ns3:TrackPointExtension>
            <ns3:hr>141</ns3:hr>
          </ns3:TrackPointExtension>
        </extensions>
      </trkpt>
      <trkpt lat="-25.14172920025885105133056640625" lon="-48.8501809537410736083984375">
        <ele>1057.5999755859375</ele>
        <time>2025-03-29T22:55:39.000Z</time>
        <extensions>
          <ns3:TrackPointExtension>
            <ns3:hr>137</ns3:hr>
          </ns3:TrackPointExtension>
        </extensions>
      </trkpt>
      <trkpt lat="-25.1417061500251293182373046875" lon="-48.8501941971480846405029296875">
        <ele>1058</ele>
        <time>2025-03-29T22:55:43.000Z</time>
        <extensions>
          <ns3:TrackPointExtension>
            <ns3:hr>134</ns3:hr>
          </ns3:TrackPointExtension>
        </extensions>
      </trkpt>
      <trkpt lat="-25.1416947506368160247802734375" lon="-48.850204758346080780029296875">
        <ele>1058.199951171875</ele>
        <time>2025-03-29T22:55:46.000Z</time>
        <extensions>
          <ns3:TrackPointExtension>
            <ns3:hr>132</ns3:hr>
          </ns3:TrackPointExtension>
        </extensions>
      </trkpt>
      <trkpt lat="-25.14167077839374542236328125" lon="-48.85021422989666461944580078125">
        <ele>1058.4000244140625</ele>
        <time>2025-03-29T22:55:50.000Z</time>
        <extensions>
          <ns3:TrackPointExtension>
            <ns3:hr>129</ns3:hr>
          </ns3:TrackPointExtension>
        </extensions>
      </trkpt>
      <trkpt lat="-25.14164395630359649658203125" lon="-48.85021741501986980438232421875">
        <ele>1058.4000244140625</ele>
        <time>2025-03-29T22:55:54.000Z</time>
        <extensions>
          <ns3:TrackPointExtension>
            <ns3:hr>128</ns3:hr>
          </ns3:TrackPointExtension>
        </extensions>
      </trkpt>
      <trkpt lat="-25.14161445200443267822265625" lon="-48.85022596456110477447509765625">
        <ele>1057.4000244140625</ele>
        <time>2025-03-29T22:55:59.000Z</time>
        <extensions>
          <ns3:TrackPointExtension>
            <ns3:hr>125</ns3:hr>
          </ns3:TrackPointExtension>
        </extensions>
      </trkpt>
      <trkpt lat="-25.141587965190410614013671875" lon="-48.85023551993072032928466796875">
        <ele>1056.199951171875</ele>
        <time>2025-03-29T22:56:04.000Z</time>
        <extensions>
          <ns3:TrackPointExtension>
            <ns3:hr>122</ns3:hr>
          </ns3:TrackPointExtension>
        </extensions>
      </trkpt>
      <trkpt lat="-25.1415576227009296417236328125" lon="-48.85024121962487697601318359375">
        <ele>1054.4000244140625</ele>
        <time>2025-03-29T22:56:11.000Z</time>
        <extensions>
          <ns3:TrackPointExtension>
            <ns3:hr>121</ns3:hr>
          </ns3:TrackPointExtension>
        </extensions>
      </trkpt>
      <trkpt lat="-25.14151629991829395294189453125" lon="-48.85024490766227245330810546875">
        <ele>1052.199951171875</ele>
        <time>2025-03-29T22:56:19.000Z</time>
        <extensions>
          <ns3:TrackPointExtension>
            <ns3:hr>124</ns3:hr>
          </ns3:TrackPointExtension>
        </extensions>
      </trkpt>
      <trkpt lat="-25.14151328243315219879150390625" lon="-48.8502478413283824920654296875">
        <ele>1051.800048828125</ele>
        <time>2025-03-29T22:56:20.000Z</time>
        <extensions>
          <ns3:TrackPointExtension>
            <ns3:hr>127</ns3:hr>
          </ns3:TrackPointExtension>
        </extensions>
      </trkpt>
      <trkpt lat="-25.14148168265819549560546875" lon="-48.8502595759928226470947265625">
        <ele>1050.4000244140625</ele>
        <time>2025-03-29T22:56:27.000Z</time>
        <extensions>
          <ns3:TrackPointExtension>
            <ns3:hr>130</ns3:hr>
          </ns3:TrackPointExtension>
        </extensions>
      </trkpt>
      <trkpt lat="-25.14146533794701099395751953125" lon="-48.85027172975242137908935546875">
        <ele>1049.800048828125</ele>
        <time>2025-03-29T22:56:31.000Z</time>
        <extensions>
          <ns3:TrackPointExtension>
            <ns3:hr>129</ns3:hr>
          </ns3:TrackPointExtension>
        </extensions>
      </trkpt>
      <trkpt lat="-25.14144103042781352996826171875" lon="-48.85026887990534305572509765625">
        <ele>1048.4000244140625</ele>
        <time>2025-03-29T22:56:37.000Z</time>
        <extensions>
          <ns3:TrackPointExtension>
            <ns3:hr>126</ns3:hr>
          </ns3:TrackPointExtension>
        </extensions>
      </trkpt>
      <trkpt lat="-25.1414315588772296905517578125" lon="-48.85026904754340648651123046875">
        <ele>1047.800048828125</ele>
        <time>2025-03-29T22:56:40.000Z</time>
        <extensions>
          <ns3:TrackPointExtension>
            <ns3:hr>125</ns3:hr>
          </ns3:TrackPointExtension>
        </extensions>
      </trkpt>
      <trkpt lat="-25.141404904425144195556640625" lon="-48.85027281939983367919921875">
        <ele>1047.199951171875</ele>
        <time>2025-03-29T22:56:48.000Z</time>
        <extensions>
          <ns3:TrackPointExtension>
            <ns3:hr>122</ns3:hr>
          </ns3:TrackPointExtension>
        </extensions>
      </trkpt>
      <trkpt lat="-25.14139861799776554107666015625" lon="-48.85027189739048480987548828125">
        <ele>1047.199951171875</ele>
        <time>2025-03-29T22:56:49.000Z</time>
        <extensions>
          <ns3:TrackPointExtension>
            <ns3:hr>122</ns3:hr>
          </ns3:TrackPointExtension>
        </extensions>
      </trkpt>
      <trkpt lat="-25.1413628272712230682373046875" lon="-48.85027172975242137908935546875">
        <ele>1045.800048828125</ele>
        <time>2025-03-29T22:56:56.000Z</time>
        <extensions>
          <ns3:TrackPointExtension>
            <ns3:hr>121</ns3:hr>
          </ns3:TrackPointExtension>
        </extensions>
      </trkpt>
      <trkpt lat="-25.141333155333995819091796875" lon="-48.85027952492237091064453125">
        <ele>1043.800048828125</ele>
        <time>2025-03-29T22:57:03.000Z</time>
        <extensions>
          <ns3:TrackPointExtension>
            <ns3:hr>121</ns3:hr>
          </ns3:TrackPointExtension>
        </extensions>
      </trkpt>
      <trkpt lat="-25.14131605625152587890625" lon="-48.850284554064273834228515625">
        <ele>1042.800048828125</ele>
        <time>2025-03-29T22:57:07.000Z</time>
        <extensions>
          <ns3:TrackPointExtension>
            <ns3:hr>118</ns3:hr>
          </ns3:TrackPointExtension>
        </extensions>
      </trkpt>
      <trkpt lat="-25.14129183255136013031005859375" lon="-48.85028421878814697265625">
        <ele>1041</ele>
        <time>2025-03-29T22:57:13.000Z</time>
        <extensions>
          <ns3:TrackPointExtension>
            <ns3:hr>115</ns3:hr>
          </ns3:TrackPointExtension>
        </extensions>
      </trkpt>
      <trkpt lat="-25.14125143177807331085205078125" lon="-48.85027709417045116424560546875">
        <ele>1039.199951171875</ele>
        <time>2025-03-29T22:57:21.000Z</time>
        <extensions>
          <ns3:TrackPointExtension>
            <ns3:hr>115</ns3:hr>
          </ns3:TrackPointExtension>
        </extensions>
      </trkpt>
      <trkpt lat="-25.14120365492999553680419921875" lon="-48.8502867333590984344482421875">
        <ele>1036.4000244140625</ele>
        <time>2025-03-29T22:57:29.000Z</time>
        <extensions>
          <ns3:TrackPointExtension>
            <ns3:hr>112</ns3:hr>
          </ns3:TrackPointExtension>
        </extensions>
      </trkpt>
      <trkpt lat="-25.14119896106421947479248046875" lon="-48.8502857275307178497314453125">
        <ele>1035.800048828125</ele>
        <time>2025-03-29T22:57:30.000Z</time>
        <extensions>
          <ns3:TrackPointExtension>
            <ns3:hr>113</ns3:hr>
          </ns3:TrackPointExtension>
        </extensions>
      </trkpt>
      <trkpt lat="-25.141135342419147491455078125" lon="-48.850277177989482879638671875">
        <ele>1032.199951171875</ele>
        <time>2025-03-29T22:57:42.000Z</time>
        <extensions>
          <ns3:TrackPointExtension>
            <ns3:hr>112</ns3:hr>
          </ns3:TrackPointExtension>
        </extensions>
      </trkpt>
      <trkpt lat="-25.14110173098742961883544921875" lon="-48.8502699695527553558349609375">
        <ele>1030.4000244140625</ele>
        <time>2025-03-29T22:57:52.000Z</time>
        <extensions>
          <ns3:TrackPointExtension>
            <ns3:hr>112</ns3:hr>
          </ns3:TrackPointExtension>
        </extensions>
      </trkpt>
      <trkpt lat="-25.14105521142482757568359375" lon="-48.85025362484157085418701171875">
        <ele>1029.199951171875</ele>
        <time>2025-03-29T22:58:00.000Z</time>
        <extensions>
          <ns3:TrackPointExtension>
            <ns3:hr>114</ns3:hr>
          </ns3:TrackPointExtension>
        </extensions>
      </trkpt>
      <trkpt lat="-25.141010284423828125" lon="-48.85023434646427631378173828125">
        <ele>1027</ele>
        <time>2025-03-29T22:58:09.000Z</time>
        <extensions>
          <ns3:TrackPointExtension>
            <ns3:hr>115</ns3:hr>
          </ns3:TrackPointExtension>
        </extensions>
      </trkpt>
      <trkpt lat="-25.1409668661653995513916015625" lon="-48.85021724738180637359619140625">
        <ele>1025.5999755859375</ele>
        <time>2025-03-29T22:58:18.000Z</time>
        <extensions>
          <ns3:TrackPointExtension>
            <ns3:hr>115</ns3:hr>
          </ns3:TrackPointExtension>
        </extensions>
      </trkpt>
      <trkpt lat="-25.14092487283051013946533203125" lon="-48.8501804508268833160400390625">
        <ele>1024.5999755859375</ele>
        <time>2025-03-29T22:58:29.000Z</time>
        <extensions>
          <ns3:TrackPointExtension>
            <ns3:hr>114</ns3:hr>
          </ns3:TrackPointExtension>
        </extensions>
      </trkpt>
      <trkpt lat="-25.140884555876255035400390625" lon="-48.85014700703322887420654296875">
        <ele>1023.4000244140625</ele>
        <time>2025-03-29T22:58:38.000Z</time>
        <extensions>
          <ns3:TrackPointExtension>
            <ns3:hr>114</ns3:hr>
          </ns3:TrackPointExtension>
        </extensions>
      </trkpt>
      <trkpt lat="-25.1408699713647365570068359375" lon="-48.8501138985157012939453125">
        <ele>1022.5999755859375</ele>
        <time>2025-03-29T22:58:46.000Z</time>
        <extensions>
          <ns3:TrackPointExtension>
            <ns3:hr>114</ns3:hr>
          </ns3:TrackPointExtension>
        </extensions>
      </trkpt>
      <trkpt lat="-25.14084457419812679290771484375" lon="-48.85007693432271480560302734375">
        <ele>1020.79998779296875</ele>
        <time>2025-03-29T22:58:57.000Z</time>
        <extensions>
          <ns3:TrackPointExtension>
            <ns3:hr>116</ns3:hr>
          </ns3:TrackPointExtension>
        </extensions>
      </trkpt>
      <trkpt lat="-25.1408203504979610443115234375" lon="-48.8500342704355716705322265625">
        <ele>1018</ele>
        <time>2025-03-29T22:59:07.000Z</time>
        <extensions>
          <ns3:TrackPointExtension>
            <ns3:hr>116</ns3:hr>
          </ns3:TrackPointExtension>
        </extensions>
      </trkpt>
      <trkpt lat="-25.14079771935939788818359375" lon="-48.84996579028666019439697265625">
        <ele>1015.4000244140625</ele>
        <time>2025-03-29T22:59:18.000Z</time>
        <extensions>
          <ns3:TrackPointExtension>
            <ns3:hr>118</ns3:hr>
          </ns3:TrackPointExtension>
        </extensions>
      </trkpt>
      <trkpt lat="-25.140768550336360931396484375" lon="-48.84990041144192218780517578125">
        <ele>1013.79998779296875</ele>
        <time>2025-03-29T22:59:29.000Z</time>
        <extensions>
          <ns3:TrackPointExtension>
            <ns3:hr>116</ns3:hr>
          </ns3:TrackPointExtension>
        </extensions>
      </trkpt>
      <trkpt lat="-25.14075606130063533782958984375" lon="-48.8498805463314056396484375">
        <ele>1012.79998779296875</ele>
        <time>2025-03-29T22:59:34.000Z</time>
        <extensions>
          <ns3:TrackPointExtension>
            <ns3:hr>113</ns3:hr>
          </ns3:TrackPointExtension>
        </extensions>
      </trkpt>
      <trkpt lat="-25.1407526247203350067138671875" lon="-48.84986956603825092315673828125">
        <ele>1012.5999755859375</ele>
        <time>2025-03-29T22:59:35.000Z</time>
        <extensions>
          <ns3:TrackPointExtension>
            <ns3:hr>113</ns3:hr>
          </ns3:TrackPointExtension>
        </extensions>
      </trkpt>
      <trkpt lat="-25.14074466191232204437255859375" lon="-48.84985028766095638275146484375">
        <ele>1012.4000244140625</ele>
        <time>2025-03-29T22:59:37.000Z</time>
        <extensions>
          <ns3:TrackPointExtension>
            <ns3:hr>114</ns3:hr>
          </ns3:TrackPointExtension>
        </extensions>
      </trkpt>
      <trkpt lat="-25.1407167501747608184814453125" lon="-48.84980603121221065521240234375">
        <ele>1012.5999755859375</ele>
        <time>2025-03-29T22:59:43.000Z</time>
        <extensions>
          <ns3:TrackPointExtension>
            <ns3:hr>112</ns3:hr>
          </ns3:TrackPointExtension>
        </extensions>
      </trkpt>
      <trkpt lat="-25.1406852342188358306884765625" lon="-48.84976797737181186676025390625">
        <ele>1011.20001220703125</ele>
        <time>2025-03-29T22:59:49.000Z</time>
        <extensions>
          <ns3:TrackPointExtension>
            <ns3:hr>114</ns3:hr>
          </ns3:TrackPointExtension>
        </extensions>
      </trkpt>
      <trkpt lat="-25.14067894779145717620849609375" lon="-48.84974308311939239501953125">
        <ele>1010.5999755859375</ele>
        <time>2025-03-29T22:59:54.000Z</time>
        <extensions>
          <ns3:TrackPointExtension>
            <ns3:hr>115</ns3:hr>
          </ns3:TrackPointExtension>
        </extensions>
      </trkpt>
      <trkpt lat="-25.14066587202250957489013671875" lon="-48.84970427490770816802978515625">
        <ele>1010.20001220703125</ele>
        <time>2025-03-29T23:00:00.000Z</time>
        <extensions>
          <ns3:TrackPointExtension>
            <ns3:hr>116</ns3:hr>
          </ns3:TrackPointExtension>
        </extensions>
      </trkpt>
      <trkpt lat="-25.14063502661883831024169921875" lon="-48.8496552407741546630859375">
        <ele>1008.20001220703125</ele>
        <time>2025-03-29T23:00:08.000Z</time>
        <extensions>
          <ns3:TrackPointExtension>
            <ns3:hr>117</ns3:hr>
          </ns3:TrackPointExtension>
        </extensions>
      </trkpt>
      <trkpt lat="-25.14061608351767063140869140625" lon="-48.84960494935512542724609375">
        <ele>1006.20001220703125</ele>
        <time>2025-03-29T23:00:17.000Z</time>
        <extensions>
          <ns3:TrackPointExtension>
            <ns3:hr>115</ns3:hr>
          </ns3:TrackPointExtension>
        </extensions>
      </trkpt>
      <trkpt lat="-25.1406124792993068695068359375" lon="-48.84954183362424373626708984375">
        <ele>1004.5999755859375</ele>
        <time>2025-03-29T23:00:25.000Z</time>
        <extensions>
          <ns3:TrackPointExtension>
            <ns3:hr>113</ns3:hr>
          </ns3:TrackPointExtension>
        </extensions>
      </trkpt>
      <trkpt lat="-25.14061910100281238555908203125" lon="-48.84952775202691555023193359375">
        <ele>1004</ele>
        <time>2025-03-29T23:00:31.000Z</time>
        <extensions>
          <ns3:TrackPointExtension>
            <ns3:hr>112</ns3:hr>
          </ns3:TrackPointExtension>
        </extensions>
      </trkpt>
      <trkpt lat="-25.140606276690959930419921875" lon="-48.8494907878339290618896484375">
        <ele>1003</ele>
        <time>2025-03-29T23:00:40.000Z</time>
        <extensions>
          <ns3:TrackPointExtension>
            <ns3:hr>111</ns3:hr>
          </ns3:TrackPointExtension>
        </extensions>
      </trkpt>
      <trkpt lat="-25.1406012475490570068359375" lon="-48.849456422030925750732421875">
        <ele>1002.79998779296875</ele>
        <time>2025-03-29T23:00:44.000Z</time>
        <extensions>
          <ns3:TrackPointExtension>
            <ns3:hr>108</ns3:hr>
          </ns3:TrackPointExtension>
        </extensions>
      </trkpt>
      <trkpt lat="-25.140601582825183868408203125" lon="-48.8494448550045490264892578125">
        <ele>1002.4000244140625</ele>
        <time>2025-03-29T23:00:46.000Z</time>
        <extensions>
          <ns3:TrackPointExtension>
            <ns3:hr>107</ns3:hr>
          </ns3:TrackPointExtension>
        </extensions>
      </trkpt>
      <trkpt lat="-25.140567719936370849609375" lon="-48.8494042865931987762451171875">
        <ele>1001.4000244140625</ele>
        <time>2025-03-29T23:00:54.000Z</time>
        <extensions>
          <ns3:TrackPointExtension>
            <ns3:hr>105</ns3:hr>
          </ns3:TrackPointExtension>
        </extensions>
      </trkpt>
      <trkpt lat="-25.14052455313503742218017578125" lon="-48.8493727706372737884521484375">
        <ele>998.79998779296875</ele>
        <time>2025-03-29T23:01:03.000Z</time>
        <extensions>
          <ns3:TrackPointExtension>
            <ns3:hr>104</ns3:hr>
          </ns3:TrackPointExtension>
        </extensions>
      </trkpt>
      <trkpt lat="-25.14051415957510471343994140625" lon="-48.84937084279954433441162109375">
        <ele>998.20001220703125</ele>
        <time>2025-03-29T23:01:05.000Z</time>
        <extensions>
          <ns3:TrackPointExtension>
            <ns3:hr>107</ns3:hr>
          </ns3:TrackPointExtension>
        </extensions>
      </trkpt>
      <trkpt lat="-25.14049999415874481201171875" lon="-48.84937805123627185821533203125">
        <ele>997.4000244140625</ele>
        <time>2025-03-29T23:01:09.000Z</time>
        <extensions>
          <ns3:TrackPointExtension>
            <ns3:hr>104</ns3:hr>
          </ns3:TrackPointExtension>
        </extensions>
      </trkpt>
      <trkpt lat="-25.14049773104488849639892578125" lon="-48.849383331835269927978515625">
        <ele>997</ele>
        <time>2025-03-29T23:01:11.000Z</time>
        <extensions>
          <ns3:TrackPointExtension>
            <ns3:hr>104</ns3:hr>
          </ns3:TrackPointExtension>
        </extensions>
      </trkpt>
      <trkpt lat="-25.14048415236175060272216796875" lon="-48.84939783252775669097900390625">
        <ele>996.79998779296875</ele>
        <time>2025-03-29T23:01:14.000Z</time>
        <extensions>
          <ns3:TrackPointExtension>
            <ns3:hr>108</ns3:hr>
          </ns3:TrackPointExtension>
        </extensions>
      </trkpt>
      <trkpt lat="-25.1404656283557415008544921875" lon="-48.8494073040783405303955078125">
        <ele>996.5999755859375</ele>
        <time>2025-03-29T23:01:17.000Z</time>
        <extensions>
          <ns3:TrackPointExtension>
            <ns3:hr>109</ns3:hr>
          </ns3:TrackPointExtension>
        </extensions>
      </trkpt>
      <trkpt lat="-25.14047208242118358612060546875" lon="-48.84943320415914058685302734375">
        <ele>995.79998779296875</ele>
        <time>2025-03-29T23:01:22.000Z</time>
        <extensions>
          <ns3:TrackPointExtension>
            <ns3:hr>110</ns3:hr>
          </ns3:TrackPointExtension>
        </extensions>
      </trkpt>
      <trkpt lat="-25.1404300890862941741943359375" lon="-48.84947679005563259124755859375">
        <ele>995</ele>
        <time>2025-03-29T23:01:31.000Z</time>
        <extensions>
          <ns3:TrackPointExtension>
            <ns3:hr>113</ns3:hr>
          </ns3:TrackPointExtension>
        </extensions>
      </trkpt>
      <trkpt lat="-25.14038859866559505462646484375" lon="-48.849516771733760833740234375">
        <ele>993.79998779296875</ele>
        <time>2025-03-29T23:01:38.000Z</time>
        <extensions>
          <ns3:TrackPointExtension>
            <ns3:hr>115</ns3:hr>
          </ns3:TrackPointExtension>
        </extensions>
      </trkpt>
      <trkpt lat="-25.140347443521022796630859375" lon="-48.84954300709068775177001953125">
        <ele>992.79998779296875</ele>
        <time>2025-03-29T23:01:43.000Z</time>
        <extensions>
          <ns3:TrackPointExtension>
            <ns3:hr>115</ns3:hr>
          </ns3:TrackPointExtension>
        </extensions>
      </trkpt>
      <trkpt lat="-25.1403419114649295806884765625" lon="-48.849568068981170654296875">
        <ele>991.79998779296875</ele>
        <time>2025-03-29T23:01:46.000Z</time>
        <extensions>
          <ns3:TrackPointExtension>
            <ns3:hr>115</ns3:hr>
          </ns3:TrackPointExtension>
        </extensions>
      </trkpt>
      <trkpt lat="-25.14032162725925445556640625" lon="-48.84959028102457523345947265625">
        <ele>991</ele>
        <time>2025-03-29T23:01:52.000Z</time>
        <extensions>
          <ns3:TrackPointExtension>
            <ns3:hr>115</ns3:hr>
          </ns3:TrackPointExtension>
        </extensions>
      </trkpt>
      <trkpt lat="-25.14028499834239482879638671875" lon="-48.849597908556461334228515625">
        <ele>990.79998779296875</ele>
        <time>2025-03-29T23:01:56.000Z</time>
        <extensions>
          <ns3:TrackPointExtension>
            <ns3:hr>116</ns3:hr>
          </ns3:TrackPointExtension>
        </extensions>
      </trkpt>
      <trkpt lat="-25.140279047191143035888671875" lon="-48.8496399857103824615478515625">
        <ele>990.5999755859375</ele>
        <time>2025-03-29T23:02:00.000Z</time>
        <extensions>
          <ns3:TrackPointExtension>
            <ns3:hr>118</ns3:hr>
          </ns3:TrackPointExtension>
        </extensions>
      </trkpt>
      <trkpt lat="-25.1402731798589229583740234375" lon="-48.84965918026864528656005859375">
        <ele>991.20001220703125</ele>
        <time>2025-03-29T23:02:02.000Z</time>
        <extensions>
          <ns3:TrackPointExtension>
            <ns3:hr>118</ns3:hr>
          </ns3:TrackPointExtension>
        </extensions>
      </trkpt>
      <trkpt lat="-25.14026722870767116546630859375" lon="-48.84966873563826084136962890625">
        <ele>991.5999755859375</ele>
        <time>2025-03-29T23:02:03.000Z</time>
        <extensions>
          <ns3:TrackPointExtension>
            <ns3:hr>119</ns3:hr>
          </ns3:TrackPointExtension>
        </extensions>
      </trkpt>
      <trkpt lat="-25.14025398530066013336181640625" lon="-48.84968365542590618133544921875">
        <ele>993</ele>
        <time>2025-03-29T23:02:07.000Z</time>
        <extensions>
          <ns3:TrackPointExtension>
            <ns3:hr>119</ns3:hr>
          </ns3:TrackPointExtension>
        </extensions>
      </trkpt>
      <trkpt lat="-25.14025457203388214111328125" lon="-48.8497238047420978546142578125">
        <ele>994.20001220703125</ele>
        <time>2025-03-29T23:02:13.000Z</time>
        <extensions>
          <ns3:TrackPointExtension>
            <ns3:hr>117</ns3:hr>
          </ns3:TrackPointExtension>
        </extensions>
      </trkpt>
      <trkpt lat="-25.1402406580746173858642578125" lon="-48.8497854955494403839111328125">
        <ele>995</ele>
        <time>2025-03-29T23:02:20.000Z</time>
        <extensions>
          <ns3:TrackPointExtension>
            <ns3:hr>114</ns3:hr>
          </ns3:TrackPointExtension>
        </extensions>
      </trkpt>
      <trkpt lat="-25.1402316056191921234130859375" lon="-48.8498079590499401092529296875">
        <ele>995.4000244140625</ele>
        <time>2025-03-29T23:02:23.000Z</time>
        <extensions>
          <ns3:TrackPointExtension>
            <ns3:hr>113</ns3:hr>
          </ns3:TrackPointExtension>
        </extensions>
      </trkpt>
      <trkpt lat="-25.1402067951858043670654296875" lon="-48.8498438335955142974853515625">
        <ele>995.5999755859375</ele>
        <time>2025-03-29T23:02:29.000Z</time>
        <extensions>
          <ns3:TrackPointExtension>
            <ns3:hr>114</ns3:hr>
          </ns3:TrackPointExtension>
        </extensions>
      </trkpt>
      <trkpt lat="-25.14017251320183277130126953125" lon="-48.8498565740883350372314453125">
        <ele>994.4000244140625</ele>
        <time>2025-03-29T23:02:36.000Z</time>
        <extensions>
          <ns3:TrackPointExtension>
            <ns3:hr>113</ns3:hr>
          </ns3:TrackPointExtension>
        </extensions>
      </trkpt>
      <trkpt lat="-25.1401318609714508056640625" lon="-48.84985866956412792205810546875">
        <ele>993.4000244140625</ele>
        <time>2025-03-29T23:02:43.000Z</time>
        <extensions>
          <ns3:TrackPointExtension>
            <ns3:hr>114</ns3:hr>
          </ns3:TrackPointExtension>
        </extensions>
      </trkpt>
      <trkpt lat="-25.140104703605175018310546875" lon="-48.84987987577915191650390625">
        <ele>992.79998779296875</ele>
        <time>2025-03-29T23:02:49.000Z</time>
        <extensions>
          <ns3:TrackPointExtension>
            <ns3:hr>113</ns3:hr>
          </ns3:TrackPointExtension>
        </extensions>
      </trkpt>
      <trkpt lat="-25.1400931365787982940673828125" lon="-48.84988934732973575592041015625">
        <ele>991.4000244140625</ele>
        <time>2025-03-29T23:02:56.000Z</time>
        <extensions>
          <ns3:TrackPointExtension>
            <ns3:hr>111</ns3:hr>
          </ns3:TrackPointExtension>
        </extensions>
      </trkpt>
      <trkpt lat="-25.140080563724040985107421875" lon="-48.84990141727030277252197265625">
        <ele>990.4000244140625</ele>
        <time>2025-03-29T23:03:00.000Z</time>
        <extensions>
          <ns3:TrackPointExtension>
            <ns3:hr>108</ns3:hr>
          </ns3:TrackPointExtension>
        </extensions>
      </trkpt>
      <trkpt lat="-25.14006840996444225311279296875" lon="-48.84992371313273906707763671875">
        <ele>989.20001220703125</ele>
        <time>2025-03-29T23:03:04.000Z</time>
        <extensions>
          <ns3:TrackPointExtension>
            <ns3:hr>107</ns3:hr>
          </ns3:TrackPointExtension>
        </extensions>
      </trkpt>
      <trkpt lat="-25.1400626264512538909912109375" lon="-48.84994651190936565399169921875">
        <ele>987.5999755859375</ele>
        <time>2025-03-29T23:03:10.000Z</time>
        <extensions>
          <ns3:TrackPointExtension>
            <ns3:hr>106</ns3:hr>
          </ns3:TrackPointExtension>
        </extensions>
      </trkpt>
      <trkpt lat="-25.1400433480739593505859375" lon="-48.84996545501053333282470703125">
        <ele>986</ele>
        <time>2025-03-29T23:03:17.000Z</time>
        <extensions>
          <ns3:TrackPointExtension>
            <ns3:hr>106</ns3:hr>
          </ns3:TrackPointExtension>
        </extensions>
      </trkpt>
      <trkpt lat="-25.14001476578414440155029296875" lon="-48.84998976252973079681396484375">
        <ele>982.5999755859375</ele>
        <time>2025-03-29T23:03:25.000Z</time>
        <extensions>
          <ns3:TrackPointExtension>
            <ns3:hr>109</ns3:hr>
          </ns3:TrackPointExtension>
        </extensions>
      </trkpt>
      <trkpt lat="-25.139990709722042083740234375" lon="-48.8500198535621166229248046875">
        <ele>979.4000244140625</ele>
        <time>2025-03-29T23:03:33.000Z</time>
        <extensions>
          <ns3:TrackPointExtension>
            <ns3:hr>111</ns3:hr>
          </ns3:TrackPointExtension>
        </extensions>
      </trkpt>
      <trkpt lat="-25.139993391931056976318359375" lon="-48.8500409759581089019775390625">
        <ele>978.4000244140625</ele>
        <time>2025-03-29T23:03:39.000Z</time>
        <extensions>
          <ns3:TrackPointExtension>
            <ns3:hr>110</ns3:hr>
          </ns3:TrackPointExtension>
        </extensions>
      </trkpt>
      <trkpt lat="-25.1399885304272174835205078125" lon="-48.8500654511153697967529296875">
        <ele>979</ele>
        <time>2025-03-29T23:03:45.000Z</time>
        <extensions>
          <ns3:TrackPointExtension>
            <ns3:hr>113</ns3:hr>
          </ns3:TrackPointExtension>
        </extensions>
      </trkpt>
      <trkpt lat="-25.13998643495142459869384765625" lon="-48.8500671274960041046142578125">
        <ele>979.20001220703125</ele>
        <time>2025-03-29T23:03:46.000Z</time>
        <extensions>
          <ns3:TrackPointExtension>
            <ns3:hr>114</ns3:hr>
          </ns3:TrackPointExtension>
        </extensions>
      </trkpt>
      <trkpt lat="-25.1399774663150310516357421875" lon="-48.85008045472204685211181640625">
        <ele>979.4000244140625</ele>
        <time>2025-03-29T23:03:52.000Z</time>
        <extensions>
          <ns3:TrackPointExtension>
            <ns3:hr>117</ns3:hr>
          </ns3:TrackPointExtension>
        </extensions>
      </trkpt>
      <trkpt lat="-25.13995408080518245697021484375" lon="-48.85010241530835628509521484375">
        <ele>977</ele>
        <time>2025-03-29T23:04:01.000Z</time>
        <extensions>
          <ns3:TrackPointExtension>
            <ns3:hr>118</ns3:hr>
          </ns3:TrackPointExtension>
        </extensions>
      </trkpt>
      <trkpt lat="-25.13995408080518245697021484375" lon="-48.85010241530835628509521484375">
        <ele>976.4000244140625</ele>
        <time>2025-03-29T23:04:06.000Z</time>
        <extensions>
          <ns3:TrackPointExtension>
            <ns3:hr>121</ns3:hr>
          </ns3:TrackPointExtension>
        </extensions>
      </trkpt>
      <trkpt lat="-25.1399226486682891845703125" lon="-48.85013602674007415771484375">
        <ele>976.20001220703125</ele>
        <time>2025-03-29T23:04:19.000Z</time>
        <extensions>
          <ns3:TrackPointExtension>
            <ns3:hr>123</ns3:hr>
          </ns3:TrackPointExtension>
        </extensions>
      </trkpt>
      <trkpt lat="-25.1398852653801441192626953125" lon="-48.85018556378781795501708984375">
        <ele>974.20001220703125</ele>
        <time>2025-03-29T23:04:25.000Z</time>
        <extensions>
          <ns3:TrackPointExtension>
            <ns3:hr>123</ns3:hr>
          </ns3:TrackPointExtension>
        </extensions>
      </trkpt>
      <trkpt lat="-25.1398909650743007659912109375" lon="-48.85022747330367565155029296875">
        <ele>972.5999755859375</ele>
        <time>2025-03-29T23:04:32.000Z</time>
        <extensions>
          <ns3:TrackPointExtension>
            <ns3:hr>120</ns3:hr>
          </ns3:TrackPointExtension>
        </extensions>
      </trkpt>
      <trkpt lat="-25.1398913003504276275634765625" lon="-48.850237615406513214111328125">
        <ele>972.4000244140625</ele>
        <time>2025-03-29T23:04:33.000Z</time>
        <extensions>
          <ns3:TrackPointExtension>
            <ns3:hr>120</ns3:hr>
          </ns3:TrackPointExtension>
        </extensions>
      </trkpt>
      <trkpt lat="-25.13988652266561985015869140625" lon="-48.850243650376796722412109375">
        <ele>972.20001220703125</ele>
        <time>2025-03-29T23:04:34.000Z</time>
        <extensions>
          <ns3:TrackPointExtension>
            <ns3:hr>119</ns3:hr>
          </ns3:TrackPointExtension>
        </extensions>
      </trkpt>
      <trkpt lat="-25.139879398047924041748046875" lon="-48.85029234923422336578369140625">
        <ele>970.4000244140625</ele>
        <time>2025-03-29T23:04:40.000Z</time>
        <extensions>
          <ns3:TrackPointExtension>
            <ns3:hr>116</ns3:hr>
          </ns3:TrackPointExtension>
        </extensions>
      </trkpt>
      <trkpt lat="-25.1398809067904949188232421875" lon="-48.85030140168964862823486328125">
        <ele>970</ele>
        <time>2025-03-29T23:04:41.000Z</time>
        <extensions>
          <ns3:TrackPointExtension>
            <ns3:hr>116</ns3:hr>
          </ns3:TrackPointExtension>
        </extensions>
      </trkpt>
      <trkpt lat="-25.13987679965794086456298828125" lon="-48.85033275000751018524169921875">
        <ele>968.5999755859375</ele>
        <time>2025-03-29T23:04:45.000Z</time>
        <extensions>
          <ns3:TrackPointExtension>
            <ns3:hr>117</ns3:hr>
          </ns3:TrackPointExtension>
        </extensions>
      </trkpt>
      <trkpt lat="-25.13988518156111240386962890625" lon="-48.85038421489298343658447265625">
        <ele>966.20001220703125</ele>
        <time>2025-03-29T23:04:52.000Z</time>
        <extensions>
          <ns3:TrackPointExtension>
            <ns3:hr>117</ns3:hr>
          </ns3:TrackPointExtension>
        </extensions>
      </trkpt>
      <trkpt lat="-25.13988174498081207275390625" lon="-48.85042428039014339447021484375">
        <ele>966</ele>
        <time>2025-03-29T23:04:58.000Z</time>
        <extensions>
          <ns3:TrackPointExtension>
            <ns3:hr>117</ns3:hr>
          </ns3:TrackPointExtension>
        </extensions>
      </trkpt>
      <trkpt lat="-25.13986338861286640167236328125" lon="-48.85045143775641918182373046875">
        <ele>965.79998779296875</ele>
        <time>2025-03-29T23:05:06.000Z</time>
        <extensions>
          <ns3:TrackPointExtension>
            <ns3:hr>117</ns3:hr>
          </ns3:TrackPointExtension>
        </extensions>
      </trkpt>
      <trkpt lat="-25.13986690901219844818115234375" lon="-48.85049552656710147857666015625">
        <ele>964.4000244140625</ele>
        <time>2025-03-29T23:05:14.000Z</time>
        <extensions>
          <ns3:TrackPointExtension>
            <ns3:hr>116</ns3:hr>
          </ns3:TrackPointExtension>
        </extensions>
      </trkpt>
      <trkpt lat="-25.139854252338409423828125" lon="-48.8505288027226924896240234375">
        <ele>965</ele>
        <time>2025-03-29T23:05:20.000Z</time>
        <extensions>
          <ns3:TrackPointExtension>
            <ns3:hr>117</ns3:hr>
          </ns3:TrackPointExtension>
        </extensions>
      </trkpt>
      <trkpt lat="-25.13984494842588901519775390625" lon="-48.8505529426038265228271484375">
        <ele>966.20001220703125</ele>
        <time>2025-03-29T23:05:29.000Z</time>
        <extensions>
          <ns3:TrackPointExtension>
            <ns3:hr>116</ns3:hr>
          </ns3:TrackPointExtension>
        </extensions>
      </trkpt>
      <trkpt lat="-25.13984226621687412261962890625" lon="-48.85057431645691394805908203125">
        <ele>966.4000244140625</ele>
        <time>2025-03-29T23:05:34.000Z</time>
        <extensions>
          <ns3:TrackPointExtension>
            <ns3:hr>118</ns3:hr>
          </ns3:TrackPointExtension>
        </extensions>
      </trkpt>
      <trkpt lat="-25.1398011110723018646240234375" lon="-48.85058554820716381072998046875">
        <ele>965.4000244140625</ele>
        <time>2025-03-29T23:05:42.000Z</time>
        <extensions>
          <ns3:TrackPointExtension>
            <ns3:hr>119</ns3:hr>
          </ns3:TrackPointExtension>
        </extensions>
      </trkpt>
      <trkpt lat="-25.139785520732402801513671875" lon="-48.85060365311801433563232421875">
        <ele>961.79998779296875</ele>
        <time>2025-03-29T23:05:50.000Z</time>
        <extensions>
          <ns3:TrackPointExtension>
            <ns3:hr>120</ns3:hr>
          </ns3:TrackPointExtension>
        </extensions>
      </trkpt>
      <trkpt lat="-25.139768756926059722900390625" lon="-48.85065897367894649505615234375">
        <ele>960.20001220703125</ele>
        <time>2025-03-29T23:05:57.000Z</time>
        <extensions>
          <ns3:TrackPointExtension>
            <ns3:hr>120</ns3:hr>
          </ns3:TrackPointExtension>
        </extensions>
      </trkpt>
      <trkpt lat="-25.139762051403522491455078125" lon="-48.85068478994071483612060546875">
        <ele>959.5999755859375</ele>
        <time>2025-03-29T23:06:02.000Z</time>
        <extensions>
          <ns3:TrackPointExtension>
            <ns3:hr>118</ns3:hr>
          </ns3:TrackPointExtension>
        </extensions>
      </trkpt>
      <trkpt lat="-25.139747969806194305419921875" lon="-48.85071882046759128570556640625">
        <ele>960.20001220703125</ele>
        <time>2025-03-29T23:06:07.000Z</time>
        <extensions>
          <ns3:TrackPointExtension>
            <ns3:hr>117</ns3:hr>
          </ns3:TrackPointExtension>
        </extensions>
      </trkpt>
      <trkpt lat="-25.13974755071103572845458984375" lon="-48.850721083581447601318359375">
        <ele>960.4000244140625</ele>
        <time>2025-03-29T23:06:08.000Z</time>
        <extensions>
          <ns3:TrackPointExtension>
            <ns3:hr>113</ns3:hr>
          </ns3:TrackPointExtension>
        </extensions>
      </trkpt>
      <trkpt lat="-25.13973782770335674285888671875" lon="-48.8507346622645854949951171875">
        <ele>960.5999755859375</ele>
        <time>2025-03-29T23:06:12.000Z</time>
        <extensions>
          <ns3:TrackPointExtension>
            <ns3:hr>114</ns3:hr>
          </ns3:TrackPointExtension>
        </extensions>
      </trkpt>
      <trkpt lat="-25.13973145745694637298583984375" lon="-48.8507510907948017120361328125">
        <ele>959.79998779296875</ele>
        <time>2025-03-29T23:06:18.000Z</time>
        <extensions>
          <ns3:TrackPointExtension>
            <ns3:hr>112</ns3:hr>
          </ns3:TrackPointExtension>
        </extensions>
      </trkpt>
      <trkpt lat="-25.139721818268299102783203125" lon="-48.8507906533777713775634765625">
        <ele>958</ele>
        <time>2025-03-29T23:06:26.000Z</time>
        <extensions>
          <ns3:TrackPointExtension>
            <ns3:hr>112</ns3:hr>
          </ns3:TrackPointExtension>
        </extensions>
      </trkpt>
      <trkpt lat="-25.139714442193508148193359375" lon="-48.850812613964080810546875">
        <ele>957.79998779296875</ele>
        <time>2025-03-29T23:06:32.000Z</time>
        <extensions>
          <ns3:TrackPointExtension>
            <ns3:hr>114</ns3:hr>
          </ns3:TrackPointExtension>
        </extensions>
      </trkpt>
      <trkpt lat="-25.1397188007831573486328125" lon="-48.8508429564535617828369140625">
        <ele>955.5999755859375</ele>
        <time>2025-03-29T23:06:37.000Z</time>
        <extensions>
          <ns3:TrackPointExtension>
            <ns3:hr>117</ns3:hr>
          </ns3:TrackPointExtension>
        </extensions>
      </trkpt>
      <trkpt lat="-25.1397107541561126708984375" lon="-48.85084689594805240631103515625">
        <ele>955.20001220703125</ele>
        <time>2025-03-29T23:06:38.000Z</time>
        <extensions>
          <ns3:TrackPointExtension>
            <ns3:hr>115</ns3:hr>
          </ns3:TrackPointExtension>
        </extensions>
      </trkpt>
      <trkpt lat="-25.1397119276225566864013671875" lon="-48.8508691079914569854736328125">
        <ele>954</ele>
        <time>2025-03-29T23:06:44.000Z</time>
        <extensions>
          <ns3:TrackPointExtension>
            <ns3:hr>115</ns3:hr>
          </ns3:TrackPointExtension>
        </extensions>
      </trkpt>
      <trkpt lat="-25.13969507999718189239501953125" lon="-48.85087505914270877838134765625">
        <ele>954.4000244140625</ele>
        <time>2025-03-29T23:06:49.000Z</time>
        <extensions>
          <ns3:TrackPointExtension>
            <ns3:hr>114</ns3:hr>
          </ns3:TrackPointExtension>
        </extensions>
      </trkpt>
      <trkpt lat="-25.13970346190035343170166015625" lon="-48.85091495700180530548095703125">
        <ele>955.20001220703125</ele>
        <time>2025-03-29T23:06:55.000Z</time>
        <extensions>
          <ns3:TrackPointExtension>
            <ns3:hr>116</ns3:hr>
          </ns3:TrackPointExtension>
        </extensions>
      </trkpt>
      <trkpt lat="-25.1397089101374149322509765625" lon="-48.850991316139698028564453125">
        <ele>955.79998779296875</ele>
        <time>2025-03-29T23:07:02.000Z</time>
        <extensions>
          <ns3:TrackPointExtension>
            <ns3:hr>117</ns3:hr>
          </ns3:TrackPointExtension>
        </extensions>
      </trkpt>
      <trkpt lat="-25.13970614410936832427978515625" lon="-48.85107345879077911376953125">
        <ele>958</ele>
        <time>2025-03-29T23:07:11.000Z</time>
        <extensions>
          <ns3:TrackPointExtension>
            <ns3:hr>119</ns3:hr>
          </ns3:TrackPointExtension>
        </extensions>
      </trkpt>
      <trkpt lat="-25.13968669809401035308837890625" lon="-48.8510840199887752532958984375">
        <ele>958.79998779296875</ele>
        <time>2025-03-29T23:07:17.000Z</time>
        <extensions>
          <ns3:TrackPointExtension>
            <ns3:hr>119</ns3:hr>
          </ns3:TrackPointExtension>
        </extensions>
      </trkpt>
      <trkpt lat="-25.1396891288459300994873046875" lon="-48.85109759867191314697265625">
        <ele>958.79998779296875</ele>
        <time>2025-03-29T23:07:22.000Z</time>
        <extensions>
          <ns3:TrackPointExtension>
            <ns3:hr>118</ns3:hr>
          </ns3:TrackPointExtension>
        </extensions>
      </trkpt>
      <trkpt lat="-25.139677561819553375244140625" lon="-48.851120732724666595458984375">
        <ele>958.79998779296875</ele>
        <time>2025-03-29T23:07:27.000Z</time>
        <extensions>
          <ns3:TrackPointExtension>
            <ns3:hr>117</ns3:hr>
          </ns3:TrackPointExtension>
        </extensions>
      </trkpt>
      <trkpt lat="-25.1396680064499378204345703125" lon="-48.85112567804753780364990234375">
        <ele>957.79998779296875</ele>
        <time>2025-03-29T23:07:33.000Z</time>
        <extensions>
          <ns3:TrackPointExtension>
            <ns3:hr>118</ns3:hr>
          </ns3:TrackPointExtension>
        </extensions>
      </trkpt>
      <trkpt lat="-25.1396582834422588348388671875" lon="-48.85112953372299671173095703125">
        <ele>956.20001220703125</ele>
        <time>2025-03-29T23:07:40.000Z</time>
        <extensions>
          <ns3:TrackPointExtension>
            <ns3:hr>119</ns3:hr>
          </ns3:TrackPointExtension>
        </extensions>
      </trkpt>
      <trkpt lat="-25.139647386968135833740234375" lon="-48.85115149430930614471435546875">
        <ele>955.4000244140625</ele>
        <time>2025-03-29T23:07:44.000Z</time>
        <extensions>
          <ns3:TrackPointExtension>
            <ns3:hr>116</ns3:hr>
          </ns3:TrackPointExtension>
        </extensions>
      </trkpt>
      <trkpt lat="-25.13965719379484653472900390625" lon="-48.8511648215353488922119140625">
        <ele>955</ele>
        <time>2025-03-29T23:07:47.000Z</time>
        <extensions>
          <ns3:TrackPointExtension>
            <ns3:hr>116</ns3:hr>
          </ns3:TrackPointExtension>
        </extensions>
      </trkpt>
      <trkpt lat="-25.1396653242409229278564453125" lon="-48.85118803940713405609130859375">
        <ele>954.79998779296875</ele>
        <time>2025-03-29T23:07:50.000Z</time>
        <extensions>
          <ns3:TrackPointExtension>
            <ns3:hr>119</ns3:hr>
          </ns3:TrackPointExtension>
        </extensions>
      </trkpt>
      <trkpt lat="-25.13966582715511322021484375" lon="-48.8512050546705722808837890625">
        <ele>955.20001220703125</ele>
        <time>2025-03-29T23:07:53.000Z</time>
        <extensions>
          <ns3:TrackPointExtension>
            <ns3:hr>121</ns3:hr>
          </ns3:TrackPointExtension>
        </extensions>
      </trkpt>
      <trkpt lat="-25.1396515779197216033935546875" lon="-48.85123170912265777587890625">
        <ele>955.5999755859375</ele>
        <time>2025-03-29T23:08:00.000Z</time>
        <extensions>
          <ns3:TrackPointExtension>
            <ns3:hr>123</ns3:hr>
          </ns3:TrackPointExtension>
        </extensions>
      </trkpt>
      <trkpt lat="-25.1396499015390872955322265625" lon="-48.85124704800546169281005859375">
        <ele>955.5999755859375</ele>
        <time>2025-03-29T23:08:03.000Z</time>
        <extensions>
          <ns3:TrackPointExtension>
            <ns3:hr>126</ns3:hr>
          </ns3:TrackPointExtension>
        </extensions>
      </trkpt>
      <trkpt lat="-25.139652080833911895751953125" lon="-48.85127102024853229522705078125">
        <ele>955.4000244140625</ele>
        <time>2025-03-29T23:08:06.000Z</time>
        <extensions>
          <ns3:TrackPointExtension>
            <ns3:hr>126</ns3:hr>
          </ns3:TrackPointExtension>
        </extensions>
      </trkpt>
      <trkpt lat="-25.1396287791430950164794921875" lon="-48.85132064111530780792236328125">
        <ele>955.4000244140625</ele>
        <time>2025-03-29T23:08:11.000Z</time>
        <extensions>
          <ns3:TrackPointExtension>
            <ns3:hr>124</ns3:hr>
          </ns3:TrackPointExtension>
        </extensions>
      </trkpt>
      <trkpt lat="-25.13962685130536556243896484375" lon="-48.8513986766338348388671875">
        <ele>956.20001220703125</ele>
        <time>2025-03-29T23:08:19.000Z</time>
        <extensions>
          <ns3:TrackPointExtension>
            <ns3:hr>125</ns3:hr>
          </ns3:TrackPointExtension>
        </extensions>
      </trkpt>
      <trkpt lat="-25.1396374963223934173583984375" lon="-48.85142616927623748779296875">
        <ele>957.20001220703125</ele>
        <time>2025-03-29T23:08:24.000Z</time>
        <extensions>
          <ns3:TrackPointExtension>
            <ns3:hr>122</ns3:hr>
          </ns3:TrackPointExtension>
        </extensions>
      </trkpt>
      <trkpt lat="-25.13963229954242706298828125" lon="-48.8514484651386737823486328125">
        <ele>957.79998779296875</ele>
        <time>2025-03-29T23:08:27.000Z</time>
        <extensions>
          <ns3:TrackPointExtension>
            <ns3:hr>121</ns3:hr>
          </ns3:TrackPointExtension>
        </extensions>
      </trkpt>
      <trkpt lat="-25.1396703533828258514404296875" lon="-48.85148786008358001708984375">
        <ele>956.20001220703125</ele>
        <time>2025-03-29T23:08:34.000Z</time>
        <extensions>
          <ns3:TrackPointExtension>
            <ns3:hr>121</ns3:hr>
          </ns3:TrackPointExtension>
        </extensions>
      </trkpt>
      <trkpt lat="-25.139709748327732086181640625" lon="-48.85152549482882022857666015625">
        <ele>953.4000244140625</ele>
        <time>2025-03-29T23:08:41.000Z</time>
        <extensions>
          <ns3:TrackPointExtension>
            <ns3:hr>121</ns3:hr>
          </ns3:TrackPointExtension>
        </extensions>
      </trkpt>
      <trkpt lat="-25.13978384435176849365234375" lon="-48.85155432857573032379150390625">
        <ele>947</ele>
        <time>2025-03-29T23:08:49.000Z</time>
        <extensions>
          <ns3:TrackPointExtension>
            <ns3:hr>121</ns3:hr>
          </ns3:TrackPointExtension>
        </extensions>
      </trkpt>
      <trkpt lat="-25.13984511606395244598388671875" lon="-48.8516063801944255828857421875">
        <ele>941.4000244140625</ele>
        <time>2025-03-29T23:08:58.000Z</time>
        <extensions>
          <ns3:TrackPointExtension>
            <ns3:hr>121</ns3:hr>
          </ns3:TrackPointExtension>
        </extensions>
      </trkpt>
      <trkpt lat="-25.13990278355777263641357421875" lon="-48.85169698856770992279052734375">
        <ele>934.79998779296875</ele>
        <time>2025-03-29T23:09:09.000Z</time>
        <extensions>
          <ns3:TrackPointExtension>
            <ns3:hr>119</ns3:hr>
          </ns3:TrackPointExtension>
        </extensions>
      </trkpt>
      <trkpt lat="-25.13995952904224395751953125" lon="-48.851786591112613677978515625">
        <ele>932.5999755859375</ele>
        <time>2025-03-29T23:09:19.000Z</time>
        <extensions>
          <ns3:TrackPointExtension>
            <ns3:hr>120</ns3:hr>
          </ns3:TrackPointExtension>
        </extensions>
      </trkpt>
      <trkpt lat="-25.14003890566527843475341796875" lon="-48.85186512954533100128173828125">
        <ele>930</ele>
        <time>2025-03-29T23:09:30.000Z</time>
        <extensions>
          <ns3:TrackPointExtension>
            <ns3:hr>122</ns3:hr>
          </ns3:TrackPointExtension>
        </extensions>
      </trkpt>
      <trkpt lat="-25.140068493783473968505859375" lon="-48.851882480084896087646484375">
        <ele>928</ele>
        <time>2025-03-29T23:09:35.000Z</time>
        <extensions>
          <ns3:TrackPointExtension>
            <ns3:hr>122</ns3:hr>
          </ns3:TrackPointExtension>
        </extensions>
      </trkpt>
      <trkpt lat="-25.1400814019143581390380859375" lon="-48.8518880121409893035888671875">
        <ele>927.4000244140625</ele>
        <time>2025-03-29T23:09:37.000Z</time>
        <extensions>
          <ns3:TrackPointExtension>
            <ns3:hr>122</ns3:hr>
          </ns3:TrackPointExtension>
        </extensions>
      </trkpt>
      <trkpt lat="-25.14012758620083332061767578125" lon="-48.851910643279552459716796875">
        <ele>926.20001220703125</ele>
        <time>2025-03-29T23:09:43.000Z</time>
        <extensions>
          <ns3:TrackPointExtension>
            <ns3:hr>122</ns3:hr>
          </ns3:TrackPointExtension>
        </extensions>
      </trkpt>
      <trkpt lat="-25.140136890113353729248046875" lon="-48.85191969573497772216796875">
        <ele>926</ele>
        <time>2025-03-29T23:09:44.000Z</time>
        <extensions>
          <ns3:TrackPointExtension>
            <ns3:hr>122</ns3:hr>
          </ns3:TrackPointExtension>
        </extensions>
      </trkpt>
      <trkpt lat="-25.1401762850582599639892578125" lon="-48.85197359137237071990966796875">
        <ele>924.5999755859375</ele>
        <time>2025-03-29T23:09:51.000Z</time>
        <extensions>
          <ns3:TrackPointExtension>
            <ns3:hr>124</ns3:hr>
          </ns3:TrackPointExtension>
        </extensions>
      </trkpt>
      <trkpt lat="-25.14017955400049686431884765625" lon="-48.85198532603681087493896484375">
        <ele>924.4000244140625</ele>
        <time>2025-03-29T23:09:52.000Z</time>
        <extensions>
          <ns3:TrackPointExtension>
            <ns3:hr>121</ns3:hr>
          </ns3:TrackPointExtension>
        </extensions>
      </trkpt>
      <trkpt lat="-25.1401950605213642120361328125" lon="-48.85202505625784397125244140625">
        <ele>923</ele>
        <time>2025-03-29T23:09:56.000Z</time>
        <extensions>
          <ns3:TrackPointExtension>
            <ns3:hr>118</ns3:hr>
          </ns3:TrackPointExtension>
        </extensions>
      </trkpt>
      <trkpt lat="-25.14020570553839206695556640625" lon="-48.85205606929957866668701171875">
        <ele>921.4000244140625</ele>
        <time>2025-03-29T23:10:00.000Z</time>
        <extensions>
          <ns3:TrackPointExtension>
            <ns3:hr>116</ns3:hr>
          </ns3:TrackPointExtension>
        </extensions>
      </trkpt>
      <trkpt lat="-25.140288434922695159912109375" lon="-48.85209797881543636322021484375">
        <ele>919.5999755859375</ele>
        <time>2025-03-29T23:10:10.000Z</time>
        <extensions>
          <ns3:TrackPointExtension>
            <ns3:hr>116</ns3:hr>
          </ns3:TrackPointExtension>
        </extensions>
      </trkpt>
      <trkpt lat="-25.1403043605387210845947265625" lon="-48.8521166704595088958740234375">
        <ele>919.4000244140625</ele>
        <time>2025-03-29T23:10:14.000Z</time>
        <extensions>
          <ns3:TrackPointExtension>
            <ns3:hr>113</ns3:hr>
          </ns3:TrackPointExtension>
        </extensions>
      </trkpt>
      <trkpt lat="-25.14031550846993923187255859375" lon="-48.85211943648755550384521484375">
        <ele>918.79998779296875</ele>
        <time>2025-03-29T23:10:16.000Z</time>
        <extensions>
          <ns3:TrackPointExtension>
            <ns3:hr>112</ns3:hr>
          </ns3:TrackPointExtension>
        </extensions>
      </trkpt>
      <trkpt lat="-25.14034601859748363494873046875" lon="-48.852142989635467529296875">
        <ele>918.20001220703125</ele>
        <time>2025-03-29T23:10:20.000Z</time>
        <extensions>
          <ns3:TrackPointExtension>
            <ns3:hr>109</ns3:hr>
          </ns3:TrackPointExtension>
        </extensions>
      </trkpt>
      <trkpt lat="-25.14036311767995357513427734375" lon="-48.85214910842478275299072265625">
        <ele>918</ele>
        <time>2025-03-29T23:10:23.000Z</time>
        <extensions>
          <ns3:TrackPointExtension>
            <ns3:hr>108</ns3:hr>
          </ns3:TrackPointExtension>
        </extensions>
      </trkpt>
      <trkpt lat="-25.1403908617794513702392578125" lon="-48.852166123688220977783203125">
        <ele>919.20001220703125</ele>
        <time>2025-03-29T23:10:26.000Z</time>
        <extensions>
          <ns3:TrackPointExtension>
            <ns3:hr>108</ns3:hr>
          </ns3:TrackPointExtension>
        </extensions>
      </trkpt>
      <trkpt lat="-25.1404321007430553436279296875" lon="-48.85219554416835308074951171875">
        <ele>921.4000244140625</ele>
        <time>2025-03-29T23:10:30.000Z</time>
        <extensions>
          <ns3:TrackPointExtension>
            <ns3:hr>107</ns3:hr>
          </ns3:TrackPointExtension>
        </extensions>
      </trkpt>
      <trkpt lat="-25.140454731881618499755859375" lon="-48.852221108973026275634765625">
        <ele>924</ele>
        <time>2025-03-29T23:10:33.000Z</time>
        <extensions>
          <ns3:TrackPointExtension>
            <ns3:hr>106</ns3:hr>
          </ns3:TrackPointExtension>
        </extensions>
      </trkpt>
      <trkpt lat="-25.14050678350031375885009765625" lon="-48.85225757025182247161865234375">
        <ele>928.20001220703125</ele>
        <time>2025-03-29T23:10:38.000Z</time>
        <extensions>
          <ns3:TrackPointExtension>
            <ns3:hr>106</ns3:hr>
          </ns3:TrackPointExtension>
        </extensions>
      </trkpt>
      <trkpt lat="-25.14057015068829059600830078125" lon="-48.85230350308120250701904296875">
        <ele>930.79998779296875</ele>
        <time>2025-03-29T23:10:44.000Z</time>
        <extensions>
          <ns3:TrackPointExtension>
            <ns3:hr>109</ns3:hr>
          </ns3:TrackPointExtension>
        </extensions>
      </trkpt>
      <trkpt lat="-25.14057920314371585845947265625" lon="-48.85231423191726207733154296875">
        <ele>931</ele>
        <time>2025-03-29T23:10:45.000Z</time>
        <extensions>
          <ns3:TrackPointExtension>
            <ns3:hr>109</ns3:hr>
          </ns3:TrackPointExtension>
        </extensions>
      </trkpt>
      <trkpt lat="-25.1406522095203399658203125" lon="-48.85236921720206737518310546875">
        <ele>931.4000244140625</ele>
        <time>2025-03-29T23:10:54.000Z</time>
        <extensions>
          <ns3:TrackPointExtension>
            <ns3:hr>112</ns3:hr>
          </ns3:TrackPointExtension>
        </extensions>
      </trkpt>
      <trkpt lat="-25.1406614296138286590576171875" lon="-48.85237206704914569854736328125">
        <ele>930.79998779296875</ele>
        <time>2025-03-29T23:10:55.000Z</time>
        <extensions>
          <ns3:TrackPointExtension>
            <ns3:hr>112</ns3:hr>
          </ns3:TrackPointExtension>
        </extensions>
      </trkpt>
      <trkpt lat="-25.14071457087993621826171875" lon="-48.85241045616567134857177734375">
        <ele>926.5999755859375</ele>
        <time>2025-03-29T23:11:03.000Z</time>
        <extensions>
          <ns3:TrackPointExtension>
            <ns3:hr>115</ns3:hr>
          </ns3:TrackPointExtension>
        </extensions>
      </trkpt>
      <trkpt lat="-25.14072169549763202667236328125" lon="-48.85241464711725711822509765625">
        <ele>926.20001220703125</ele>
        <time>2025-03-29T23:11:04.000Z</time>
        <extensions>
          <ns3:TrackPointExtension>
            <ns3:hr>115</ns3:hr>
          </ns3:TrackPointExtension>
        </extensions>
      </trkpt>
      <trkpt lat="-25.14076762832701206207275390625" lon="-48.8524546287953853607177734375">
        <ele>922.5999755859375</ele>
        <time>2025-03-29T23:11:13.000Z</time>
        <extensions>
          <ns3:TrackPointExtension>
            <ns3:hr>114</ns3:hr>
          </ns3:TrackPointExtension>
        </extensions>
      </trkpt>
    </trkseg>
  </trk>
</gpx>
